,text,label,language,text_en
0,Adjoint directeur communication,Marketing,nl,Deputy communications director
1,Advisor Strategy and Projects,Project Management,en,Advisor Strategy and Projects
2,Beratung & Projekte,Project Management,de,Consulting & Projects
3,Beratung & Projektmanagement,Project Management,de,Consulting & Project Management
4,Beratung und Projektmanagement kommunale Partner,Project Management,de,Consulting and project management municipal partners
5,Cadre marketing digital,Marketing,pt,Cadre marketing digital
6,Chargé de communication,Marketing,fr,Communications Officer
7,Chargé de communication digitale,Marketing,fr,Digital communication manager
8,Chargé de communication et marketing,Marketing,fr,Communications and Marketing Manager
9,Chargé de Webmarketing SEO/SEA,Marketing,pt,SEO/SEA Web Marketing Manager
10,Chargée data marketing & communication,Marketing,nl,Data marketing & communications manager
11,Chargée de communication - Graphiste,Marketing,fr,Communication Officer - Graphic Designer
12,Chargée de communication & marketing,Marketing,fr,Communications & Marketing Manager
13,Chargée de communication / Chef de projet événementiel,Marketing,fr,Communications Officer / Event Project Manager
14,Chargée de communication et événementiel,Marketing,fr,Communications and events manager
15,Chargée de communication et événementiels,Marketing,fr,Communications and events manager
16,Chargée de communication et marketing,Marketing,fr,Communications and Marketing Manager
17,Chargée de communication et webmarketing Groupe JLC,Marketing,nl,Communications and web marketing manager JLC Group
18,Chargée de communication événementielle,Marketing,fr,Event Communication Officer
19,Chargée de communication France,Marketing,fr,Communications Officer France
20,Chargée de communication marketing digital,Marketing,fr,Digital Marketing Communication Officer
21,Chargée de communication online / offline,Marketing,fr,Communication Officer online / offline
22,Chargée de communication/marketing,Marketing,fr,Communications/Marketing Manager
23,Chargée de marketing,Marketing,pt,Marketing manager
24,Chargée de marketing digital,Marketing,pt,Digital marketing manager
25,Chargée de marketing digital et communication,Marketing,fr,Digital Marketing and Communication Manager
26,Chargée de marketing et communication,Marketing,fr,Marketing and Communications Manager
27,Chargée de marketing opérationnel,Marketing,fr,Operational Marketing Manager
28,Chargée de mission marketing,Marketing,fr,Marketing Project Manager
29,Chargée de missions commerciale et marketing,Marketing,fr,Sales and marketing manager
30,Chargée de projet marketing et communication,Marketing,fr,Marketing and communication project manager
31,Chargée de projets évènementiels et communication,Marketing,fr,Responsible for events and communication projects
32,Chargée de projets marketing,Marketing,fr,Marketing Project Manager
33,Chargée marketing & communication,Marketing,fr,Marketing & Communication Manager
34,Chef de projet communication et marketing,Marketing,fr,Communication and Marketing Project Manager
35,Chef de projet marketing,Marketing,fr,Marketing Project Manager
36,Chef de projet marketing digital,Marketing,fr,Digital Marketing Project Manager
37,Chef de projet marketing digital senior,Marketing,fr,Senior Digital Marketing Project Manager
38,Chef de projet marketing et communication,Marketing,fr,Marketing and communication project manager
39,chef de Projets communication,Marketing,fr,Head of Communications Projects
40,Chef de projets marketing,Marketing,fr,Marketing Project Manager
41,Cheffe de groupe marketing,Marketing,fr,Head of Marketing Group
42,Cheffe de projet marketing & ventes,Marketing,fr,Marketing & Sales Project Manager
43,Commercial Project Coordinator,Project Management,en,Commercial Project Coordinator
44,Commercial team leader sales and marketing europe,Marketing,en,Commercial team leader sales and marketing europe
45,Competence Lead | Project Initiation,Project Management,en,Competence Lead | Project Initiation
46,Coordinateur marketing,Marketing,fr,Marketing Coordinator
47,Coordinatrice commerciale et marketing,Marketing,fr,Sales and Marketing Coordinator
48,Directeur commercial et marketing,Marketing,fr,Sales and Marketing Director
49,directeur de clientele grands comptes et directeur marketing & communication .,Marketing,fr,"Client Director, Key Accounts and Marketing & Communication Director."
50,Directeur du développement commercial et marketing,Marketing,fr,Director of Business Development and Marketing
51,Directeur ecommerce & marketing digital,Marketing,nl,Director of ecommerce & digital marketing
52,Directeur marketing communication,Marketing,en,Directeur marketing communication
53,Directeur marketing et relations grands comptes,Marketing,fr,Director of Marketing and Major Account Relations
54,Directeur marketing industriel du groupe FSD SNOP,Marketing,fr,Industrial Marketing Director of the FSD SNOP Group
55,Directeur marketing stratégique,Marketing,fr,Strategic Marketing Director
56,direction commerciale et marketing,Marketing,fr,Sales and Marketing
57,Directrice adjointe de la communication,Marketing,fr,Deputy Director of Communications
58,Directrice de la communication,Marketing,fr,Director of Communications
59,Directrice marketing et communications - Thinkmax.com,Marketing,fr,Marketing and Communications Director - Thinkmax.com
60,e-commerce et communication digitale,Marketing,fr,e-commerce and digital communication
61,ERP-Projektmanager,Project Management,de,ERP Project Manager
62,Event- und Projektverantwortliche,Project Management,de,Event and project managers
63,Eventmarketing,Marketing,en,Eventmarketing
64,Events & marketing communication coordinator - Western Europe,Marketing,en,Events & marketing communication coordinator - Western Europe
65,Events & Projects,Project Management,en,Events & Projects
66,Exhibition Project Coordinator,Project Management,en,Exhibition Project Coordinator
67,Global commercial marketing  manager,Marketing,en,Global commercial marketing  manager
68,Group marketing and digital manager,Marketing,en,Group marketing and digital manager
69,Inhaber marketing plus sales,Marketing,de,Owner marketing plus sales
70,Kaufmann für Dialogmarketing,Marketing,de,Kaufmann for Dialogmarketing
71,kaufmännische Angestellte / Dialogmarketing,Marketing,de,Commercial employees / Dialog marketing
72,Key Account- / Projektmanagement,Project Management,en,Key Account- / Projektmanagement
73,Konzernmarketing,Marketing,de,Group Marketing
74,Kundenberater & Projektmanager,Project Management,de,Customer Consultant & Project Manager
75,Kundenberaterin/Projektmanagerin,Project Management,de,Client consultant/project manager
76,Leadgenerering I Hubspot Inbound Automation I B2C & B2B marketing og salg,Marketing,tr,Lead generation In Hubspot Inbound Automation In B2C & B2B marketing and sales
77,M&A Projektmanager,Project Management,sw,M&A project manager
78,Marcom & Produktmarketing TFT LCD,Marketing,it,Marcom & Produktmarketing TFT LCD
79,marketing | event | management,Marketing,hi,marketing | event | management
80,marketing und Unternehmenskommunikation,Marketing,de,marketing and corporate communication
81,Markt- und Angebotsmanagement/ Produktmarketing,Marketing,de,Market and Offer Management/ Product Marketing
82,Mitarbeiter Projektmanagement,Project Management,de,Staff Project management
83,Online Projektmanager,Project Management,en,Online Projektmanager
84,Overseas marketing manager,Marketing,en,Overseas marketing manager
85,Planung / Projektierung,Project Management,de,Planning / Projecting
86,Produkt- und Innovationsmarketing,Marketing,de,Product and innovation marketing
87,Produktmarketing,Marketing,de,Product marketing
88,Project & Innovation,Project Management,en,Project & Innovation
89,Project Advisor O&M,Project Management,en,Project Advisor O&M
90,Project and Office Coördinator,Project Management,en,Project and Office Coördinator
91,Project Coordinator,Project Management,en,Project Coordinator
92,Project Development,Project Management,en,Project Development
93,Project Engineer,Project Management,en,Project Engineer
94,Project finance + M&A,Project Management,en,Project finance + M&A
95,Project Lead,Project Management,en,Project Lead
96,Projekt Leadmanagement,Project Management,en,Projekt Leadmanagement
97,Projekt- und Eventmanagement,Project Management,de,Project and Event Management
98,Projekt- und Prozessmanager,Project Management,de,Project and process manager
99,Projektassistent,Project Management,de,Project Assistant
100,Projektassistentin,Project Management,de,Project Assistant
101,Projektbeteiligter,Project Management,de,Project participants
102,Projektgruppe Pipedrive,Project Management,de,Pipedrive Project Group
103,Projektingenieur,Project Management,nl,Project Engineer
104,Projektingenieur Rauchschutztechnik,Project Management,de,Project engineer Smoke protection technology
105,Projektkoordinator,Project Management,it,Project coordinator
106,Projektkoordinator Presales,Project Management,it,Project coordinator Presales
107,Projektkoordinatorin,Project Management,it,Project coordinator
108,Projektleder hos A/S Gunnebo Nordic,Project Management,ur,Project manager at A/S Gunnebo Nordic
109,Projektmanagement,Project Management,en,Projektmanagement
110,Projektmanagement - Development,Project Management,el,Project management - development
111,Projektmanagement & Prozessmanagement in der Produktentwicklung,Project Management,de,Project management & process management in product development
112,Projektmanagement im Bereich Corporate Solutions,Project Management,de,Project management in the area of corporate solutions
113,Projektmanager,Project Management,it,Project manager
114,Projektmanager / QMB,Project Management,hi,Project Manager / QMB
115,Projektmanager Advertising,Project Management,hi,Project Manager Advertising
116,Projektmanager CrossMedia Services,Project Management,en,Projektmanager CrossMedia Services
117,Projektmanager digitale Lösungen,Project Management,de,Project Manager Digital Solutions
118,Projektmanager IoT,Project Management,th,Project Manager IoT
119,Projektmanager LOOKOUT,Project Management,en,Projektmanager LOOKOUT
120,Projektmanager Neue Märkte,Project Management,de,Project Manager New Markets
121,Projektmanager Strategieentwicklung,Project Management,de,Project Manager Strategy Development
122,Projektmanager Unternehmensentwicklung,Project Management,de,Project Manager Corporate Development
123,Projektmanager Verkauf Neumaschinen,Project Management,de,Project Manager Sale New Machines
124,Projektmanager Vorentwicklung,Project Management,de,Project Manager Pre-Development
125,Projektmanagerin,Project Management,it,Project manager
126,Projektmanagerin Event,Project Management,it,Event project manager
127,Projektmanagerin Eventorganisation,Project Management,de,Project Manager Event Organisation
128,Projektmanagerin Unternehmensmarketing,Marketing,de,Project Manager Business Marketing
129,Projektorganisation,Project Management,de,Project organisation
130,Projektplaner,Project Management,de,Project planner
131,Recruiting & Personalmarketing Specialist,Marketing,en,Recruiting & Personalmarketing Specialist
132,Redaktion und Projektabwicklung,Project Management,de,Editorial and project management
133,Referent (Projektmanager),Project Management,de,Speaker (project manager)
134,Referentin für Prozess- und Projektmanagement,Project Management,de,Speaker for Process and Project Management
135,Referentin Onlinemarketing,Marketing,tr,Online Marketing Consultant
136,Reponsable marketing et developpement des ventes Beurres & crèmes,Marketing,fr,Responsable marketing and sales development Butters & creams
137,Responsable communication - Sapa France,Marketing,fr,Communication Manager - Sapa France
138,Responsable communication & marketing digital,Marketing,en,Responsable communication & marketing digital
139,Responsable communication et trade marketing,Marketing,en,Responsable communication et trade marketing
140,Responsable communication marketing,Marketing,en,Responsable communication marketing
141,Responsable communications,Marketing,en,Responsable communications
142,Responsable communications marketing,Marketing,en,Responsable communications marketing
143,Responsable du développement de la communication digitale,Marketing,fr,Responsible for the development of digital communication
144,Responsable du service marketing & communication externe,Marketing,fr,Head of Marketing & External Communication
145,Responsable marketing - pôle marché bâtiments,Marketing,fr,Marketing Manager - Buildings Market
146,Responsable marketing & communication marques FCA et Activité Moto,Marketing,fr,FCA Brand Marketing & Communication Manager and Motorcycle Activity
147,Responsable marketing B2B,Marketing,en,Responsable marketing B2B
148,Responsable marketing communication,Marketing,en,Responsable marketing communication
149,Responsable marketing et communications,Marketing,fr,Marketing and Communications Manager
150,responsable marketing événementiel et relations investisseurs Immobilier d'entreprise,Marketing,fr,Event Marketing and Investor Relations Manager Corporate Real Estate
151,Responsable marketing international,Marketing,en,Responsable marketing international
152,Responsable marketing opérationnel,Marketing,fr,Operational Marketing Manager
153,Responsable marketing produits,Marketing,fr,Product Marketing Manager
154,Responsable marketing produits Supply Chain,Marketing,fr,Product Marketing Manager Supply Chain
155,Responsable marketing stratégique,Marketing,fr,Strategic Marketing Manager
156,Responsable marketing stratégique et stratégie internationale,Marketing,fr,Head of Strategic Marketing and International Strategy
157,Sachbearbeiterin Projekt- und Produktentwicklung,Project Management,de,Agent Project and Product Development
158,Sachbearbeiterin Veranstaltungsmarketing,Marketing,de,Employee Event Marketing
159,Servicestelle Projekt/Produktberatung und Verkauf,Project Management,de,Service point project/product consulting and sales
160,Specialist in sales and marketing,Marketing,en,Specialist in sales and marketing
161,Specialist Processes & Tools Global Project Solutions,Project Management,en,Specialist Processes & Tools Global Project Solutions
162,Spécialiste en communications marketing,Marketing,fr,Specialist in Marketing Communications
163,Spécialiste opérations marketing,Marketing,fr,Marketing Operations Specialist
164,Strategic marketing in R&D field,Marketing,en,Strategic marketing in R&D field
165,Teamlead email marketing,Marketing,en,Teamlead email marketing
166,Teamleader Telemarketing,Marketing,it,Team Leader Telemarketing
167,Training Projektmanagement Connections,Project Management,en,Training Projektmanagement Connections
168,Transformations Coach | Cloud Evangelist | Agiler Projektmanager,Project Management,de,"Transformations Coach, Cloud Evangelist, Agile Project Manager"
169,Unternehmensberater / Projektmanagement,Project Management,de,Management consultant / project management
170,Werkstudent - Projektassistenz,Project Management,de,Working student - Project assistance
171,Assistent,Administrative,ur,Assistant
172,Assistent Projektmanagement,Administrative,de,Project Management Assistant
173,Assistentin,Administrative,tr,assistant
174,Assistentin / Sekretärin der GL,Administrative,de,Assistant / Secretary of the GL
175,Assistentin der GF,Administrative,de,Assistant to the GF
176,Assistentin der GL,Administrative,de,Assistant to the GL
177,Assistentin der Institutsdirektion,Administrative,de,Assistant to the Institute Directorate
178,Assistentin des Vorstandes,Administrative,de,Assistant to the Executive Board
179,Assistentin des Vorstandsvorsitzenden,Administrative,de,Assistant to the Chairman of the Executive Board
180,Assistentin GF (Hr. Rummel),Administrative,hi,Assistant Managing Director (Mr. Rummel)
181,Assistentin Produktentwicklung,Administrative,de,Assistant Product Development
182,Assistentin Technologien & Märkte,Administrative,nl,Assistant Technologies & Markets
183,Assistentin Verkauf & Personalrekrutierung,Administrative,de,Assistant Sales & Personnel Recruitment
184,Assistentin von Frau Özkazanc,Administrative,de,Assistant to Mrs Özkazanc
185,Assistentin von Meyer-Voigtländer,Administrative,de,Assistant to Meyer-Voigtländer
186,Assistentin Vorstand,Administrative,de,Assistant to the Executive Board
187,Assistenz,Administrative,de,Assistance
188,Assistenz Bereich Standortmarketing,Marketing,de,Assistance in location marketing
189,Assistenz der Geschäftsstelle,Administrative,de,Assistant to the office
190,Assistenz der GF,Administrative,de,Assistance of the GF
191,Assistenz Event,Administrative,de,Assistance event
192,Assistenz GF,Administrative,de,Assistance GF
193,Assistenz GL,Administrative,de,Assistance GL
194,Assistenz interne Dienstleistungen,Administrative,de,Assistance in internal services
195,Assistenz Unternehmenskommunikation & Werbung,Administrative,de,Assistance Corporate Communications & Advertising
196,Kaufmännische Assistentin,Administrative,de,Commercial assistant
197,Office Assistenz & Seminarkoordination,Administrative,pt,Office assistance & seminar coordination
198,Projekt-Assistenz,Administrative,de,Project Assistant
199,Sekretärin,Administrative,ur,secretary
200,Sekretärin / Assistentin,Administrative,de,Secretary/assistant
201,Team-Assistentin,Administrative,tr,Team assistant
202,Accelerating Business Innovation & Efficiency,Business Development,en,Accelerating Business Innovation & Efficiency
203,Administrateur Business applications,Business Development,nl,Business applications administrator
204,Analyst Strategy & Business Development,Business Development,en,Analyst Strategy & Business Development
205,Authorized Officer / International Business Development,Business Development,en,Authorized Officer / International Business Development
206,B.A. International Business,Business Development,en,B.A. International Business
207,Beraterin SAP Business ByDesign,Business Development,tr,Consultant SAP Business ByDesign
208,Business | Technology Consultant,Business Development,hi,Business | Technology Consultant
209,Business accelerator,Business Development,en,Business accelerator
210,Business Administration,Business Development,en,Business Administration
211,Business Administration CRM Germany,Business Development,de,Business Administration CRM Germany
212,Business Administrations,Business Development,en,Business Administrations
213,Business Administrator CRM,Business Development,en,Business Administrator CRM
214,Business Alignment,Business Development,en,Business Alignment
215,Business Analyst,Business Development,en,Business Analyst
216,Business Analyst (SugarCRM/SuiteCRM),Business Development,en,Business Analyst (SugarCRM/SuiteCRM)
217,Business Analyst / Commercial Controller,Business Development,en,Business Analyst / Commercial Controller
218,Business Analyst CRM,Business Development,en,Business Analyst CRM
219,Business Analyst CRM & Digital,Business Development,en,Business Analyst CRM & Digital
220,Business Analyst IT,Business Development,en,Business Analyst IT
221,Business Application Services,Business Development,en,Business Application Services
222,Business Application Specialist | Microsoft Dynamics 365 Customer Engagement (CRM) & Sharepoint,Business Development,en,Business Application Specialist | Microsoft Dynamics 365 Customer Engagement (CRM) & Sharepoint
223,Business Architect / Software Developer,Business Development,en,Business Architect / Software Developer
224,Business Assistent / Key Account Support,Business Development,en,Business Assistent / Key Account Support
225,Business Assistenz (Prokurist),Business Development,de,Business Assistant (Procurer)
226,Business Consultant,Business Development,en,Business Consultant
227,Business Consultant - Digital Transformation Bu...,Business Development,en,Business Consultant - Digital Transformation Bu...
228,Business Consultant CRM - Systeme,Business Development,en,Business Consultant CRM - Systeme
229,Business Consultant Industry,Business Development,en,Business Consultant Industry
230,Business Coordinator,Business Development,en,Business Coordinator
231,Business Data Analyst – SEHNER - International,Business Development,ur,Business Data Analyst – SEHNER - International
232,Business Developer,Business Development,en,Business Developer
233,Business Developer (Unternehmensentwicklung),Business Development,de,Business Developer (Business Development)
234,Business Developer / Key Account,Business Development,en,Business Developer / Key Account
235,Business Developer Cryobiology,Business Development,en,Business Developer Cryobiology
236,Business Developer France & International WAISSO - Architecte de vos stratégies digitales,Business Development,fr,Business Developer France & International WAISSO - Architect of your digital strategies
237,Business Developer Germany,Business Development,de,Business Developer Germany
238,Business Developer Northern Europe,Business Development,en,Business Developer Northern Europe
239,Business Development,Business Development,en,Business Development
240,Business Development - Center for Mobility Systems,Business Development,en,Business Development - Center for Mobility Systems
241,Business Development - Strategische Themen,Business Development,de,Business Development - Strategic topics
242,Business Development & Consultant Lead,Business Development,en,Business Development & Consultant Lead
243,Business Development / Gesellschafter,Business Development,de,Business Development / Partner
244,Business Development / Produktmanagement,Business Development,de,Business Development / Product Management
245,Business Development Administrator - Europe,Business Development,en,Business Development Administrator - Europe
246,Business Development Analyst,Business Development,en,Business Development Analyst
247,Business Development and Data Scientist,Business Development,en,Business Development and Data Scientist
248,Business Development and Partnerships,Business Development,en,Business Development and Partnerships
249,Business Development and Public Relations,Business Development,en,Business Development and Public Relations
250,Business Development Associate,Business Development,en,Business Development Associate
251,Business Development Consultancy,Business Development,en,Business Development Consultancy
252,Business Development Consultant,Business Development,en,Business Development Consultant
253,Business Development Coordinator,Business Development,en,Business Development Coordinator
254,Business Development CRM Lead,Business Development,en,Business Development CRM Lead
255,Business Development DACH,Business Development,de,Business Development DACH
256,Business Development Engineer,Business Development,en,Business Development Engineer
257,Business Development Insurance,Business Development,en,Business Development Insurance
258,Business Development International,Business Development,en,Business Development International
259,Business Development Mananger,Business Development,en,Business Development Mananger
260,Business Development Mgr. EMEA,Business Development,pt,Business Development Mgr. EMEA
261,Business Development professional passionate about high-tech and digital business growth in EMEA,Business Development,en,Business Development professional passionate about high-tech and digital business growth in EMEA
262,Business Development Rep,Business Development,en,Business Development Rep
263,Business Development Representative,Business Development,en,Business Development Representative
264,Business Development Representative for DACH,Business Development,en,Business Development Representative for DACH
265,Business Development Specialist,Business Development,en,Business Development Specialist
266,Business development Summer Intern,Business Development,en,Business development Summer Intern
267,Business Economist,Business Development,en,Business Economist
268,Business Engineer,Business Development,en,Business Engineer
269,Business Influencer,Business Development,en,Business Influencer
270,Business Innovator,Business Development,en,Business Innovator
271,Business Intelligence,Business Development,en,Business Intelligence
272,Business Intelligence & Dynamics 365 (CRM) Consultant,Business Development,en,Business Intelligence & Dynamics 365 (CRM) Consultant
273,Business Intelligence Analyst,Business Development,en,Business Intelligence Analyst
274,Business Intelligence Developer,Business Development,en,Business Intelligence Developer
275,Business Intelligence Expert,Business Development,en,Business Intelligence Expert
276,Business Intelligence Specialist,Business Development,en,Business Intelligence Specialist
277,Business Intelligence Team Lead,Business Development,en,Business Intelligence Team Lead
278,Business Intelligence Team Leader,Business Development,en,Business Intelligence Team Leader
279,Business IT Consultant,Business Development,en,Business IT Consultant
280,Business Lead,Business Development,en,Business Lead
281,Business Operations Specialist,Business Development,en,Business Operations Specialist
282,Business Process Analyst,Business Development,en,Business Process Analyst
283,Business Process Automation,Business Development,en,Business Process Automation
284,Business Process Automation & Digitalisation Leader,Business Development,en,Business Process Automation & Digitalisation Leader
285,Business Solution Architect,Business Development,en,Business Solution Architect
286,Business Solution Specialist,Business Development,en,Business Solution Specialist
287,Business Solutions Analyst,Business Development,en,Business Solutions Analyst
288,Business Support Canada,Business Development,en,Business Support Canada
289,Business System Administrator,Business Development,en,Business System Administrator
290,Business Systems Analyst - Operations,Business Development,en,Business Systems Analyst - Operations
291,Business Systems Analyst/Developer (CRM),Business Development,nl,Business Systems Analyst/Developer (CRM)
292,Business Systems Architect,Business Development,en,Business Systems Architect
293,Business Unit Controller BeLux,Business Development,de,Business Unit Controller BeLux
294,Business-Architekt/IT-Systemadministrator,Business Development,it,Business Architect/IT System Administrator
295,Businessman for Industrial Solutions,Business Development,en,Businessman for Industrial Solutions
296,Business-Mentor,Business Development,en,Business-Mentor
297,Chargée de mission Business Development & Webmarketing,Business Development,nl,Business Development & Webmarketing project manager
298,Client Business Developer,Business Development,en,Client Business Developer
299,Consultant SAP Business ByDesign,Business Development,en,Consultant SAP Business ByDesign
300,Controlling und Business Development,Business Development,de,Controlling and Business Development
301,CRM Business Analyst,Business Development,en,CRM Business Analyst
302,CRM Business Consultant,Business Development,en,CRM Business Consultant
303,CRM Business Development / Consulting,Business Development,en,CRM Business Development / Consulting
304,CRM Business Specialist,Business Development,en,CRM Business Specialist
305,CRM Competence Center Lead (Business Applications),Business Development,en,CRM Competence Center Lead (Business Applications)
306,CRM/SAP ICT Business Analyst,Business Development,en,CRM/SAP ICT Business Analyst
307,Developer Business Tools,Business Development,en,Developer Business Tools
308,Digital Business Development,Business Development,en,Digital Business Development
309,Digital Business Representative,Business Development,en,Digital Business Representative
310,Direktorin Business Development,Business Development,ur,Director of Business Development
311,E-Business Koordinator,Business Development,ur,E-Business Koordinator
312,Economics and Business Administration,Business Development,en,Economics and Business Administration
313,Excellence in Digital Business - Business Development,Business Development,en,Excellence in Digital Business - Business Development
314,Fachspezialist E-Business,Business Development,de,Specialist in e-business
315,Global Business Process Analyst - CRM Strategy/Demand Mgt.,Business Development,en,Global Business Process Analyst - CRM Strategy/Demand Mgt.
316,HR Business Partner,Business Development,en,HR Business Partner
317,HR Business Partner Medienmarken National und I...,Business Development,de,HR Business Partner Media brands National and I...
318,Inhouse Consultant ERP / Business Systems,Business Development,en,Inhouse Consultant ERP / Business Systems
319,International Business Develepoment,Business Development,it,International Business Develepoment
320,International Business Development,Business Development,en,International Business Development
321,International Horticultural Business Development | Agro Study Tours and Matchmaking | Agro Conference Services,Business Development,en,International Horticultural Business Development | Agro Study Tours and Matchmaking | Agro Conference Services
322,ISS Business Development DACH,Business Development,de,ISS Business Development DACH
323,IT & Business Process Services,Business Development,en,IT & Business Process Services
324,IT & Business Processes,Business Development,en,IT & Business Processes
325,IT Business Analyst - CRM,Business Development,en,IT Business Analyst - CRM
326,IT Business Analyst & SAP CRM Consultant,Business Development,nl,IT Business Analyst & SAP CRM Consultant
327,IT Business Analyst CRM,Business Development,en,IT Business Analyst CRM
328,IT Business Analyst SAP CRM,Business Development,en,IT Business Analyst SAP CRM
329,IT Business Application Analyst,Business Development,en,IT Business Application Analyst
330,IT Business Application Analyst CRM,Business Development,en,IT Business Application Analyst CRM
331,IT Business Applications,Business Development,en,IT Business Applications
332,IT Business Process Analystin / Projektmanagement,Business Development,tr,IT Business Process Analystin / Projektmanagement
333,IT Regional Business Partner DACH,Business Development,de,IT Regional Business Partner DACH
334,IT Specialist SAP / Business Development,Business Development,en,IT Specialist SAP / Business Development
335,IT Team leader Business Applications,Business Development,en,IT Team leader Business Applications
336,IT-Projektmanager / Business Process Analyst,Business Development,en,IT-Projektmanager / Business Process Analyst
337,Kontakt u. New Business,Business Development,en,Kontakt u. New Business
338,Lead - Business Evangelist.  Partner - Vega Tours & Travels,Business Development,en,Lead - Business Evangelist.  Partner - Vega Tours & Travels
339,Lead Business Analyst,Business Development,en,Lead Business Analyst
340,Lead Business Consultant,Business Development,en,Lead Business Consultant
341,Lead Business Operations Analyst,Business Development,en,Lead Business Operations Analyst
342,Lead Data Governance Business ...,Business Development,en,Lead Data Governance Business ...
343,manager Contry Support & Business Development,Business Development,en,manager Contry Support & Business Development
344,New Business,Business Development,en,New Business
345,New Business Development,Business Development,en,New Business Development
346,New Business Development - DACH Region,Business Development,de,New Business Development - DACH Region
347,Online Business Development,Business Development,en,Online Business Development
348,Pan-European Business Planning Coordinator and CRM System Specialist,Business Development,en,Pan-European Business Planning Coordinator and CRM System Specialist
349,Partner & Business Development,Business Development,en,Partner & Business Development
350,Phoenix Business Solution GmbH,Business Development,de,Phoenix Business Solution GmbH
351,Presales & Business Development,Business Development,en,Presales & Business Development
352,Projektmanagement / Business Intelligence / ERP-/ CRM Administration,Business Development,en,Projektmanagement / Business Intelligence / ERP-/ CRM Administration
353,Projektmanager Business Development,Business Development,en,Projektmanager Business Development
354,Projektmanagerin & Business Development,Business Development,en,Projektmanagerin & Business Development
355,Projektmanagerin / New Business,Business Development,en,Projektmanagerin / New Business
356,Projektmanagerin Business Development,Business Development,en,Projektmanagerin Business Development
357,Pulse Business Solutions,Business Development,en,Pulse Business Solutions
358,Regional Business Analysis - EMEA Distribution,Business Development,pt,Regional Business Analysis - EMEA Distribution
359,Serial Entrepreneur / Business Angel,Business Development,en,Serial Entrepreneur / Business Angel
360,Sr. Business Development,Business Development,en,Sr. Business Development
361,Sr. Business Process Lead,Business Development,en,Sr. Business Process Lead
362,Sr. Communications Business Partner,Business Development,en,Sr. Communications Business Partner
363,Strategic Partnerships & Business Development,Business Development,en,Strategic Partnerships & Business Development
364,Team Lead Business Development & Communications,Business Development,en,Team Lead Business Development & Communications
365,Team Leader Business Development,Business Development,en,Team Leader Business Development
366,Team Leader Business Development International,Business Development,en,Team Leader Business Development International
367,Teamleader Business Contact Centre DACH bei Farnell GmbH,Business Development,de,Teamleader Business Contact Centre DACH bei Farnell GmbH
368,Teamleader System Support Business Controlling,Business Development,en,Teamleader System Support Business Controlling
369,Technical Lead for Pharma&Healthcare Business Unit,Business Development,en,Technical Lead for Pharma&Healthcare Business Unit
370,Trainee Business Informatics,Business Development,en,Trainee Business Informatics
371,Vertieb und Business Development,Business Development,de,Vertieb and Business Development
372,Working Student - Business Development -,Business Development,en,Working Student - Business Development -
373,Zelfstandig IT Business Analyst,Business Development,nl,Independent IT Business Analyst
374,Berater,Consulting,tr,Advisor
375,Berater & Coach,Consulting,tr,Consultant & Coach
376,Berater (Prozesse & BI und Ressourcenmanagement),Consulting,de,Consultant (processes & BI and resource management)
377,Berater für Kanzleimarketing,Marketing,de,Adviser for law firm marketing
378,Berater im Aussendienst,Consulting,de,Adviser in the field service
379,Berater Partner,Consulting,de,Adviser Partner
380,Berater Produktrealisierungsprozess Medizintechnik,Consulting,de,Consultants Product realization process Medical technology
381,Berater und Coach für Personalentwicklung,Consulting,de,Consultant and Coach for Human Resources Development
382,Berater und Trainer,Consulting,de,Consultants and trainers
383,Beraterin,Consulting,tr,consultant
384,Dental-Erfolgs-Berater,Consulting,ur,Dental Success Consultant
385,ERP-Berater,Consulting,nl,ERP consultant
386,Externer Berater,Consulting,tr,External consultant
387,Freiberuflicher Bildredakteur & Berater,Consulting,de,Freelance image editor & consultant
388,Microsoft Dynamics AX Inhouse Berater,Consulting,nl,Microsoft Dynamics AX Inhouse Berater
389,PR-Berater,Consulting,hi,PR consultant
390,Professional Berater & Projektmanager,Consulting,de,Professional Consultant & Project Manager
391,SEO Experte & Berater,Consulting,tr,SEO expert & consultant
392,Trainer und Berater,Consulting,de,Trainers and advisers
393,UnternehmerBerater,Consulting,de,EntrepreneursAdvisors
394,UX-Beraterin & Designerin,Consulting,de,UX consultant & designer
395,Analytics Consultant,Consulting,en,Analytics Consultant
396,Application Consultant,Consulting,en,Application Consultant
397,Application Consultant WMS,Consulting,en,Application Consultant WMS
398,Application Services Consultant (MCP / MCSE),Consulting,en,Application Services Consultant (MCP / MCSE)
399,Associate Consultant,Consulting,en,Associate Consultant
400,Client Strategy Consultant,Consulting,en,Client Strategy Consultant
401,Consultant,Consulting,it,Consultant
402,Consultant /System-u. Netzwerkadministration,Consulting,de,Consultant /System- & Network Administration
403,Consultant and Administrator,Consulting,en,Consultant and Administrator
404,Consultant Digital Learning Solutions,Consulting,en,Consultant Digital Learning Solutions
405,Consultant Digital Signage,Consulting,en,Consultant Digital Signage
406,Consultant für prozessorientiertes Wissensmanag...,Consulting,de,Consultant for process-oriented knowledge management...
407,Consultant Microsoft Dynamics AX,Consulting,pt,Consultant Microsoft Dynamics AX
408,Consultant Research & Media Innovation,Consulting,en,Consultant Research & Media Innovation
409,Consultant SAP Logistics/ IT Group,Consulting,en,Consultant SAP Logistics/ IT Group
410,Consultant System- und Prozessentwicklung,Consulting,de,Consultant System and Process Development
411,Consultant/ Customer Service Advisor,Consulting,en,Consultant/ Customer Service Advisor
412,Customer Success Consultant,Consulting,en,Customer Success Consultant
413,D365 / Power Platform Technical Consultant,Consulting,en,D365 / Power Platform Technical Consultant
414,Data Analyst & Consultant,Consulting,en,Data Analyst & Consultant
415,Development Consultant,Consulting,en,Development Consultant
416,Digital Consultant,Consulting,en,Digital Consultant
417,Digital Transformation Consultant,Consulting,en,Digital Transformation Consultant
418,Digitalization Consultant,Consulting,en,Digitalization Consultant
419,eDiscovery Consultant,Consulting,en,eDiscovery Consultant
420,Engineering Consultant,Consulting,en,Engineering Consultant
421,Entrepreneur & Consultant,Consulting,fr,Entrepreneur & Consultant
422,ERP Consultant,Consulting,en,ERP Consultant
423,HR Consultant,Consulting,en,HR Consultant
424,Inhouse BI Consultant,Consulting,en,Inhouse BI Consultant
425,Inhouse Consultant ERP,Consulting,en,Inhouse Consultant ERP
426,Inhouse ERP Consultant,Consulting,en,Inhouse ERP Consultant
427,Internal SharePoint Consultant - IT-Admin,Consulting,ur,Internal SharePoint Consultant - IT-Admin
428,International Consultant Online Recruitment,Consulting,en,International Consultant Online Recruitment
429,IT Consultant,Consulting,en,IT Consultant
430,IT Consultant - PMO,Consulting,hi,IT Consultant - PMO
431,IT-Consultant,Consulting,en,IT-Consultant
432,IT-Consultant / Systembetreuer Microsoft Dynamics NAV,Consulting,de,IT consultant/system maintainer Microsoft Dynamics NAV
433,IT-Services Consultant,Consulting,en,IT-Services Consultant
434,Leading Consultant,Consulting,en,Leading Consultant
435,Meetings & Events Consultant,Consulting,en,Meetings & Events Consultant
436,Mergers and Acquisitions Consultant,Consulting,en,Mergers and Acquisitions Consultant
437,Microsoft Dynamics NAV - Consultant & Microsoft Certified Trainer,Consulting,en,Microsoft Dynamics NAV - Consultant & Microsoft Certified Trainer
438,Microsoft Dynamics NAV Consultant & Trainer,Consulting,ur,Microsoft Dynamics NAV Consultant & Trainer
439,Microsoft Dynamics NAV Entwicklung/ Consultant,Consulting,de,Microsoft Dynamics NAV Development/ Consultant
440,MS Dynamics Consultant,Consulting,en,MS Dynamics Consultant
441,Online Reputation Consultant @ ProvenExpert,Consulting,en,Online Reputation Consultant @ ProvenExpert
442,PR Consultant,Consulting,en,PR Consultant
443,Presales Consultant,Consulting,it,Presales Consultant
444,Principal Consultant,Consulting,en,Principal Consultant
445,Principal Solutions Consultant EMEA,Consulting,pt,Principal Solutions Consultant EMEA
446,Project Consultant,Consulting,en,Project Consultant
447,Projektmanager / Consultant,Consulting,it,Project manager / consultant
448,Real Estate Consultant,Consulting,en,Real Estate Consultant
449,Recruitment Consultant,Consulting,en,Recruitment Consultant
450,Recruitment Consultant & Social Media Planer,Consulting,en,Recruitment Consultant & Social Media Planer
451,Recruitment von IT Consultants und Professionals,Consulting,de,Recruitment of IT Consultants and Professionals
452,Research Consultant,Consulting,en,Research Consultant
453,SAP Applications Consultant SD/MM,Consulting,en,SAP Applications Consultant SD/MM
454,SAP Beraterin / SAP Consultant,Consulting,tr,SAP consultant / SAP consultant
455,SAP BI/BW Inhouse Consultant,Consulting,en,SAP BI/BW Inhouse Consultant
456,SAP BW Inhouse Consultant,Consulting,en,SAP BW Inhouse Consultant
457,SAP C4C Consultant,Consulting,en,SAP C4C Consultant
458,SAP Consultant,Consulting,hi,SAP Consultant
459,SAP Consultant SD,Consulting,hi,SAP Consultant SD
460,Sap IT Consultant,Consulting,hi,Sap IT Consultant
461,SAP SD Consultant,Consulting,hi,SAP SD Consultant
462,SAP SD/CS/CEM Inhouse Consultant,Consulting,nl,SAP SD/CS/CEM Inhouse Consultant
463,SAP Technology Consultant,Consulting,en,SAP Technology Consultant
464,SAP-Consultant,Consulting,en,SAP-Consultant
465,Search Consultant,Consulting,en,Search Consultant
466,Social Media & Web2.0 Consultant,Consulting,it,Social Media & Web2.0 Consultant
467,Solution Consultant,Consulting,en,Solution Consultant
468,Solutions Consultant,Consulting,en,Solutions Consultant
469,Talent Consultant,Consulting,en,Talent Consultant
470,Technical Consultant,Consulting,en,Technical Consultant
471,Technologie Services Consultant,Consulting,en,Technologie Services Consultant
472,Technology Consultant,Consulting,en,Technology Consultant
473,Trainer / Consultant,Consulting,en,Trainer / Consultant
474,User Experience & Creative Recruitment Consultant,Consulting,en,User Experience & Creative Recruitment Consultant
475,Zertifizierter ITSM Consultant,Consulting,de,Certified ITSM Consultant
476,Abteilung HR,Human Resources,de,HR Division
477,Bürokauffrau/HR-Assistenz,Human Resources,de,Office clerk/HR assistant
478,GL und HR Assistentin,Human Resources,de,GL and HR Assistant
479,HeavenHR,Human Resources,en,HeavenHR
480,HR Adviser,Human Resources,hi,HR Adviser
481,HR Assistentin,Human Resources,tr,HR assistant
482,HR-IT,Human Resources,hi,HR-IT
483,Human Ressource Administrator,Human Resources,en,Human Ressource Administrator
484,Mediaberater HR,Human Resources,ur,Media manager HR
485,New Work & HR Advisor,Human Resources,en,New Work & HR Advisor
486,Recruitment & HR,Human Resources,en,Recruitment & HR
487,3rd Level IT Engineer,Information Technology,en,3rd Level IT Engineer
488,Abteilung »Digitaler Technologietransfer«,Information Technology,de,Department of Digital Technology Transfer
489,Admin / IT,Information Technology,en,Admin / IT
490,Administradora de Empresas,Information Technology,pt,Business Administrator
491,Administrateur des Systèmes d'Information,Information Technology,fr,Administrator of Information Systems
492,Administrateur des systèmes informatiques,Information Technology,fr,Information Systems Administrator
493,Administrateur réseau et systèmes,Information Technology,fr,Network and Systems Administrator
494,Administrateur Réseaux & Systèmes Informatique,Information Technology,fr,Network & Computer Systems Administrator
495,Administrateur Système et Réseau,Information Technology,fr,System and Network Administrator
496,Administrateur système et réseaux,Information Technology,fr,System and Network Administrator
497,Administrateur système informatique,Information Technology,fr,IT System Administrator
498,Administrateur système réseau,Information Technology,fr,Network System Administrator
499,Administrateur systèmes et réseaux,Information Technology,fr,Systems and Networks Administrator
500,Administrateur Systèmes et Réseaux - Gestionnaire de parc informatique,Information Technology,fr,Systems and Networks Administrator - IT Park Manager
501,Administration,Information Technology,en,Administration
502,Administration des ventes,Information Technology,fr,Sales administration
503,Administrator,Information Technology,ur,Administrator
504,Administrator für MS-SQL-Datenbanken und  Consu...,Information Technology,de,Administrator for MS-SQL databases and Consu...
505,Administratorin Netzentwicklung,Information Technology,de,Administrator in Network Development
506,Application Specialist / Camfil Svenska AB IT,Information Technology,bg,Application Specialist / Camfil Svenska AB IT
507,Assistenz IT,Information Technology,de,Assistance IT
508,Associate Distribution Administration Germany and Austria,Information Technology,en,Associate Distribution Administration Germany and Austria
509,Auszubildender IT,Information Technology,de,Apprentice IT
510,Berater Digitale Transformation,Information Technology,de,Consultant Digital Transformation
511,Berater für Datenschutz & IT-Sicherheit,Information Technology,de,Consultant for Data Protection & IT Security
512,Bereichsassistenz Produkt & Digitales,Information Technology,de,Area Assistance Product & Digital
513,Bezirksmanager IT,Information Technology,de,District Manager IT
514,Change Agent Digitale Transformation,Information Technology,en,Change Agent Digitale Transformation
515,Chef de Projet Digital Client,Information Technology,pt,Digital Client Project Manager
516,Chef de projet IT MOE,Information Technology,fr,IT MOE Project Manager
517,Clustermanager IT-FOR-WORK,Information Technology,en,Clustermanager IT-FOR-WORK
518,Controlling / IT,Information Technology,en,Controlling / IT
519,Coordinator PMO and Group IT Training,Information Technology,en,Coordinator PMO and Group IT Training
520,Customer service support SAP (France / Export),Information Technology,en,Customer service support SAP (France / Export)
521,Digital Chef,Information Technology,en,Digital Chef
522,Digital communication manager,Marketing,en,Digital communication manager
523,Digital Content Strategist,Information Technology,en,Digital Content Strategist
524,Digital Data Analyst,Information Technology,en,Digital Data Analyst
525,Digital et data marketing,Marketing,ur,Digital et data marketing
526,Digital Expert,Information Technology,tr,Digital Expert
527,DIGITAL HERO,Information Technology,hi,DIGITAL HERO
528,Digital Marcom coordinator,Information Technology,en,Digital Marcom coordinator
529,Digital Planner,Information Technology,en,Digital Planner
530,Digital Process Engineer,Information Technology,en,Digital Process Engineer
531,Digital Stratege,Information Technology,en,Digital Stratege
532,Digital strategist,Information Technology,ur,Digital strategist
533,Digital Transformation Advisor,Information Technology,en,Digital Transformation Advisor
534,Digital Transformation and Brand Building,Information Technology,en,Digital Transformation and Brand Building
535,Digital Transformation in Customer Engagement,Information Technology,en,Digital Transformation in Customer Engagement
536,Digital Transformation Project Coordinator,Information Technology,en,Digital Transformation Project Coordinator
537,Digitale Medien und Projektmanagment,Information Technology,de,Digital media and project management
538,Digitale Unternehmensentwicklung - Projektkoordination und -kommunikation,Information Technology,de,Digital enterprise development - Project coordination and communication
539,Digitalisierung in Rechts- und Steuerberatung,Information Technology,de,Digitalisation in legal and tax consulting
540,Digitalisierung Leadprozess,Information Technology,de,Digitalization Lead process
541,Digitalisierung und Geschäftsmodelle,Information Technology,de,Digitalisation and business models
542,Digitalisierungscoach,Information Technology,de,Digitalisation coach
543,Digitalization manager,Information Technology,en,Digitalization manager
544,Dipl.-Ing. IT Anwendungen,Information Technology,de,Dipl.-Ing. IT Applications
545,Directeur des opérations IT,Information Technology,fr,Director of IT Operations
546,Directeur Digital,Information Technology,fr,Digital Director
547,Directeur Digital & Développement nouveaux concepts,Information Technology,fr,Director Digital & Development new concepts
548,Direktor Digitalisierung & IT,Information Technology,de,Director Digitalization & IT
549,Direktor SAP,Information Technology,ur,Director SAP
550,Direktorin Zentrale Digitalisierung,Information Technology,de,Director Central Digitisation
551,E-Commerce & Digital Services,Information Technology,en,E-Commerce & Digital Services
552,E-Commerce & Digitalisierung,Information Technology,de,E-Commerce & Digitalization
553,eCommerce und IT,Information Technology,de,eCommerce and IT
554,Engineer / Systems Administrator,Information Technology,en,Engineer / Systems Administrator
555,Enterprise Architect Digitalization & IT,Information Technology,en,Enterprise Architect Digitalization & IT
556,Entwicklung Digitaldruck,Information Technology,de,Development of digital printing
557,Expert in IT/Agile,Information Technology,it,Expert in IT/Agile
558,Expert Transformation Digitale Groupe,Information Technology,en,Expert Transformation Digitale Groupe
559,Fachabteilung IT,Information Technology,de,IT Department
560,Für eine gesunde Zukunft Ihres Unternehmens | #MITMACHENUNDGUTFUEHLEN | Betriebliche Gesundheitsförderung gemeinsam neu denken & Bio-BGM,Information Technology,de,For a healthy future of your company -- #MITMACHENUNDGUTFUEHLEN -- Rethinking Corporate Health Promotion Together & Bio-BGM
561,Global Domain Architect Digital Workplace,Information Technology,en,Global Domain Architect Digital Workplace
562,Global IT,Information Technology,ur,Global IT
563,Global Product Specialist - Diagnostic Imaging IT - DACH,Information Technology,en,Global Product Specialist - Diagnostic Imaging IT - DACH
564,H.O. IT Transformation Program,Information Technology,hi,H.O. IT Transformation Program
565,HEAD OF IT CONSULTING AND INNOVATION,Information Technology,en,HEAD OF IT CONSULTING AND INNOVATION
566,Ich bin mit Herzblut Unternehmer und betreibe eine Agentur für Digital- und Printmedien in Hannover,Information Technology,de,I am an entrepreneur with passion and operate an agency for digital and print media in Hanover
567,Individuelle Softwarelösungen für Ihre Digitale...,Information Technology,de,Individual software solutions for your digital...
568,Ingénieur Webmarketing et Responsable Administration des Ventes,Marketing,fr,Webmarketing Engineer and Sales Administration Manager
569,Inhouse SAP ERP Prozessorganisation,Information Technology,de,Inhouse SAP ERP Process Organisation
570,Internal IT,Information Technology,en,Internal IT
571,Internationaler Markt Koordinator Digitalisierung,Information Technology,de,International Market Coordinator Digitalization
572,interne IT Struktur,Information Technology,nl,internal IT structure
573,IT,Information Technology,ur,IT
574,IT - Administrator Software,Information Technology,en,IT - Administrator Software
575,IT & Controlling,Information Technology,en,IT & Controlling
576,IT & DATA SPECIALIST,Information Technology,ur,IT & DATA SPECIALIST
577,IT & Development,Information Technology,en,IT & Development
578,IT & Digitalisation,Information Technology,en,IT & Digitalisation
579,IT & Office,Information Technology,en,IT & Office
580,IT & Organisation,Information Technology,en,IT & Organisation
581,IT & Prozesse,Information Technology,de,IT & processes
582,IT / GF,Information Technology,ur,IT / GF
583,IT / TK - Techniker,Information Technology,de,IT / TK - Technicians
584,IT Abteilung,Information Technology,de,IT Department
585,IT Admin,Information Technology,ur,IT Admin
586,IT Administration,Information Technology,en,IT Administration
587,IT Administrator,Information Technology,en,IT Administrator
588,IT Administrator Schwerpunkt Microsoft Dynamics...,Information Technology,de,IT Administrator Focus Microsoft Dynamics...
589,IT Analyst,Information Technology,en,IT Analyst
590,IT- and Data Specialist,Information Technology,en,IT- and Data Specialist
591,IT Architect,Information Technology,en,IT Architect
592,IT Architektur Experte,Information Technology,de,IT architecture expert
593,IT Assistent,Information Technology,ur,IT Assistent
594,IT Assistenz,Information Technology,de,IT Assistant
595,IT Coordinator,Information Technology,en,IT Coordinator
596,IT Directeur - France,Information Technology,fr,IT Director - France
597,IT Entrepreneur,Information Technology,nl,IT Entrepreneur
598,IT Infrastructure,Information Technology,en,IT Infrastructure
599,IT Lead Engineer,Information Technology,en,IT Lead Engineer
600,IT Lieter,Information Technology,en,IT Lieter
601,IT Mitarbeiter,Information Technology,de,IT staff
602,IT- Netzwerkadministrator,Information Technology,de,IT network administrator
603,IT Operations Professional : Europe,Information Technology,en,IT Operations Professional : Europe
604,IT PMO,Information Technology,hi,IT PMO
605,IT Project Coordinator,Information Technology,en,IT Project Coordinator
606,IT Projectmanager,Information Technology,en,IT Projectmanager
607,IT Projektkoordinatorin,Information Technology,it,IT Project Coordinator
608,IT Projektmanager,Information Technology,it,IT project manager
609,IT Projektmanagerin,Information Technology,de,IT Project Manager
610,IT Purchsing,Information Technology,en,IT Purchsing
611,IT Recruiter,Information Technology,en,IT Recruiter
612,IT Server Consulting Dozent,Information Technology,tr,IT Server Consulting Dozent
613,IT Services,Information Technology,en,IT Services
614,IT Solution Analyst,Information Technology,en,IT Solution Analyst
615,IT Specialist,Information Technology,en,IT Specialist
616,IT Spezialist,Information Technology,de,IT specialist
617,IT Strategy & Enterprise Architecture,Information Technology,it,IT Strategy & Enterprise Architecture
618,IT student at University,Information Technology,en,IT student at University
619,IT System Administrator,Information Technology,en,IT System Administrator
620,IT System Engineer,Information Technology,en,IT System Engineer
621,IT System Engineer Mobility,Information Technology,en,IT System Engineer Mobility
622,IT System- und Anwendungsbetreuer,Information Technology,de,IT system and application maintainer
623,IT System- und Netzwerkadministrator,Information Technology,de,IT System and Network Administrator
624,IT System- und Nutzerbetreuung,Information Technology,de,IT System and user support
625,IT Systemadministrator,Information Technology,en,IT Systemadministrator
626,IT System-Administrator,Information Technology,tr,IT System-Administrator
627,IT- Systemkaufmann,Information Technology,de,IT system manager
628,IT systems engineer,Information Technology,en,IT systems engineer
629,IT Teamleader,Information Technology,en,IT Teamleader
630,IT- und Datenmanagement,Information Technology,de,IT and data management
631,IT und EDV,Information Technology,de,IT and IT
632,IT Verantwortlicher,Information Technology,de,IT Manager
633,IT-Administration,Information Technology,en,IT-Administration
634,IT-Administrator,Information Technology,ur,IT-Administrator
635,IT-Anforderungsmanager,Information Technology,de,IT Requirement Manager
636,IT-Anwenderberater,Information Technology,nl,IT user consultant
637,IT-Anwenderbetreuer,Information Technology,de,IT user maintainer
638,IT-Anwendungsbetreuer,Information Technology,de,IT application supervisors
639,IT-Anwendungsbetreuer / IT,Information Technology,de,IT application supervisor/IT
640,IT-Architekt / Projektmanager,Information Technology,it,IT architect / project manager
641,IT-Berater und Programmierer,Information Technology,de,IT consultants and programmers
642,IT-Betriebsmanager,Information Technology,de,IT Operations Managers
643,IT-Direktor,Information Technology,tr,IT-Director
644,IT-Entwicklung,Information Technology,de,IT development
645,IT-Experte,Information Technology,en,IT-Experte
646,IT-Fachadministratorin,Information Technology,ur,IT-Fachadministratorin
647,IT-Infrastruktur,Information Technology,ru,IT-Infrastructure
648,IT-Kaufmann,Information Technology,de,IT businessman
649,ITK-Berater,Information Technology,en,ITK-Berater
650,IT-Koordinator,Information Technology,ur,IT-Koordinator
651,IT-Lösungen für Beratungskunden - Mittelstand -...,Information Technology,de,IT solutions for consulting customers - Mittelstand -...
652,IT-Produktmanager,Information Technology,ur,IT product manager
653,IT-Projektkoordinator,Information Technology,ur,IT Project Coordinator
654,IT-Projektmanagement,Information Technology,de,IT project management
655,IT-Projektmanager,Information Technology,de,IT Project Manager
656,IT-Projektmanager / Database,Information Technology,de,IT Project Manager / Database
657,IT-Projektmanager / IT-Administration,Information Technology,it,IT-Projektmanager / IT-Administration
658,IT-Prozessentwicklung / IT-process design and development,Information Technology,de,IT process development / IT-process design and development
659,IT-Service / Administration,Information Technology,en,IT-Service / Administration
660,IT-Strategy & Digital Transformation,Information Technology,en,IT-Strategy & Digital Transformation
661,IT-Supervisor,Information Technology,en,IT-Supervisor
662,IT-System Engineer,Information Technology,en,IT-System Engineer
663,IT-Systemadministration,Information Technology,en,IT-Systemadministration
664,IT-Systemadministrator,Information Technology,tr,IT System Administrator
665,IT-Systemadministrator - Clientmanagement,Information Technology,en,IT-Systemadministrator - Clientmanagement
666,IT-Systemadministrator / Web-Dienstleister,Information Technology,de,IT system administrator/web service provider
667,IT-Systeme Infrastruktur,Information Technology,de,IT systems Infrastructure
668,IT-Systemkauffrau Schwerpunkt Projektsteuerung,Information Technology,de,IT system manager priority project management
669,IT-Systemkaufmann,Information Technology,de,IT system manager
670,IT-Systems,Information Technology,en,IT-Systems
671,IT-Systemspezialist,Information Technology,it,IT-Systemspezialist
672,IT-Systemtechniker,Information Technology,de,IT system technicians
673,IT-Techniker,Information Technology,hi,IT technician
674,IT-Techniker \ Qualitätsmanagement,Information Technology,de,IT technician \ Quality management
675,IT-Verantwortlicher,Information Technology,de,IT Manager
676,Koordinator Digitalisierung & Organisationsentwicklung,Information Technology,de,Coordinator Digitization & Organizational Development
677,Lead Buyer IT und IT  Dienstleistungen,Information Technology,de,Lead Buyer IT and IT Services
678,Leader IT,Information Technology,en,Leader IT
679,Leitender IT-Projectmanager,Information Technology,en,Leitender IT-Projectmanager
680,Mediator: Technischer IT Mediator / Team-Mediator,Information Technology,de,Mediator: Technical IT Mediator / Team Mediator
681,Mediengestalter für Digital- und Printmedien,Information Technology,de,Media designers for digital and print media
682,Mitarbeiter IT Infrastructure,Information Technology,de,Staff IT Infrastructure
683,Network and Telecommunication Administrator,Marketing,en,Network and Telecommunication Administrator
684,OSM - CSC Account Administration,Information Technology,en,OSM - CSC Account Administration
685,Personalberater / IT-Beauftragter,Information Technology,de,Personnel consultant / IT representative
686,Personalberater IT,Information Technology,en,Personalberater IT
687,Product Lead KYC/AML - Digital Finance Solutions,Information Technology,en,Product Lead KYC/AML - Digital Finance Solutions
688,Production Planning / IT,Information Technology,en,Production Planning / IT
689,Produktmanager Digitalisierung,Information Technology,de,Product Manager Digitization
690,Projekt Administration,Information Technology,el,Project administration
691,Projekte & IT Governance,Information Technology,en,Projekte & IT Governance
692,Projektmanagement & IT,Information Technology,it,Project management & IT
693,Projektmanagement / IT,Information Technology,ur,Project management / IT
694,Projektmanager Digitalisierung,Information Technology,de,Project Manager Digitization
695,Projektmanager IT - Digitalisierung,Information Technology,de,Project Manager IT - Digitalization
696,Prokurist der IT,Information Technology,de,IT Procurator
697,Prozessmanagerin  SAP Stammdaten,Information Technology,de,Process manager SAP master data
698,Prozessoptimierung & Digitalisierung,Information Technology,de,Process Optimization & Digitization
699,Purchaser for IT,Information Technology,en,Purchaser for IT
700,Referent Digital & Innovation,Information Technology,en,Referent Digital & Innovation
701,Referentin IT Solutions,Information Technology,ur,IT Solutions Consultant
702,Regional Transformation and Digital Officer,Information Technology,en,Regional Transformation and Digital Officer
703,Responsable application Dynamics 365 / Reporting Power BI - SAP/BO,Information Technology,en,Responsable application Dynamics 365 / Reporting Power BI - SAP/BO
704,Responsable commercial & marketing Solutions Digitales,Marketing,en,Responsable commercial & marketing Solutions Digitales
705,Responsable IT groupe,Information Technology,en,Responsable IT groupe
706,SALES & ACQUISITION,Information Technology,en,SALES & ACQUISITION
707,SAP,Information Technology,hi,SAP
708,SAP Anwendungsberater,Information Technology,de,SAP Application Consultant
709,SAP Anwendungsbetreuer / Projektmanager,Information Technology,de,SAP application maintainer / project manager
710,SAP Anwendungsentwickler,Information Technology,de,SAP Application Developer
711,SAP Basis Admin,Information Technology,de,SAP Base Admin
712,SAP Basis Administrator,Information Technology,de,SAP Base Administrator
713,SAP Berater,Information Technology,hi,SAP consultant
714,SAP BW Entwicklung/Administration / SAP Entwicklung,Information Technology,de,SAP BW Development / Administration / SAP Development
715,SAP Integration Architect,Information Technology,en,SAP Integration Architect
716,SAP IT,Information Technology,hi,SAP IT
717,SAP Lead,Information Technology,en,SAP Lead
718,SAP Mittelstandsexperte External on behalf of S...,Information Technology,nl,SAP medium-sized business expert External on behalf of S...
719,SAP Project Lead,Information Technology,en,SAP Project Lead
720,SAP SD Solution Architect,Information Technology,en,SAP SD Solution Architect
721,SAP Solution Architect,Information Technology,en,SAP Solution Architect
722,SAP Specialist,Information Technology,en,SAP Specialist
723,SAP-Administrator,Information Technology,ur,SAP-Administrator
724,SAP-Anwendungsbetreuung / Systemadministration / IT-Anwendungsbetreuung,Information Technology,de,SAP application support / system administration / IT application support
725,SAP-Berater,Information Technology,en,SAP-Berater
726,SAP-Projektmanagerin,Information Technology,de,SAP Project Manager
727,SAP-Spezialist,Information Technology,pt,SAP specialist
728,SCM-IT,Information Technology,hi,SCM-IT
729,Sekretariat IT,Information Technology,ur,IT Secretariat
730,Sekretariat IT Abteilung,Information Technology,de,Secretariat IT Department
731,SENIOR AKQUISITIONSMANAGER,Information Technology,nl,SENIOR ACQUISITION MANAGER
732,Service Administration,Information Technology,en,Service Administration
733,Service-Center IT,Information Technology,en,Service-Center IT
734,SharePoint Administrator / Prozessdigitalisierung,Information Technology,de,SharePoint Administrator / Process Digitization
735,Software Architect / IT Developer,Information Technology,en,Software Architect / IT Developer
736,Software-Administrator,Information Technology,ur,Software-Administrator
737,Solution Architect Broadcast IT,Information Technology,en,Solution Architect Broadcast IT
738,Spezialist Digital Services,Information Technology,de,Specialist Digital Services
739,Spezialist IT-Betrieb,Information Technology,de,Specialist IT Operations
740,System Administration,Information Technology,en,System Administration
741,System Administrator,Information Technology,en,System Administrator
742,Systemadministrator - Vessel IT,Information Technology,en,Systemadministrator - Vessel IT
743,Systemadministrator IT,Information Technology,en,Systemadministrator IT
744,Systembetreuer SAP,Information Technology,de,System maintainer SAP
745,Systems Administrator,Information Technology,en,Systems Administrator
746,SYSTEMS ARCHITECT,Information Technology,en,SYSTEMS ARCHITECT
747,Team IT/Telecommunicatio,Marketing,nl,Team IT/Telecommunicatio
748,Team Lead Digitalization,Information Technology,en,Team Lead Digitalization
749,Team Lead SAP Application & Databases (SAP Basis),Information Technology,en,Team Lead SAP Application & Databases (SAP Basis)
750,Team Leader SAP BI / PLM / IT-Organisation,Information Technology,nl,Team Leader SAP BI / PLM / IT-Organisation
751,Team manager of „Your IT & online Services“,Information Technology,en,Team manager of „Your IT & online Services“
752,Teamlead Digital Platform,Information Technology,en,Teamlead Digital Platform
753,Teamlead IT-Services,Information Technology,en,Teamlead IT-Services
754,Teamleader Group IT - Shared Technology Services,Information Technology,en,Teamleader Group IT - Shared Technology Services
755,Teamleader IT Applications,Information Technology,en,Teamleader IT Applications
756,Teamleader IT Connectivity,Information Technology,en,Teamleader IT Connectivity
757,Technical Administration,Information Technology,en,Technical Administration
758,Trade Show Administrator EMEA,Information Technology,ur,Trade Show Administrator EMEA
759,Verkauf - IT,Information Technology,de,Sales - IT
760,Zentraler IT – Ansprechpartner,Information Technology,de,Central IT contact
761,Administrateur CRM,Information Technology,nl,CRM Administrator
762,Administrateur CRM | Microsoft Dynamics 365,Information Technology,pt,Administrateur CRM | Microsoft Dynamics 365
763,Administrateur Solution CRM,Information Technology,en,Administrateur Solution CRM
764,Administrator / Entwickler,Information Technology,de,Administrator / Developer
765,Administrator CRM,Information Technology,en,Administrator CRM
766,Administrator CRM & Events,Information Technology,en,Administrator CRM & Events
767,Administrator CRM/XRM,Information Technology,en,Administrator CRM/XRM
768,Administrator Microsoft Dynamics CRM,Information Technology,en,Administrator Microsoft Dynamics CRM
769,Anwendungsentwickler CRM,Information Technology,de,Application Developer CRM
770,Anwendungsentwickler PIM & CRM,Information Technology,de,Application Developer PIM & CRM
771,Anwendungsexperte CRM,Information Technology,de,Application expert CRM
772,Application Architect CRM,Information Technology,en,Application Architect CRM
773,Application manager CRM,Information Technology,en,Application manager CRM
774,B2B CRM Consultant,Information Technology,en,B2B CRM Consultant
775,Beraterin CRM,Information Technology,tr,CRM consultant
776,BI and CRM Lead,Information Technology,en,BI and CRM Lead
777,Business Intelligence / Data Warehouse Entwickler,Information Technology,en,Business Intelligence / Data Warehouse Entwickler
778,Chargée de base de données CRM,Information Technology,fr,CRM Database Manager
779,Chargée de CRM et Études Commerciales,Information Technology,pt,CRM and Commercial Studies Manager
780,Chargée de Projets CRM,Information Technology,pt,CRM Project Manager
781,Chargée d'e-CRM/PRM,Information Technology,fr,Responsible for e-CRM/PRM
782,Chef de Projet Commerce / CRM,Information Technology,pt,Commerce / CRM Project Manager
783,Chef de projet CRM,Information Technology,fr,CRM Project Manager
784,Chef de projet CRM & Retention,Information Technology,fr,Project Manager CRM & Retention
785,Chef de projet CRM et performance commerciale (Réseau Agents Généraux),Information Technology,fr,CRM Project Manager and Sales Performance (Agents General Network)
786,Chef de Projet CRM Fidélisation,Information Technology,fr,Project Manager CRM Loyalty
787,Chef de projet CRM senior,Information Technology,fr,Senior CRM Project Manager
788,Chef de Projet Digital & CRM,Information Technology,pt,Digital & CRM Project Manager
789,Chef de projet Digital/CRM,Information Technology,fr,Digital/CRM Project Manager
790,Chef de projet informatique - Responsable applicatif outils CRM,Information Technology,fr,IT Project Manager - Application Manager CRM Tools
791,Chef de Projet MOA SAP - CRM Cloud for Customer,Information Technology,pt,SAP MOA Project Manager - CRM Cloud for Customer
792,Chef de projets CRM,Information Technology,fr,CRM Project Manager
793,Commercial Coordination / CRM,Information Technology,en,Commercial Coordination / CRM
794,Consulente Microsoft Dynamics CRM,Information Technology,it,Consulente Microsoft Dynamics CRM
795,Consultant (Data Scientist/CRM),Information Technology,it,Consultant (Data Scientist/CRM)
796,Consultant CRM & WEB,Information Technology,en,Consultant CRM & WEB
797,Consultant IT Corporate Applications CRM,Information Technology,en,Consultant IT Corporate Applications CRM
798,Coordinator Customer Data & CRM Germany,Information Technology,en,Coordinator Customer Data & CRM Germany
799,CRM,Information Technology,ur,CRM
800,CRM & BI Consultant,Information Technology,it,CRM & BI Consultant
801,CRM & BI IT Partner - Germany,Information Technology,de,CRM & BI IT Partner - Germany
802,CRM & Data Insight Lead,Information Technology,en,CRM & Data Insight Lead
803,CRM & Data Specialist,Information Technology,en,CRM & Data Specialist
804,CRM & Data Specialist - Jaguar Land Rover France,Information Technology,en,CRM & Data Specialist - Jaguar Land Rover France
805,CRM & Digital apps expert,Information Technology,en,CRM & Digital apps expert
806,CRM & EDI Responsible,Information Technology,en,CRM & EDI Responsible
807,CRM & Lead Development Specialist,Information Technology,en,CRM & Lead Development Specialist
808,CRM & Leadmanagement,Information Technology,en,CRM & Leadmanagement
809,CRM & Processes,Information Technology,en,CRM & Processes
810,CRM & Projektmanagement for Apple User,Information Technology,en,CRM & Projektmanagement for Apple User
811,CRM / Kundenbetreuer,Information Technology,de,CRM / Customer Manager
812,CRM Admin,Information Technology,ur,CRM Admin
813,CRM Admin / Lead,Information Technology,en,CRM Admin / Lead
814,CRM Administration & Support,Information Technology,en,CRM Administration & Support
815,CRM Administrative,Information Technology,en,CRM Administrative
816,CRM Administrator,Information Technology,en,CRM Administrator
817,CRM Analyst,Information Technology,ur,CRM Analyst
818,CRM analyst Jaguar Land Rover,Information Technology,nl,CRM analyst Jaguar Land Rover
819,CRM Application Consultant International,Information Technology,en,CRM Application Consultant International
820,CRM Applications Analyst,Information Technology,en,CRM Applications Analyst
821,CRM Architekt und Projektmanager,Information Technology,de,CRM Architect and Project Manager
822,CRM Beauftragte,Information Technology,de,CRM Envoy
823,CRM Beauftragter,Information Technology,de,CRM Envoy
824,CRM Berater,Information Technology,tr,CRM consultant
825,CRM Betreuer,Information Technology,de,CRM maintainer
826,CRM Chef,Information Technology,th,CRM Chef
827,CRM Coach,Information Technology,ur,CRM Coach
828,CRM Consultant,Information Technology,en,CRM Consultant
829,CRM Consultant/Analyst,Information Technology,en,CRM Consultant/Analyst
830,CRM Coordinator,Information Technology,en,CRM Coordinator
831,CRM Country Coordinator Germany,Information Technology,en,CRM Country Coordinator Germany
832,CRM Data & Process Engineer,Information Technology,en,CRM Data & Process Engineer
833,CRM DATA ADMIN MANAGER,Information Technology,ur,CRM DATA ADMIN MANAGER
834,CRM Data Architect,Information Technology,en,CRM Data Architect
835,CRM Data Load Specialist,Information Technology,en,CRM Data Load Specialist
836,CRM Datenmanager,Information Technology,nl,CRM data manager
837,CRM Development and Customizing Specialist,Information Technology,en,CRM Development and Customizing Specialist
838,CRM Engagement lead,Information Technology,en,CRM Engagement lead
839,CRM Expert,Information Technology,ur,CRM Expert
840,CRM Experte,Information Technology,ur,CRM expert
841,CRM Global Project leader,Information Technology,en,CRM Global Project leader
842,CRM Group Lead,Information Technology,en,CRM Group Lead
843,CRM Harmonization,Information Technology,nl,CRM Harmonization
844,CRM Implementation & co-founder,Information Technology,en,CRM Implementation & co-founder
845,CRM Inhouse Consultant,Information Technology,en,CRM Inhouse Consultant
846,CRM IT Consultant,Information Technology,en,CRM IT Consultant
847,CRM Koordinator und Angebotsmanagement,Information Technology,de,CRM coordinator and offer management
848,CRM Lead,Information Technology,en,CRM Lead
849,CRM Lead (Contract),Information Technology,en,CRM Lead (Contract)
850,CRM Lead DACH | Digital Transformation,Information Technology,hi,CRM Lead DACH | Digital Transformation
851,CRM Officer,Information Technology,en,CRM Officer
852,CRM Operations,Information Technology,en,CRM Operations
853,CRM Process,Information Technology,en,CRM Process
854,CRM Process & Support Coördinator,Information Technology,en,CRM Process & Support Coördinator
855,CRM Project Coordination Expert,Information Technology,en,CRM Project Coordination Expert
856,CRM Project Coordinator,Information Technology,en,CRM Project Coordinator
857,CRM Projektmanagement,Information Technology,hi,CRM project management
858,CRM Projektmanagement & Beratung,Information Technology,de,CRM Project Management & Consulting
859,CRM Projektmanager,Information Technology,de,CRM Project Manager
860,CRM Prozessmanagerin,Information Technology,de,CRM Process Manager
861,CRM Solution Architect,Information Technology,en,CRM Solution Architect
862,CRM Solution Expert,Information Technology,en,CRM Solution Expert
863,CRM Solutions Architect,Information Technology,en,CRM Solutions Architect
864,CRM Specialist,Information Technology,en,CRM Specialist
865,CRM specialist BT&S CE,Information Technology,en,CRM specialist BT&S CE
866,CRM Specialist Europe,Information Technology,en,CRM Specialist Europe
867,CRM Specialist Global,Information Technology,en,CRM Specialist Global
868,CRM Spezialist,Information Technology,de,CRM Specialist
869,CRM System Specialist,Information Technology,en,CRM System Specialist
870,CRM Systemadministrator/CRM Controlling,Information Technology,en,CRM Systemadministrator/CRM Controlling
871,CRM- und DMS-Support,Information Technology,de,CRM and DMS support
872,CRM Verantworliche,Information Technology,de,CRM responsible
873,CRM Verantwortlich,Information Technology,de,CRM responsible
874,CRM Verantwortliche,Information Technology,de,CRM Managers
875,CRM Verantwortlicher,Information Technology,de,CRM Manager
876,CRM Webtools,Information Technology,en,CRM Webtools
877,CRM-/ BPM - Consultant,Information Technology,en,CRM-/ BPM - Consultant
878,CRM/ERP,Information Technology,hi,CRM/ERP
879,CRM-/Eventmanager & Administration,Information Technology,en,CRM-/Eventmanager & Administration
880,CRM/SAP,Information Technology,hi,CRM/SAP
881,CRM-Administration,Information Technology,en,CRM-Administration
882,CRM-Administration /-Customizing /-Projekte /-Support,Information Technology,en,CRM-Administration /-Customizing /-Projekte /-Support
883,CRM-Agent,Information Technology,pt,CRM-Agent
884,CRM-Analystin,Information Technology,en,CRM-Analystin
885,CRM-Applikationsspezialist,Information Technology,ur,CRM application specialist
886,CRM-Beauftragter,Information Technology,de,CRM Envoy
887,CRM-Experte,Information Technology,ur,CRM expert
888,CRM-Expertin,Information Technology,ur,CRM-Expertin
889,CRM-Koordinator,Information Technology,pt,CRM-Koordinator
890,CRM-Manger Inhouse,Information Technology,en,CRM-Manger Inhouse
891,CRM-Projektmanager,Information Technology,de,CRM Project Manager
892,CRM-Spezialist,Information Technology,ur,CRM specialist
893,CRM-Verantwortliche,Information Technology,de,CRM Managers
894,Customer Relations / CRM Administrator,Information Technology,en,Customer Relations / CRM Administrator
895,Customer Support Sage CRM,Information Technology,en,Customer Support Sage CRM
896,Data Scientist CRM,Information Technology,ur,Data Scientist CRM
897,Dev CRM,Information Technology,hi,DevCRM
898,Digital Marketer (CRM & Growth Hacking),Information Technology,en,Digital Marketer (CRM & Growth Hacking)
899,Directeur  Offre CRM  GFI,Information Technology,nl,CRM Offer Director GFI
900,Directeur Département CRM,Information Technology,fr,Director of CRM Department
901,Direktmarketing/CRM,Information Technology,ur,Direct marketing/CRM
902,Domainlead IT CRM,Information Technology,en,Domainlead IT CRM
903,Dynamics 365 CRM Developer,Information Technology,en,Dynamics 365 CRM Developer
904,Dynamics 365 Entwickler,Information Technology,ur,Dynamics 365 Entwickler
905,Dynamics CRM Architect,Information Technology,en,Dynamics CRM Architect
906,Entwickler,Information Technology,ur,developer
907,Entwickler / Berater Microsoft Dynamics NAV,Information Technology,de,Developer/advisor Microsoft Dynamics NAV
908,European CRM & Data Intelligence,Information Technology,en,European CRM & Data Intelligence
909,Eventmanager/ CRM,Information Technology,en,Eventmanager/ CRM
910,Exhibition/CRM Administrator,Information Technology,en,Exhibition/CRM Administrator
911,Expert for CRM Implementation,Information Technology,en,Expert for CRM Implementation
912,Experte für Digitale Beschleunigung & CRM mit Microsoft Dynamics 365,Information Technology,de,Expert for Digital Acceleration & CRM with Microsoft Dynamics 365
913,Fachspezialistin CRM,Information Technology,de,Specialist CRM
914,Functional Analyst SAP CRM,Information Technology,en,Functional Analyst SAP CRM
915,Gestion de projets digitalisation / CRM Key User,Information Technology,fr,Project Management Digitalization / CRM Key User
916,Gestionnaire CRM,Information Technology,fr,CRM Manager
917,Global CRM Coordinator,Information Technology,en,Global CRM Coordinator
918,Global CRM Leader at Cytiva,Information Technology,pt,Global CRM Leader at Cytiva
919,Global CRM Solutions Lead,Information Technology,en,Global CRM Solutions Lead
920,Group Lead Application Mgmt CRM,Information Technology,en,Group Lead Application Mgmt CRM
921,Group Lead CRM & Digital Integration,Information Technology,en,Group Lead CRM & Digital Integration
922,Group Leader CRM,Information Technology,en,Group Leader CRM
923,In Field Intelligence Expert & CRM Admin,Information Technology,en,In Field Intelligence Expert & CRM Admin
924,Inhouse Consultant Dynamics CRM,Information Technology,en,Inhouse Consultant Dynamics CRM
925,Inhouse Consultant SAP CRM,Information Technology,en,Inhouse Consultant SAP CRM
926,Inhouse Consultant SD/CRM,Information Technology,en,Inhouse Consultant SD/CRM
927,Inhouse CRM Consultant,Information Technology,en,Inhouse CRM Consultant
928,Insightly CRM Expert - Consultant,Information Technology,en,Insightly CRM Expert - Consultant
929,Integrateur / Administrateur MIcrosoft CRM,Information Technology,nl,MIcrosoft CRM Integrator / Administrator
930,Interim Projekmanager E-Commerce & CRM,Information Technology,it,Interim Projekmanager E-Commerce & CRM
931,International CRM Project Coordinator,Information Technology,en,International CRM Project Coordinator
932,IT | CRM verantwortlich,Information Technology,de,IT / CRM responsible
933,IT Analyst CRM,Information Technology,en,IT Analyst CRM
934,IT CRM Domain Leader,Information Technology,en,IT CRM Domain Leader
935,IT Inhouse Consultant CRM,Information Technology,en,IT Inhouse Consultant CRM
936,IT Support ERP und CRM international,Information Technology,de,IT Support ERP and CRM international
937,IT-Consultant CRM-Solutions,Information Technology,ur,IT-Consultant CRM-Solutions
938,IT-Entwickler,Information Technology,tr,IT developer
939,IT-System Analyst - CRM / Innovationsexperte,Information Technology,en,IT-System Analyst - CRM / Innovationsexperte
940,Ltg CRM Anwendung,Information Technology,de,Ltg CRM application
941,Microsoft Dynamics 365 CRM consultant,Information Technology,en,Microsoft Dynamics 365 CRM consultant
942,Microsoft Dynamics CRM,Information Technology,ur,Microsoft Dynamics CRM
943,Microsoft Dynamics CRM - Beraterin,Information Technology,tr,Microsoft Dynamics CRM - Consultant
944,Microsoft Dynamics CRM + SAP Key-User,Information Technology,ur,Microsoft Dynamics CRM + SAP Key-User
945,Microsoft Dynamics CRM Inhouse Consultant,Information Technology,en,Microsoft Dynamics CRM Inhouse Consultant
946,Microsoft Dynamics CRM Software Developer / Adm...,Information Technology,ur,Microsoft Dynamics CRM Software Developer / Adm...
947,MS Dynamics CRM Betreuer,Information Technology,de,MS Dynamics CRM maintainer
948,Package Solution Consultant (CRM),Information Technology,en,Package Solution Consultant (CRM)
949,Portfoliomanagement & CRM,Information Technology,en,Portfoliomanagement & CRM
950,Produktmanager CRM- und Akquise-Systeme,Information Technology,de,Product Manager CRM and Acquisition Systems
951,Program Advisor Online & CRM,Information Technology,en,Program Advisor Online & CRM
952,Project Officer & CRM Administrator,Information Technology,en,Project Officer & CRM Administrator
953,Projektmanager CRM,Information Technology,en,Projektmanager CRM
954,Projektmanager CRM & Online,Information Technology,en,Projektmanager CRM & Online
955,Projektmanager CRM & Wissensmanagement,Information Technology,de,Project Manager CRM & Knowledge Management
956,Projektmanager CRM Agrar,Information Technology,hi,Project manager CRM Agrar
957,Projektmanager Einführung CRM,Information Technology,de,Project Manager Introduction CRM
958,Projektmanagerin CRM & Direktmarketing,Information Technology,de,Project Manager CRM & Direct Marketing
959,Projektmanagerin/Sage HR /CRM,Information Technology,en,Projektmanagerin/Sage HR /CRM
960,Prozessmanager CRM,Information Technology,de,Process Manager CRM
961,Referent CRM,Information Technology,ur,Referent CRM
962,Referent CRM / Network Development,Information Technology,en,Referent CRM / Network Development
963,Referent CRM-System,Information Technology,en,Referent CRM-System
964,Regional CRM Training Support Europe & Africa,Information Technology,en,Regional CRM Training Support Europe & Africa
965,Responsable animation commerciale/ CRM,Information Technology,en,Responsable animation commerciale/ CRM
966,Responsable CRM,Information Technology,en,Responsable CRM
967,Responsable CRM & Back Office France,Information Technology,en,Responsable CRM & Back Office France
968,Responsable CRM & E-Commerce,Information Technology,en,Responsable CRM & E-Commerce
969,Responsable CRM chez CRM Services - SNCF Voyages,Information Technology,fr,CRM Manager at CRM Services - SNCF Voyages
970,Responsable CRM et Fidélisation,Information Technology,fr,CRM and Loyalty Manager
971,Responsable CRM groupe ISALTIS,Information Technology,en,Responsable CRM groupe ISALTIS
972,Responsable CRM Maximizer,Information Technology,en,Responsable CRM Maximizer
973,Responsable d’application CRM et Clients,Information Technology,fr,CRM and Customer Application Manager
974,Responsable Data & CRM,Information Technology,en,Responsable Data & CRM
975,Responsable data client & CRM,Information Technology,en,Responsable data client & CRM
976,Responsable data management et CRM,Information Technology,en,Responsable data management et CRM
977,Responsable des ventes - BU CRM,Information Technology,fr,Sales Manager - BU CRM
978,Responsable Domaine CRM,Information Technology,en,Responsable Domaine CRM
979,Responsable formation et Referent CRM,Information Technology,fr,Head of Training and Referent CRM
980,Responsable projet et communauté CRM,Information Technology,fr,Project manager and CRM community
981,Responsable projets CRM,Information Technology,fr,Project Manager CRM
982,Responsable SFE et CRM- France,Information Technology,fr,SFE and CRM Manager - France
983,Responsable SI outils (CRM),Information Technology,fr,SI Tools Manager (CRM)
984,Sachbearbeiter Verkaufssupport / Spezialist SAP/CRM,Information Technology,de,Agent Sales Support / Specialist SAP/CRM
985,SAP and CRM Solutions Consultant - Customer Relations,Information Technology,en,SAP and CRM Solutions Consultant - Customer Relations
986,SAP Anwendungsberater und -Entwickler (PP),Information Technology,de,SAP Application Consultant and Developer (PP)
987,SAP Consultant - CRM & SD (Implementation project),Information Technology,en,SAP Consultant - CRM & SD (Implementation project)
988,SAP Consultant CRM,Information Technology,en,SAP Consultant CRM
989,SAP CRM,Information Technology,hi,SAP CRM
990,SAP CRM & CEC Consultant,Information Technology,it,SAP CRM & CEC Consultant
991,SAP CRM Applikationsbetreuer,Information Technology,de,SAP CRM Application Supporter
992,SAP CRM Berater / Anwendungsentwickler,Information Technology,de,SAP CRM Consultant / Application Developer
993,SAP CRM C4/Hana Berater,Information Technology,tr,SAP CRM C4/Hana Rater
994,SAP CRM Consultant,Information Technology,pt,SAP CRM Consultant
995,SAP CRM Inhouse Consultant,Information Technology,en,SAP CRM Inhouse Consultant
996,SAP CRM QM SD Betreuer,Information Technology,de,SAP CRM QM SD maintainer
997,SAP CRM Support Specialist,Information Technology,en,SAP CRM Support Specialist
998,SAP CRM Systembetreuer,Information Technology,de,SAP CRM system maintainer
999,SAP Hybris C4C and CRM Specialist,Information Technology,en,SAP Hybris C4C and CRM Specialist
1000,SAP Inhouse Consulting für die Module SD und CRM,Information Technology,de,SAP Inhouse Consulting for the modules SD and CRM
1001,SAP Modulbetreuer SD / CRM,Information Technology,de,SAP module maintainer SD / CRM
1002,SFE / CRM Specialist,Information Technology,en,SFE / CRM Specialist
1003,Software Entwickler,Information Technology,de,Software Developers
1004,Software-Entwickler,Information Technology,tr,Software developer
1005,Specialist CRM Support,Information Technology,en,Specialist CRM Support
1006,Spezialist CRM & Datenbankmanagement,Information Technology,de,Specialist CRM & Database Management
1007,Spezialistin CRM,Information Technology,de,Specialist CRM
1008,Strategisches CRM,Information Technology,de,Strategic CRM
1009,Systemanalytikerin SAP CRM,Information Technology,tr,System analyst SAP CRM
1010,Team Lead CRM,Information Technology,en,Team Lead CRM
1011,Team Lead IT CRM,Information Technology,en,Team Lead IT CRM
1012,Team Leader /CRM,Information Technology,en,Team Leader /CRM
1013,Team Leader SAP CRM Application,Information Technology,en,Team Leader SAP CRM Application
1014,Teamlead CRM,Information Technology,en,Teamlead CRM
1015,Teamlead CRM & Design,Information Technology,en,Teamlead CRM & Design
1016,Teamlead CRM & Loyalty,Information Technology,it,Teamlead CRM & Loyalty
1017,Teamleader CRM,Information Technology,en,Teamleader CRM
1018,Teamleader CRM & Cloud App,Information Technology,en,Teamleader CRM & Cloud App
1019,Teamleader IT Solutions / SAP Consultant SD/CRM,Information Technology,en,Teamleader IT Solutions / SAP Consultant SD/CRM
1020,Technical Lead CRM & EMM,Information Technology,en,Technical Lead CRM & EMM
1021,Technicien CRM Support Niveau 2,Information Technology,de,Technical CRM Support Level 2
1022,Ticketing | CRM | CSR,Information Technology,hi,Ticketing | CRM | CSR
1023,Unternehmenskommunikation / CRM,Information Technology,ur,Corporate communications / CRM
1024,User Engagement & CRM Lead,Information Technology,en,User Engagement & CRM Lead
1025,Zuständig für CRM und Akquise,Information Technology,de,Responsible for CRM and acquisition
1026,Zuständig für CRM-Systeme,Information Technology,de,Responsible for CRM systems
1027,- Messe / Veranstaltungsplanung –,Marketing,de,- Fair / event planning –
1028,Abteilung Kommunikation,Marketing,de,Communication Division
1029,Abteilung Marketing,Marketing,de,Marketing Department
1030,Abteilungsverantwortlicher Alnatura Digital | Marketing,Marketing,de,"Departmental Manager Alnatura Digital, Marketing"
1031,Account Team Leader Marketing,Marketing,en,Account Team Leader Marketing
1032,Administration / Marketing,Marketing,en,Administration / Marketing
1033,Administration/Messe,Marketing,ur,Administration/Messe
1034,Administrative Coordinator Sales & Marketing Effectiveness,Marketing,en,Administrative Coordinator Sales & Marketing Effectiveness
1035,Advisor Field Marketing,Marketing,en,Advisor Field Marketing
1036,After-Sale / Marketing / Kundenberater,Marketing,de,After-sale / marketing / customer consultant
1037,Angestellte im Marketing,Marketing,de,Employees in Marketing
1038,Ansprechpartner für Messen,Marketing,de,Contact person for trade fairs
1039,Application Marketing & Business Development,Marketing,en,Application Marketing & Business Development
1040,ASP aus Messe Seite,Marketing,de,ASP from the trade fair page
1041,Assistance and Marketing,Marketing,en,Assistance and Marketing
1042,Assistance Marketing & Sales,Marketing,en,Assistance Marketing & Sales
1043,Assistent Marketing & Events,Marketing,en,Assistent Marketing & Events
1044,Assistent Marketing and Sales,Marketing,en,Assistent Marketing and Sales
1045,Assistent Marketing und Sales,Marketing,de,Assistant Marketing and Sales
1046,Assistent Produktentwicklung und Marketing,Marketing,de,Assistant Product Development and Marketing
1047,Assistentin des Vorstands Marketing & Vertrieb,Marketing,de,Assistant to the Marketing & Sales Board
1048,Assistentin Direktor Marketing & Vertrieb,Marketing,de,Assistant Director Marketing & Sales
1049,Assistentin für Messe,Marketing,de,Assistant for Fair
1050,Assistentin GF/ Marketing,Marketing,en,Assistentin GF/ Marketing
1051,Assistentin Global Marketing,Marketing,en,Assistentin Global Marketing
1052,Assistentin Internationales Marketing,Marketing,en,Assistentin Internationales Marketing
1053,Assistentin Marketing,Marketing,tr,Marketing Assistant
1054,Assistentin Marketing & Sales,Marketing,en,Assistentin Marketing & Sales
1055,Assistentin Marketing & Unternehmenskommunikation,Marketing,de,Assistant Marketing & Corporate Communications
1056,Assistentin Marketing & Vertrieb,Marketing,de,Assistant Marketing & Sales
1057,Assistentin Marketing / Vertrieb,Marketing,de,Assistant Marketing / Sales
1058,Assistentin Marketing Services,Marketing,en,Assistentin Marketing Services
1059,Assistentin Marketing- und Unternehmenskommunikation,Marketing,de,Assistant Marketing and Corporate Communications
1060,Assistentin Marketing und Verkauf,Marketing,de,Assistant Marketing and Sales
1061,Assistentin Marketing- und Vertriebsdirektion,Marketing,de,Assistant Marketing and Sales Director
1062,Assistentin Marketing/Vertrieb,Marketing,de,Assistant Marketing/Distribution
1063,Assistentin Sales & Marketing,Marketing,en,Assistentin Sales & Marketing
1064,Assistentin Sales&Marketing,Marketing,en,Assistentin Sales&Marketing
1065,Assistentin Technisches Marketing,Marketing,de,Assistant Technical Marketing
1066,Assistentin Vertrieb & Marketing,Marketing,de,Assistant Sales & Marketing
1067,Assistentin Vertrieb / Marketing,Marketing,de,Assistant Sales / Marketing
1068,Assistenz  Marketing & Vertrieb 3D Viewer,Marketing,de,Assistance Marketing & Sales 3D Viewer
1069,Assistenz der GF / Marketing,Marketing,de,Assistance of the GF / Marketing
1070,Assistenz des Direktors Marketing und Kommunikation,Marketing,de,Assistant to the Director of Marketing and Communication
1071,Assistenz des Vorstands für Vertrieb und Marketing,Marketing,de,Assistant to the Management Board for Sales and Marketing
1072,Assistenz des Vorstands OEM Vertrieb & Marketing,Marketing,de,Assistant to the Board of Management OEM Sales & Marketing
1073,Assistenz Marketing,Marketing,de,Assistance Marketing
1074,Assistenz Marketing & Sales,Marketing,en,Assistenz Marketing & Sales
1075,Assistenz Marketing & Vertrieb,Marketing,de,Assistance Marketing & Sales
1076,Assistenz Marketing und Produktmanagement,Marketing,de,Assistance Marketing and Product Management
1077,Assistenz Marketing/Kommunikation,Marketing,hi,Marketing/communications assistant
1078,Assistenz Messe und Event,Marketing,de,Assistance fair and event
1079,Assistenz und Redaktion Marketing,Marketing,de,Assistant and Editor's Office Marketing
1080,Assistenz Vertrieb & Marketing,Marketing,de,Assistance Sales & Marketing
1081,Assistenz Vertrieb und Marketing,Marketing,de,Assistance Sales and Marketing
1082,Assistenz Vertrieb/Marketing,Marketing,de,Assistance Sales/Marketing
1083,Assistenz Vorstand / Marketing & Kommunikation,Marketing,de,Assistant Management Board / Marketing & Communication
1084,Assitante Marketing Salons,Marketing,pt,Salon Marketing Assistant
1085,Associate | Customer Centric Transformation - Digital & Data-Driven Marketing,Marketing,en,Associate | Customer Centric Transformation - Digital & Data-Driven Marketing
1086,Auftragszentrum / Marketing,Marketing,de,Order Center / Marketing
1087,B2C Vertrieb und Marketing,Marketing,de,B2C Sales and Marketing
1088,Beraterin Marketing u. Vertriebsunterstützung,Marketing,de,Consultant Marketing & Sales Support
1089,Beraterin Marketing/ Vertrieb/ Außenwirtschaft,Marketing,de,Consultant Marketing/Sales/External Trade
1090,Beratung und Marketing,Marketing,de,Consulting and Marketing
1091,Bereich Marketing,Marketing,de,Marketing
1092,Betriebsorganisation/Marketing,Marketing,de,Organisation/Marketing
1093,Betriebswirtschaft/ Marketingkommunikation und Werbung,Marketing,de,Business administration/marketing communication and advertising
1094,Brand & Communications/ Fair & Events,Marketing,en,Brand & Communications/ Fair & Events
1095,Brand Marketing,Marketing,en,Brand Marketing
1096,Branding & Communications,Marketing,en,Branding & Communications
1097,Buchhalterin/Messeorganisation,Marketing,de,Accountant/trade fair organisation
1098,Bürokauffrau / Kauffrau für Marketingkommunikation,Marketing,de,Office clerk / saleswoman for marketing communication
1099,Business Analyst Recruiting/Marketing,Marketing,en,Business Analyst Recruiting/Marketing
1100,Business Applications Consultant Sales/Marketing,Marketing,en,Business Applications Consultant Sales/Marketing
1101,Business Consultant Marketing & CRM,Marketing,en,Business Consultant Marketing & CRM
1102,Business CRM & Marketing Communications Specialist,Marketing,en,Business CRM & Marketing Communications Specialist
1103,Business Development & B2B Marketing EMEA,Marketing,pt,Business Development & B2B Marketing EMEA
1104,Business Development & Marketing,Marketing,en,Business Development & Marketing
1105,Business Development (Messe Kontakt),Marketing,ur,Business Development (trade fair contact)
1106,Business Development / Einkauf / Marketing,Marketing,de,Business Development / Purchasing / Marketing
1107,Business Development / Marketing,Marketing,en,Business Development / Marketing
1108,Business Development / Online Marketing Rockstars,Marketing,en,Business Development / Online Marketing Rockstars
1109,Business Development | Marketing | Sales,Marketing,hi,Business Development | Marketing | Sales
1110,Business Development Specialist  (Messe Kontakt),Marketing,ur,Business Development Specialist (trade fair contact)
1111,Business Development& Marketing - Marketing Services,Marketing,en,Business Development& Marketing - Marketing Services
1112,Business Engineer (Messe Kontakt),Marketing,de,Business Engineer (trade fair contact)
1113,Business Partner Consumer Health Marketing,Marketing,en,Business Partner Consumer Health Marketing
1114,Business Process Analyst Sales & Marketing,Marketing,en,Business Process Analyst Sales & Marketing
1115,Buyer Marketing,Marketing,en,Buyer Marketing
1116,Channel Marketing DACH,Marketing,hi,Channel Marketing DACH
1117,Channel Marketing Specialist,Marketing,en,Channel Marketing Specialist
1118,Chargé de Communication et Digital,Marketing,fr,Head of Communication and Digital
1119,Chargé de Projets Digital Marketing,Marketing,pt,Digital Marketing Project Manager
1120,Chargé de projets Marketing,Marketing,fr,Marketing Project Manager
1121,Chargé Marketing et Evénementiel,Marketing,fr,Marketing and Events Manager
1122,Chargé Marketing Marché Industrie,Marketing,fr,Marketing Manager Market Industry
1123,Chargée Commerciale et Marketing,Marketing,fr,Sales and Marketing Manager
1124,Chargée Communication & Marketing,Marketing,nl,Communication & Marketing Manager
1125,Chargée de Communication,Marketing,pt,Communications Officer
1126,Chargée de Développement Marketing et Communication,Marketing,nl,Marketing and Communication Development Manager
1127,Chargée de Marketing & Communication ? @ DDS Logistics,Marketing,pt,Responsible for Marketing & Communication? @DDS Logistics
1128,Chargée de Marketing Relationnel BtoB,Marketing,nl,BtoB Relationship Marketing Manager
1129,Chargée de Projet Marketing Digital - Communication Corporate,Marketing,pt,Digital Marketing Project Manager - Corporate Communication
1130,Chargée de Projets Communication et Evènementiel,Marketing,nl,Communication and Events Project Manager
1131,Chargée de projets Marketing | Groupe international  | Communication institutionnelle,Marketing,fr,Marketing Project Manager  International Group  Corporate Communication
1132,Chargée Marketing Digital,Marketing,ur,Digital Marketing Manager
1133,Chargée Marketing et Communication,Marketing,fr,Marketing and Communication Manager
1134,Chef de Groupe Marketing,Marketing,pt,Marketing Group Manager
1135,Chef de projet CRM | Marketing relationnel,Marketing,fr,CRM Project Manager  Relationship Marketing
1136,Chef de projet CRM Marketing,Marketing,fr,Project Manager CRM Marketing
1137,Chef de projet junior digital - Communication,Marketing,fr,Junior Digital Project Manager - Communication
1138,Chef de projets Communication et Marketing Digital,Marketing,fr,Project Manager Communication and Digital Marketing
1139,Chef de Projets Trade Marketing,Marketing,nl,Trade Marketing Project Manager
1140,Chef de service Marketing  Communication base de données,Marketing,fr,Head of Marketing Communication Database
1141,Chef Marketing Client,Marketing,en,Chef Marketing Client
1142,CMD - Corporate Marketing Developement,Marketing,nl,CMD - Corporate Marketing Developement
1143,COHERENT Marketing Communications,Marketing,en,COHERENT Marketing Communications
1144,Commercial Marketing,Marketing,en,Commercial Marketing
1145,Commercial Sales & Marketing Trainee,Marketing,en,Commercial Sales & Marketing Trainee
1146,Communication,Marketing,en,Communication
1147,Communication - Marketing,Marketing,en,Communication - Marketing
1148,Communication & développement,Marketing,fr,Communication & development
1149,Communication & Marketing,Marketing,en,Communication & Marketing
1150,Communication & Marketing  Sales Advice,Marketing,en,Communication & Marketing  Sales Advice
1151,Communication & Marketing Officer,Marketing,en,Communication & Marketing Officer
1152,Communication & Multimedia Coordinator,Marketing,it,Communication & Multimedia Coordinator
1153,Communication / Commercial,Marketing,en,Communication / Commercial
1154,Communication and Marketing Specialist,Marketing,en,Communication and Marketing Specialist
1155,Communication Consultant,Marketing,en,Communication Consultant
1156,Communication Marketing,Marketing,en,Communication Marketing
1157,Communication officer & Event manager,Marketing,en,Communication officer & Event manager
1158,Communication und Marketing,Marketing,de,Communication and Marketing
1159,Communication&Event Mger,Marketing,ur,Communication&Event Mger
1160,Communications,Marketing,en,Communications
1161,Communications & Marketing,Marketing,en,Communications & Marketing
1162,Communications & Marketing Specialist,Marketing,en,Communications & Marketing Specialist
1163,Communications & Multimedia,Marketing,en,Communications & Multimedia
1164,Communications and Marketing,Marketing,en,Communications and Marketing
1165,Communications Mobility,Marketing,en,Communications Mobility
1166,Communications professional,Marketing,en,Communications professional
1167,Communications Project Coordinator,Marketing,en,Communications Project Coordinator
1168,Communications Specialist,Marketing,en,Communications Specialist
1169,Communications Strategist,Marketing,en,Communications Strategist
1170,Communications/Public Relations,Marketing,en,Communications/Public Relations
1171,Consultant - Marketing Automation (Like Reply),Marketing,en,Consultant - Marketing Automation (Like Reply)
1172,Consultant senior CRM Marketing Automation,Marketing,en,Consultant senior CRM Marketing Automation
1173,Consulting Marketing & Advertising,Marketing,en,Consulting Marketing & Advertising
1174,Content Marketing,Marketing,en,Content Marketing
1175,Content Marketing & Communication,Marketing,en,Content Marketing & Communication
1176,Content-Marketing & Corporate Design,Marketing,en,Content-Marketing & Corporate Design
1177,Controlling / Marketing / Vertrieb,Marketing,de,Controlling / Marketing / Sales
1178,COO (Messe Kontakt),Marketing,ur,COO (Exhibition Contact)
1179,Coordinator Corporate Communications and Global Support Marketing,Marketing,en,Coordinator Corporate Communications and Global Support Marketing
1180,Coordinator Corporate Design and Events / Abteilung Corporate Communication,Marketing,de,Coordinator Corporate Design and Events / Corporate Communication Department
1181,Coordinator Marketing & Sales,Marketing,en,Coordinator Marketing & Sales
1182,Coordinator Marketing and Communications,Marketing,en,Coordinator Marketing and Communications
1183,Coordinator Marketing Area Central Europe,Marketing,en,Coordinator Marketing Area Central Europe
1184,Coordinator Marketing Communications,Marketing,en,Coordinator Marketing Communications
1185,Coordinator Marketing Services,Marketing,en,Coordinator Marketing Services
1186,Coordinator Sales and Marketing,Marketing,en,Coordinator Sales and Marketing
1187,Coordinatrice Marketing,Marketing,it,Coordinatrice Marketing
1188,Corporate & Marketing Communications,Marketing,en,Corporate & Marketing Communications
1189,Corporate and Marketing Communications,Marketing,en,Corporate and Marketing Communications
1190,Corporate Communication,Marketing,en,Corporate Communication
1191,Corporate Communication & Marketing,Marketing,en,Corporate Communication & Marketing
1192,Corporate Communication SKROSS,Marketing,ur,Corporate Communication SKROSS
1193,Corporate Communications,Marketing,en,Corporate Communications
1194,Corporate Communications & Marketing,Marketing,en,Corporate Communications & Marketing
1195,Corporate Communications Consultant,Marketing,en,Corporate Communications Consultant
1196,Corporate Communications Specialist,Marketing,en,Corporate Communications Specialist
1197,Corporate Marketing,Marketing,en,Corporate Marketing
1198,Corporate Marketing - Projektmanager Messen & Events,Marketing,nl,Corporate Marketing - Project Manager Trade Fairs & Events
1199,Corporate Marketing & Communication,Marketing,en,Corporate Marketing & Communication
1200,Corporate Marketing & Events,Marketing,en,Corporate Marketing & Events
1201,Corporate Marketing | Markenmanagement,Marketing,hi,Corporate Marketing | Markenmanagement
1202,Corporate Marketing Communications,Marketing,en,Corporate Marketing Communications
1203,Corporate Marketing/Event- und Projektmanagement,Marketing,de,Corporate Marketing/Event and Project Management
1204,CRM & Marketing,Marketing,en,CRM & Marketing
1205,CRM & Marketing Automation,Marketing,en,CRM & Marketing Automation
1206,CRM & Marketing Consultant,Marketing,en,CRM & Marketing Consultant
1207,CRM & Marketing data specialist,Marketing,en,CRM & Marketing data specialist
1208,CRM & Marketing Expert,Marketing,en,CRM & Marketing Expert
1209,CRM & Marketing project manager,Marketing,en,CRM & Marketing project manager
1210,CRM // E-Mail Marketing,Marketing,en,CRM // E-Mail Marketing
1211,CRM + Marketing,Marketing,en,CRM + Marketing
1212,CRM Administrator & Marketing,Marketing,en,CRM Administrator & Marketing
1213,CRM and Marketing Automation Expert,Marketing,en,CRM and Marketing Automation Expert
1214,CRM Data Specialist DS Strategy & Marketing,Marketing,en,CRM Data Specialist DS Strategy & Marketing
1215,CRM Marketing Specialist,Marketing,en,CRM Marketing Specialist
1216,CRM/Marketing Mitarbeiter,Marketing,de,CRM/Marketing Employees
1217,CRM-Referent / Strategisches Marketing,Marketing,nl,Error 500 (Server Error)!!1500.That’s an error.There was an error. Please try again later.That’s all we know.
1218,Crossmediales Marketing I Thinking different,Marketing,en,Crossmediales Marketing I Thinking different
1219,DACH Marketing Specialist,Marketing,en,DACH Marketing Specialist
1220,Data Specialist - Sales & Marketing Service Centers,Marketing,en,Data Specialist - Sales & Marketing Service Centers
1221,Database Marketing Analyst,Marketing,en,Database Marketing Analyst
1222,Database Marketing Expert,Marketing,en,Database Marketing Expert
1223,Database Marketing Spezialist / Controlling,Marketing,de,Database Marketing Specialist / Controlling
1224,Datenmanagement / Online Marketing,Marketing,nl,Data management / online marketing
1225,Demand Generation | Inbound | Marketing Automation,Marketing,en,Demand Generation | Inbound | Marketing Automation
1226,Digital & Social Media Marketing & E-commerce Specialist,Marketing,en,Digital & Social Media Marketing & E-commerce Specialist
1227,Digital Communications Specialist,Marketing,en,Digital Communications Specialist
1228,Digital Expert Sales & Marketing,Marketing,en,Digital Expert Sales & Marketing
1229,Digital Industries Communications Online & Demand Programs,Marketing,en,Digital Industries Communications Online & Demand Programs
1230,Digital Leader - Marketing & Communication,Marketing,en,Digital Leader - Marketing & Communication
1231,Digital Marketing,Marketing,en,Digital Marketing
1232,Digital Marketing & Business Development Professional,Marketing,en,Digital Marketing & Business Development Professional
1233,Digital Marketing & Communication Specialist,Marketing,en,Digital Marketing & Communication Specialist
1234,Digital Marketing & CRM Specialist - EMEA,Marketing,pt,Digital Marketing & CRM Specialist - EMEA
1235,Digital Marketing & IT-Journalismus,Marketing,de,Digital Marketing & IT Journalism
1236,Digital Marketing (eCRM/Performance),Marketing,en,Digital Marketing (eCRM/Performance)
1237,Digital Marketing | SEO | Social Media,Marketing,hi,Digital Marketing | SEO | Social Media
1238,Digital Marketing and Communication Specialist Europe,Marketing,en,Digital Marketing and Communication Specialist Europe
1239,Digital Marketing Architect,Marketing,en,Digital Marketing Architect
1240,Digital Marketing Communications Specialist,Marketing,en,Digital Marketing Communications Specialist
1241,Digital Marketing Consultant,Marketing,en,Digital Marketing Consultant
1242,Digital Marketing Coordinator,Marketing,en,Digital Marketing Coordinator
1243,Digital Marketing Lead,Marketing,en,Digital Marketing Lead
1244,Digital Marketing Officer,Marketing,en,Digital Marketing Officer
1245,Digital Marketing Professional,Marketing,en,Digital Marketing Professional
1246,Digital Marketing Specialist,Marketing,en,Digital Marketing Specialist
1247,Digital Marketing Specialist DACH @ Electrolux Professional | Digital Ambassador,Marketing,hi,Digital Marketing Specialist DACH @ Electrolux Professional | Digital Ambassador
1248,Digital Marketing Specialist EMEA,Marketing,pt,Digital Marketing Specialist EMEA
1249,Digital Marketing Specialist Mobile & Apps,Marketing,en,Digital Marketing Specialist Mobile & Apps
1250,Digital Marketing Specialist/Event Coordinator,Marketing,en,Digital Marketing Specialist/Event Coordinator
1251,Digital Marketing Spezialist,Marketing,de,Digital Marketing Specialist
1252,Digital Marketing Strategy,Marketing,en,Digital Marketing Strategy
1253,Digital Sales & Marketing,Marketing,en,Digital Sales & Marketing
1254,Digitales- & Trade Marketing,Marketing,en,Digitales- & Trade Marketing
1255,Digitales Marketing,Marketing,en,Digitales Marketing
1256,Digital-Marketingmanager und Events,Marketing,de,Digital Marketing Manager and Events
1257,Dipl. Marketingmanagerin,Marketing,it,Dipl. Marketingmanagerin
1258,Directeur BU Marketing Digital,Marketing,tr,Digital Marketing BU Director
1259,Directeur Commercial & Marketing,Marketing,fr,Director of Sales & Marketing
1260,Directeur Commercial et Marketing National,Marketing,fr,National Sales and Marketing Director
1261,Directeur Communication externe,Marketing,en,Directeur Communication externe
1262,Directeur Communication-Marketing-RSE,Marketing,fr,Director of Communication-Marketing-RSE
1263,Directeur Marketing,Marketing,en,Directeur Marketing
1264,Directeur Marketing & Communication,Marketing,en,Directeur Marketing & Communication
1265,Directeur Marketing & Digital Nexity,Marketing,en,Directeur Marketing & Digital Nexity
1266,Directeur Marketing & Innovation,Marketing,en,Directeur Marketing & Innovation
1267,Directeur Marketing & Sales Enablement@Computacenter,Marketing,fr,Director of Marketing & Sales EnablementComputacenter
1268,Directeur Marketing & services commerciaux,Marketing,fr,Director of Marketing & Sales Services
1269,Directeur Marketing Achats,Marketing,en,Directeur Marketing Achats
1270,Directeur Marketing Bouyer Leroux,Marketing,fr,Marketing Director Bouyer Leroux
1271,Directeur Marketing et Achats,Marketing,fr,Director of Marketing and Purchasing
1272,Directeur Marketing et Communication,Marketing,fr,Director of Marketing and Communication
1273,Directeur Marketing France - Benelux,Marketing,nl,Marketing Director France - Benelux
1274,Directeur Sales & Marketing ESI France,Marketing,fr,Sales & Marketing Manager ESI France
1275,Directrice Adjointe Ventes & Marketing,Marketing,it,Deputy Director Sales & Marketing
1276,Directrice Communication & Marketing,Marketing,en,Directrice Communication & Marketing
1277,Directrice Communication et Marketing,Marketing,en,Directrice Communication et Marketing
1278,Directrice Communication interne Groupe SUEZ,Marketing,nl,Internal Communications Director SUEZ Group
1279,Directrice Marketing,Marketing,en,Directrice Marketing
1280,Directrice Marketing - ADV,Marketing,en,Directrice Marketing - ADV
1281,Directrice Marketing & Communication,Marketing,en,Directrice Marketing & Communication
1282,Directrice Marketing & Communication | ZEISS Meditec France,Marketing,it,Directrice Marketing & Communication | ZEISS Meditec France
1283,Directrice Marketing & CRM,Marketing,en,Directrice Marketing & CRM
1284,Directrice Marketing Communication,Marketing,en,Directrice Marketing Communication
1285,Directrice Marketing et Ecommerce,Marketing,fr,Director of Marketing and Ecommerce
1286,Directrice Marketing et Responsable Grands Comptes,Marketing,fr,Marketing Director and Account Manager
1287,Directrice Marketing Opérationnel chez Argel,Marketing,fr,Director of Operational Marketing at Argel
1288,Direkt Marketing Specialist,Marketing,de,Direct Marketing Specialist
1289,Direktor Marketing,Marketing,ur,Director Marketing
1290,Direktor Marketing / Kommunikation,Marketing,de,Director Marketing / Communication
1291,Direktor Marketing international,Marketing,ur,Direktor Marketing international
1292,Direktor Marketing und Vertrieb,Marketing,de,Director Marketing and Sales
1293,Direktor Produktmanagement und Marketing,Marketing,de,Director Product Management and Marketing
1294,Direktor Sales & Marketing,Marketing,ur,Director Sales & Marketing
1295,Direktor Stabstelle: Marketing und Vertrieb / Projekte & Prozesse,Marketing,de,Director: Marketing and Sales / Projects & Processes
1296,Direktor Verkauf & Marketing,Marketing,de,Director Sales & Marketing
1297,Direktor Vertrieb & Marketing,Marketing,de,Director Sales & Marketing
1298,Direktor Vertrieb und Marketing,Marketing,de,Director Sales and Marketing
1299,Direktorin Marketing & PR,Marketing,tr,Director of Marketing & PR
1300,Direktorin Marketing & Sales,Marketing,de,Director Marketing & Sales
1301,Dualstudentin / Marketing,Marketing,en,Dualstudentin / Marketing
1302,Dynamics 365 Berater (Messe Kontakt),Marketing,de,Dynamics 365 Consultant (trade fair contact)
1303,eCommerce & Digital Marketing Lead - Keysight Global Marketing,Marketing,en,eCommerce & Digital Marketing Lead - Keysight Global Marketing
1304,Einkauf + Messe,Marketing,de,Purchasing + trade fair
1305,Einkäuferin/ Marketing,Marketing,de,Purchaser/marketing
1306,EMEA Digital Marketing Specialist,Marketing,en,EMEA Digital Marketing Specialist
1307,EMEA Field Marketing,Marketing,pt,EMEA Field Marketing
1308,EMEA Marketing Communications Specialist,Marketing,en,EMEA Marketing Communications Specialist
1309,Empfang/ Marketing,Marketing,ur,Reception/Marketing
1310,Entwicklungs- & Projektmanager (Messe Kontakt),Marketing,de,Development & Project Manager (Trade Fair Contact)
1311,EU Marketing and Communications,Marketing,en,EU Marketing and Communications
1312,Europe Regional Marketing Leader | EMERSON Machine Automation Solutions,Marketing,en,Europe Regional Marketing Leader | EMERSON Machine Automation Solutions
1313,European Marketing Coordinator,Marketing,en,European Marketing Coordinator
1314,European Marketing Specialist,Marketing,en,European Marketing Specialist
1315,Event & Marketing Communications Coordinator,Marketing,en,Event & Marketing Communications Coordinator
1316,Event and Communication manager,Marketing,en,Event and Communication manager
1317,Event Marketing Coordinator,Marketing,en,Event Marketing Coordinator
1318,Event Marketing Specialist,Marketing,en,Event Marketing Specialist
1319,Event Marketing/PR,Marketing,hi,Event Marketing/PR
1320,Eventmanagement Partnership Marketing Automotive Original Equipment,Marketing,en,Eventmanagement Partnership Marketing Automotive Original Equipment
1321,Eventmanagement und Marketingkommunikation im Bereich Marketing & Vertrieb,Marketing,de,Event management and marketing communication in the area of marketing & sales
1322,Eventmanagerin (Messe Kontakt),Marketing,de,Event manager (trade fair contact)
1323,Event-Marketing-Mangerin,Marketing,en,Event-Marketing-Mangerin
1324,Event-Marketing-Spezialist,Marketing,pt,Event Marketing Specialist
1325,Events & Field Marketing,Marketing,en,Events & Field Marketing
1326,Events & Marketing Communication Services,Marketing,en,Events & Marketing Communication Services
1327,Events and Marketing Coordinator,Marketing,en,Events and Marketing Coordinator
1328,Events and Online Marketing,Marketing,en,Events and Online Marketing
1329,Exhibition & Event Marketing,Marketing,en,Exhibition & Event Marketing
1330,Exhibitions & Events - Global Marketing,Marketing,en,Exhibitions & Events - Global Marketing
1331,Experienced Marketing Professional,Marketing,en,Experienced Marketing Professional
1332,Expert Internal Sales & Marketing,Marketing,en,Expert Internal Sales & Marketing
1333,Expert IT Consultant SAP Marketing,Marketing,en,Expert IT Consultant SAP Marketing
1334,Experte Marketing / Sales,Marketing,en,Experte Marketing / Sales
1335,Expertin Marketing und Kommunikation,Marketing,de,Expert in Marketing and Communication
1336,Export / Communication,Marketing,en,Export / Communication
1337,Exportvertrieb/Marketing/Werbung Werkzeuge,Marketing,de,Export sales/marketing/advertising tools
1338,Fachfrau Corporate Communications,Marketing,de,Professional Corporate Communications
1339,Fachkauffrau für Marketing und Geprüfter Grafikdesigner,Marketing,de,Specialist for Marketing and Verified Graphic Designer
1340,Fachkaufmann Marketing,Marketing,de,Marketing
1341,Fachkonzeptionist Marketing & Kommunikation,Marketing,de,Technical Conceptionist Marketing & Communication
1342,Fachkraft für Marketing,Marketing,de,Specialist for Marketing
1343,Fachkraft Marketing und Vertrieb,Marketing,de,Specialist Marketing and Sales
1344,Fachperson Marketing/Kommunikation/Design und Werbung/Personal (HR),Marketing,de,Specialist Marketing/Communication/Design and Advertising/Personnel (HR)
1345,Fachreferent Marketing Bereich Technik,Marketing,de,Specialist Marketing Department Technology
1346,Fachreferentin Marketing,Marketing,de,Specialist Marketing
1347,Fachreferentin Marketing & Kommunikation,Marketing,de,Specialist Marketing & Communication
1348,Fachspezialist Marketing-Kommunikation/Event-Marketing,Marketing,de,Specialist Marketing Communication/Event Marketing
1349,Fachteamlead Event Marketing & Standortmanager,Marketing,de,Teamlead Event Marketing & Location Manager
1350,Fachwirt für Marketing,Marketing,de,Specialist in Marketing
1351,Field Marketing Central (Messe Kontakt),Marketing,ur,Field Marketing Central (Exhibition Contact)
1352,Field Marketing Coordinator DACH,Marketing,en,Field Marketing Coordinator DACH
1353,Field Marketing Lead DACH,Marketing,hi,Field Marketing Lead DACH
1354,Field Marketing Specialist,Marketing,en,Field Marketing Specialist
1355,Forscher (Messe Kontakt),Marketing,de,Researchers (trade fair contact)
1356,Forschung (Messe Kontakt),Marketing,de,Research (trade fair contact)
1357,Frau des GF / Marketing,Marketing,fr,Frau des GF / Marketing
1358,Freelancer | Marketing & Unternehmenskommunikation,Marketing,de,"Freelancer, Marketing & Corporate Communications"
1359,Generalbevollmächtigter (Vertrieb und Marketing),Marketing,de,Plenipotentiary-General (Sales and Marketing)
1360,Geschäftaführer (Messe Kontakt),Marketing,de,Business manager (trade fair contact)
1361,Geschäftsentwicklung  - Marketing & Verkauf global,Marketing,de,Business Development - Marketing & Sales Global
1362,Geschäftsentwicklung & Marketing / Business Development & Marketing,Marketing,de,Business Development & Marketing / Business Development & Marketing
1363,Gestalter für visuelles Marketing,Marketing,de,Designer for visual marketing
1364,Gestionnaire de base de données Marketing,Marketing,fr,Database Manager Marketing
1365,Global Brand & Marketing,Marketing,en,Global Brand & Marketing
1366,Global Communications Leader,Marketing,en,Global Communications Leader
1367,Global CRM & Marketing Coordinator,Marketing,en,Global CRM & Marketing Coordinator
1368,Global Digital Marketing Coordinator,Marketing,en,Global Digital Marketing Coordinator
1369,Global Lead Business Development & Marketing,Marketing,en,Global Lead Business Development & Marketing
1370,Global Marketing,Marketing,en,Global Marketing
1371,Global Marketing Coordinator,Marketing,en,Global Marketing Coordinator
1372,Global Marketing Operations & Marketing Data Steward,Marketing,en,Global Marketing Operations & Marketing Data Steward
1373,Global Marketing Services,Marketing,en,Global Marketing Services
1374,Global Marketing Specialist,Marketing,en,Global Marketing Specialist
1375,Global Markets Lead - Data Driven Marketing,Marketing,en,Global Markets Lead - Data Driven Marketing
1376,Global Sales & Marketing Coordinator,Marketing,en,Global Sales & Marketing Coordinator
1377,Global Sales & Marketing Projectmanager,Marketing,en,Global Sales & Marketing Projectmanager
1378,Google Marketing DACH,Marketing,hi,Google Marketing DACH
1379,Grafik Design / Marketing,Marketing,hi,Graphic Design / Marketing
1380,Grafik und Marketing,Marketing,de,Graphics and Marketing
1381,Grafik-Design / Marketing,Marketing,hi,Graphic Design / Marketing
1382,Grafikdesignerin Marketingmitarbeiterin Kommunikationsmedien,Marketing,de,Graphic designer Marketing employee Communication media
1383,Graphic Design / Marketing,Marketing,en,Graphic Design / Marketing
1384,Group Advisor Marketing & Operations,Marketing,en,Group Advisor Marketing & Operations
1385,Group Communications Specialist,Marketing,en,Group Communications Specialist
1386,Group Leader Corporate Marketing - Trade fairs,Marketing,en,Group Leader Corporate Marketing - Trade fairs
1387,Group Marketing,Marketing,en,Group Marketing
1388,Group Marketing & Corporate Communications,Marketing,en,Group Marketing & Corporate Communications
1389,Group Marketing | Events & Exhibitions Expert,Marketing,en,Group Marketing | Events & Exhibitions Expert
1390,Grouphead Content Marketing,Marketing,en,Grouphead Content Marketing
1391,Gründer/Marketing,Marketing,de,Founders/Marketing
1392,Hauptabteilung Kommunikation,Marketing,de,Communication Department
1393,Hauptverantwortliche Marketing,Marketing,de,Mainly responsible marketing
1394,Höch Marketing,Marketing,hi,Höch Marketing
1395,HR & Marketing,Marketing,en,HR & Marketing
1396,HR Coordinator Marketing & Communication,Marketing,en,HR Coordinator Marketing & Communication
1397,I ❤️ Online Marketing,Marketing,en,I ❤️ Online Marketing
1398,IBM Europe Event Marketing,Marketing,en,IBM Europe Event Marketing
1399,Industrie 4.0 Lead (Messe Kontakt),Marketing,ur,Industry 4.0 Lead (trade fair contact)
1400,Industriekaufmann - Marketing,Marketing,de,Industrial Salesman - Marketing
1401,Infrastructure & Datacenter Solutions - Marketing & Vertrieb,Marketing,de,Infrastructure & Datacenter Solutions - Marketing & Sales
1402,Ingénieur Commercial / Marketing,Marketing,fr,Commercial / Marketing Engineer
1403,Inhaber (Messe Kontakt),Marketing,de,Owner (trade fair contact)
1404,Inhaberin (Messe Kontakt),Marketing,de,Owner (trade fair contact)
1405,Inhouse Consulting: Marketing/Kommunikation,Marketing,en,Inhouse Consulting: Marketing/Kommunikation
1406,Innendienst / Marketing & Organisation,Marketing,de,Internal Service / Marketing & Organisation
1407,Innovation Marketing,Marketing,en,Innovation Marketing
1408,Inside Sales & Marketing,Marketing,en,Inside Sales & Marketing
1409,Inside Sales & Marketing Engineer,Marketing,en,Inside Sales & Marketing Engineer
1410,Inside Sales / Marketing,Marketing,en,Inside Sales / Marketing
1411,Inside Sales and Marketing Associate,Marketing,en,Inside Sales and Marketing Associate
1412,Integrated Marketing Specialist,Marketing,en,Integrated Marketing Specialist
1413,Integrierte Kommunikation,Marketing,de,Integrated communication
1414,Interaktiv-Entwickler Marketing,Marketing,de,Interactive Developer Marketing
1415,Interims Marketing,Marketing,en,Interims Marketing
1416,Intern Marketing,Marketing,en,Intern Marketing
1417,Internal and External Communications,Marketing,en,Internal and External Communications
1418,Internal Sales & Marketing Coordinator,Marketing,en,Internal Sales & Marketing Coordinator
1419,International Business Development (Messe Kontakt),Marketing,ur,International Business Development (trade fair contact)
1420,International Digital Marketing Specialist,Marketing,en,International Digital Marketing Specialist
1421,International Marketing,Marketing,en,International Marketing
1422,International Marketing & Communications Intern,Marketing,en,International Marketing & Communications Intern
1423,International Marketing & Sales,Marketing,en,International Marketing & Sales
1424,International Marketing Coordinator,Marketing,en,International Marketing Coordinator
1425,International Operational Marketing,Marketing,en,International Operational Marketing
1426,International Sales & Marketing,Marketing,en,International Sales & Marketing
1427,International Sales and Digital Marketing Coordinator,Marketing,en,International Sales and Digital Marketing Coordinator
1428,Internationales Marketing / CRM,Marketing,en,Internationales Marketing / CRM
1429,Interne Schulungen und Kommunikation,Marketing,de,Internal training and communication
1430,IT / Administration / Kommunikation,Marketing,de,IT / Administration / Communication
1431,IT BRM Sales & Marketing,Marketing,en,IT BRM Sales & Marketing
1432,IT Business Analyst für HR Marketing & Recruiting,Marketing,de,IT Business Analyst for HR Marketing & Recruiting
1433,IT Technical Writer/Marketing,Marketing,nl,IT Technical Writer/Marketing
1434,IT-Administrator / Marketing,Marketing,tr,IT-Administrator / Marketing
1435,Kampagnenmanagerin Marketing & Communication,Marketing,de,Campaign Manager Marketing & Communication
1436,Kauffrau für Marketing Kommunikation,Marketing,de,Businesswoman for Marketing Communication
1437,Kauffrau für Marketingkommunikation,Marketing,de,Businesswoman for Marketing Communication
1438,Kaufmann für Marketingkommunikation,Marketing,de,Merchant for Marketing Communication
1439,Kaufmännische Angestellte  & Online / Social Media Marketing,Marketing,de,Commercial Employees & Online / Social Media Marketing
1440,Kaufmännische Angestellte im Bereich Marketing,Marketing,de,Commercial employees in marketing
1441,Kaufmännische Mitarbeiterin/ Marketing,Marketing,de,Commercial employee/marketing
1442,Keysight Global Marketing | Network Applications and Security Marketing EMEA,Marketing,en,Keysight Global Marketing | Network Applications and Security Marketing EMEA
1443,Kfm. Angestellte im Marketing,Marketing,de,Kfm. Employees in Marketing
1444,Kommunikation,Marketing,ur,Communication
1445,Kommunikation & Eventmanagement,Marketing,de,Communication & Event Management
1446,Kommunikation & Marketing,Marketing,de,Communication & Marketing
1447,Kommunikation & Marketing | Social Media,Marketing,de,Communication & Marketing -- Social Media
1448,Kommunikation & Veranstaltungen,Marketing,de,Communication & Events
1449,Kommunikation (Messe Kontakt),Marketing,de,Communication (trade fair contact)
1450,Kommunikation / Marketing,Marketing,de,Communication / Marketing
1451,Kommunikation + Marketing / PR & Events,Marketing,de,Communication + Marketing / PR & Events
1452,Kommunikation Kunststoff-Cluster,Marketing,de,Communication Plastic Clusters
1453,Kommunikation und Eventmanagement,Marketing,de,Communication and Event Management
1454,Kommunikation und Marketing,Marketing,de,Communication and Marketing
1455,Kommunikation/Marketing,Marketing,de,Communication/Marketing
1456,Kommunikation/Marketing/Design,Marketing,de,Communication/Marketing/Design
1457,Kommunikations- und Medienmanagement,Marketing,de,Communication and Media Management
1458,Kommunikations-/ Marketingspezialist,Marketing,nl,Communications/Marketing Specialist
1459,Kommunikationsdesign,Marketing,de,Communication design
1460,Kommunikationsgestalterin,Marketing,de,Communication designer
1461,Kommunikationsmanager,Marketing,de,Communication Manager
1462,Kommunikationsmanagerin,Marketing,de,Communication Manager
1463,Kommunikationsplanerin,Marketing,de,Communication planner
1464,Koordination Vertrieb & Marketing,Marketing,de,Coordination Sales & Marketing
1465,Koordinator Messen und Ausstellungen,Marketing,de,Coordinator Fairs and Exhibitions
1466,Koordinatorin im Marketing und Vertrieb,Marketing,de,Marketing and Sales Coordinator
1467,Koordinatorin Marketing & Events,Marketing,it,Koordinatorin Marketing & Events
1468,Kundenberater (Werbung/Marketing/PR),Marketing,de,Customer consultant (advertising/marketing/PR)
1469,Kundenberaterin Marketing,Marketing,de,Customer consultant Marketing
1470,Kundenmanagement/ Marketing/ E-Commerce,Marketing,en,Kundenmanagement/ Marketing/ E-Commerce
1471,Kundenservice / Marketing & Öffentlichkeitsarbeit,Marketing,de,Customer Service / Marketing & Public Relations
1472,Kundenservice/Marketing/Events,Marketing,en,Kundenservice/Marketing/Events
1473,Kundensupport/Marketing,Marketing,en,Kundensupport/Marketing
1474,Lead Corporate Communication,Marketing,en,Lead Corporate Communication
1475,Lead Marketing & Business Development,Marketing,en,Lead Marketing & Business Development
1476,Lead Marketing Consultant,Marketing,en,Lead Marketing Consultant
1477,Lead Marketing D-A-CH & BENELUX,Marketing,it,Lead Marketing D-A-CH & BENELUX
1478,Leader Marketing Corporate Communications,Marketing,en,Leader Marketing Corporate Communications
1479,Leadtracking/Messe/Marketing,Marketing,en,Leadtracking/Messe/Marketing
1480,Lt. Marketing & PR,Marketing,hi,Lt. Marketing & PR
1481,Lt. Vertrieb/Marketing,Marketing,de,Lt. Sales/Marketing
1482,Makreting/ Messen,Marketing,de,Makreting/Measurement
1483,MarCom Spezialist EMEA / Marketing / Werbung / PR,Marketing,de,MarCom Specialist EMEA / Marketing / Advertising / PR
1484,Markenmanagement & Messen,Marketing,nl,Brand management & trade fairs
1485,Market Communication,Marketing,en,Market Communication
1486,Marketing,Marketing,en,Marketing
1487,Marketing  ..  Kreativbüro  ..  PR ..,Marketing,hi,Marketing .. creative office .. PR ..
1488,Marketing  Communication,Marketing,en,Marketing  Communication
1489,Marketing - CRM Support und Training,Marketing,de,Marketing - CRM Support and Training
1490,Marketing - Displays & Embedded,Marketing,en,Marketing - Displays & Embedded
1491,Marketing - Event / Internet,Marketing,ur,Marketing - Event / Internet
1492,Marketing - Internationales Messemanagement,Marketing,de,Marketing - International trade fair management
1493,Marketing - Medien Gestaltung,Marketing,de,Marketing - Media Design
1494,Marketing - Messen & Events,Marketing,nl,Marketing - trade fairs & events
1495,Marketing - Messen und Events,Marketing,de,Marketing - Fairs and Events
1496,Marketing - Partnerkommunikation,Marketing,de,Marketing - Partner communication
1497,Marketing - snapADDY AP,Marketing,hi,Marketing - snapADDY AP
1498,Marketing - Werbung - Medien,Marketing,de,Marketing - Advertising - Media
1499,Marketing - Zielgruppen- und Direktmarketing,Marketing,de,Marketing - Target group and direct marketing
1500,Marketing & Administration,Marketing,en,Marketing & Administration
1501,Marketing & Akquise,Marketing,nl,Marketing & Acquisition
1502,Marketing & Anlagenanbindung,Marketing,de,Marketing & Plant Connection
1503,Marketing & Art Direction,Marketing,en,Marketing & Art Direction
1504,Marketing & Assistenz der GF,Marketing,de,Marketing & Assistance of the GF
1505,Marketing & Business Development,Marketing,en,Marketing & Business Development
1506,Marketing & Business Development (Messe Kontakt),Marketing,de,Marketing & Business Development (Trade Fair Contact)
1507,Marketing & Business Development Specialist,Marketing,en,Marketing & Business Development Specialist
1508,Marketing & Business Improvement,Marketing,en,Marketing & Business Improvement
1509,Marketing & Communication,Marketing,en,Marketing & Communication
1510,Marketing & Communication | Internal Communications Professional,Marketing,en,Marketing & Communication | Internal Communications Professional
1511,Marketing & Communication Automation,Marketing,en,Marketing & Communication Automation
1512,Marketing & Communication BU Connectors,Marketing,en,Marketing & Communication BU Connectors
1513,Marketing & Communication Expert,Marketing,en,Marketing & Communication Expert
1514,Marketing & Communication Officer,Marketing,en,Marketing & Communication Officer
1515,Marketing & Communication Specialist,Marketing,en,Marketing & Communication Specialist
1516,Marketing & Communications,Marketing,en,Marketing & Communications
1517,Marketing & Communications / Digital Marketing & PR,Marketing,en,Marketing & Communications / Digital Marketing & PR
1518,Marketing & Communications | Europe Central,Marketing,en,Marketing & Communications | Europe Central
1519,Marketing & Communications DACH,Marketing,de,Marketing & Communications DACH
1520,Marketing & Communications Electrification Products,Marketing,en,Marketing & Communications Electrification Products
1521,Marketing & Communications Expert,Marketing,en,Marketing & Communications Expert
1522,Marketing & Communications Microgrids Solutions,Marketing,en,Marketing & Communications Microgrids Solutions
1523,Marketing & Communications Professional,Marketing,en,Marketing & Communications Professional
1524,Marketing & Communications Specialist,Marketing,en,Marketing & Communications Specialist
1525,Marketing & Corporate Communication,Marketing,en,Marketing & Corporate Communication
1526,Marketing & Corporate Communications,Marketing,en,Marketing & Corporate Communications
1527,Marketing & CRM Coordinator,Marketing,en,Marketing & CRM Coordinator
1528,Marketing & CRM Coordinator EMEA,Marketing,pt,Marketing & CRM Coordinator EMEA
1529,Marketing & Customer Service,Marketing,en,Marketing & Customer Service
1530,Marketing & Design,Marketing,en,Marketing & Design
1531,Marketing & Design Specialist,Marketing,en,Marketing & Design Specialist
1532,Marketing & Digital Officer - Transition numérique,Marketing,fr,Marketing & Digital Officer - Digital Transition
1533,Marketing & Digital Sales,Marketing,en,Marketing & Digital Sales
1534,Marketing & Event Coordinator,Marketing,en,Marketing & Event Coordinator
1535,Marketing & Event Coördinator Europe,Marketing,nl,Marketing & Event Coördinator Europe
1536,Marketing & Event Specialist,Marketing,en,Marketing & Event Specialist
1537,Marketing & Eventmanagement,Marketing,en,Marketing & Eventmanagement
1538,Marketing & Eventmanagement Financial Markets/International Business,Marketing,en,Marketing & Eventmanagement Financial Markets/International Business
1539,Marketing & Events Coordinator,Marketing,en,Marketing & Events Coordinator
1540,Marketing & GF Assistenz,Marketing,de,Marketing & GF Assistant
1541,Marketing & Innovation Specialist,Marketing,en,Marketing & Innovation Specialist
1542,Marketing & Kommunikation,Marketing,de,Marketing & Communication
1543,Marketing- & Kommunikationsberaterin,Marketing,de,Marketing & Communication Consultant
1544,Marketing & Kommunikationsberatung,Marketing,de,Marketing & Communication Consulting
1545,Marketing & Logistics,Marketing,en,Marketing & Logistics
1546,Marketing & Öffentlichkeitsarbeit,Marketing,de,Marketing & Public Relations
1547,Marketing & Online Redaktion,Marketing,de,Marketing & Online Editorial
1548,Marketing & Operations,Marketing,en,Marketing & Operations
1549,Marketing & PMO,Marketing,hi,Marketing & PMO
1550,Marketing & PR,Marketing,en,Marketing & PR
1551,Marketing & PR Assistenz,Marketing,de,Marketing & PR assistance
1552,Marketing & PR Professional,Marketing,en,Marketing & PR Professional
1553,Marketing & Pre-Sales,Marketing,en,Marketing & Pre-Sales
1554,Marketing- & Produktmanager,Marketing,de,Marketing & Product Manager
1555,Marketing & Projektmanagement,Marketing,en,Marketing & Projektmanagement
1556,Marketing & Projektmanagement Events,Marketing,en,Marketing & Projektmanagement Events
1557,Marketing & Public Relations,Marketing,en,Marketing & Public Relations
1558,Marketing & Ressourcenmanagement,Marketing,de,Marketing & Resource Management
1559,Marketing & Sales,Marketing,en,Marketing & Sales
1560,Marketing & Sales - International Business Development,Marketing,en,Marketing & Sales - International Business Development
1561,Marketing & Sales (extern),Marketing,en,Marketing & Sales (extern)
1562,Marketing & Sales Administration,Marketing,en,Marketing & Sales Administration
1563,Marketing & Sales Controller,Marketing,en,Marketing & Sales Controller
1564,Marketing & Sales Coordination,Marketing,en,Marketing & Sales Coordination
1565,Marketing & Sales Coordinator,Marketing,en,Marketing & Sales Coordinator
1566,Marketing & Sales Development,Marketing,en,Marketing & Sales Development
1567,Marketing & Sales Direktor,Marketing,ur,Marketing & Sales Director
1568,Marketing & Sales Germany,Marketing,en,Marketing & Sales Germany
1569,Marketing & Sales Solutions,Marketing,en,Marketing & Sales Solutions
1570,Marketing & Sales Support,Marketing,en,Marketing & Sales Support
1571,Marketing & Social Media,Marketing,en,Marketing & Social Media
1572,Marketing & Strategy,Marketing,en,Marketing & Strategy
1573,Marketing & Support,Marketing,en,Marketing & Support
1574,Marketing & Technical Service,Marketing,en,Marketing & Technical Service
1575,Marketing & Technik,Marketing,de,Marketing & Technology
1576,Marketing & Unternehmenskommunikation,Marketing,de,Marketing & Corporate Communications
1577,Marketing- & Unternehmenskommunikation,Marketing,de,Marketing & Corporate Communications
1578,Marketing & Verkauf,Marketing,de,Marketing & Sales
1579,Marketing & Vertrieb,Marketing,de,Marketing & Sales
1580,Marketing & Vertrieb & Prozesse,Marketing,de,Marketing & Sales & Processes
1581,Marketing & Vertrieb (Messe Kontakt),Marketing,de,Marketing & Sales (trade fair contact)
1582,Marketing & Vertrieb Koordinator - Automotive,Marketing,de,Marketing & Sales Coordinator - Automotive
1583,Marketing & Vertriebs Assistentin,Marketing,de,Marketing & Sales Assistant
1584,Marketing & Vertriebsassistenz,Marketing,de,Marketing & Sales Assistance
1585,Marketing & Vertriebscontrolling,Marketing,de,Marketing & Sales controlling
1586,Marketing & Vertriebskoordinatorin,Marketing,de,Marketing & Sales Coordinator
1587,Marketing & Web Expert,Marketing,en,Marketing & Web Expert
1588,Marketing &Sales,Marketing,en,Marketing &Sales
1589,Marketing (Messe Kontakt),Marketing,ur,Marketing (Exhibition Contact)
1590,Marketing (Messe Kontakte),Marketing,de,Marketing (trade fair contacts)
1591,Marketing (Stammdaten / Kontakte),Marketing,de,Marketing (master data / contacts)
1592,Marketing / B2B,Marketing,hi,Marketing / B2B
1593,Marketing / Brand Communications,Marketing,en,Marketing / Brand Communications
1594,Marketing / Communication,Marketing,en,Marketing / Communication
1595,Marketing / Communications,Marketing,en,Marketing / Communications
1596,Marketing / Corporate Communications,Marketing,en,Marketing / Corporate Communications
1597,Marketing / CRM,Marketing,en,Marketing / CRM
1598,Marketing / Digitales Marketing und Produktkomm...,Marketing,de,Marketing / Digital Marketing and Product Comm...
1599,Marketing / eBusiness,Marketing,pt,Marketing / eBusiness
1600,Marketing / Eventmanagement,Marketing,en,Marketing / Eventmanagement
1601,Marketing / Events,Marketing,en,Marketing / Events
1602,Marketing / Grafik,Marketing,ur,Marketing / Graphics
1603,Marketing / Grafikdesign,Marketing,ur,Marketing / Graphic Design
1604,Marketing / Kommunikation,Marketing,de,Marketing / Communication
1605,Marketing / Marketing / Werbung / PR,Marketing,de,Marketing / Marketing / Advertising / PR
1606,Marketing / Media Designer,Marketing,en,Marketing / Media Designer
1607,Marketing / Messe,Marketing,de,Marketing / Fair
1608,Marketing / Messe Kontakt,Marketing,de,Marketing / Fair Contact
1609,Marketing / Messe- und Veranstaltungen,Marketing,de,Marketing / trade fair and events
1610,Marketing / Messen & Events,Marketing,de,Marketing / Fairs & Events
1611,Marketing / Messeorganisation,Marketing,de,Marketing / trade fair organization
1612,Marketing / Messeperson,Marketing,de,Marketing / Trade Fairperson
1613,Marketing / Messeplanung,Marketing,de,Marketing / trade fair planning
1614,Marketing / Öffentlichkeitsarbeit,Marketing,de,Marketing / Public relations
1615,Marketing- / Partnermanager,Marketing,en,Marketing- / Partnermanager
1616,Marketing / PR,Marketing,hi,Marketing/PR
1617,Marketing / PR / Kommunikation,Marketing,de,Marketing / PR / Communication
1618,Marketing / Presse,Marketing,de,Marketing / Press
1619,Marketing / Presse- und Öffentlichkeitsarbeit,Marketing,de,Marketing / Press and Public Relations
1620,Marketing / Public Relations,Marketing,en,Marketing / Public Relations
1621,Marketing / Qualitätsmanagementbeauftragte,Marketing,de,Marketing / Quality Management Officer
1622,Marketing / Sales,Marketing,en,Marketing / Sales
1623,Marketing / Sales Support,Marketing,en,Marketing / Sales Support
1624,Marketing / Schwerpunkt Messeorganisation,Marketing,de,Marketing / focus on trade fair organization
1625,Marketing / Seminare,Marketing,en,Marketing / Seminare
1626,Marketing / Technical Service,Marketing,en,Marketing / Technical Service
1627,Marketing / Unternehmenskommunikation,Marketing,de,Marketing / Corporate Communications
1628,Marketing / Verkauf,Marketing,de,Marketing / sales
1629,Marketing / Verkauf Business to Business,Marketing,de,Marketing / Sales Business to Business
1630,Marketing / Vertrieb,Marketing,de,Marketing/Distribution
1631,Marketing / Vertrieb ID,Marketing,de,Marketing / Sales ID
1632,Marketing- / Vertriebsassistentin & Eventplanung,Marketing,de,Marketing / Sales Assistant & Event Planning
1633,Marketing / Vertriebsinnendienst,Marketing,de,Marketing / Internal Sales Service
1634,Marketing / Vertriebsmanagement,Marketing,de,Marketing / Sales Management
1635,Marketing / Werbung,Marketing,de,Marketing / Advertising
1636,Marketing / Werbung / PR,Marketing,de,Marketing / Advertising / PR
1637,Marketing /Produktmanagement & Sales,Marketing,en,Marketing /Produktmanagement & Sales
1638,Marketing /Produktmanagement / Prokura,Marketing,ur,Marketing / product management / procuration
1639,Marketing | Grafik,Marketing,hi,Marketing | Graphics
1640,Marketing | Mediengestalter,Marketing,de,Marketing and Media Designers
1641,Marketing | Strategy | Communication | SIEPLO B.V.,Marketing,hi,Marketing | Strategy | Communication | SIEPLO B.V.
1642,Marketing | Veranstaltungsmanagement,Marketing,de,Marketing and event management
1643,Marketing | Verkauf,Marketing,hi,Marketing | sale
1644,Marketing- | Vertriebsmanagement,Marketing,de,Marketing---- Sales management
1645,Marketing | Werbung | Kommunikation,Marketing,hi,Marketing | Advertising | communication
1646,Marketing + Kommunikation,Marketing,de,Marketing + Communication
1647,Marketing Abteilung,Marketing,de,Marketing Department
1648,Marketing Account,Marketing,en,Marketing Account
1649,Marketing Administrator,Marketing,hi,Marketing Administrator
1650,Marketing Advisor,Marketing,en,Marketing Advisor
1651,Marketing Allrounder,Marketing,en,Marketing Allrounder
1652,Marketing Analyst,Marketing,en,Marketing Analyst
1653,Marketing Analyst & Internal Communication Leader,Marketing,en,Marketing Analyst & Internal Communication Leader
1654,Marketing Analytics Coordinator Cegeka,Marketing,hi,Marketing Analytics Coordinator Cegeka
1655,Marketing Analytics Specialist,Marketing,en,Marketing Analytics Specialist
1656,Marketing and Business Coordinator Germany,Marketing,en,Marketing and Business Coordinator Germany
1657,Marketing and Communication,Marketing,en,Marketing and Communication
1658,Marketing and Communications,Marketing,en,Marketing and Communications
1659,Marketing and Communications Coordinator,Marketing,en,Marketing and Communications Coordinator
1660,Marketing and Communications Specialist,Marketing,en,Marketing and Communications Specialist
1661,Marketing- and Congressorganisation,Marketing,en,Marketing- and Congressorganisation
1662,Marketing and Event Specialist,Marketing,en,Marketing and Event Specialist
1663,Marketing and intern Sales,Marketing,en,Marketing and intern Sales
1664,Marketing and International Sales,Marketing,en,Marketing and International Sales
1665,Marketing and management consultant,Marketing,en,Marketing and management consultant
1666,Marketing and PR Advisor,Marketing,en,Marketing and PR Advisor
1667,Marketing and Public Relations,Marketing,en,Marketing and Public Relations
1668,Marketing and Sales,Marketing,en,Marketing and Sales
1669,Marketing and Sales Coordinator,Marketing,en,Marketing and Sales Coordinator
1670,Marketing and Sales Excellence,Marketing,en,Marketing and Sales Excellence
1671,Marketing and Sales Officer,Marketing,en,Marketing and Sales Officer
1672,Marketing and Sales Representative,Marketing,en,Marketing and Sales Representative
1673,Marketing and Sales Support,Marketing,en,Marketing and Sales Support
1674,Marketing and Technical Sales Coordinator,Marketing,en,Marketing and Technical Sales Coordinator
1675,Marketing Assistent,Marketing,ur,Marketing Assistent
1676,Marketing Assistentin,Marketing,tr,Marketing assistant
1677,Marketing Assistentin - Dipl. Betriebswirtin (BA),Marketing,de,Marketing Assistant - Dipl. Betriebswirtin (BA)
1678,Marketing Assistenz,Marketing,de,Marketing Assistant
1679,Marketing Associate,Marketing,en,Marketing Associate
1680,Marketing Automation,Marketing,en,Marketing Automation
1681,Marketing Automation Beraterin,Marketing,tr,Marketing Automation Consultant
1682,Marketing Automation Specialist,Marketing,en,Marketing Automation Specialist
1683,Marketing Automation Specialist MEUR,Marketing,en,Marketing Automation Specialist MEUR
1684,Marketing B2B Systeme und Anwendungen,Marketing,de,Marketing B2B Systems and Applications
1685,Marketing Business Development Associate,Marketing,en,Marketing Business Development Associate
1686,Marketing Business Partner DACH,Marketing,de,Marketing Business Partner DACH
1687,Marketing Champion,Marketing,en,Marketing Champion
1688,Marketing Communication,Marketing,en,Marketing Communication
1689,Marketing Communication - Events,Marketing,en,Marketing Communication - Events
1690,Marketing Communication and Exhibitions,Marketing,en,Marketing Communication and Exhibitions
1691,Marketing Communication Coordinator,Marketing,en,Marketing Communication Coordinator
1692,Marketing Communication Coordinator und CRM Program Specialist,Marketing,de,Marketing Communication Coordinator and CRM Program Specialist
1693,Marketing Communication Engineer,Marketing,en,Marketing Communication Engineer
1694,Marketing Communication Europe,Marketing,en,Marketing Communication Europe
1695,Marketing Communication Specialist,Marketing,en,Marketing Communication Specialist
1696,Marketing Communication Specialist AMERICAS & Regulatory Affairs Latin America,Marketing,en,Marketing Communication Specialist AMERICAS & Regulatory Affairs Latin America
1697,Marketing Communication/PR,Marketing,hi,Marketing Communication/PR
1698,Marketing Communications,Marketing,en,Marketing Communications
1699,Marketing Communications (BST/MKC),Marketing,sw,Marketing Communications (BST/MKC)
1700,Marketing Communications Coordinator,Marketing,en,Marketing Communications Coordinator
1701,Marketing Communications EMEA Motion Control,Marketing,pt,Marketing Communications EMEA Motion Control
1702,Marketing Communications Product Leader - Polymer Processing Systems,Marketing,en,Marketing Communications Product Leader - Polymer Processing Systems
1703,Marketing Communications Specialist,Marketing,en,Marketing Communications Specialist
1704,Marketing Communications Specialist / Konzeption und Umsetzung,Marketing,de,Marketing Communications Specialist / Conception and implementation
1705,Marketing Communications Specialist Europe,Marketing,en,Marketing Communications Specialist Europe
1706,Marketing Communications Specialist II,Marketing,en,Marketing Communications Specialist II
1707,Marketing Communications/ Marketing Support/ CRM,Marketing,en,Marketing Communications/ Marketing Support/ CRM
1708,Marketing Communicator,Marketing,en,Marketing Communicator
1709,Marketing Consultant,Marketing,en,Marketing Consultant
1710,Marketing Consultant B2B,Marketing,en,Marketing Consultant B2B
1711,Marketing Coordination,Marketing,en,Marketing Coordination
1712,Marketing Coordinator,Marketing,en,Marketing Coordinator
1713,Marketing Coordinator Belgium,Marketing,nl,Marketing Coordinator Belgium
1714,Marketing Coordinator EMEA,Marketing,pt,Marketing Coordinator EMEA
1715,Marketing Coordinator Europe,Marketing,en,Marketing Coordinator Europe
1716,Marketing Coordinator GER/A/CH,Marketing,pt,Marketing Coordinator GER/A/CH
1717,Marketing Coordinator International,Marketing,en,Marketing Coordinator International
1718,Marketing Corporate Communications,Marketing,en,Marketing Corporate Communications
1719,Marketing CRM,Marketing,en,Marketing CRM
1720,Marketing DACH,Marketing,hi,Marketing DACH
1721,Marketing DACH / Administration DE,Marketing,hi,Marketing DACH / Administration DE
1722,Marketing Data Analyst,Marketing,en,Marketing Data Analyst
1723,Marketing digital,Marketing,tr,Marketing digital
1724,Marketing digital & Comunicación,Marketing,es,Digital Marketing & Communication
1725,Marketing digital et communication externe,Marketing,fr,Digital marketing and external communication
1726,Marketing Direktor,Marketing,hi,Marketing Director
1727,Marketing Direktor Deutschland,Marketing,de,Marketing Director Germany
1728,Marketing Division,Marketing,en,Marketing Division
1729,Marketing Employee,Marketing,sw,Marketing Employee
1730,Marketing Energie & Telekommunikation / Strategie & Services,Marketing,nl,Marketing Energy & Telecommunications / Strategy & Services
1731,Marketing Engineer,Marketing,en,Marketing Engineer
1732,Marketing Europa,Marketing,tr,Marketing Europa
1733,Marketing Europe,Marketing,en,Marketing Europe
1734,Marketing Europe (MEMM),Marketing,en,Marketing Europe (MEMM)
1735,Marketing event and communication,Marketing,en,Marketing event and communication
1736,Marketing Event Organization,Marketing,en,Marketing Event Organization
1737,Marketing Event Specialist,Marketing,en,Marketing Event Specialist
1738,Marketing Eventmanagement,Marketing,en,Marketing Eventmanagement
1739,Marketing Events Specialist,Marketing,en,Marketing Events Specialist
1740,Marketing Expert,Marketing,en,Marketing Expert
1741,Marketing Experte / Medical Products & OEM Services,Marketing,en,Marketing Experte / Medical Products & OEM Services
1742,Marketing Fachbuch,Marketing,de,Marketing technical book
1743,Marketing Fachfrau,Marketing,de,Marketing expert
1744,Marketing Fachkraft / Fachfrau,Marketing,de,Marketing Specialist / Specialist
1745,Marketing Germany,Marketing,de,Marketing Germany
1746,Marketing I,Marketing,en,Marketing I
1747,Marketing I Corporate Communications,Marketing,en,Marketing I Corporate Communications
1748,Marketing I e-commerce Prokurist,Marketing,ur,Marketing and e-commerce Procurator
1749,Marketing Innendienst,Marketing,de,Marketing Internal services
1750,Marketing Intelligence Specialist,Marketing,en,Marketing Intelligence Specialist
1751,Marketing Intern,Marketing,en,Marketing Intern
1752,Marketing Jr. Specialist EUR,Marketing,en,Marketing Jr. Specialist EUR
1753,Marketing Kommunikaten,Marketing,hi,The Marketing Communication
1754,Marketing Kommunikation,Marketing,de,Marketing Communication
1755,Marketing Kommunikation / Dialog Kommunikation & Produktion,Marketing,de,Marketing Communication / Dialogue Communication & Production
1756,Marketing Kommunikation DACH,Marketing,de,Marketing Communication DACH
1757,Marketing Kommunikation Mitarbeiter,Marketing,de,Marketing Communication Employees
1758,Marketing Kommunikation Spezialist,Marketing,de,Marketing Communication Specialist
1759,Marketing Koordinator,Marketing,ur,Marketing Koordinator
1760,Marketing Koordinatorin,Marketing,tr,Marketing Coordinator
1761,Marketing Koordinatorin (D-A-CH),Marketing,tr,Marketing Koordinatorin (D-A-CH)
1762,Marketing manager CRM & Insights,Marketing,en,Marketing manager CRM & Insights
1763,Marketing Manger,Marketing,de,Marketing Manger
1764,Marketing Manger Zentral- und Nordeuropa,Marketing,de,Marketing Manger Central and Northern Europe
1765,Marketing Mechanical Applications,Marketing,en,Marketing Mechanical Applications
1766,Marketing Messe,Marketing,de,Marketing Fair
1767,Marketing Messe- und Projektorganisation,Marketing,de,Marketing Fair and project organization
1768,Marketing Messen & Events,Marketing,de,Marketing Fairs & Events
1769,Marketing Messen und Kommunikation,Marketing,de,Marketing Fairs and Communication
1770,Marketing Messeplanung,Marketing,de,Marketing Trade Fair Planning
1771,Marketing Mgr.,Marketing,en,Marketing Mgr.
1772,Marketing mit Schwerpunkt Eventmanagement,Marketing,de,Marketing with focus on event management
1773,Marketing Mitarbeiter,Marketing,de,Marketing staff
1774,Marketing Mitarbeiter in Karenz,Marketing,de,Marketing staff in Karenz
1775,Marketing Mitarbeiterin,Marketing,de,Marketing employee
1776,Marketing Mitarbeiterin / Messen & Veranstaltungen,Marketing,de,Marketing employee / trade fairs & events
1777,Marketing Officer,Marketing,en,Marketing Officer
1778,Marketing Opel,Marketing,pt,Marketing Opel
1779,Marketing Operation & Sale,Marketing,en,Marketing Operation & Sale
1780,Marketing operationnel,Marketing,en,Marketing operationnel
1781,Marketing opérationnel,Marketing,nl,Operational marketing
1782,Marketing Operations,Marketing,en,Marketing Operations
1783,Marketing Operations Specialist,Marketing,en,Marketing Operations Specialist
1784,Marketing Original Equipment - Lighting,Marketing,en,Marketing Original Equipment - Lighting
1785,Marketing product manager,Marketing,en,Marketing product manager
1786,Marketing Professional,Marketing,en,Marketing Professional
1787,Marketing Professional - Tradeshows and Events,Marketing,en,Marketing Professional - Tradeshows and Events
1788,Marketing professional with a strong sales background. Digital enthusiast.,Marketing,en,Marketing professional with a strong sales background. Digital enthusiast.
1789,Marketing Program Coordinator EMEA,Marketing,pt,Marketing Program Coordinator EMEA
1790,Marketing Project Coordinator,Marketing,en,Marketing Project Coordinator
1791,Marketing Project Leader,Marketing,en,Marketing Project Leader
1792,Marketing Projektkoordinatorin,Marketing,it,Marketing Project coordinator
1793,Marketing Projektmanager,Marketing,hi,Marketing Project Manager
1794,Marketing Projektmanager Photonik,Marketing,hi,Marketing Project Manager Photonics
1795,Marketing Projektmanagerin,Marketing,de,Marketing Project Manager
1796,Marketing Raiffeisen WohnBau,Marketing,de,Marketing Raiffeisen residential construction
1797,Marketing Referent,Marketing,ur,Marketing Referent
1798,Marketing Referentin,Marketing,tr,Marketing speaker
1799,Marketing Referentin Messe- & Eventorganisation,Marketing,de,Marketing Speaker Trade Fair & Event Organisation
1800,Marketing RehaTechnik,Marketing,hi,Marketing RehaTechnik
1801,Marketing Representative,Marketing,en,Marketing Representative
1802,Marketing Sales,Marketing,en,Marketing Sales
1803,Marketing Sales Controlling & Shelf Layouts Beverages,Marketing,en,Marketing Sales Controlling & Shelf Layouts Beverages
1804,Marketing salon,Marketing,tr,Marketing salon
1805,Marketing Service,Marketing,en,Marketing Service
1806,Marketing Service Assistenz,Marketing,de,Marketing service assistance
1807,Marketing Service Spezialist,Marketing,de,Marketing Service Specialist
1808,Marketing Services,Marketing,en,Marketing Services
1809,Marketing Services Consultant,Marketing,en,Marketing Services Consultant
1810,Marketing Services und Kommunikation,Marketing,de,Marketing Services and Communication
1811,Marketing Specialist,Marketing,en,Marketing Specialist
1812,Marketing Specialist - B2B Marketing,Marketing,en,Marketing Specialist - B2B Marketing
1813,Marketing Specialist - Eventmanagement,Marketing,en,Marketing Specialist - Eventmanagement
1814,Marketing Specialist - Exhibitions & Events,Marketing,en,Marketing Specialist - Exhibitions & Events
1815,Marketing Specialist - Operatives Marketing Eventmanagement,Marketing,en,Marketing Specialist - Operatives Marketing Eventmanagement
1816,Marketing Specialist - Personal Care,Marketing,en,Marketing Specialist - Personal Care
1817,Marketing Specialist - Produktmarketing,Marketing,en,Marketing Specialist - Produktmarketing
1818,Marketing Specialist & Sales Support,Marketing,en,Marketing Specialist & Sales Support
1819,Marketing Specialist (Strategisches + Operatives Marketing),Marketing,ur,Marketing Specialist (Strategic + Operational Marketing)
1820,Marketing Specialist / Global Events,Marketing,en,Marketing Specialist / Global Events
1821,Marketing Specialist at MPS Micro Precision Systems AG,Marketing,en,Marketing Specialist at MPS Micro Precision Systems AG
1822,Marketing Specialist Business Development,Marketing,en,Marketing Specialist Business Development
1823,Marketing Specialist DACH,Marketing,hi,Marketing Specialist DACH
1824,Marketing Specialist Events,Marketing,en,Marketing Specialist Events
1825,Marketing Specialist Events & B2B,Marketing,en,Marketing Specialist Events & B2B
1826,Marketing Specialist Events & Convention,Marketing,en,Marketing Specialist Events & Convention
1827,Marketing Specialist Events & Exhibitions,Marketing,en,Marketing Specialist Events & Exhibitions
1828,Marketing Specialist Events / Global Corporate Marketing,Marketing,en,Marketing Specialist Events / Global Corporate Marketing
1829,Marketing Specialist Events and Fairs,Marketing,en,Marketing Specialist Events and Fairs
1830,Marketing Specialist Events EMEA,Marketing,ur,Marketing Specialist Events EMEA
1831,Marketing Specialist Patientenkommunikation,Marketing,ur,Marketing Specialist Patientenkommunikation
1832,Marketing Spezialist,Marketing,de,Marketing Specialist
1833,Marketing Spezialist für Produkt und Event Marketing,Marketing,de,Marketing Specialist for Product and Event Marketing
1834,Marketing Spezialist Kommunikation,Marketing,de,Marketing Specialist Communication
1835,Marketing Spezialistin,Marketing,de,Marketing specialist
1836,Marketing Spezialistin Corporate Marketing,Marketing,de,Marketing Specialist Corporate Marketing
1837,Marketing Spezialistin International,Marketing,de,Marketing Specialist International
1838,Marketing Strategy,Marketing,en,Marketing Strategy
1839,Marketing Support und PR,Marketing,de,Marketing Support and PR
1840,Marketing Tartler Group,Marketing,it,Marketing Tartler Group
1841,Marketing Team Lead,Marketing,en,Marketing Team Lead
1842,Marketing Team Leader,Marketing,en,Marketing Team Leader
1843,Marketing Team Member,Marketing,en,Marketing Team Member
1844,Marketing Teamassistentin,Marketing,en,Marketing Teamassistentin
1845,Marketing Trainee,Marketing,en,Marketing Trainee
1846,Marketing und Communication,Marketing,de,Marketing and Communication
1847,Marketing und Controlling,Marketing,de,Marketing and controlling
1848,Marketing und Design,Marketing,de,Marketing and Design
1849,Marketing und Dokumentation,Marketing,de,Marketing and documentation
1850,Marketing und Event,Marketing,de,Marketing and Event
1851,Marketing und Eventmanagement,Marketing,de,Marketing and Event Management
1852,Marketing- und Eventmanagement,Marketing,de,Marketing and Event Management
1853,Marketing- und Eventmanager,Marketing,de,Marketing and Event Manager
1854,Marketing und Eventorganisation,Marketing,de,Marketing and Event Organisation
1855,Marketing und Events,Marketing,de,Marketing and Events
1856,Marketing und Internet,Marketing,de,Marketing and Internet
1857,Marketing und IT,Marketing,de,Marketing and IT
1858,Marketing und Kommunikation,Marketing,de,Marketing and communication
1859,Marketing und Kommunikation CCO,Marketing,de,Marketing and Communication CCO
1860,Marketing- und Kommunikationsexpertin,Marketing,de,Marketing and communication expert
1861,Marketing- und Kommunikationsfachfrau,Marketing,de,Marketing and communication specialist
1862,Marketing- und Kommunikationsmanager,Marketing,de,Marketing and Communication Manager
1863,Marketing- und Kommunikationsverantwortliche,Marketing,de,Marketing and communication managers
1864,Marketing und Kundenbindung - IT/Telekom-Vermarktung,Marketing,de,Marketing and customer loyalty - IT/Telekom marketing
1865,Marketing und Mediadesign,Marketing,de,Marketing and Media Design
1866,Marketing und Messemanagement,Marketing,de,Marketing and trade fair management
1867,Marketing und Öffentlichkeit,Marketing,de,Marketing and the public
1868,Marketing und Öffentlichkeitsarbeit,Marketing,de,Marketing and Public Relations
1869,Marketing und Organisation,Marketing,de,Marketing and organization
1870,Marketing und PR,Marketing,de,Marketing and PR
1871,Marketing- und PR-Experte,Marketing,de,Marketing and PR expert
1872,Marketing und Produktmanagement,Marketing,de,Marketing and product management
1873,Marketing- und Produktmanager,Marketing,de,Marketing and Product Managers
1874,Marketing- und Produktmanager Dr. Hauschka Kosmetik,Marketing,de,Marketing and Product Manager Dr. Hauschka Kosmetik
1875,Marketing- und Projektmanagerin,Marketing,de,Marketing and Project Manager
1876,Marketing und Prozessmanagement,Marketing,de,Marketing and process management
1877,Marketing und Public Relations,Marketing,de,Marketing and Public Relations
1878,Marketing und Sales,Marketing,de,Marketing and Sales
1879,Marketing und Sales Assistent,Marketing,de,Marketing and Sales Assistant
1880,Marketing und Sales Associate,Marketing,de,Marketing and Sales Associate
1881,Marketing und Social Media,Marketing,de,Marketing and Social Media
1882,Marketing und Unternehmensentwicklung,Marketing,de,Marketing and corporate development
1883,Marketing und Verkauf,Marketing,de,Marketing and sales
1884,Marketing und Vertrieb,Marketing,de,Marketing and sales
1885,Marketing- und Vertriebsassistentin,Marketing,de,Marketing and Sales Assistant
1886,Marketing- und Vertriebsassistenz,Marketing,de,Marketing and sales assistance
1887,Marketing und Vertriebskoordination,Marketing,de,Marketing and sales coordination
1888,Marketing- und Vertriebskoordination Software,Marketing,de,Marketing and sales coordination software
1889,Marketing- und Vertriebsmanagement,Marketing,de,Marketing and sales management
1890,Marketing- und Vertriebsprofi,Marketing,de,Marketing and sales professionals
1891,Marketing und Vertriebssteuerung,Marketing,de,Marketing and sales control
1892,Marketing- und Vertriebssteuerung,Marketing,de,Marketing and sales management
1893,Marketing und Vertriebsunterstützung,Marketing,de,Marketing and sales support
1894,Marketing und Vetrieb,Marketing,de,Marketing and sales
1895,Marketing und Werbung,Marketing,de,Marketing and advertising
1896,Marketing undKommunikation,Marketing,de,Marketing and communication
1897,Marketing Verantwortliche,Marketing,de,Marketing Managers
1898,Marketing- Vertrieb,Marketing,de,Marketing sales
1899,Marketing voor zakelijke dienstverleners,Marketing,nl,Marketing for business service providers
1900,Marketing Werks / Frontier Fios,Marketing,nl,Marketing Werks / Frontier Fios
1901,Marketing&Kommunikation,Marketing,hi,Marketing&Communication
1902,Marketing&PR,Marketing,hi,Marketing&PR
1903,Marketing&Sales Coordinator,Marketing,en,Marketing&Sales Coordinator
1904,Marketing(Messe Kontakt),Marketing,ur,Marketing (Exhibition Contact)
1905,Marketing/ Kommunikation,Marketing,de,Marketing/communication
1906,Marketing/ Messe,Marketing,de,Marketing/ Trade Fair
1907,Marketing/ Messen,Marketing,de,Marketing/ Fairs
1908,Marketing/ Messeplanung,Marketing,de,Marketing/trade fair planning
1909,Marketing/ PR,Marketing,en,Marketing/ PR
1910,Marketing/ Presse,Marketing,de,Marketing/ Press
1911,Marketing/ Veranstaltungsmanagement,Marketing,de,Marketing/event management
1912,Marketing/ Vertrieb,Marketing,de,Marketing/Distribution
1913,Marketing/ Vertrieb Innendienst,Marketing,de,Marketing/Sales Internal Services
1914,Marketing-/ Vertriebscontrollingassistentin,Marketing,de,Marketing/Sales Controlling Assistant
1915,Marketing/ Werbung / PR,Marketing,de,Marketing/ Advertising/PR
1916,Marketing/Event,Marketing,ur,Marketing/Event
1917,Marketing/Eventmanagement,Marketing,en,Marketing/Eventmanagement
1918,Marketing/Eventmanagement/Organisation,Marketing,en,Marketing/Eventmanagement/Organisation
1919,Marketing/Exhibition,Marketing,en,Marketing/Exhibition
1920,Marketing/Kommunikation,Marketing,hi,Marketing/Communication
1921,Marketing/Kommunikation/Digitale Medien,Marketing,de,Marketing/Communication/Digital Media
1922,Marketing/Kommunikation/Öffentlichkeitsarbeit,Marketing,de,Marketing/Communication/Public Relations
1923,Marketing-/Kommunikationsmanagerin,Marketing,hi,Marketing/Communications manager
1924,Marketing/Linemanagement,Marketing,en,Marketing/Linemanagement
1925,Marketing/Mediengestalterin,Marketing,nl,Marketing/media designer
1926,Marketing/Messe,Marketing,ur,Marketing/Messe
1927,Marketing/Messe/Kommunikation,Marketing,hi,Marketing/Trade Fairs/Communication
1928,Marketing/Messen,Marketing,de,Marketing/Measures
1929,Marketing/Messeorganistation,Marketing,de,Marketing/Exhibition
1930,Marketing/Messeplanung,Marketing,de,Marketing/trade fair planning
1931,Marketing/Messewesen,Marketing,de,Marketing/Trade Fairs
1932,Marketing/Online Marketing/PR/Events,Marketing,en,Marketing/Online Marketing/PR/Events
1933,Marketing/Operations Projektmanager,Marketing,de,Marketing/Operations Project Manager
1934,Marketing/Organisation,Marketing,en,Marketing/Organisation
1935,Marketing/PR,Marketing,hi,Marketing/PR
1936,Marketing/Produktmanagement,Marketing,de,Marketing/Product Management
1937,Marketing/Produktmanagement - Angestellter,Marketing,de,Marketing/Product Management - Employee
1938,Marketing-/Produktmanager,Marketing,en,Marketing-/Produktmanager
1939,Marketing/Public Relations,Marketing,en,Marketing/Public Relations
1940,Marketing/Sales,Marketing,en,Marketing/Sales
1941,Marketing/Service Media Sales,Marketing,en,Marketing/Service Media Sales
1942,Marketing/Social Media,Marketing,en,Marketing/Social Media
1943,Marketing/Unternehmenskommunikation/Messe,Marketing,de,Marketing/Corporate Communications/Trade Fair
1944,Marketing/Verkauf,Marketing,de,Marketing/Sale
1945,Marketing/Vertrieb,Marketing,de,Marketing/distribution
1946,Marketing/Vertrieb Embedded Systems,Marketing,de,Marketing/Distribution Embedded Systems
1947,Marketing/Vertriebskommunikation,Marketing,de,Marketing/Distribution Communication
1948,Marketing/Vetrieb,Marketing,de,Marketing/drive
1949,Marketing/Werbung,Marketing,de,Marketing/advertising
1950,Marketing/Werbung/PR,Marketing,de,Marketing/advertising/PR
1951,Marketing?,Marketing,en,Marketing?
1952,Marketingassistant,Marketing,en,Marketingassistant
1953,Marketingassistent,Marketing,hi,Marketingassistent
1954,Marketing-Assistent,Marketing,tr,Marketing-Assistent
1955,Marketingassistent im Bereich Vertrieb,Marketing,de,Marketing Assistant in Sales
1956,Marketingassistentin,Marketing,tr,Marketing assistant
1957,Marketing-Assistentin,Marketing,tr,Marketing Assistant
1958,Marketingassistenz,Marketing,de,Marketing assistance
1959,Marketing-Assistenz,Marketing,tr,Marketing assistance
1960,Marketingbeauftragte,Marketing,de,Marketing Officer
1961,Marketingberatung,Marketing,de,Marketing consultancy
1962,Marketing-Communication-Specialist,Marketing,nl,Marketing-Communication-Specialist
1963,Marketingeinkauf,Marketing,de,Marketing purchasing
1964,Marketing-Event-Koordinator,Marketing,en,Marketing-Event-Koordinator
1965,Marketing-Event-Koordinatorin,Marketing,it,Marketing-Event-Koordinatorin
1966,Marketing-Experte,Marketing,en,Marketing-Experte
1967,Marketingfachfrau,Marketing,de,Marketing specialist
1968,Marketingfachfrau & Ass.GL,Marketing,de,Marketing Specialist & Ass.GL
1969,Marketingfachkauffrau,Marketing,de,Marketing clerk
1970,Marketing-Fachkauffrau,Marketing,de,Marketing clerk
1971,Marketingfachkraft,Marketing,de,Marketing specialist
1972,Marketingfachmann,Marketing,de,Marketing specialist
1973,Marketing-Fachwirt,Marketing,de,Marketing Specialist
1974,Marketingkommunikation,Marketing,nl,Marketing communications
1975,Marketing-Kommunikation,Marketing,hi,Marketing Communication
1976,Marketing-Kommunikation / Analytics,Marketing,hi,Marketing-Communication / Analytics
1977,Marketing-Kommunikationswirtin,Marketing,hi,Marketing communications economist
1978,Marketingkoordinator,Marketing,pt,Marketingkoordinator
1979,Marketing-Koordinator,Marketing,en,Marketing-Koordinator
1980,Marketingkoordinatorin,Marketing,it,Marketing coordinator
1981,Marketing-Koordinatorin,Marketing,it,Marketing Coordinator
1982,Marketingmanagement,Marketing,en,Marketingmanagement
1983,Marketingmanagement & Kommunikation,Marketing,de,Marketing Management & Communication
1984,Marketingmanager,Marketing,en,Marketingmanager
1985,Marketingmanagerin,Marketing,en,Marketingmanagerin
1986,Marketingmanagerin (aktuell in Teilzeit / Elternzeit),Marketing,de,Marketing manager (currently part-time / parental leave)
1987,Marketingmanagerin (Messen/Veranstaltungen),Marketing,de,Marketing manager (trade fairs/events)
1988,Marketingmanagerin EMEA,Marketing,ur,Marketingmanager's EMEA
1989,Marketingmanagerin HF,Marketing,it,Marketingmanagerin HF
1990,Marketingmanagerin Vertrieb,Marketing,de,Marketing Manager Sales
1991,Marketing-Messe,Marketing,ur,Marketing-Messe
1992,Marketingmitarbeiter,Marketing,de,Marketing staff
1993,Marketingmitarbeiterin,Marketing,de,Marketing staff member
1994,Marketing-Mitarbeiterin,Marketing,de,Marketing employee
1995,Marketingplanerin,Marketing,de,Marketing planner
1996,Marketingreferent,Marketing,ur,Marketingreferent
1997,Marketing-Referent,Marketing,nl,Marketing-Referent
1998,Marketingreferent - Messe/Kommunikation,Marketing,de,Marketing Officer - Trade Fair/Communication
1999,Marketingreferent - Online,Marketing,tr,Marketingreferent - Online
2000,Marketingreferent Elektronische Medien,Marketing,de,Marketing Officer Electronic Media
2001,Marketingreferent Eventmarketing,Marketing,tr,Marketing representative event marketing
2002,Marketingreferentin,Marketing,de,Marketing Officer
2003,Marketing-Referentin,Marketing,nl,Marketing representative
2004,Marketingreferentin & Assistenz der Direktion,Marketing,de,Marketing Officer & Assistant to the Directorate
2005,Marketingreferentin bei ENERTRAG,Marketing,de,Marketing Officer at ENERTRAG
2006,Marketingreferentin digitales Marketing,Marketing,tr,Marketingreferentin digitales Marketing
2007,Marketing-Referentin international,Marketing,nl,International marketing representative
2008,Marketingreferentin Messe,Marketing,de,Marketing Officer Fair
2009,Marketingsachbearbeiterin,Marketing,de,Marketing Officer
2010,Marketing-Spezialist,Marketing,ur,Marketing specialist
2011,Marketingspezialistin,Marketing,de,Marketing specialist
2012,Marketing-Spezialistin,Marketing,de,Marketing specialist
2013,Marketingsupporter,Marketing,de,Marketing Supporters
2014,Marketingsupporterin,Marketing,tr,Marketing supporter
2015,Marketingverantwortliche,Marketing,de,Marketing Managers
2016,Marketingverantwortlicher,Marketing,de,Marketing Manager
2017,Marketingwirt,Marketing,ur,Marketingwirt
2018,Markting (Messe Kontakt),Marketing,de,Marketing (trade fair contact)
2019,Mediamanagment / Orga Chillventa Messe,Marketing,ur,Mediamanagment / Orga Chillventa Messe
2020,Mediengestalter / Marketing,Marketing,de,Media Designers / Marketing
2021,Mediengestalter und Marketing Assistent,Marketing,de,Media Designer and Marketing Assistant
2022,Mediengestalterin / Marketing,Marketing,de,Media designer / marketing
2023,Mediengestalterin / Mitarbeiterin Marketing,Marketing,de,Media designer / employee Marketing
2024,Mediengestalterin / Teamleader Marketing,Marketing,de,Media designer / team leader marketing
2025,Mediengestaltung / Marketing,Marketing,de,Media Design / Marketing
2026,Mediengestaltung/Marketing,Marketing,de,Media Design/Marketing
2027,Messe,Marketing,de,Fair
2028,Messe - freie/externe Mitarbeiterin,Marketing,de,Fair - free/external employee
2029,Messe & Events,Marketing,de,Fair & Events
2030,Messe (Industrie),Marketing,de,Trade Fair (Industry)
2031,Messe / Marketing,Marketing,de,Fair / Marketing
2032,Messe Ansprechpartner,Marketing,de,Trade fair contact
2033,Messe Inland,Marketing,de,Inland Trade Fair
2034,Messe International,Marketing,de,International Trade Fair
2035,Messe Kontakt,Marketing,de,Trade Fair Contact
2036,Messe Kontakt),Marketing,de,Trade Fair Contact)
2037,Messe Marketing,Marketing,de,Fair Marketing
2038,Messe Organisation,Marketing,de,Fair organization
2039,Messe Projektmanager,Marketing,de,Fair Project Manager
2040,Messe und Dokumentation,Marketing,de,Fair and documentation
2041,Messe und Event Organisation,Marketing,de,Fair and event organization
2042,Messe- und Eventmanagement,Marketing,de,Trade fair and event management
2043,Messe- und Eventmanager,Marketing,de,Trade fair and event manager
2044,Messe- und Eventmanagerin/Assistenz Aufsichtsrat,Marketing,de,Exhibition and Event Manager/Assistant Supervisory Board
2045,Messe- und Eventspezialist,Marketing,de,Trade fair and event specialist
2046,Messe- und Kongressmanagerin,Marketing,de,Trade fair and congress manager
2047,Messe- und Marketingreferent,Marketing,de,Trade Fair and Marketing Officer
2048,Messe/ Marketing,Marketing,de,Fair/ Marketing
2049,Messe/Auftragsabwicklung,Marketing,de,Trade fair/order processing
2050,Messe/Marketing,Marketing,de,Fair/Marketing
2051,Messe/Sekretariat,Marketing,de,Fair/Secretariat
2052,Messe/Zentrale,Marketing,de,Fair/Central
2053,Messeassistentin,Marketing,de,Trade fair assistant
2054,Messedienstleister,Marketing,de,Trade fair service providers
2055,Messekontakt,Marketing,de,Trade fair contact
2056,Messekoordination,Marketing,pt,Fair coordination
2057,Messekoordinator,Marketing,pt,Fair coordinator
2058,Messemanagement/ Marketing und Kommunikation,Marketing,de,Trade fair management/marketing and communication
2059,Messemanager,Marketing,de,Trade fair manager
2060,Messen,Marketing,de,Measuring
2061,Messen & Veranstaltungen,Marketing,de,Fairs & Events
2062,Messen und AD-Veranstaltungen,Marketing,de,Fairs and AD events
2063,Messen und Ausstellungen,Marketing,de,Fairs and exhibitions
2064,Messen und Öffentlichkeitsarbeit,Marketing,de,Fairs and public relations
2065,Messen und Präsentation,Marketing,de,Fairs and presentation
2066,Messen&Schulungen,Marketing,de,Measuring & Training
2067,Messen/Marketing,Marketing,en,Messen/Marketing
2068,Messeorga,Marketing,de,Fair orga
2069,Messeorga Bau,Marketing,de,Trade fair orga construction
2070,Messeorga Bautec (Azubi Suche),Marketing,de,Messeorga Bautec (Azubi search)
2071,Messeorga Marketing,Marketing,de,Messeorga Marketing
2072,Messeorganisation,Marketing,de,Trade fair organisation
2073,Messeorganisation / Social Media,Marketing,de,Trade fair organization / Social Media
2074,Messeorganisation und Marketing Prophylaxe,Marketing,de,Fair organization and marketing prophylaxis
2075,Messe-Organisator,Marketing,de,Trade fair organiser
2076,Messeorganisatorin national,Marketing,de,Trade fair organiser national
2077,Messeorganistation,Marketing,de,Trade fair organisation
2078,Messeorganistion,Marketing,de,Trade fair organization
2079,Messeperson,Marketing,de,Exhibition person
2080,Messeplanung,Marketing,de,Fair planning
2081,Messeplanung / Technik & Entwicklung,Marketing,de,Trade fair planning / Technology & development
2082,Messeplanung a),Marketing,de,Trade fair planning a)
2083,Messeplanung Bau,Marketing,de,Trade fair planning construction
2084,Messeplanung Domotex,Marketing,de,Exhibition planning Domotex
2085,Messeplanung expoSE,Marketing,de,Fair planning expoSE
2086,Messeplanung/Marketing,Marketing,de,Trade fair planning/marketing
2087,Messeplanungsassistenz,Marketing,de,Trade fair planning assistance
2088,Messeteam,Marketing,de,Exhibition team
2089,Messe-und Eventmanagement,Marketing,de,Fair and event management
2090,Messe-und Eventmanagerin,Marketing,de,Trade fair and event manager
2091,Messe-und Eventplanung,Marketing,de,Fair and event planning
2092,Messeverantwortung,Marketing,de,Fair responsibility
2093,Mitarbeiter im Marketing,Marketing,de,Marketing staff
2094,Mitarbeiter im Vertrieb / Marketing / Auszubildendenverantwortlicher,Marketing,de,Sales / Marketing / Trainee Manager
2095,Mitarbeiter IT / Marketing,Marketing,de,Staff IT / Marketing
2096,Mitarbeiter Marketing,Marketing,de,Employees Marketing
2097,Mitarbeiter Marketing & Kommunikation,Marketing,de,Employees Marketing & Communication
2098,Mitarbeiter Marketing & Sales,Marketing,de,Employees Marketing & Sales
2099,Mitarbeiter Marketing (Internet / Social Media / Multimedia),Marketing,de,Employees Marketing (Internet / Social Media / Multimedia)
2100,Mitarbeiter Marketing Kommunikation,Marketing,de,Employees Marketing Communication
2101,Mitarbeiter Marketing/Kommunikation,Marketing,de,Employees Marketing/Communication
2102,Mitarbeiter Marketing/Werbung,Marketing,de,Employees Marketing/Advertising
2103,Mitarbeiter Online-Marketing,Marketing,de,Employees Online Marketing
2104,Mitarbeiter Sales & Marketing/CRM Keyuser,Marketing,de,Employees Sales & Marketing/CRM Keyuser
2105,Mitarbeiterin Abteilung Marketingkommunikation,Marketing,de,Employee Department of Marketing Communication
2106,Mitarbeiterin Corporate Communication/EB11-6,Marketing,de,Employee Corporate Communication/EB11-6
2107,Mitarbeiterin für Marketing und Kommunikation,Marketing,de,Employee for Marketing and Communication
2108,Mitarbeiterin im Marketing,Marketing,de,Employee in Marketing
2109,Mitarbeiterin im Marketing - PR und Öffentlichkeitsarbeit,Marketing,de,Employee in Marketing - PR and Public Relations
2110,Mitarbeiterin im Produktmanagement/Marketing,Marketing,de,Employee in Product Management/Marketing
2111,Mitarbeiterin Interne Kommunikation & Marketing,Marketing,de,Employee Internal Communication & Marketing
2112,Mitarbeiterin Konzerncontrolling & Zentrales Marketing,Marketing,de,Employee Group Controlling & Central Marketing
2113,Mitarbeiterin Marketing,Marketing,de,Employee Marketing
2114,Mitarbeiterin Marketing & Kommunikation,Marketing,de,Employee Marketing & Communication
2115,Mitarbeiterin Marketing & Unternehmenskommunikation,Marketing,de,Employee Marketing & Corporate Communications
2116,Mitarbeiterin Marketing & Vertriebsinnendienst,Marketing,de,Employee Marketing & Sales Service
2117,Mitarbeiterin Marketing / Eventmanagement,Marketing,de,Employee Marketing / Event Management
2118,Mitarbeiterin Marketing / Vertrieb,Marketing,de,Employee Marketing / Sales
2119,Mitarbeiterin Marketing Kommunikation,Marketing,de,Employee Marketing Communication
2120,Mitarbeiterin Marketing- Medien & Events,Marketing,de,Employee Marketing Media & Events
2121,Mitarbeiterin Marketing und Kommunikation,Marketing,de,Employee Marketing and Communication
2122,Mitarbeiterin Marketing und Öffentlichkeitsarbeit,Marketing,de,Employee Marketing and Public Relations
2123,Mitarbeiterin Marketing und Vertrieb,Marketing,de,Employee Marketing and Sales
2124,Mitarbeiterin Marketing/Kommunikation,Marketing,de,Employee Marketing/Communication
2125,Mitarbeiterin Marketing-Kommunikation,Marketing,de,Employee Marketing Communication
2126,Mitarbeiterin Marketing-Kommunikation/Empfang,Marketing,de,Employee Marketing Communication/Receipt
2127,Mitarbeiterin PR & Marketing,Marketing,de,Employee PR & Marketing
2128,Mitarbeiterin Vertieb / Marketing,Marketing,de,Employee Vertieb / Marketing
2129,Mitarbeiterin Vertrieb Marketing,Marketing,de,Employee Sales Marketing
2130,Mitglied der Geschaeftsltg. Vertrieb/Marketing/Service/Produktmgmt. (Prokurist),Marketing,de,Member of the Sales/Marketing/Service/Product Manager (Procurer)
2131,OEM Marketing and Application Engineering,Marketing,en,OEM Marketing and Application Engineering
2132,Öffentlichkeitsarbeit/ Messe,Marketing,de,Public relations/ Fair
2133,Office & Communication Administrator,Marketing,en,Office & Communication Administrator
2134,Office Administration/Marketing,Marketing,en,Office Administration/Marketing
2135,Online Marketing,Marketing,en,Online Marketing
2136,Online Marketing & PR,Marketing,en,Online Marketing & PR
2137,Online Marketing / E-Business,Marketing,en,Online Marketing / E-Business
2138,Online Marketing Communication Specialist,Marketing,en,Online Marketing Communication Specialist
2139,Online Marketing Consultant,Marketing,en,Online Marketing Consultant
2140,Online Marketing Coordinator,Marketing,en,Online Marketing Coordinator
2141,Online Marketing Guru,Marketing,en,Online Marketing Guru
2142,Online Marketing Specialist,Marketing,en,Online Marketing Specialist
2143,Online Marketing Spezialistin,Marketing,de,Online Marketing Specialist
2144,Online Marketing Trainee,Marketing,en,Online Marketing Trainee
2145,Online Marketing und Projektmanager,Marketing,de,Online marketing and project manager
2146,Online Marketing und Vertrieb,Marketing,de,Online Marketing and Sales
2147,Online-Kommunikation,Marketing,hi,Online Communication
2148,Online-Marketing,Marketing,en,Online-Marketing
2149,Online-Marketing & Leadmanagement,Marketing,en,Online-Marketing & Leadmanagement
2150,Online-Marketing Analyst,Marketing,en,Online-Marketing Analyst
2151,Online-Marketing Beauftragte,Marketing,de,Online Marketing Agents
2152,Online-Marketing Spezialistin,Marketing,de,Online marketing specialist
2153,Online-Marketing und CRM,Marketing,de,Online Marketing and CRM
2154,Online-Marketingmanager,Marketing,en,Online-Marketingmanager
2155,Operational Marketing,Marketing,en,Operational Marketing
2156,Operational Marketing Officer,Marketing,en,Operational Marketing Officer
2157,Operative Marketing,Marketing,en,Operative Marketing
2158,Operatives Marketing & Events,Marketing,en,Operatives Marketing & Events
2159,Operatives Marketing & Sales Promotion,Marketing,en,Operatives Marketing & Sales Promotion
2160,Organisation & Marketing,Marketing,en,Organisation & Marketing
2161,Organisation Messen,Marketing,de,Organization Fairs
2162,Organisation Messen & Events,Marketing,de,Organization Fairs & Events
2163,Organisationsentwicklung / Kommunikation,Marketing,de,Organisational development / communication
2164,PALOMAT® Marketing Coordinator - Online/Offline marketing planning and execution,Marketing,en,PALOMAT® Marketing Coordinator - Online/Offline marketing planning and execution
2165,Partner Marketing Services,Marketing,en,Partner Marketing Services
2166,Perfect Digital Store & Digital Marketing Expert,Marketing,en,Perfect Digital Store & Digital Marketing Expert
2167,Performance Marketing,Marketing,en,Performance Marketing
2168,Personal- und Marketingreferentin,Marketing,de,Human Resources and Marketing Officer
2169,Personal/ Messen,Marketing,de,Staff/Measures
2170,Personalreferentin - Recruiting & Marketing,Marketing,en,Personalreferentin - Recruiting & Marketing
2171,Planerin Logistik & Marketing,Marketing,tr,Planning Logistics & Marketing
2172,Planerin Marketing und Kommunikation,Marketing,de,Planner Marketing and Communication
2173,PR & Marketing Service,Marketing,en,PR & Marketing Service
2174,PR / Marketing,Marketing,en,PR / Marketing
2175,PR- Sales- und Marketingmanager,Marketing,de,PR- Sales and Marketing Manager
2176,PR und Marketing,Marketing,de,PR and Marketing
2177,PR- und Marketing,Marketing,de,PR and marketing
2178,PR und Marketing für Industrieunternehmen,Marketing,de,PR and marketing for industrial companies
2179,PR- und Marketingmanager,Marketing,de,PR and Marketing Managers
2180,PR/Marketing,Marketing,en,PR/Marketing
2181,PR-Agentur (Messe Kontakt),Marketing,de,PR agency (trade fair contact)
2182,Presse (Messe Kontakt),Marketing,de,Press (trade fair contact)
2183,Presse / Marketing / Akquise,Marketing,de,Press / Marketing / Acquise
2184,Presse&Kommunikation,Marketing,de,Press & Communication
2185,Presse/Messeplanung,Marketing,de,Press/trade fair planning
2186,Pressesprecher (Messe Kontakt),Marketing,de,Press spokesperson (trade fair contact)
2187,Product Marketing,Marketing,en,Product Marketing
2188,Product Marketing & Communication,Marketing,en,Product Marketing & Communication
2189,Product Marketing Coordinator,Marketing,en,Product Marketing Coordinator
2190,Productmanager (Messe Ansprechpartner),Marketing,de,Productmanager (trade fair contact)
2191,Produkt Marketing & Entwicklung,Marketing,de,Product Marketing & Development
2192,Produkt Marketing Spezialist,Marketing,de,Product Marketing Specialist
2193,Produkt- und Marketingmanager,Marketing,de,Product and Marketing Managers
2194,Produkt- und Marketingmanagerin,Marketing,de,Product and Marketing Manager
2195,Produktion (Messe Kontakt),Marketing,de,Production (trade fair contact)
2196,Produktionssteuerung und Marketing,Marketing,de,Production control and marketing
2197,Produktmanagement & Marketing,Marketing,en,Produktmanagement & Marketing
2198,Produktmanagement (Messe Kontakt),Marketing,de,Product management (trade fair contact)
2199,Produktmanagement / Marketing,Marketing,de,Product management / Marketing
2200,Produktmanager (Messe Kontakt),Marketing,de,Product manager (trade fair contact)
2201,Produktmanager /-Marketing,Marketing,de,Product Manager/Marketing
2202,Produktmanager + Marketing,Marketing,de,Product Manager + Marketing
2203,Produktmanager Cloud (Messe Kontakt),Marketing,de,Product Manager Cloud (Trade Fair Contact)
2204,Produktmanager Marketing,Marketing,de,Product Manager Marketing
2205,Produktmanagerin / Marketing,Marketing,de,Product Manager / Marketing
2206,Produktmanagerin Tagungen und Messen,Marketing,de,Product managerin meetings and fairs
2207,Produktmarketing & Kommunikation // Projektmanager Corporate Social Responsibility,Marketing,de,Product Marketing & Communication // Project Manager Corporate Social Responsibility
2208,Professional Marketing,Marketing,en,Professional Marketing
2209,Professional Sales & Marketing,Marketing,en,Professional Sales & Marketing
2210,Project Leader Marketing & Communications,Marketing,en,Project Leader Marketing & Communications
2211,Project Marketing Coordinator,Marketing,en,Project Marketing Coordinator
2212,Project Specialist Marketing Communications,Marketing,en,Project Specialist Marketing Communications
2213,Projectcoordinator / Sales & Marketing,Marketing,en,Projectcoordinator / Sales & Marketing
2214,Projekt- & Marketingassistent,Marketing,el,Project- & Marketingassistant
2215,Projekt- und Prozessmanager Marketing / Vertrieb,Marketing,de,Project and Process Manager Marketing / Sales
2216,Projektassistentin Marketing,Marketing,de,Project Assistant Marketing
2217,Projekt-Assistentin/Marketing,Marketing,it,Project Assistant/Marketing
2218,Projektbearbeiterin Marketing/Organisation,Marketing,de,Project Manager Marketing/Organization
2219,Projekte CRM / Marketing / PR,Marketing,de,Projects CRM / Marketing / PR
2220,Projekteitung Marketing & Kommunikation,Marketing,de,Project Development Marketing & Communication
2221,Projektkoordination & Organisation von Messen und Veranstaltungen,Marketing,de,Project coordination & organisation of fairs and events
2222,Projektkoordination Marketing und Produktdesign,Marketing,de,Project Coordination Marketing and Product Design
2223,Projektkoordinator (Messe Kontakt),Marketing,nl,Project coordinator (Exhibition Contact)
2224,Projektkoordinator Marketing,Marketing,pt,Project coordinator Marketing
2225,Projektkoordinatorin Messen und Events,Marketing,de,Project coordinator Trade fairs and events
2226,Projektmanagement Marketing & Vertrieb,Marketing,de,Project Management Marketing & Sales
2227,Projektmanagement Messen,Marketing,de,Project Management Fairs
2228,Projektmanager (Messe Kontakt),Marketing,de,Project manager (trade fair contact)
2229,Projektmanager Inbound Marketing bei Insignio CRM GmbH,Marketing,de,Project Manager Inbound Marketing at Insignio CRM GmbH
2230,Projektmanager Internationale Messen,Marketing,de,Project Manager International Fairs
2231,Projektmanager Internationales Marketing,Marketing,en,Projektmanager Internationales Marketing
2232,Projektmanager Marketing,Marketing,hi,Marketing Project Manager
2233,Projektmanager Marketing & Communications,Marketing,en,Projektmanager Marketing & Communications
2234,Projektmanager Marketing & Events,Marketing,en,Projektmanager Marketing & Events
2235,Projektmanager Marketing & Sales,Marketing,en,Projektmanager Marketing & Sales
2236,Projektmanager Marketing Non Food,Marketing,it,Project Manager Marketing Non Food
2237,Projektmanager Marketing und Kommunikation,Marketing,de,Project Manager Marketing and Communication
2238,Projektmanager Marketing/IT,Marketing,en,Projektmanager Marketing/IT
2239,Projektmanager Marketing/Vertrieb,Marketing,de,Project Manager Marketing/Sales
2240,Projektmanager Messe und Event,Marketing,de,Project Manager Trade Fair and Event
2241,Projektmanager Messen und Events,Marketing,de,Project Manager Fairs and Events
2242,Projektmanager Online Marketing,Marketing,en,Projektmanager Online Marketing
2243,Projektmanagerin Brand Communications,Marketing,en,Projektmanagerin Brand Communications
2244,Projektmanagerin CRM / Referat Marketing & Vertrieb,Marketing,de,Project Manager CRM / Marketing & Sales Unit
2245,Projektmanagerin Live Kommunikation,Marketing,de,Project Manager Live Communication
2246,Projektmanagerin Marketing,Marketing,de,Project Manager Marketing
2247,Projektmanagerin Marketing & Communication,Marketing,it,Project Manager Marketing & Communication
2248,Projektmanagerin Marketing & Sales,Marketing,it,Project Manager Marketing & Sales
2249,Projektmanagerin Marketing und Digitalisierung,Marketing,de,Project Manager Marketing and Digitization
2250,Projektmanagerin Marketing und Events,Marketing,de,Project Manager Marketing and Events
2251,Projektmanagerin Marketing und Vertrieb,Marketing,de,Project Manager Marketing and Sales
2252,Projektmanagerin Messen & Events,Marketing,de,Project Manager Trade Fairs & Events
2253,Projektmitarbeiter Marketing,Marketing,de,Project Manager Marketing
2254,Projektmitarbeiterin // Event & Kommunikation,Marketing,de,Project employee // Event & Communication
2255,Projektmitarbeiterin im Marketing,Marketing,de,Project employee in marketing
2256,Projektsteuerung Marketing,Marketing,de,Project Management Marketing
2257,Projektverantwortliche Wiederverkauf und Messen,Marketing,de,Reselling and trade fairs responsible for the project
2258,Projetkmanagement Marketing & Werbung,Marketing,tr,Project management marketing & advertising
2259,Prokurist / Marketing,Marketing,hi,Procurator / Marketing
2260,Prokurist / Marketing/Vertrieb,Marketing,de,Procurator / Marketing/Distribution
2261,Prokurist / Sales & Marketing,Marketing,hi,Authorized Signatory / Sales & Marketing
2262,Prokurist Marketing und Kundendienst,Marketing,de,Procurist Marketing and Customer Service
2263,Prokuristin (Messe Kontakt),Marketing,de,Procurator (trade fair contact)
2264,Prokuristin / Marketing,Marketing,tr,Procurator / Marketing
2265,Public Relations / Abteilung Marketing,Marketing,de,Public Relations / Marketing Department
2266,Public Relations and Marketing Specialist,Marketing,en,Public Relations and Marketing Specialist
2267,Qualitätsmanagement/Zuständig für Messe,Marketing,de,Quality management/responsible for trade fair
2268,Recruitment Marketing & Lead Generation Specialist,Marketing,en,Recruitment Marketing & Lead Generation Specialist
2269,Redakteurin Marketing & PR,Marketing,nl,Marketing & PR Editor
2270,Redaktion Produktmanagement und Marketing,Marketing,de,Editorial product management and marketing
2271,Referent Business Development & Marketing,Marketing,en,Referent Business Development & Marketing
2272,Referent Event Marketing,Marketing,ur,Referent Event Marketing
2273,Referent für Kommunikation und Öffentlichkeitsarbeit,Marketing,de,Speaker for Communication and Public Relations
2274,Referent Kommunikation – Online & Events,Marketing,de,Speaker Communication – Online & Events
2275,Referent Marketing,Marketing,ur,Referent Marketing
2276,Referent Marketing- & Kundenkommunikation,Marketing,de,Speaker Marketing & Customer Communication
2277,Referent Marketing & Messen / Veranstaltungen,Marketing,de,Speaker Marketing & Fairs / Events
2278,Referent Marketing Communications,Marketing,en,Referent Marketing Communications
2279,Referent Marketing und Kommunikation,Marketing,de,Speaker Marketing and Communication
2280,Referent Messen und Events,Marketing,de,Speaker Fairs and Events
2281,Referent Politische Kommunikation,Marketing,de,Head of Political Communication
2282,Referent Produktmanagement & Marketing,Marketing,de,Speaker Product Management & Marketing
2283,Referent Unternehmenskommunikation & Marketing,Marketing,de,Speaker Corporate Communications & Marketing
2284,Referentin für Kundenservice und Marketing,Marketing,de,Consultant for customer service and marketing
2285,Referentin für Marketing und interne Kommunikation,Marketing,de,Speaker for Marketing and Internal Communication
2286,Referentin für Marketing und Kommunikation,Marketing,de,Speaker for Marketing and Communication
2287,Referentin für Marketing und Öffentlichkeitsarbeit,Marketing,de,Speaker for Marketing and Public Relations
2288,Referentin für Marketingkommunikation,Marketing,de,Marketing Communication Officer
2289,Referentin Global Marketing,Marketing,tr,Global Marketing Consultant
2290,Referentin Internationale Kommunikation & Marketing,Marketing,de,Speaker International Communication & Marketing
2291,Referentin Kommunikation & Energiepolitik,Marketing,de,Speaker Communication & Energy Policy
2292,Referentin Kommunikation-Marketing,Marketing,de,Speaker Communication Marketing
2293,Referentin Marketing,Marketing,tr,Marketing Consultant
2294,Referentin Marketing & Kommunikation,Marketing,de,Speaker Marketing & Communication
2295,Referentin Marketing & Unternehmenskommunikation,Marketing,de,Speaker Marketing & Corporate Communications
2296,Referentin Marketing & Vertrieb,Marketing,de,Speaker Marketing & Sales
2297,Referentin Marketing / Eventmanagement,Marketing,nl,Marketing/Event Management Consultant
2298,Referentin Marketing Communication,Marketing,tr,Marketing Communication Consultant
2299,Referentin Marketing Communications,Marketing,en,Referentin Marketing Communications
2300,Referentin Marketing Export,Marketing,tr,Marketing Export Consultant
2301,Referentin Marketing und Kommunikation,Marketing,de,Speaker Marketing and Communication
2302,Referentin Marketing und PR,Marketing,de,Speaker Marketing and PR
2303,Referentin Marketing und Vertrieb,Marketing,de,Head of Marketing and Sales
2304,Referentin Marketing/Produktmanagement,Marketing,nl,Marketing/Product Management Consultant
2305,Referentin Messen & Unternehmerreisen,Marketing,de,Speaker Trade fairs & business trips
2306,Referentin Öffentlichkeitsarbeit und Marketing,Marketing,de,Speaker Public Relations and Marketing
2307,Referentin Online-Marketing & PR,Marketing,en,Referentin Online-Marketing & PR
2308,Referentin PR & Marketing,Marketing,tr,PR & Marketing Consultant
2309,Referentin PR + Marketing,Marketing,tr,PR + Marketing Consultant
2310,Referentin PR und Marketing,Marketing,de,Speaker PR and Marketing
2311,Referentin Produktmanagement & Marketing,Marketing,de,Speaker Product Management & Marketing
2312,Referentin Unternehmenskommunikation & Marketing,Marketing,de,Speaker Corporate Communications & Marketing
2313,Referentin Unternehmenskommunikation (Messen & ...,Marketing,de,Speaker Corporate Communications (Measurements & ...
2314,Referentin Unternehmenskommunikation und Marketing,Marketing,de,Speaker Corporate Communications and Marketing
2315,Referentin Unternehmenskommunikation/Digital Communication Specialist,Marketing,de,Speaker Corporate Communications/Digital Communication Specialist
2316,Referentin Unternehmenskommunikation/Marketing,Marketing,de,Consultant Corporate Communications/Marketing
2317,Referentin Vertrieb & Marketing,Marketing,de,Speaker Sales & Marketing
2318,Regional Marketing Specialist Central Europe,Marketing,en,Regional Marketing Specialist Central Europe
2319,Resp. Global Marketing Opérationnel & Communication Externe,Marketing,nl,Resp. Global Operational Marketing & External Communication
2320,Responsable Communication,Marketing,en,Responsable Communication
2321,Responsable Communication - communication manager,Marketing,en,Responsable Communication - communication manager
2322,Responsable Communication /Events / Salons,Marketing,en,Responsable Communication /Events / Salons
2323,Responsable Communication Clients et Marketing Digital,Marketing,en,Responsable Communication Clients et Marketing Digital
2324,Responsable Communication commerciale BtoB,Marketing,it,BtoB Commercial Communication Manager
2325,Responsable Communication et Marketing,Marketing,en,Responsable Communication et Marketing
2326,Responsable Communication et Ventes Web,Marketing,ur,Web Communication and Sales Manager
2327,Responsable Communication Événementielle,Marketing,fr,Event Communication Manager
2328,Responsable Communication Evènementielle & RP,Marketing,nl,Event Communication & PR Manager
2329,Responsable Communication Événementielle et Interne,Marketing,fr,Event and Internal Communications Manager
2330,Responsable Communication Externe,Marketing,en,Responsable Communication Externe
2331,Responsable Communication Groupe,Marketing,en,Responsable Communication Groupe
2332,Responsable Communication Institutionnelle & Relations Presse,Marketing,it,Institutional Communication & Press Relations Manager
2333,Responsable Communication SEW USOCOME,Marketing,en,Responsable Communication SEW USOCOME
2334,Responsable CRM & Marketing Client,Marketing,en,Responsable CRM & Marketing Client
2335,Responsable de Communication-Marketing chez JELD-WEN France,Marketing,fr,Head of Communication-Marketing at JELD-WEN France
2336,Responsable de Département Marketing et Communication,Marketing,fr,Head of Marketing and Communication Department
2337,Responsable de gamme ClearLine - Coordinatrice Marketing,Marketing,fr,ClearLine Product Manager - Marketing Coordinator
2338,Responsable de la Communication Événementielle et Digitale,Marketing,fr,Responsible for Event and Digital Communication
2339,Responsable de projet Marketing Digital,Marketing,fr,Digital Marketing Project Manager
2340,Responsable des Événements Marketing,Marketing,fr,Head of Marketing Events
2341,Responsable des Programmes de Communication Marketing,Marketing,fr,Head of Marketing Communication Programs
2342,Responsable Marketing,Marketing,en,Responsable Marketing
2343,Responsable Marketing & Commercial,Marketing,en,Responsable Marketing & Commercial
2344,Responsable Marketing & Communication,Marketing,en,Responsable Marketing & Communication
2345,Responsable Marketing / CRM,Marketing,en,Responsable Marketing / CRM
2346,Responsable Marketing Accompagnement,Marketing,en,Responsable Marketing Accompagnement
2347,Responsable Marketing B to B,Marketing,en,Responsable Marketing B to B
2348,Responsable Marketing Communication #Robotique,Marketing,nl,Marketing Communication Manager #Robotics
2349,Responsable Marketing CRM,Marketing,en,Responsable Marketing CRM
2350,Responsable Marketing Digital,Marketing,en,Responsable Marketing Digital
2351,Responsable Marketing Digital & Acquisition B2B,Marketing,en,Responsable Marketing Digital & Acquisition B2B
2352,Responsable Marketing et Communication,Marketing,en,Responsable Marketing et Communication
2353,Responsable Marketing et Communication salons B2B,Marketing,fr,Head of Marketing and Communication at B2B
2354,Responsable Marketing et IT,Marketing,en,Responsable Marketing et IT
2355,responsable Marketing France,Marketing,fr,Marketing Manager France
2356,Responsable Marketing Menuiserie Bois,Marketing,it,Wood Carpentry Marketing Manager
2357,Responsable Marketing opérationnel chez AFNOR Compétences,Marketing,fr,Operational Marketing Manager at AFNOR Skills
2358,Responsable Marketing Opérationnel et Communication B to B / B to C,Marketing,fr,Head of Operational Marketing and Communication B to B / B to C
2359,Responsable Marketing Opérationnel et Produit,Marketing,fr,Head of Operational and Product Marketing
2360,Responsable Marketing Polyrey - Wilsonart Group,Marketing,en,Responsable Marketing Polyrey - Wilsonart Group
2361,Responsable Marketing promotion des ventes,Marketing,fr,Sales Promotion Marketing Manager
2362,Responsable Marketing Relationnel & CRM Europe,Marketing,en,Responsable Marketing Relationnel & CRM Europe
2363,Responsable Pôle Marketing Digital et Relationnel,Marketing,fr,Head of Digital and Relational Marketing
2364,Responsable Relation Client et Marketing - Direction de la Communication,Marketing,fr,Head of Customer Relations and Marketing - Communication Department
2365,Responsable Ventes & Marketing,Marketing,it,Sales & Marketing Manager
2366,Sachbearbeiter für Marketing und Projektmanagement,Marketing,de,Manager for Marketing and Project Management
2367,Sachbearbeiter Marketing & Kommunikation,Marketing,de,Agent Marketing & Communication
2368,Sachbearbeiterin im Marketing - Schwerpunkt Online Media Production,Marketing,de,Specialist in Marketing - Focus Online Media Production
2369,Sachbearbeiterin im Marketing & Vertrieb,Marketing,de,Specialist in Marketing & Sales
2370,Sachbearbeiterin Marketing,Marketing,de,Manager Marketing
2371,Sachbearbeiterin Marketing & Sales national,Marketing,de,Agent Marketing & Sales national
2372,Sachbearbeiterin Marketing international/e-commerce,Marketing,de,Manager Marketing international/e-commerce
2373,Sachbearbeiterin Marketing Kommunikation,Marketing,de,Manager Marketing Communication
2374,Sachbearbeiterin Marketing und Werbung,Marketing,de,Agent Marketing and Advertising
2375,Sales & Marketing,Marketing,en,Sales & Marketing
2376,Sales & Marketing / IT-Administration,Marketing,en,Sales & Marketing / IT-Administration
2377,Sales & Marketing Analyst,Marketing,en,Sales & Marketing Analyst
2378,Sales & Marketing Coordinator,Marketing,en,Sales & Marketing Coordinator
2379,Sales & Marketing Coordinator Dental DACH-NL,Marketing,de,Sales & Marketing Coordinator Dental DACH-NL
2380,Sales & Marketing FMS,Marketing,en,Sales & Marketing FMS
2381,Sales & Marketing ICL-Group,Marketing,en,Sales & Marketing ICL-Group
2382,Sales & Marketing International,Marketing,en,Sales & Marketing International
2383,Sales & Marketing Koordinator,Marketing,ur,Sales & Marketing Koordinator
2384,Sales & Marketing Officer,Marketing,en,Sales & Marketing Officer
2385,Sales & Marketing Support,Marketing,en,Sales & Marketing Support
2386,Sales & Marketing Team Assistance bei Spider Li...,Marketing,de,Sales & Marketing Team Assistance at Spider Li...
2387,Sales / Marketing,Marketing,en,Sales / Marketing
2388,Sales and Marketing,Marketing,en,Sales and Marketing
2389,Sales and Marketing Assistent,Marketing,en,Sales and Marketing Assistent
2390,Sales and Marketing Communications,Marketing,en,Sales and Marketing Communications
2391,Sales and Marketing Control,Marketing,en,Sales and Marketing Control
2392,Sales and Marketing Coordinator,Marketing,en,Sales and Marketing Coordinator
2393,Sales and Marketing Department of,Marketing,en,Sales and Marketing Department of
2394,Sales and Marketing director EMEA,Marketing,en,Sales and Marketing director EMEA
2395,Sales and Marketing Intern,Marketing,en,Sales and Marketing Intern
2396,Sales and Marketing Representative,Marketing,en,Sales and Marketing Representative
2397,Sales and Marketing Specialist,Marketing,en,Sales and Marketing Specialist
2398,Sales Coordinator Vertrieb und Marketing,Marketing,de,Sales Coordinator Sales and Marketing
2399,Sales Marketing,Marketing,en,Sales Marketing
2400,Sales Marketing & Campaigns,Marketing,nl,Sales Marketing & Campaigns
2401,Sales Marketing Coordinator,Marketing,en,Sales Marketing Coordinator
2402,Sales Marketing Operations,Marketing,en,Sales Marketing Operations
2403,Sales Software/IoT & Marketing,Marketing,en,Sales Software/IoT & Marketing
2404,Sales und Marketing,Marketing,de,Sales and Marketing
2405,Sales und Marketing Support,Marketing,de,Sales and Marketing Support
2406,Sales/Marketing,Marketing,en,Sales/Marketing
2407,Salesforce Marketing Cloud Tech Lead,Marketing,en,Salesforce Marketing Cloud Tech Lead
2408,SAP & Product Marketing Specialist,Marketing,en,SAP & Product Marketing Specialist
2409,Sap CRM Marketing Solution Architect,Marketing,en,Sap CRM Marketing Solution Architect
2410,Security Marketing Teamlead,Marketing,en,Security Marketing Teamlead
2411,Sekretariat / Marketing,Marketing,tr,Secretariat / Marketing
2412,Sekretariat/Messe,Marketing,ur,Secretariat/Exhibition
2413,Sekretärin GF | Recruiting & Marketing,Marketing,de,"Secretary GF, Recruiting & Marketing"
2414,Service / Marketing,Marketing,en,Service / Marketing
2415,Service Marketing Communication,Marketing,en,Service Marketing Communication
2416,Solution Architect eCommerce and Digital Marketing,Marketing,en,Solution Architect eCommerce and Digital Marketing
2417,Specialist Communication & Marketing,Marketing,en,Specialist Communication & Marketing
2418,Specialist Digital Marketing Communication,Marketing,en,Specialist Digital Marketing Communication
2419,Specialist Events & Communication,Marketing,en,Specialist Events & Communication
2420,Specialist for Marketing & Communication,Marketing,en,Specialist for Marketing & Communication
2421,Specialist in Marketing and Communications,Marketing,en,Specialist in Marketing and Communications
2422,Specialist Marketing,Marketing,en,Specialist Marketing
2423,Specialist Marketing & Communication,Marketing,en,Specialist Marketing & Communication
2424,Specialist Marketing & Communications,Marketing,en,Specialist Marketing & Communications
2425,Specialist Marketing & Events,Marketing,en,Specialist Marketing & Events
2426,Specialist Marketing and Communications,Marketing,en,Specialist Marketing and Communications
2427,Specialist Marketing Communication BU5,Marketing,en,Specialist Marketing Communication BU5
2428,Specialist Marketing Design,Marketing,en,Specialist Marketing Design
2429,Specialist Marketing Service,Marketing,en,Specialist Marketing Service
2430,Specialist Marketing Vertrieb,Marketing,de,Specialist Marketing Sales
2431,Spezialist Digitales Marketing,Marketing,de,Specialist Digital Marketing
2432,Spezialist Marketing & Kommunikation,Marketing,de,Specialist Marketing & Communication
2433,Spezialist Marketing/Vertrieb,Marketing,de,Specialist Marketing/Distribution
2434,Spezialist Messeabteilung,Marketing,de,Specialist trade fair department
2435,Spezialist´Marketing,Marketing,de,Specialist ́Marketing
2436,Spezialistin CRM Marketing,Marketing,de,Specialist CRM Marketing
2437,Spezialistin für Marketing und Events,Marketing,de,Specialist for Marketing and Events
2438,Spezialistin Globales Marketing,Marketing,de,Specialist Global Marketing
2439,Spezialistin Marketing & Kommunikation,Marketing,de,Specialist Marketing & Communication
2440,Spezialistin Marketing und Vertriebskommunikation,Marketing,de,Specialist in Marketing and Sales Communication
2441,Sponsor Relations * Community Events * Messesta...,Marketing,en,Sponsor Relations * Community Events * Messesta...
2442,Stabstelle Marketing,Marketing,de,Head of Marketing
2443,Strategic B2B Marketing & Communications • Digital Marketing • Content Marketing,Marketing,en,Strategic B2B Marketing & Communications • Digital Marketing • Content Marketing
2444,Strategic Marketing,Marketing,en,Strategic Marketing
2445,Strategic Marketing Specialist,Marketing,en,Strategic Marketing Specialist
2446,Strategie Marketing,Marketing,en,Strategie Marketing
2447,Strategische Kommunikation und Marke,Marketing,de,Strategic communication and brand
2448,Strategische Kommunikation und Multimedia Producer,Marketing,de,Strategic Communication and Multimedia Producers
2449,Strategisches Marketing,Marketing,de,Strategic Marketing
2450,Strategisches Marketing / Kommunikation (Messe Kontakt),Marketing,de,Strategic Marketing / Communication (Trade Fair Contact)
2451,Strategisches Marketing und Unternehmenskommunikation,Marketing,de,Strategic Marketing and Corporate Communications
2452,Strategisches Marketing.,Marketing,de,Strategic marketing.
2453,Stylist Marketing,Marketing,ur,Stylist Marketing
2454,Support FMAUDIT & DCeasy (Messe Kontakt),Marketing,ur,Support FMAUDIT & DCeasy (trade fair contact)
2455,Talent Acquisition Germany (Messe Kontakt),Marketing,de,Talent Acquisition Germany (trade fair contact)
2456,Team Assistance Marketing Communications,Marketing,en,Team Assistance Marketing Communications
2457,Team Lead - Inbound Marketing DE,Marketing,nl,Team Lead - Inbound Marketing DE
2458,Team Lead Brand & Communications,Marketing,en,Team Lead Brand & Communications
2459,Team Lead Global Product Marketing,Marketing,en,Team Lead Global Product Marketing
2460,Team Lead Marketing,Marketing,en,Team Lead Marketing
2461,Team Lead Marketing Communication,Marketing,en,Team Lead Marketing Communication
2462,Team Lead Performance Marketing,Marketing,en,Team Lead Performance Marketing
2463,Team Lead Strategic Marketing,Marketing,en,Team Lead Strategic Marketing
2464,Team Leader / Corporate Communications,Marketing,en,Team Leader / Corporate Communications
2465,Team Leader | Operational Marketing,Marketing,en,Team Leader | Operational Marketing
2466,Team Leader Communication & Marketing,Marketing,en,Team Leader Communication & Marketing
2467,Team Leader Communication & Marketing / Multimedia,Marketing,en,Team Leader Communication & Marketing / Multimedia
2468,Team Leader Communications,Marketing,en,Team Leader Communications
2469,Team Leader Digital Marketing,Marketing,en,Team Leader Digital Marketing
2470,Team Leader Digital Performance Marketing & Ana...,Marketing,en,Team Leader Digital Performance Marketing & Ana...
2471,Team Leader Event Marketing,Marketing,en,Team Leader Event Marketing
2472,Team Leader Marketing,Marketing,en,Team Leader Marketing
2473,Team Leader Marketing & Communications,Marketing,en,Team Leader Marketing & Communications
2474,Team Leader Marketing & Strategic Sales Support,Marketing,en,Team Leader Marketing & Strategic Sales Support
2475,Team Leader Marketing and Communications,Marketing,en,Team Leader Marketing and Communications
2476,Team Leader Marketing Communications,Marketing,en,Team Leader Marketing Communications
2477,Team Leader Marketing Communications ICS / CoE Digital Marketing,Marketing,en,Team Leader Marketing Communications ICS / CoE Digital Marketing
2478,Team Leader Marketing/PR,Marketing,en,Team Leader Marketing/PR
2479,Team Leader Sales and Marketing,Marketing,en,Team Leader Sales and Marketing
2480,Team Leader Trade Marketing,Marketing,en,Team Leader Trade Marketing
2481,Team- und Marketingassistentin,Marketing,de,Team and marketing assistant
2482,Teamassistentin Marketing,Marketing,en,Teamassistentin Marketing
2483,Teamassistenz & Marketing,Marketing,de,Team Assistance & Marketing
2484,Teamassistenz Vertrieb & Marketing,Marketing,de,Team Assistance Sales & Marketing
2485,Teamassistenz Vertrieb und Marketing,Marketing,de,Team Assistance Sales and Marketing
2486,Teamkoordinator Online-Marketing,Marketing,en,Teamkoordinator Online-Marketing
2487,Teamlead B2B & Pro Marketing - DACH,Marketing,sw,Teamlead B2B & Pro Marketing - DACH
2488,Teamlead Corporate Communications & Marketing,Marketing,en,Teamlead Corporate Communications & Marketing
2489,Teamlead Digital Marketing,Marketing,en,Teamlead Digital Marketing
2490,Teamlead Marketing,Marketing,en,Teamlead Marketing
2491,Teamlead Marketing & Communications,Marketing,en,Teamlead Marketing & Communications
2492,Teamlead Marketing Communications EMEA Telecommunications,Marketing,pt,Teamlead Marketing Communications EMEA Telecommunications
2493,Teamlead Marketing D/A/CH,Marketing,en,Teamlead Marketing D/A/CH
2494,Teamlead Marketing/Sales Support,Marketing,en,Teamlead Marketing/Sales Support
2495,Teamleader Business Analysts Sales and Marketing,Marketing,en,Teamleader Business Analysts Sales and Marketing
2496,Teamleader Marketing & Communication,Marketing,en,Teamleader Marketing & Communication
2497,Teamleader Marketing Communication - Living Environment Systems,Marketing,en,Teamleader Marketing Communication - Living Environment Systems
2498,Teamleader Marketing Trade Shows & Events,Marketing,en,Teamleader Marketing Trade Shows & Events
2499,Teamleader Online / Marketing,Marketing,en,Teamleader Online / Marketing
2500,Teamleader Online Marketing & Sales,Marketing,en,Teamleader Online Marketing & Sales
2501,Teammanager Marketing et Innovation,Marketing,nl,Team manager Marketing and Innovation
2502,Teammanager Product Marketing Communications,Marketing,en,Teammanager Product Marketing Communications
2503,Teamverantwortliche Marketing / Kommunikation,Marketing,de,Team responsible marketing / communication
2504,Technical Marketing,Marketing,en,Technical Marketing
2505,Technical Marketing & Sales Support,Marketing,en,Technical Marketing & Sales Support
2506,Technical Marketing Specialist,Marketing,en,Technical Marketing Specialist
2507,Technical Tool Analyst in Sales & Marketing,Marketing,en,Technical Tool Analyst in Sales & Marketing
2508,Technische Dokumentation und Kommunikation,Marketing,de,Technical documentation and communication
2509,Technische Redakteurin / Mitarbeiterin im Marketing,Marketing,de,Technical editor/employee in marketing
2510,Technische Redakteurin und Marketingassistentin,Marketing,de,Technical editor and marketing assistant
2511,Technischer Vertrieb & Marketing,Marketing,de,Technical Sales & Marketing
2512,Technisches Marketing,Marketing,de,Technical marketing
2513,Trade Marketing,Marketing,en,Trade Marketing
2514,Trade Marketing & Event Specialist,Marketing,en,Trade Marketing & Event Specialist
2515,Trade Marketing & GPV / Promotor,Marketing,en,Trade Marketing & GPV / Promotor
2516,Trade Marketing & Merchandising Specialist,Marketing,en,Trade Marketing & Merchandising Specialist
2517,Trade Marketing Coordinator,Marketing,en,Trade Marketing Coordinator
2518,Trainee im nationalen und internationalen Marketing,Marketing,de,Trainee in national and international marketing
2519,Trainee Marketing & Sales,Marketing,en,Trainee Marketing & Sales
2520,Trainee Marketing/ Vertrieb,Marketing,de,Trainee Marketing/Distribution
2521,Trainee Performance Marketing,Marketing,en,Trainee Performance Marketing
2522,Turning B2B Marketing Strategies into Digital Realities,Marketing,en,Turning B2B Marketing Strategies into Digital Realities
2523,Unternehmensentwicklung | Marketing,Marketing,de,Business Development
2524,Unternehmenskommunikation / Marketing,Marketing,hi,Corporate communications / marketing
2525,Unternehmenskommunikation und Marketing,Marketing,de,Corporate Communications and Marketing
2526,Unternehmenskommunikation/Marketing,Marketing,de,Corporate Communications/Marketing
2527,Unternehmensservice (Messe Kontakt),Marketing,de,Company service (trade fair contact)
2528,UX-Designer / Online Marketing Consultant,Marketing,en,UX-Designer / Online Marketing Consultant
2529,Veranstaltungsmanagement/ Marketing,Marketing,de,Event management/marketing
2530,Verantwortlich für die Bereiche Digitale Medien und Marketing Holzbauelemente,Marketing,de,Responsible for the areas of digital media and marketing timber components
2531,Verantwortliche Marketing & Kommunikation,Marketing,de,Responsible Marketing & Communication
2532,Verantwortlicher Marketing,Marketing,de,Responsible Marketing
2533,Verantwortlicher Marketing/Kommunikation,Marketing,de,Responsible Marketing/Communication
2534,Verkauf/ Marketing,Marketing,de,Sales/marketing
2535,Verkaufsadministration / Marketing,Marketing,de,Sales administration / Marketing
2536,Vertieb (Messe Kontakt),Marketing,nl,Sales (trade fair contact)
2537,Vertiebsinnendienst und Marketing,Marketing,de,Internal Sales Service and Marketing
2538,Vertrieb - Marketing und CRM,Marketing,de,Sales - Marketing and CRM
2539,Vertrieb & Marketing,Marketing,de,Sales & Marketing
2540,Vertrieb & Marketing (Messe Kontakt),Marketing,de,Sales & Marketing (trade fair contact)
2541,Vertrieb & Marketing International,Marketing,de,Sales & Marketing International
2542,Vertrieb & Marketing/Kommunikation,Marketing,de,Sales & Marketing/Communication
2543,Vertrieb / Einkauf Rohteile / Marketing,Marketing,de,Sales / Purchasing raw parts / Marketing
2544,Vertrieb / Marketing,Marketing,de,Sales / Marketing
2545,Vertrieb / Marketing / Prokurist,Marketing,de,Sales / Marketing / Procurator
2546,Vertrieb International und Marketing,Marketing,de,Sales International and Marketing
2547,Vertrieb Marketing BDM,Marketing,de,Sales Marketing BDM
2548,Vertrieb Marketing operativ,Marketing,de,Sales Marketing operative
2549,Vertrieb und Marketing,Marketing,de,Sales and Marketing
2550,Vertrieb und Marketing / Marketing / Werbung / PR,Marketing,de,Sales and Marketing / Marketing / Advertising / PR
2551,Vertrieb und Marketing communication,Marketing,de,Sales and Marketing Communication
2552,Vertrieb und Marketing International,Marketing,de,Sales and Marketing International
2553,Vertrieb Walzenguss / Marketing,Marketing,de,Sales Casting / Marketing
2554,Vertrieb/ Marketing,Marketing,de,Sales/marketing
2555,Vertrieb/Marketing,Marketing,de,Sales/Marketing
2556,Vertrieb/Marketing & CRM,Marketing,de,Sales/Marketing & CRM
2557,Vertrieb/Marketing/Ausbildung,Marketing,de,Sales/Marketing/Training
2558,Vertrieb-Marketing / Sales-Marketing / Ventas-Marketing,Marketing,de,Sales Marketing / Sales Marketing / Ventas Marketing
2559,Vertriebs- und Marketing Assistentin,Marketing,de,Sales and Marketing Assistant
2560,Vertriebs- und Marketing Assistenz,Marketing,de,Sales and Marketing Assistance
2561,Vertriebs- und Marketingassistent,Marketing,de,Sales and Marketing Assistant
2562,Vertriebs- und Marketingassistentin,Marketing,de,Sales and Marketing Assistant
2563,Vertriebs- und Marketingassistenz,Marketing,de,Sales and marketing assistance
2564,Vertriebs- und Marketingkoordinator,Marketing,de,Sales and Marketing Coordinator
2565,Vertriebs- und Marketingmitarbeiter,Marketing,de,Sales and marketing staff
2566,Vertriebs- und Marketing-Mitarbeiter,Marketing,de,Sales and marketing staff
2567,Vertriebs- und Marketingspezialist,Marketing,de,Sales and Marketing Specialist
2568,Vertriebsassistentin & Marketing Motorsport & Tuning,Marketing,de,Sales Assistant & Marketing Motorsport & Tuning
2569,Vertriebsassistentin / Marketing,Marketing,de,Sales Assistant / Marketing
2570,Vertriebsassistentin/ Marketing und Öffentlichkeitsarbeit,Marketing,de,Sales Assistant/Marketing and Public Relations
2571,Vertriebsassistentin/Marketing,Marketing,de,Sales Assistant/Marketing
2572,Vertriebsassistentin/Marketingkoordinator,Marketing,de,Sales Assistant/Marketing Coordinator
2573,Vertriebsinnen / -außendienst & Marketing,Marketing,de,Sales & Marketing
2574,Vertriebsinnendienst / Marketing,Marketing,de,Internal Sales Service / Marketing
2575,Vertriebsinnendienst Export / Marketing / EDV,Marketing,de,Internal Sales Service Export / Marketing / EDP
2576,Vertriebsinnendienst und Marketing,Marketing,de,Internal Sales Service and Marketing
2577,Vertriebskoordinatorin/ Marketingmanagerin,Marketing,de,Sales coordinator/marketing manager
2578,Vertriebsmarketing + Internationales Marketing,Marketing,de,Sales Marketing + International Marketing
2579,Vertriebsreferentin im Marketing,Marketing,de,Sales Officer in Marketing
2580,Vertriebssteuerung / Spezialist Marketing- und Vertriebscontrolling,Marketing,de,Sales Control / Specialist Marketing and Sales Controlling
2581,Vertriebssteuerung | Vertrieb und Marketing,Marketing,de,Sales control - Sales and marketing
2582,Verwaltung (Messe Kontakt),Marketing,de,Administration (trade fair contact)
2583,Verwaltung / Vertrieb / Marketing,Marketing,de,Administration / Sales / Marketing
2584,Verwaltung und Marketing,Marketing,de,Administration and Marketing
2585,Vetrieb Mobile Communication,Marketing,de,Vetrieb Mobile Communication
2586,Vetrieb und Marketing,Marketing,de,Sales and Marketing
2587,VIE Sales & Marketing,Marketing,en,VIE Sales & Marketing
2588,Vorstand (Vertrieb und Marketing),Marketing,de,Board of Directors (Sales and Marketing)
2589,Vorstand Entwicklung / Marketing / Verkauf,Marketing,de,Management Board Development / Marketing / Sales
2590,Vorstand Marketing & Vertrieb,Marketing,de,Board of Management Marketing & Sales
2591,Vorstand Marketing und Vertrieb,Marketing,de,Board of Management Marketing and Sales
2592,Vorstand Marketing/Vertrieb,Marketing,de,Board of Management Marketing/Distribution
2593,Vorstand Vertrieb & Marketing,Marketing,de,Management Board Sales & Marketing
2594,Vorstand Vertrieb und Marketing,Marketing,de,Management Board Sales and Marketing
2595,Vorstand Vertrieb/Marketing,Marketing,de,Board of Directors Sales/Marketing
2596,Vorstandsstab Marketing und Öffentlichkeitsarbeit,Marketing,de,Board of Management Marketing and Public Relations
2597,Web & Marketing Coordinator,Marketing,en,Web & Marketing Coordinator
2598,Werbung & Marketing,Marketing,de,Advertising & Marketing
2599,Werbung / Marketing,Marketing,de,Advertising / Marketing
2600,Werbung / PR / Marketing,Marketing,de,Advertising / PR / Marketing
2601,Werbung und Kommunikation,Marketing,de,Advertising and communication
2602,Werbung/Marketing/Messe,Marketing,de,Advertising/Marketing/Trade Fair
2603,Werkstudent Marketing & Recruiting,Marketing,nl,Working student Marketing & Recruiting
2604,Werkstudentin im Bereich Marketing & Kommunikation,Marketing,de,Working student in the field of marketing & communication
2605,Wirtschaftsingenieur - Marketing & Sales,Marketing,nl,Industrial Engineer - Marketing & Sales
2606,Zentrale /Messen,Marketing,de,Central/Measurements
2607,Zentrale/Messe,Marketing,de,Central/Trade Fair
2608,Zentrales Marketing / Projektbetreuung,Marketing,de,Central marketing / project support
2609,Connected Operations for Industry,Other,en,Connected Operations for Industry
2610,Revenue Operations Analyst,Other,en,Revenue Operations Analyst
2611,Strategy & Operations,Other,en,Strategy & Operations
2612,Supervisor International Fairs & Regional Training Operations,Other,en,Supervisor International Fairs & Regional Training Operations
2613,Arbeitsvorbereitung / Technischer Einkauf,Purchasing,de,Work preparation / technical purchasing
2614,Einkauf,Purchasing,de,Purchasing
2615,Einkauf & IT,Purchasing,de,Purchasing & IT
2616,Einkauf / Verkauf / Innovation,Purchasing,de,Purchasing / Sales / Innovation
2617,Einkauf IT,Purchasing,de,Purchasing IT
2618,Einkäufer,Purchasing,de,Purchasers
2619,Einkäufer und IT-Systemadministrator,Purchasing,de,Purchaser and IT system administrator
2620,Einkäuferin,Purchasing,de,Purchaser
2621,Finanzbuchhaltung / EDV / Einkauf,Purchasing,de,Financial accounting / IT / Purchasing
2622,Indirect Purchasing Material,Purchasing,en,Indirect Purchasing Material
2623,IT Einkauf,Purchasing,de,IT Purchasing
2624,IT Purchasing & Controlling,Purchasing,en,IT Purchasing & Controlling
2625,IT-Einkauf,Purchasing,de,IT purchasing
2626,Lead Buyer - Experte strategischer Einkauf,Purchasing,de,Lead Buyer - Expert strategic purchasing
2627,Ltg Einkauf/Prokuristin,Purchasing,de,Ltg Purchasing/Procurator
2628,Operative Einkäuferin,Purchasing,de,Operative buyer
2629,Produktmanagement / Einkauf Handelsware,Purchasing,de,Product Management / Purchasing Commercial Goods
2630,Purchasing,Purchasing,en,Purchasing
2631,Purchasing and Logistics,Purchasing,en,Purchasing and Logistics
2632,Regionalverantwortlicher Einkauf,Purchasing,de,Regionally responsible purchasing
2633,Sachbearbeiter Einkauf/Verkauf,Purchasing,de,Manager Purchase/sale
2634,Strategische Einkäuferin,Purchasing,de,Strategic buyer
2635,Technischer Einkäufer,Purchasing,de,Technical purchaser
2636,? B2B | B2C - Unlocking potential - Hospitality software solutions/development/outsourcing/product development ?- Business development | Sales | forecasting | planning ?,Sales,en,? B2B | B2C - Unlocking potential - Hospitality software solutions/development/outsourcing/product development ?- Business development | Sales | forecasting | planning ?
2637,✯ Principal CRM Solution Architect ✯ Large Scale Enterprise Initiatives ✯ Salesforce ✯ Sales & Service Operations,Sales,en,✯ Principal CRM Solution Architect ✯ Large Scale Enterprise Initiatives ✯ Salesforce ✯ Sales & Service Operations
2638,•Sales manager customized induction ranges & prof. kitchen designer,Sales,en,•Sales manager customized induction ranges & prof. kitchen designer
2639,Account Coordinator National Sales,Sales,en,Account Coordinator National Sales
2640,Accountmanager,Sales,en,Accountmanager
2641,Administrateur Salesforce,Sales,nl,Salesforce Administrator
2642,Administrateur système Salesforce,Sales,fr,Salesforce System Administrator
2643,Administrator Sales/Back-Office,Sales,en,Administrator Sales/Back-Office
2644,Administrator/Vertrieb,Sales,de,Administrator/distribution
2645,Advisor Internal Sales,Sales,en,Advisor Internal Sales
2646,After Sales Service,Sales,en,After Sales Service
2647,Akquisition & Vertrieb,Sales,de,Acquisition & Sales
2648,Akquisition und Vertrieb,Sales,de,Acquisition and sales
2649,alphaSales,Sales,hi,alphaSales
2650,Angestellte im Vertriebsinnendienst,Sales,de,Employees in the Internal Sales Service
2651,Application Consultant | Salesforce Administrator,Sales,en,Application Consultant | Salesforce Administrator
2652,Application Sales Engineer,Sales,en,Application Sales Engineer
2653,Architektin /Vertrieb,Sales,de,Architect/distribution
2654,Assistent Vertrieb,Sales,de,Sales Assistant
2655,Assistentin des Vertriebs,Sales,de,Sales assistant
2656,Assistentin Direktor Vertrieb,Sales,de,Assistant Director Sales
2657,Assistentin Internationaler Vertrieb,Sales,de,Assistant International Sales
2658,Assistentin Sales Intelligence,Sales,en,Assistentin Sales Intelligence
2659,Assistentin Vertrieb,Sales,de,Sales assistant
2660,Assistentin Vertrieb / Messen und Ausstellungen,Sales,de,Assistant Sales / Fairs and Exhibitions
2661,Assistentin Vertrieb / Projektierung,Sales,de,Assistant Sales / Projecting
2662,Assistentin Vertrieb / Technical Sales,Sales,de,Assistant Sales / Technical Sales
2663,Assistentin Vertrieb D-A-CH,Sales,de,Assistant Sales D-A-CH
2664,Assistenz in der Vertriebssteuerung,Sales,de,Assistance in sales control
2665,-Assistenz Sales-,Sales,tr,-Assistance Sales-
2666,Assistenz Vertrieb,Sales,de,Assistance Sales
2667,Assistenz Vertrieb/Projektierung,Sales,de,Assistance Sales/Projecting
2668,Asus Sales Representative  Region Südwest,Sales,de,Asus Sales Representative Region Southwest
2669,Auftragsabwicklung / Vertriebsinnendienst,Sales,de,Order processing / Internal Sales Service
2670,Außendienst Vertrieb,Sales,de,Sales field service
2671,Außendienst Vertrieb Handel,Sales,de,Field Service Distribution Distributive trades
2672,Außendienstler Vertrieb Baumaschinen,Sales,de,Field Sales Construction Machinery
2673,Auszubildender Vertrieb,Sales,de,Apprenticeship
2674,B2B Vertrieb,Sales,de,B2B Distribution
2675,Back Office Vertrieb,Sales,de,Back Office Sales
2676,Backoffice / Vertrieb,Sales,de,Backoffice / Distribution
2677,Beratung & Vertrieb,Sales,de,Consultancy & Sales
2678,Beratung + Vertrieb,Sales,de,Consultancy + distribution
2679,Beratung Kundenprojekte / Vertrieb,Sales,de,Consultancy Customer projects / Sales
2680,Beratung und Vertrieb,Sales,de,Consultancy and distribution
2681,Beratung und Vertrieb Web-Solutions / E-Business,Sales,de,Consulting and Sales Web-Solutions / E-Business
2682,Bereiche: Vertrieb B2B und B2C,Sales,de,Areas: Distribution B2B and B2C
2683,Betriebswirt und Ingenieur Vertrieb,Sales,de,Business and engineering sales
2684,Big Data Analytics Sales Lead,Sales,en,Big Data Analytics Sales Lead
2685,Business Administration & Sales,Sales,en,Business Administration & Sales
2686,Business Analyst Vertrieb,Sales,de,Business Analyst Sales
2687,Business Development - strategischer Vertrieb -,Sales,de,Business Development - strategic sales -
2688,Business Development & Sales,Sales,en,Business Development & Sales
2689,Business Development / Sales,Sales,en,Business Development / Sales
2690,Business Development | Sales,Sales,hi,Business Development | Sales
2691,Business Development Analyst - Sales and Market...,Sales,en,Business Development Analyst - Sales and Market...
2692,Business Development/ Sales,Sales,en,Business Development/ Sales
2693,Business Development/ Sales/ Recruiting,Sales,en,Business Development/ Sales/ Recruiting
2694,Business Operations Analyst - Global Business Analytics & Sales Insights,Sales,en,Business Operations Analyst - Global Business Analytics & Sales Insights
2695,Business Processes/Application Support Salesforce,Sales,en,Business Processes/Application Support Salesforce
2696,Central Sales Specialist,Sales,en,Central Sales Specialist
2697,Chargée de missions CRM - Salesforce,Sales,fr,CRM Project Manager - Salesforce
2698,Chef de Projet CRM - Administrateur Salesforce,Sales,fr,CRM Project Manager - Salesforce Administrator
2699,Chef de projet CRM Salesforce,Sales,fr,Salesforce CRM Project Manager
2700,Chef de projet déploiement & formateur de Salesforce pour les managers opérationnels,Sales,fr,Deployment Project Manager & Salesforce Trainer for Operational Managers
2701,Chef de projet IT CRM Salesforce chez Volkswagen France,Sales,fr,Salesforce IT CRM Project Manager at Volkswagen France
2702,Chef de projet Salesforce,Sales,fr,Salesforce Project Manager
2703,Chemieingenieur im Vertriebswesen,Sales,de,Chemical engineer in sales
2704,CIC Steuerung Vertrieb Deutschland,Sales,de,CIC control sales Germany
2705,CLM Principal Sales,Sales,en,CLM Principal Sales
2706,Cloud Partner Sales Salesforce,Sales,en,Cloud Partner Sales Salesforce
2707,Consultant for Creative Solutions (Vertrieb),Sales,en,Consultant for Creative Solutions (Vertrieb)
2708,Consultant Sales Demands,Sales,en,Consultant Sales Demands
2709,Consultant Salesforce & SAP,Sales,en,Consultant Salesforce & SAP
2710,Consultant Vertrieb,Sales,de,Consultant Sales
2711,Consultante en gestion de projet & spécialisée CRM Salesforce,Sales,fr,Project Management Consultant & CRM Specialist Salesforce
2712,Consulting / Sales,Sales,en,Consulting / Sales
2713,Consulting and Sales,Sales,en,Consulting and Sales
2714,Consulting Sales (Planungsberater),Sales,de,Consulting Sales (planning consultant)
2715,Consulting Vertrieb,Sales,de,Consulting Sales
2716,COO / Einkauf / Vertrieb,Sales,de,COO / Purchasing / Distribution
2717,Countrymanager - Vertrieb Ö,Sales,de,Countrymanager - Sales Ö
2718,CRM & Sales processes,Sales,en,CRM & Sales processes
2719,CRM & Sales Systems Expert,Sales,en,CRM & Sales Systems Expert
2720,CRM / Vertriebspartner Europa,Sales,de,CRM / Distribution Partner Europe
2721,CRM / xRM Sales Consultant,Sales,en,CRM / xRM Sales Consultant
2722,CRM Admin Salesforce,Sales,en,CRM Admin Salesforce
2723,CRM Administrator Salesforce,Sales,en,CRM Administrator Salesforce
2724,CRM and Sales Tools Specialist EMEA,Sales,en,CRM and Sales Tools Specialist EMEA
2725,CRM Consultant / Vertrieb,Sales,de,CRM Consultant / Sales
2726,CRM Lead Solution Consultant - Salesforce@TietoEVRY,Sales,en,CRM Lead Solution Consultant - Salesforce@TietoEVRY
2727,CRM Online Sales,Sales,en,CRM Online Sales
2728,CRM project leader & IT/Sales solutions,Sales,en,CRM project leader & IT/Sales solutions
2729,CRM SalesForce Data Steward Europe,Sales,en,CRM SalesForce Data Steward Europe
2730,CRM Salesforce Specialist,Sales,en,CRM Salesforce Specialist
2731,CRM Specialist Best Customer Experience Van After-Sales,Sales,en,CRM Specialist Best Customer Experience Van After-Sales
2732,CRM Vertrieb,Sales,de,CRM Distribution
2733,CRM&Vertrieb für Printprodukte Hotellerie AT & Wien/NÖ/Bgld,Sales,de,CRM&Sales for print products Hotellerie AT & Wien/NÖ/Bgld
2734,Customer Experience / Inside Sales,Sales,en,Customer Experience / Inside Sales
2735,Customer Sales & Support,Sales,en,Customer Sales & Support
2736,Customer Sales Representative,Sales,en,Customer Sales Representative
2737,Customer Service Team Leader - Sales Support EMEA,Sales,en,Customer Service Team Leader - Sales Support EMEA
2738,Developing and Leading Sales Teams I Growing Organizations by Digital Transformation,Sales,en,Developing and Leading Sales Teams I Growing Organizations by Digital Transformation
2739,Digital Sales,Sales,en,Digital Sales
2740,Digital Sales Europe,Sales,en,Digital Sales Europe
2741,Digital Sales Lead - Teamlead,Sales,en,Digital Sales Lead - Teamlead
2742,Digital Sales Specialist,Sales,en,Digital Sales Specialist
2743,Dipl.-Ing. Produktmanagement B2B - Vertrieb,Sales,de,Dipl.-Ing. Produktmanagement B2B - Sales
2744,Dir. Channel Sales DACH,Sales,hi,Dir. Channel Sales DACH
2745,Direct Sales,Sales,en,Direct Sales
2746,Direct Sales Europe,Sales,en,Direct Sales Europe
2747,Direct Sales Representative,Sales,en,Direct Sales Representative
2748,Direktor Global Sales & Business Development/Pr...,Sales,nl,Direktor Global Sales & Business Development/Pr...
2749,Direktor Sales und Business Development,Sales,de,Director Sales and Business Development
2750,Direktor Solution Sales & Vertriebsmanagement,Sales,de,Director Solution Sales & Sales Management
2751,Direktor Vertrieb,Sales,de,Director of Sales
2752,Direktor Vertrieb & Strategie,Sales,de,Director Sales & Strategy
2753,Direktor Vertrieb & Strategische Projekte,Sales,de,Director Sales & Strategic Projects
2754,Direktor Vertrieb CREATON GmbH - Gemeinsam am Dachpuls,Sales,de,Director Sales CREATON GmbH - Together at the roof pulse
2755,Direktor Vertrieb Deutschland & Schweiz,Sales,de,Director Sales Germany & Switzerland
2756,Direktor Vertrieb Fonds,Sales,de,Director of Sales Funds
2757,Direktor Vertrieb und Projektierung,Sales,de,Director Sales and Projecting
2758,Direktor Vertrieb und Technik - Prokurist,Sales,de,Director Sales and Technology - Procurist
2759,Direktor Vertriebsorganisation - Prokurist,Sales,de,Director Sales Organization - Procurist
2760,Direktorin Vertrieb,Sales,de,Director of Sales
2761,Division Group Sales,Sales,en,Division Group Sales
2762,E-Commerce & Global Direct Sales,Sales,en,E-Commerce & Global Direct Sales
2763,Einkauf und Vertrieb,Sales,de,Purchasing and distribution
2764,Einkäufer / Vertrieb Automotive,Sales,de,Purchaser / Sales Automotive
2765,Energy and Lighting Sales,Sales,en,Energy and Lighting Sales
2766,Enterprise Sales,Sales,en,Enterprise Sales
2767,Enterprise Sales Representative,Sales,en,Enterprise Sales Representative
2768,EUROCENTRAL CRE Sales Transaction Support Specialist,Sales,en,EUROCENTRAL CRE Sales Transaction Support Specialist
2769,European Sales Projects Specialist,Sales,en,European Sales Projects Specialist
2770,Exoscale/Sen Sales Mgr/Inside Sales Mgr/Channel Sales TL @ Lenovo Global Technology Germany GmbH,Sales,nl,Exoscale/Sen Sales Mgr/Inside Sales Mgr/Channel Sales TL @ Lenovo Global Technology Germany GmbH
2771,Experienced Sales,Sales,en,Experienced Sales
2772,Expert Consultant CRM/Sales/Logistics,Sales,en,Expert Consultant CRM/Sales/Logistics
2773,Expert CRM | Sales Excellence,Sales,en,Expert CRM | Sales Excellence
2774,Experte für Vertrieb und Export,Sales,de,Expert for sales and export
2775,Expertin CRM & Vertriebskoordination,Sales,de,Expert CRM & Sales Coordination
2776,Fachberater Vertrieb CRM,Sales,de,Specialist Consultant Sales CRM
2777,Fachreferat Vertriebsstrategie,Sales,de,Department of Sales Strategy
2778,Field Sales,Sales,en,Field Sales
2779,Field Sales Representative,Sales,en,Field Sales Representative
2780,Field Sales System Support,Sales,en,Field Sales System Support
2781,Firmenkunden-Betreuer / Vertrieb von Personalentwicklungskonzepten,Sales,de,Corporate Client Manager / Sales of Human Resources Development Concepts
2782,Foreign Markets Sales Representative,Sales,en,Foreign Markets Sales Representative
2783,Geschäftskundenbetreuung & Vertrieb,Sales,de,Business customer support & sales
2784,Global BPM CRM - Sales Enablement,Sales,pt,Global BPM CRM - Sales Enablement
2785,Global Sales,Sales,en,Global Sales
2786,Global Sales Desk Leader,Sales,en,Global Sales Desk Leader
2787,Global Sales Leader,Sales,en,Global Sales Leader
2788,Global Sales Operations Specialist at MSX International,Sales,en,Global Sales Operations Specialist at MSX International
2789,Global Salesdirector,Sales,en,Global Salesdirector
2790,Global Salesforce Administrator,Sales,en,Global Salesforce Administrator
2791,Großkundenbetreuung / Vertrieb,Sales,de,Large-scale customer support / distribution
2792,Group Leader Sales,Sales,en,Group Leader Sales
2793,Group Sales Controller,Sales,en,Group Sales Controller
2794,i.A. Team Lead Sales Support,Sales,en,i.A. Team Lead Sales Support
2795,Incubation Sales,Sales,en,Incubation Sales
2796,Independant Sales Consultant,Sales,en,Independant Sales Consultant
2797,Inhaber - Vertrieb,Sales,de,Owners - Distribution
2798,Inhouse Sales Coordinator,Sales,en,Inhouse Sales Coordinator
2799,Innendienstmitarbeiter Vertrieb,Sales,de,Internal sales staff
2800,Inside Sales,Sales,en,Inside Sales
2801,Inside Sales - Solution Sales Enterprise Server...,Sales,en,Inside Sales - Solution Sales Enterprise Server...
2802,Inside Sales & Pre-Sales,Sales,en,Inside Sales & Pre-Sales
2803,Inside Sales / Business Development,Sales,en,Inside Sales / Business Development
2804,Inside Sales / DELL Solutions,Sales,en,Inside Sales / DELL Solutions
2805,Inside Sales Consultant,Sales,en,Inside Sales Consultant
2806,Inside Sales Coordinator,Sales,en,Inside Sales Coordinator
2807,Inside Sales New Business,Sales,en,Inside Sales New Business
2808,Inside Sales Representative,Sales,en,Inside Sales Representative
2809,Inside Sales Representative (D-A-CH),Sales,pt,Inside Sales Representative (D-A-CH)
2810,Inside Sales Representative D/A/CH,Sales,pt,Inside Sales Representative D/A/CH
2811,Inside Sales Representative EMEAR,Sales,en,Inside Sales Representative EMEAR
2812,Inside Sales Representative Germany,Sales,en,Inside Sales Representative Germany
2813,Inside Sales Specialist,Sales,en,Inside Sales Specialist
2814,Inside Sales Specialist & SAP Core User Germany Central/ West,Sales,en,Inside Sales Specialist & SAP Core User Germany Central/ West
2815,Inside Sales Specialist / Business Development,Sales,en,Inside Sales Specialist / Business Development
2816,Inside Sales Team Lead,Sales,en,Inside Sales Team Lead
2817,int. Technischer Vertrieb,Sales,de,Int. Technical distribution
2818,Interim Team Lead Inside Sales,Sales,en,Interim Team Lead Inside Sales
2819,Internal Sales,Sales,en,Internal Sales
2820,Internal Sales / Customer Service Trainer,Sales,en,Internal Sales / Customer Service Trainer
2821,Internal Sales / Vertrieb,Sales,de,Internal Sales / Sales
2822,Internal Sales Advisor,Sales,en,Internal Sales Advisor
2823,Internal Sales Coordinator,Sales,en,Internal Sales Coordinator
2824,International Business Development and Sales,Sales,en,International Business Development and Sales
2825,International Inside Sales,Sales,en,International Inside Sales
2826,International PreSales Specialist,Sales,en,International PreSales Specialist
2827,International Sales,Sales,en,International Sales
2828,International Sales - Vertriebsinnendienst Projektbearbeitung/Backoffice,Sales,de,International Sales - Internal Sales Service Project Processing/Backoffice
2829,International Sales & Application,Sales,en,International Sales & Application
2830,International Sales & Business Development,Sales,en,International Sales & Business Development
2831,International Sales & Purchasing,Sales,en,International Sales & Purchasing
2832,International Sales Development,Sales,en,International Sales Development
2833,International Sales Representative,Sales,en,International Sales Representative
2834,International Sales Specialist,Sales,en,International Sales Specialist
2835,International Salesforce Consultant (Inhouse),Sales,en,International Salesforce Consultant (Inhouse)
2836,Internationale Vertriebsassistenz,Sales,de,International Sales Assistance
2837,Internationaler Vertrieb Technische Federn und Medizintechnik,Sales,de,International Sales Technical Springs and Medical Technology
2838,Internationaler Vertriebskoordinator,Sales,de,International Sales Coordinator
2839,Interne Salesforce (CRM) Beraterin,Sales,tr,Internal Salesforce (CRM) consultant
2840,Interner Vertrieb,Sales,de,Internal distribution
2841,IOX Digital Sales (IOX/SDS,Sales,en,IOX Digital Sales (IOX/SDS
2842,IT- & Salesforce-Administrator,Sales,en,IT- & Salesforce-Administrator
2843,IT Sales Consultant,Sales,en,IT Sales Consultant
2844,IT Specialist Sales & Foreign Trade,Sales,en,IT Specialist Sales & Foreign Trade
2845,IT Teamlead CRM and Sales,Sales,en,IT Teamlead CRM and Sales
2846,IT-Anwendungsbetreuer Salesforce CRM,Sales,de,IT Application Manager Salesforce CRM
2847,IT-Consultant Salesforce,Sales,en,IT-Consultant Salesforce
2848,IT-Projektmanager Salesforce CRM,Sales,en,IT-Projektmanager Salesforce CRM
2849,IT-Vertriebsmitarbeiter,Sales,de,IT sales staff
2850,IT-Vertriebsmitarbeiterin,Sales,de,IT sales representative
2851,Kalkulation und Vertrieb,Sales,de,Calculation and distribution
2852,Kaufmännische Angestellte im Vertriebsinnendienst,Sales,de,Commercial employees in the sales department
2853,Key Account / Vertrieb,Sales,de,Key Account / Distribution
2854,Key Account / Vertrieb / Strategie / Portfolio,Sales,de,Key Account / Sales / Strategy / Portfolio
2855,Key Account Assistent Vertrieb,Sales,de,Key Account Assistant Sales
2856,Key Account Vertrieb,Sales,en,Key Account Vertrieb
2857,Key User CRM - After Sales,Sales,en,Key User CRM - After Sales
2858,Kontaktmanagement (Sales/Vertrieb),Sales,de,Contact management (sales/distribution)
2859,Koordinator Außendienst Deutschland & Strategiemanagement Vertrieb,Sales,de,Coordinator Field Service Germany & Strategy Management Sales
2860,KOORDINATOR VERTRIEBSINNENDIENST,Sales,nl,COORDINATOR SALES SERVICE
2861,Kundenberater (Vertrieb),Sales,de,Customer consultant (distribution)
2862,Kundenbetreuer/Vertrieb,Sales,de,Customer support/distribution
2863,Kundenbetreuuer im Vertriebsinnendienst,Sales,de,Customer support in the Internal Sales Service
2864,Kundenbetreuung IT-Vertrieb,Sales,de,Customer support IT sales
2865,Kundenbetreuung Vertrieb,Sales,de,Customer support Sales
2866,Kundendialog & Neukundenvertrieb - Sales,Sales,de,Customer Dialog & New Customer Sales - Sales
2867,Kundenmanagerin / Vertriebsinnendienst,Sales,de,Customer Manager / Internal Sales Service
2868,Lead Direct Media Sales (Scout24 Media),Sales,en,Lead Direct Media Sales (Scout24 Media)
2869,Lead Inside Sales,Sales,en,Lead Inside Sales
2870,Lead of Sales Enablement Photofinishing Europe,Sales,en,Lead of Sales Enablement Photofinishing Europe
2871,Lead Sales Controlling EMEA,Sales,pt,Lead Sales Controlling EMEA
2872,Leader CRM and Sales Processes EMEA,Sales,en,Leader CRM and Sales Processes EMEA
2873,Leader Inside Sales,Sales,en,Leader Inside Sales
2874,Legrand ✔ Vertrieb ✔ Vertriebscontrolling ✔ Salesforce Administrator ✔ Vertriebssteuerung ✔ Unternehmensprozesse ✔ Strategie ✔,Sales,de,Legrand ✔ Distribution ✔ Distribution controlling ✔ Salesforce Administrator ✔ Distribution control ✔ Business processes ✔ Strategy ✔
2875,Leitender Angestellter Vertrieb,Sales,de,Head of Sales
2876,Leitender Vertriebsbeauftragter,Sales,de,Head of Sales Officer
2877,Ltg Vertrieb,Sales,de,Ltg Distribution
2878,Ltg Vertrieb Markt Heilmittel,Sales,de,Ltg Distribution Market Remedies
2879,Ltg.Vertriebssupport,Sales,de,Ltg.Sales support
2880,Ltr. Vertrieb,Sales,de,Distribution
2881,Markting & Vertrieb,Sales,de,Marketing & Sales
2882,MD Sales,Sales,en,MD Sales
2883,Medialer Vertrieb,Sales,de,Media distribution
2884,Messen / Vertriebsassistenz,Sales,de,Fairs / Sales Assistance
2885,Messen/Vertrieb,Sales,de,Measurement/distribution
2886,Mitarbeiter strategische Vertriebsprojekte,Sales,de,Employees strategic sales projects
2887,Mitarbeiter Vertrieb,Sales,de,Sales staff
2888,Mitarbeiter Vertriebsinnendienst,Sales,de,Staff Internal Sales Service
2889,Mitarbeiter Vertriebssupport,Sales,de,Employee sales support
2890,Mitarbeiterin im Vertrieb (B2B),Sales,de,Employee in sales (B2B)
2891,Mitarbeiterin Vertrieb,Sales,de,Employee in Sales
2892,Mitarbeiterin Vertriebsinnendienst,Sales,de,Employee in Internal Sales Service
2893,MPS&IT Sales Consulting,Sales,ur,MPS&IT Sales Consulting
2894,National Sales & Operations Trainer,Sales,en,National Sales & Operations Trainer
2895,National Sales Coordinator,Sales,en,National Sales Coordinator
2896,Network Sales & Operations Supervisor,Sales,en,Network Sales & Operations Supervisor
2897,Nordic Healthcare IT Sales Specialist,Sales,en,Nordic Healthcare IT Sales Specialist
2898,Off-Price Sales Specialist,Sales,en,Off-Price Sales Specialist
2899,Organisationsberatung und Vertrieb,Sales,de,Organizational consulting and distribution
2900,Outbound Sales Development Representative - DACH,Sales,pt,Outbound Sales Development Representative - DACH
2901,Partner Digital Sales,Sales,en,Partner Digital Sales
2902,Personalberater / Vertrieb,Sales,de,Personnel adviser/distribution
2903,Pre Sales,Sales,en,Pre Sales
2904,Pre Sales Consultant,Sales,en,Pre Sales Consultant
2905,Pre Sales Consulting (Messe Kontakt),Sales,de,Pre Sales Consulting (Trade Fair Contact)
2906,Pre/After Sales Support Automatisierte Systeme,Sales,de,Pre/After Sales Support Automated Systems
2907,Pre-Sales & Leadmanagement,Sales,en,Pre-Sales & Leadmanagement
2908,Pre-Sales Consultant,Sales,en,Pre-Sales Consultant
2909,PreSales Microsoft Dynamics CE,Sales,en,PreSales Microsoft Dynamics CE
2910,Pre-Sales Specialist,Sales,en,Pre-Sales Specialist
2911,President Global Sales HPC & Key Account Excellence,Sales,en,President Global Sales HPC & Key Account Excellence
2912,Principal Sales DACH,Sales,en,Principal Sales DACH
2913,Process Specialist CRM (Update and Salesforce),Sales,en,Process Specialist CRM (Update and Salesforce)
2914,Product Sales Leader,Sales,en,Product Sales Leader
2915,Production Sales Specialist / Team Lead High End Production,Sales,en,Production Sales Specialist / Team Lead High End Production
2916,Produktmanangment Vertrieb Außenverteiler,Sales,de,Product Management Sales External Distributors
2917,Project Coordinator Sales Automotive,Sales,en,Project Coordinator Sales Automotive
2918,Project Leader SAP Sales SD / CRM (C4C),Sales,en,Project Leader SAP Sales SD / CRM (C4C)
2919,Projects Sales CRM,Sales,en,Projects Sales CRM
2920,Projektbeauftragter Vertrieb,Sales,de,Project Manager for Sales
2921,Projektierung/Vertrieb,Sales,de,Projecting/distribution
2922,Projektingenieur Vertrieb / IT Support Saleskonfiguration,Sales,nl,Project engineer sales / IT support sales configuration
2923,Projektkoordinator Vertrieb,Sales,de,Project Coordinator Sales
2924,Projektkoordinatorin Digitalisierung Sales,Sales,de,Project coordinator Digitalization Sales
2925,Projektmanagement / Vertrieb,Sales,de,Project Management / Distribution
2926,Projektmanagement im Vertrieb und IT,Sales,de,Project management in sales and IT
2927,Projektmanagement Reorganisation Sales Europe,Sales,en,Projektmanagement Reorganisation Sales Europe
2928,Projektmanagement Vertriebsservice,Sales,de,Project Management Sales Service
2929,Projektmanager & Salesforce Administrator,Sales,en,Projektmanager & Salesforce Administrator
2930,Projektmanager / Technischer Vertrieb,Sales,de,Project Manager / Technical Sales
2931,Projektmanager im Vertrieb,Sales,de,Project Manager in Sales
2932,Projektmanager internationaler Vertrieb (B2B),Sales,de,Project Manager International Sales (B2B)
2933,Projektmanager Sales,Sales,en,Projektmanager Sales
2934,Projektmanager Vertrieb,Sales,de,Project Manager Sales
2935,Projektmanager Vertrieb Innendienst,Sales,de,Project Manager Sales Internal Services
2936,Projektmanager Vertrieb Prokurist,Sales,de,Project Manager Sales Procurator
2937,Projektmanager Vertriebsorganisation,Sales,de,Project Manager Sales Organisation
2938,Projektmanager/Vertrieb,Sales,de,Project Manager/Sales
2939,Projektmanagerin IT-Projekte / Vertrieb,Sales,de,Project Manager IT Projects / Sales
2940,Projektmanagerin Vertrieb und Datenanalyse,Sales,de,Project Manager Sales and Data Analysis
2941,Projektmanagerin Vertriebskommunikation & Events,Sales,de,Project Manager Sales Communication & Events
2942,Projektsteuerung + Vertrieb,Sales,de,Project management + distribution
2943,Projektvertrieb & Vertriebscontrolling,Sales,de,Project Sales & Sales Controlling
2944,Prokurist  -Sales & Consulting-,Sales,pt,Prokurist  -Sales & Consulting-
2945,Prokurist - Vertrieb und Business Development  ...,Sales,de,Prokurist - Sales and Business Development ...
2946,Prokurist / Technischer Vertrieb,Sales,de,Procurator / Technical Sales
2947,Prokurist / Vertrieb,Sales,de,Procurator / Distribution
2948,Prokurist Vertriebsmitarbeiter,Sales,de,Procurator Sales representative
2949,Prozessentwicklung und Vertrieb,Sales,de,Process development and distribution
2950,Real Estate Acquisitions and Sales,Sales,en,Real Estate Acquisitions and Sales
2951,Referent Business Development Vertrieb,Sales,de,Speaker Business Development Sales
2952,Referent Direkt- und Vertriebsmarketing,Sales,de,Speaker Direct and Sales Marketing
2953,Referent für Vertriebssteuerung,Sales,de,Speaker for Sales Control
2954,Référent Salesforce,Sales,fr,Salesforce Referrer
2955,Referent Vertrieb,Sales,de,Head of Sales
2956,Referent Vertrieb und Logistik,Sales,de,Speaker Sales and Logistics
2957,Referent Vertriebsinnendienst,Sales,de,Speaker Internal Sales Service
2958,Referent Vertriebssteuerung,Sales,de,Speaker Sales Control
2959,Referentin Vertriebssteuerung,Sales,de,Head of Sales Management
2960,Reg. Sales Dir.,Sales,en,Reg. Sales Dir.
2961,Regional Sales Leader,Sales,en,Regional Sales Leader
2962,Research und Vertrieb,Sales,de,Research and distribution
2963,Responsable Application Métier / Salesforce,Sales,en,Responsable Application Métier / Salesforce
2964,Responsable BU Microsoft BI et Salesforce,Sales,nl,Microsoft BI and Salesforce BU Manager
2965,Responsable projet Salesforce chez Stanley Black & Decker France,Sales,fr,Salesforce Project Manager at Stanley Black & Decker UK
2966,Sachbearbeiter Vertrieb,Sales,de,Agents Sales
2967,Sachbearbeiterin im Vertriebsinnendienst,Sales,de,Agent in the Internal Sales Service
2968,Sachbearbeiterin und Vertriebsassistentin,Sales,de,Agent and sales assistant
2969,Sachbearbeiterin Vertrieb,Sales,de,Agent for Sales
2970,Sachbearbeiterin Vertrieb Bergbau,Sales,de,Officer in charge of distribution of mining
2971,Sachbearbeiterin Vertrieb Technische Produkte,Sales,de,Agent Sales Technical Products
2972,Sachbearbeiterin Vertrieb und Arbeitsvorbereitung,Sales,de,Agent for sales and work preparation
2973,Sachbearbeiterin Vertriebsinnendienst,Sales,de,Agent Internal Sales Service
2974,Sachbearbeitung Vertrieb / Einkauf,Sales,de,Processing Sales / Purchasing
2975,Sales,Sales,en,Sales
2976,Sales - Renewable Energy,Sales,en,Sales - Renewable Energy
2977,Sales - Systeme Transporttechnik,Sales,de,Sales - Systems Transport Technology
2978,Sales - Training / systemisches Coaching / Gründungsberatung,Sales,de,Sales - Training / Systemic coaching / Start-up consulting
2979,Sales & Business Development,Sales,en,Sales & Business Development
2980,Sales & Business Development DACH,Sales,de,Sales & Business Development DACH
2981,Sales & Business Development Team Lead,Sales,en,Sales & Business Development Team Lead
2982,Sales & Compliance Legal,Sales,en,Sales & Compliance Legal
2983,Sales & Consulting,Sales,en,Sales & Consulting
2984,Sales & CRM Support,Sales,en,Sales & CRM Support
2985,Sales & Customer Service Representative,Sales,en,Sales & Customer Service Representative
2986,Sales & Growth,Sales,en,Sales & Growth
2987,Sales & Markeing,Sales,en,Sales & Markeing
2988,Sales & Market Intelligence,Sales,en,Sales & Market Intelligence
2989,Sales & marketing director at Quinoa group,Sales,en,Sales & marketing director at Quinoa group
2990,Sales & Markting,Sales,en,Sales & Markting
2991,Sales & Operations,Sales,en,Sales & Operations
2992,Sales & Partnermanagement,Sales,en,Sales & Partnermanagement
2993,Sales & Projektmanager,Sales,en,Sales & Projektmanager
2994,Sales & Service,Sales,en,Sales & Service
2995,Sales & Services,Sales,en,Sales & Services
2996,Sales & Support,Sales,en,Sales & Support
2997,Sales & Technical Customer Service - Food Contact Films,Sales,en,Sales & Technical Customer Service - Food Contact Films
2998,Sales / Business Development,Sales,en,Sales / Business Development
2999,Sales / Vertrieb,Sales,de,Sales / Sales
3000,Sales | Außendienst,Sales,de,Sales and field service
3001,Sales Account Rep. BENELUX - France,Sales,pt,Sales Account Rep. BENELUX - France
3002,Sales Administration,Sales,en,Sales Administration
3003,Sales Administration  DACH,Sales,en,Sales Administration  DACH
3004,Sales Administration - Performance Monitoring,Sales,en,Sales Administration - Performance Monitoring
3005,Sales Administration Expert,Sales,en,Sales Administration Expert
3006,Sales Administrator,Sales,en,Sales Administrator
3007,Sales Administrator - Architektur- und Designgewebe,Sales,de,Sales Administrator - Architecture and design fabric
3008,Sales Advisor,Sales,en,Sales Advisor
3009,Sales Agent,Sales,en,Sales Agent
3010,Sales Analyst,Sales,en,Sales Analyst
3011,Sales Analyst & Administration,Sales,en,Sales Analyst & Administration
3012,Sales and product management,Sales,en,Sales and product management
3013,Sales and Project Engineer PSA account,Sales,en,Sales and Project Engineer PSA account
3014,Sales and Projects,Sales,en,Sales and Projects
3015,Sales and Recruiting,Sales,en,Sales and Recruiting
3016,Sales Associate,Sales,en,Sales Associate
3017,Sales Automation,Sales,en,Sales Automation
3018,Sales B2B,Sales,en,Sales B2B
3019,Sales Business Analyst DACH / CRM Analyst Europe,Sales,en,Sales Business Analyst DACH / CRM Analyst Europe
3020,Sales Business Developer,Sales,en,Sales Business Developer
3021,Sales Business Development,Sales,en,Sales Business Development
3022,Sales Central Europe,Sales,en,Sales Central Europe
3023,Sales Consultant,Sales,en,Sales Consultant
3024,Sales Consultant & Coordinator,Sales,en,Sales Consultant & Coordinator
3025,Sales Consultant Digital Platforms,Sales,en,Sales Consultant Digital Platforms
3026,Sales Consultant Microsoft CRM/Office 365,Sales,en,Sales Consultant Microsoft CRM/Office 365
3027,Sales Consulting,Sales,en,Sales Consulting
3028,Sales Control & Analytics,Sales,en,Sales Control & Analytics
3029,Sales Controller,Sales,en,Sales Controller
3030,Sales Controller - Team Business Development,Sales,en,Sales Controller - Team Business Development
3031,Sales Controlling,Sales,en,Sales Controlling
3032,Sales Controlling & CRM,Sales,en,Sales Controlling & CRM
3033,Sales Coordination,Sales,en,Sales Coordination
3034,Sales Coordination and Strategic Market Planning,Sales,en,Sales Coordination and Strategic Market Planning
3035,Sales Coordinator,Sales,en,Sales Coordinator
3036,Sales Coordinator Batteriesysteme Elektromobilität,Sales,de,Sales Coordinator Battery Systems Electromobility
3037,Sales Corporate Development,Sales,en,Sales Corporate Development
3038,Sales Customer Service,Sales,en,Sales Customer Service
3039,Sales DACH,Sales,hi,Sales DACH
3040,Sales Data Base,Sales,en,Sales Data Base
3041,Sales Development,Sales,en,Sales Development
3042,Sales Development DACH,Sales,en,Sales Development DACH
3043,Sales Development Representative,Sales,en,Sales Development Representative
3044,Sales Development Representative - BrightEdge,Sales,en,Sales Development Representative - BrightEdge
3045,Sales Development Representative DACH,Sales,en,Sales Development Representative DACH
3046,Sales Development Specialist,Sales,en,Sales Development Specialist
3047,Sales Development Team Lead,Sales,en,Sales Development Team Lead
3048,Sales Directoé,Sales,pt,Sales Directoé
3049,Sales director and authorized signatory,Sales,en,Sales director and authorized signatory
3050,Sales enablement,Sales,en,Sales enablement
3051,Sales Engineer,Sales,en,Sales Engineer
3052,Sales Engineer / Sr. Pre-Sales Consultant,Sales,en,Sales Engineer / Sr. Pre-Sales Consultant
3053,Sales Engineer for  heating segment and district energy at Danfoss GmbH,Sales,en,Sales Engineer for  heating segment and district energy at Danfoss GmbH
3054,Sales Engineer Logistic Solutions,Sales,en,Sales Engineer Logistic Solutions
3055,Sales Engineer Spain & Portugal,Sales,en,Sales Engineer Spain & Portugal
3056,Sales Excellence,Sales,en,Sales Excellence
3057,Sales Excellence | Sales Strategy | Business Analytics | CRM Tool & Process Implementation & Execution | Sales Controlling | Export Operations | Intercultural Communication | International Sales,Sales,en,Sales Excellence | Sales Strategy | Business Analytics | CRM Tool & Process Implementation & Execution | Sales Controlling | Export Operations | Intercultural Communication | International Sales
3058,Sales Excellence Consultant,Sales,en,Sales Excellence Consultant
3059,Sales Excellence Leader D-A-CH,Sales,en,Sales Excellence Leader D-A-CH
3060,Sales Expert,Sales,en,Sales Expert
3061,Sales force efficiency manager,Sales,en,Sales force efficiency manager
3062,Sales Force West,Sales,en,Sales Force West
3063,Sales H4ck3r,Sales,hi,Sales H4ck3r
3064,Sales Intern,Sales,en,Sales Intern
3065,Sales IT & Processmanager,Sales,en,Sales IT & Processmanager
3066,Sales Key Accounts,Sales,en,Sales Key Accounts
3067,Sales Lead,Sales,en,Sales Lead
3068,Sales Lead Researcher,Sales,en,Sales Lead Researcher
3069,Sales Leader / Vertriebsl. Wilsonart (Resopal & Polyrey) Germany-Austria-Swiss,Sales,de,Sales Leader / Sales Director Wilsonart (Resopal & Polyrey) Germany-Austria-Swiss
3070,Sales Leader Applied Genomics and Life-Science Technologies,Sales,en,Sales Leader Applied Genomics and Life-Science Technologies
3071,Sales Leader B2B,Sales,en,Sales Leader B2B
3072,Sales Manger,Sales,de,Sales Manger
3073,Sales OEM / Lose Ware,Sales,en,Sales OEM / Lose Ware
3074,Sales Operation Specialist,Sales,en,Sales Operation Specialist
3075,Sales Operations,Sales,en,Sales Operations
3076,Sales Operations Officer,Sales,en,Sales Operations Officer
3077,Sales Operations/ EBS Leader,Sales,en,Sales Operations/ EBS Leader
3078,Sales Organization,Sales,en,Sales Organization
3079,Sales Planning Expert,Sales,en,Sales Planning Expert
3080,Sales Processes & CRM System expert,Sales,en,Sales Processes & CRM System expert
3081,Sales Professional,Sales,en,Sales Professional
3082,Sales promotion and trade fair support,Sales,en,Sales promotion and trade fair support
3083,Sales Rep,Sales,en,Sales Rep
3084,Sales Rep.,Sales,en,Sales Rep.
3085,Sales Representative,Sales,en,Sales Representative
3086,Sales Representative - Joint Replacement Division,Sales,en,Sales Representative - Joint Replacement Division
3087,Sales Representative - Printing Solution - Syst...,Sales,en,Sales Representative - Printing Solution - Syst...
3088,Sales Service,Sales,en,Sales Service
3089,Sales Spare Parts / Spare part department,Sales,en,Sales Spare Parts / Spare part department
3090,Sales Specialist,Sales,en,Sales Specialist
3091,Sales Specialist - Endoscope Repair,Sales,en,Sales Specialist - Endoscope Repair
3092,Sales Specialist (Messe Kontakt),Sales,ur,Sales Specialist (trade fair contact)
3093,Sales Specialist Data,Sales,en,Sales Specialist Data
3094,Sales Spezialist,Sales,de,Sales specialist
3095,Sales Strategy EMEA,Sales,pt,Sales Strategy EMEA
3096,Sales Supervisor,Sales,en,Sales Supervisor
3097,Sales Support,Sales,en,Sales Support
3098,Sales Support & CRM manager,Sales,en,Sales Support & CRM manager
3099,Sales Support and Acquisition of New Customers,Sales,en,Sales Support and Acquisition of New Customers
3100,Sales Support and CRM Leader,Sales,en,Sales Support and CRM Leader
3101,Sales Support B2B,Sales,en,Sales Support B2B
3102,Sales Support Coordinator,Sales,en,Sales Support Coordinator
3103,Sales Support Engineer,Sales,en,Sales Support Engineer
3104,Sales Support Specialist,Sales,en,Sales Support Specialist
3105,Sales Support Specialist EMEA,Sales,en,Sales Support Specialist EMEA
3106,Sales Team Lead,Sales,en,Sales Team Lead
3107,Sales Team Leader,Sales,en,Sales Team Leader
3108,Sales Team Leader DACH,Sales,en,Sales Team Leader DACH
3109,Sales Trainer,Sales,en,Sales Trainer
3110,Sales Transformation- & Digital-Coach,Sales,en,Sales Transformation- & Digital-Coach
3111,Sales- und Projectmanager Composites,Sales,de,Sales and Project Manager Composites
3112,Sales und Projekt Consultant,Sales,de,Sales and Project Consultant
3113,Sales West- Süd Europa,Sales,de,Sales West-South Europe
3114,Sales/ CRM,Sales,en,Sales/ CRM
3115,Sales-Consultant,Sales,en,Sales-Consultant
3116,Sales-Controller,Sales,en,Sales-Controller
3117,Sales-CRM,Sales,en,Sales-CRM
3118,Salesforce,Sales,en,Salesforce
3119,Salesforce Admin,Sales,en,Salesforce Admin
3120,Salesforce Admin / Spezialist,Sales,de,Salesforce Admin / Specialist
3121,Salesforce Admin. & Global Project Coordinator,Sales,en,Salesforce Admin. & Global Project Coordinator
3122,Salesforce Administrator,Sales,en,Salesforce Administrator
3123,Salesforce Administrator & Developer,Sales,en,Salesforce Administrator & Developer
3124,Salesforce Administratorin,Sales,en,Salesforce Administratorin
3125,Salesforce Business Administrator,Sales,en,Salesforce Business Administrator
3126,Salesforce Consultant,Sales,en,Salesforce Consultant
3127,Salesforce Consultant - Salesforce Practice,Sales,en,Salesforce Consultant - Salesforce Practice
3128,Salesforce Consultant / Administrator,Sales,en,Salesforce Consultant / Administrator
3129,Salesforce Consultant | Deloitte Digital,Sales,hi,Salesforce Consultant | Deloitte Digital
3130,Salesforce CRM,Sales,en,Salesforce CRM
3131,Salesforce CRM Administrator,Sales,en,Salesforce CRM Administrator
3132,Salesforce CRM Administrator & Data Steward EMEA,Sales,pt,Salesforce CRM Administrator & Data Steward EMEA
3133,Salesforce CRM Administrator & Trainer,Sales,en,Salesforce CRM Administrator & Trainer
3134,Salesforce Developer,Sales,en,Salesforce Developer
3135,Salesforce Dude,Sales,en,Salesforce Dude
3136,Salesforce Experte,Sales,en,Salesforce Experte
3137,Salesforce Practice Lead,Sales,en,Salesforce Practice Lead
3138,Salesforce project manager - process owner - Sales department,Sales,en,Salesforce project manager - process owner - Sales department
3139,Salesforce Projektmanager,Sales,en,Salesforce Projektmanager
3140,Salesforce Solution Architect,Sales,en,Salesforce Solution Architect
3141,Salesforce Solution Architect (Functional Lead),Sales,en,Salesforce Solution Architect (Functional Lead)
3142,Salesforce Systemadministrator / Trainer,Sales,en,Salesforce Systemadministrator / Trainer
3143,Salesforce Technical Lead,Sales,en,Salesforce Technical Lead
3144,Salesforce Technical Leader,Sales,en,Salesforce Technical Leader
3145,Salesforce Trainer,Sales,en,Salesforce Trainer
3146,Salesforce Training and Communication Expert,Sales,en,Salesforce Training and Communication Expert
3147,Salesforce Verantwortliche,Sales,de,Salesforce responsible
3148,Salesforce.com Admin,Sales,en,Salesforce.com Admin
3149,Salesforce.com Administrator,Sales,en,Salesforce.com Administrator
3150,Salesforce.com Administrator & Sales Controller,Sales,en,Salesforce.com Administrator & Sales Controller
3151,Salesforce.com CRM Business Application Administrator,Sales,en,Salesforce.com CRM Business Application Administrator
3152,SalesForce.com Engineer/Administrator,Sales,en,SalesForce.com Engineer/Administrator
3153,Salesforce-Admin,Sales,en,Salesforce-Admin
3154,Salesforce-Administrator,Sales,en,Salesforce-Administrator
3155,Sales-Lab Engineer,Sales,en,Sales-Lab Engineer
3156,Salesmanager / Prokurist,Sales,hi,Sales Manager / Procurist
3157,Salesmanager D/A/CH,Sales,hi,Salesmanager D/A/CH
3158,Salesmanager Germany,Sales,en,Salesmanager Germany
3159,Salesmanagerin Direkt- und Dialogmarketing,Sales,de,Sales Manager Direct and Dialog Marketing
3160,Sales-Pipeline und Social Media Sales Expert,Sales,de,Sales pipeline and social media sales expert
3161,SAP Berater Logistik und Vertrieb,Sales,de,SAP Consultant Logistics and Sales
3162,SAP CRM Sales Force Automation Architect,Sales,en,SAP CRM Sales Force Automation Architect
3163,SAP Sales & Service Cloud Consultant,Sales,en,SAP Sales & Service Cloud Consultant
3164,SAP Sales Consultant,Sales,en,SAP Sales Consultant
3165,SAP/Salesforce Inhouse Consultant Sales and Service,Sales,en,SAP/Salesforce Inhouse Consultant Sales and Service
3166,Sen. Sales & Account Exec. DACH & Central EMEA,Sales,en,Sen. Sales & Account Exec. DACH & Central EMEA
3167,Service Inside Sales Representative,Sales,en,Service Inside Sales Representative
3168,Service Sales Specialist,Sales,en,Service Sales Specialist
3169,Solution Advisor Salesforce,Sales,en,Solution Advisor Salesforce
3170,Solution Architect / Team Lead Salesforce,Sales,en,Solution Architect / Team Lead Salesforce
3171,Solution Based Sales Professional,Sales,en,Solution Based Sales Professional
3172,Solution Sales SAP,Sales,en,Solution Sales SAP
3173,Specialist Sales,Sales,en,Specialist Sales
3174,Spezialist ERP Vertrieb / CRM,Sales,de,Specialist ERP Sales / CRM
3175,Sponsoring & Vertrieb,Sales,de,Sponsoring & Distribution
3176,Strategic Sales Projects,Sales,en,Strategic Sales Projects
3177,Strategic Sales Special Trade and Key Accounts,Sales,en,Strategic Sales Special Trade and Key Accounts
3178,Strategic Sales SPS Germany,Sales,en,Strategic Sales SPS Germany
3179,Strategischer Vertrieb,Sales,de,Strategic distribution
3180,Strategischer Vertrieb Mittelstand - Account Ex...,Sales,de,Strategic Sales Medium-Sized Business - Account Ex...
3181,Strategischer Vertriebsmanager im Customer Proc...,Sales,de,Strategic Sales Manager in Customer Proc...
3182,Supervisor Inside Sales,Sales,en,Supervisor Inside Sales
3183,Supervisor Vertriebsinnendienst,Sales,de,Supervisor Internal Sales Service
3184,System Consultant - Application Center Sales,Sales,en,System Consultant - Application Center Sales
3185,Systemberater Vertrieb,Sales,de,System Consultant Sales
3186,Systemberaterin / Vertriebsaussendienst,Sales,de,System consultant / sales office
3187,Team Lead Inside Sales,Sales,en,Team Lead Inside Sales
3188,Team Lead Inside Sales Administration,Sales,en,Team Lead Inside Sales Administration
3189,Team Lead PreSales & New Business,Sales,en,Team Lead PreSales & New Business
3190,Team Lead Sales,Sales,en,Team Lead Sales
3191,Team Lead Sales Development,Sales,en,Team Lead Sales Development
3192,Team Lead Sales Operations A&A EMEA,Sales,pt,Team Lead Sales Operations A&A EMEA
3193,Team Lead Sales Support,Sales,en,Team Lead Sales Support
3194,Team Leader - Inside Sales - Export Business,Sales,en,Team Leader - Inside Sales - Export Business
3195,Team Leader APIs & Salesforce,Sales,en,Team Leader APIs & Salesforce
3196,Team Leader Direct Sales,Sales,en,Team Leader Direct Sales
3197,Team Leader Inside Sales,Sales,en,Team Leader Inside Sales
3198,Team Leader Sales,Sales,en,Team Leader Sales
3199,Team Leader Sales - B2B Solutions,Sales,en,Team Leader Sales - B2B Solutions
3200,Team Leader Sales Backoffice,Sales,en,Team Leader Sales Backoffice
3201,Team Leader Sales Support Motion Systems,Sales,en,Team Leader Sales Support Motion Systems
3202,Teamlead Consulting & Pre-Sales,Sales,en,Teamlead Consulting & Pre-Sales
3203,Teamlead Enterprise Sales / Pre Sales,Sales,en,Teamlead Enterprise Sales / Pre Sales
3204,Teamlead Inside Sales,Sales,en,Teamlead Inside Sales
3205,Teamlead Inside Sales DACH,Sales,en,Teamlead Inside Sales DACH
3206,Teamlead Sales,Sales,en,Teamlead Sales
3207,Teamlead Sales & Accountmanagement,Sales,en,Teamlead Sales & Accountmanagement
3208,Teamlead Sales @ Zollern GmbH & Co. KG,Sales,de,Teamlead Sales @ Zollern GmbH & Co. KG
3209,Teamlead Sales Back Office,Sales,en,Teamlead Sales Back Office
3210,Teamlead Sales DACH,Sales,en,Teamlead Sales DACH
3211,Teamlead Sales Development DACH,Sales,en,Teamlead Sales Development DACH
3212,Teamlead Sales Support at Cargill Cocoa and Chocolate,Sales,en,Teamlead Sales Support at Cargill Cocoa and Chocolate
3213,Teamleader - Salesmanager - CRM,Sales,en,Teamleader - Salesmanager - CRM
3214,Teamleader Channel Sales Systems,Sales,en,Teamleader Channel Sales Systems
3215,Teamleader Inside Sales,Sales,en,Teamleader Inside Sales
3216,Teamleader International Sales Eastern Europe / CIS,Sales,en,Teamleader International Sales Eastern Europe / CIS
3217,Teamleader Sales,Sales,en,Teamleader Sales
3218,Teamleader Sales Administration,Sales,en,Teamleader Sales Administration
3219,Teamleader Sales Back Office & Aftermarket,Sales,en,Teamleader Sales Back Office & Aftermarket
3220,Teamleader Sales Controlling,Sales,en,Teamleader Sales Controlling
3221,Teammanager Vertrieb,Sales,de,Team Manager Sales
3222,Tech Support / Sales,Sales,en,Tech Support / Sales
3223,Tech. Sales Specialist,Sales,en,Tech. Sales Specialist
3224,Techn. Vertrieb / Kundendienst,Sales,de,Technical Sales / Customer Service
3225,Techn. Vertrieb/ Dipl. Wirt.Ing,Sales,de,Technical Sales/ Dipl. Wirt.Ing
3226,Technical Lead (Salesforce Development),Sales,en,Technical Lead (Salesforce Development)
3227,Technical Sales,Sales,en,Technical Sales
3228,Technical Sales & Project Developer,Sales,en,Technical Sales & Project Developer
3229,Technical Sales & Support Engineer,Sales,en,Technical Sales & Support Engineer
3230,Technical Sales Consultant,Sales,en,Technical Sales Consultant
3231,Technical Sales Engineer,Sales,en,Technical Sales Engineer
3232,Technical Sales Engineer | Grundfos Portugal,Sales,ur,Technical Sales Engineer | Grundfos Portugal
3233,Technical Sales Representative,Sales,en,Technical Sales Representative
3234,Technical Sales Specialist,Sales,en,Technical Sales Specialist
3235,Technischer Vertrieb,Sales,de,Technical distribution
3236,Technischer Vertrieb (Messe Kontakt),Sales,de,Technical sales (trade fair contact)
3237,Technischer Vertrieb / Prokurist,Sales,de,Technical Sales / Procurator
3238,Technischer Vertrieb / Technical Sales,Sales,de,Technical Sales / Technical Sales
3239,Technischer Vertrieb Außendienst Region D-Mitte.,Sales,de,Technical Sales Field Service Region D-Mitte.
3240,Technischer Vertrieb Industrieklappen,Sales,de,Technical distribution Industrial flaps
3241,Technischer Vertrieb und Projektmanagement,Sales,de,Technical sales and project management
3242,Technischer Vertriebsinnendienst,Sales,de,Internal Technical Sales Service
3243,Technischer Vertriebsmitarbeiter,Sales,de,Technical sales representative
3244,Telesales mit Vertriebsassistenz,Sales,de,Telesales with sales assistance
3245,Territory Sales Representative,Sales,en,Territory Sales Representative
3246,Trainee Sales,Sales,en,Trainee Sales
3247,Trainee Sales DACH,Sales,en,Trainee Sales DACH
3248,Trainee Sales Development & Process Improvement,Sales,en,Trainee Sales Development & Process Improvement
3249,Transformation Digitale / Directeur du Projet Salesforce,Sales,fr,Digital Transformation / Salesforce Project Manager
3250,Unit Leader Sales,Sales,en,Unit Leader Sales
3251,Veranstaltungsorganisation  / Inside Sales,Sales,de,Event organization / Inside Sales
3252,Verkauf / Sales & Customer Service,Sales,de,Sales & Customer Service
3253,Verkauf/Sales,Sales,de,Sales/sales
3254,Verkauf/Vertrieb,Sales,de,Sales/distribution
3255,Verkaufsberater / Sales,Sales,de,Sales consultant / Sales
3256,Vertrieb,Sales,de,Distribution
3257,Vertrieb - Projekte - Keyaccount,Sales,de,Distribution - Projects - Keyaccount
3258,Vertrieb & Beratung,Sales,de,Sales & Consulting
3259,Vertrieb & Business Development eCommerce,Sales,de,Sales & Business Development eCommerce
3260,Vertrieb & Businessdevelopment,Sales,de,Sales & Business Development
3261,Vertrieb & Consulting,Sales,de,Sales & Consulting
3262,Vertrieb & Einkauf,Sales,de,Sales & Purchasing
3263,Vertrieb & IT,Sales,de,Sales & IT
3264,Vertrieb & Kundenberatung,Sales,de,Sales & Customer Consulting
3265,Vertrieb & Organisation,Sales,de,Distribution & Organization
3266,Vertrieb & Projektierung,Sales,de,Sales & Projecting
3267,Vertrieb & Projektmanagement,Sales,de,Sales & Project Management
3268,Vertrieb & SAP IS-U Support,Sales,de,Sales & SAP IS-U Support
3269,Vertrieb (Messe Konatkt),Sales,de,Distribution (Messe Konatkt)
3270,Vertrieb (Messe Kontakt),Sales,de,Sales (trade fair contact)
3271,Vertrieb / Business Development,Sales,de,Sales / Business Development
3272,Vertrieb / Consulting,Sales,de,Sales / Consulting
3273,Vertrieb / Elektrokonstruktion,Sales,de,Sales / electrical construction
3274,Vertrieb / Geschäftskunden,Sales,de,Sales / Business Customers
3275,Vertrieb / Key Account,Sales,de,Sales / Key Account
3276,Vertrieb / Kundenberatung,Sales,de,Sales / customer consulting
3277,Vertrieb / Kundenbetreuung,Sales,de,Sales / Customer support
3278,Vertrieb / Kundenbetreuung / Kontakt Aussendienst,Sales,de,Sales / Customer support / Contact field service
3279,Vertrieb / Messe Kontakt,Sales,de,Sales / Fair Contact
3280,Vertrieb / Messeplanung,Sales,de,Sales / trade fair planning
3281,Vertrieb / Mitarbeiter/in Vertriebsinnendienst,Sales,de,Sales / Employee/Internal Sales Service
3282,Vertrieb / Neukundenvertrieb,Sales,de,Distribution / New Customer Distribution
3283,Vertrieb / QMB,Sales,de,Distribution / QMB
3284,Vertrieb / Sales,Sales,de,Sales / Sales
3285,Vertrieb Administration Projekte,Sales,de,Distribution Administration Projects
3286,Vertrieb Außendienst,Sales,de,Sales field service
3287,Vertrieb Automation,Sales,de,Sales Automation
3288,Vertrieb Automotive,Sales,de,Automotive sales
3289,Vertrieb B2B,Sales,de,Distribution B2B
3290,Vertrieb B2C / B2B,Sales,de,Distribution B2C / B2B
3291,Vertrieb bei Canon Business Center Kraichgau operated by MSP Kopiersysteme GmbH,Sales,de,Sales at Canon Business Center Kraichgau operated by MSP Copiersysteme GmbH
3292,Vertrieb Customer Service national/international,Sales,en,Vertrieb Customer Service national/international
3293,Vertrieb D-A-CH,Sales,de,Distribution D-A-CH
3294,Vertrieb Deutschland,Sales,de,Distribution Germany
3295,Vertrieb Deutschland - CONSENSE GRUPPE,Sales,de,Distribution Germany - CONSENSE GROUP
3296,Vertrieb Deutschland / Osteuropa,Sales,de,Distribution Germany / Eastern Europe
3297,Vertrieb Deutschland Nord,Sales,de,Distribution Germany North
3298,Vertrieb Deutschland und Europa,Sales,de,Distribution Germany and Europe
3299,Vertrieb Digital & New Business,Sales,de,Sales Digital & New Business
3300,Vertrieb E-Commerce und Qualitätsmanagementbeauftragter,Sales,de,Sales e-commerce and quality management officer
3301,Vertrieb ERP/PPS-System,Sales,de,Sales ERP/PPS system
3302,Vertrieb Europa,Sales,de,Distribution Europe
3303,Vertrieb Export,Sales,de,Sales Exports
3304,Vertrieb für IT & Telekommunikation,Sales,de,Sales for IT & Telecommunications
3305,Vertrieb Geschäftskunden,Sales,de,Distribution Business customers
3306,Vertrieb Geschäftskunden/Privatkunden,Sales,de,Sales Business Customers/Private Customers
3307,Vertrieb Großkunden,Sales,de,Distribution of major customers
3308,Vertrieb Holzwerkstoffe,Sales,de,Distribution of wood materials
3309,Vertrieb Innendienst,Sales,de,Distribution Internal services
3310,Vertrieb Innendienst / KAM-Assistenz,Sales,de,Internal Sales / KAM Assistance
3311,Vertrieb Innendienst / Projektmanager,Sales,de,Sales Internal Service / Project Manager
3312,Vertrieb Innendienst international,Sales,de,Internal sales service international
3313,Vertrieb International,Sales,de,International distribution
3314,Vertrieb International Sales,Sales,de,Sales International Sales
3315,Vertrieb IT,Sales,de,Distribution IT
3316,Vertrieb Key Account,Sales,de,Sales Key Account
3317,Vertrieb Mobile & App,Sales,de,Sales Mobile & App
3318,Vertrieb Neufahrzeuge NRW,Sales,de,Distribution of new vehicles NRW
3319,Vertrieb Osteuropa,Sales,de,Distribution Eastern Europe
3320,Vertrieb Region Nord/Ost,Sales,de,Sales region North/East
3321,Vertrieb Region Süd/West,Sales,de,Sales Region South/West
3322,Vertrieb Schweiz,Sales,de,Distribution Switzerland
3323,Vertrieb Softwarelösungen,Sales,de,Distribution Software Solutions
3324,Vertrieb Softwarelösungen (Messe Kontakt),Sales,de,Sales Software Solutions (Trade Fair Contact)
3325,Vertrieb Strategic Business Area Cleanroom Baden-Württemberg/,Sales,de,Sales Strategic Business Area Cleanroom Baden-Württemberg/
3326,Vertrieb Technische Netzdienstleistungen,Sales,de,Distribution Technical network services
3327,Vertrieb Telecommunication Solutions,Sales,de,Distribution Telecommunications Solutions
3328,Vertrieb und Beratung,Sales,de,Distribution and consulting
3329,Vertrieb und Betreuung Großkunden,Sales,de,Sales and support for large customers
3330,Vertrieb und Business Development,Sales,de,Sales and Business Development
3331,Vertrieb und Einkauf,Sales,de,Sales and Purchasing
3332,Vertrieb und Entwicklung E-Products,Sales,de,Sales and Development E-Products
3333,Vertrieb und Entwicklung Qualitätskontrollsysteme,Sales,de,Distribution and development Quality control systems
3334,Vertrieb und IT,Sales,de,Sales and IT
3335,Vertrieb und Kundenbetreuung,Sales,de,Sales and customer service
3336,Vertrieb und Kundendienst,Sales,de,Distribution and customer service
3337,Vertrieb und Produktmanagement,Sales,de,Sales and product management
3338,Vertrieb und Projektierung,Sales,de,Distribution and project planning
3339,Vertrieb und Projektkoordination,Sales,de,Distribution and project coordination
3340,Vertrieb und Projektmanagement,Sales,de,Sales and project management
3341,Vertrieb und Verkaufsförderung Baushop,Sales,de,Distribution and sales promotion Baushop
3342,Vertrieb und Verwaltung,Sales,de,Distribution and administration
3343,Vertrieb von Neubauimmobilien,Sales,de,Distribution of new real estate
3344,Vertrieb&Controlling,Sales,de,Distribution & Controlling
3345,Vertrieb/ Beratung,Sales,de,Sales/advice
3346,Vertrieb/ Messe,Sales,de,Sales / Fair
3347,Vertrieb/ Projektmanagement,Sales,de,Sales/project management
3348,Vertrieb/ Prokurist,Sales,de,Distribution/ Procurator
3349,Vertrieb/Anwendungsberatung,Sales,de,Distribution/application advice
3350,Vertrieb/Consultant,Sales,de,Sales/Consultant
3351,Vertrieb/CRM admin,Sales,de,Sales/CRM admin
3352,Vertrieb/Key-Account,Sales,de,Sales/Key account
3353,Vertrieb/Outbound Sales/Akquisition,Sales,de,Sales/Outbound Sales/Acquisition
3354,Vertrieb/Produktmanagement - Made for Recycling,Sales,de,Sales/Product Management - Made for Recycling
3355,Vertrieb/Projektmanagement,Sales,de,Distribution/project management
3356,Vertrieb/Sales,Sales,de,Distribution/Sales
3357,Vertriebassistentin & Messeplanung,Sales,de,Sales assistant & trade fair planning
3358,Vertriebler,Sales,de,Distributors
3359,Vertrieblerin,Sales,tr,sales representative
3360,Vertriebs- & Projektingenieur,Sales,de,Sales & Project Engineer
3361,Vertriebs Consulting,Sales,de,Sales Consulting
3362,Vertriebs Controllerin,Sales,de,Sales Controller
3363,Vertriebs- und Projektingenieur,Sales,de,Sales and Project Engineer
3364,Vertriebs- und Teamassistentin,Sales,de,Sales and team assistant
3365,Vertriebs-/ Projektmanagement,Sales,de,Sales/Project Management
3366,Vertriebs-/SmartCoach - Maschinenbauer! Holt Euch den Vertriebserfolg,Sales,de,Sales/SmartCoach - Machine builder! Get the sales success
3367,Vertriebsassistent,Sales,de,Sales Assistant
3368,Vertriebsassistentin,Sales,de,Sales Assistant
3369,Vertriebsassistentin (Kfm. Angestellte),Sales,de,Sales assistant (employee)
3370,Vertriebsassistentin Export,Sales,de,Sales Assistant Export
3371,Vertriebsassistenz,Sales,de,Sales assistance
3372,Vertriebsassistenz_ Products- & Cloud Solutions,Sales,de,Sales Assistant_ Products- & Cloud Solutions
3373,Vertriebsaußendienst / Projektmanagement,Sales,de,Sales Office / Project Management
3374,Vertriebsbeauftragte,Sales,de,Sales representative
3375,Vertriebsbeauftragte / Sales SAP,Sales,de,Sales Officer / Sales SAP
3376,Vertriebsbeauftragte Lösungen für IT-Security,Sales,de,Sales Representative Solutions for IT Security
3377,Vertriebsbeauftragter,Sales,de,Sales representative
3378,Vertriebsbeauftragter ERP-Lösungen,Sales,de,Sales representative ERP solutions
3379,Vertriebsberater,Sales,de,Sales consultant
3380,Vertriebsberater Geschäftskunden,Sales,de,Sales consultant Business customers
3381,Vertriebsberaterin ERP / Microsoft Dynamics NAV,Sales,de,Sales consultant ERP / Microsoft Dynamics NAV
3382,Vertriebsberatung für die Druckindustrie,Sales,de,Sales consultancy for the printing industry
3383,Vertriebsbetreuung,Sales,de,Sales support
3384,Vertriebschef (Messe Kontakt),Sales,de,Head of Sales (trade fair contact)
3385,Vertriebscontroller,Sales,de,Distribution controller
3386,Vertriebscontrollerin,Sales,de,Distribution controller
3387,Vertriebscontrolling,Sales,de,Distribution controlling
3388,Vertriebscontrolling & CRM,Sales,de,Sales controlling & CRM
3389,Vertriebscontrolling und -organisation,Sales,de,Distribution controlling and organisation
3390,Vertriebsentwicklung,Sales,de,Sales development
3391,Vertriebsingeneur,Sales,de,Distributor
3392,Vertriebsingenieur,Sales,de,Sales engineer
3393,Vertriebsingenieur - BK Mikro / Sales Engineer ...,Sales,nl,Sales Engineer - BK Mikro / Sales Engineer ...
3394,Vertriebsingenieur Anlagenbau,Sales,de,Sales engineer Plant engineering
3395,Vertriebsingenieur für Power Quality,Sales,de,Sales engineer for Power Quality
3396,Vertriebsingenieur Guss- und Stahlkomponenten,Sales,de,Sales engineer Cast and steel components
3397,Vertriebsingenieur Prüf- & Ingenieurdienstl.,Sales,de,Sales engineer Testing & engineering service
3398,Vertriebsingenieur und Projektmanagement,Sales,de,Sales engineer and project management
3399,Vertriebsingenieurin,Sales,de,Sales engineer
3400,VERTRIEBSINNENDIENST,Sales,nl,SALES SERVICE
3401,Vertriebsinnendienst - After Sales Team,Sales,de,Internal Sales Service - After Sales Team
3402,Vertriebsinnendienst & Veranstaltungsmanagement @Avacon Netz #einfachmalmachen ?,Sales,de,Internal Sales & Event Management @Avacon Netz #simplify ?
3403,Vertriebsinnendienst (Inside Sales Associate),Sales,de,Internal Sales Associate (Inside Sales Associate)
3404,Vertriebsinnendienst / Auftragssachbearbeitung,Sales,de,Internal Sales Service / Processing of orders
3405,Vertriebsinnendienst / Inside Sales - Vertrieb,Sales,de,Internal Sales Service / Inside Sales - Sales
3406,Vertriebsinnendienst | Kampagnenmanagement | Ma...,Sales,de,Internal Sales Service (SPO) Campaign Management (SPO)
3407,Vertriebsinnendienst Corporate Sales,Sales,de,Internal Sales Service Corporate Sales
3408,Vertriebsinnendienst und Business Development,Sales,de,Internal Sales Service and Business Development
3409,Vertriebsinnendienst/ Buchhaltung,Sales,de,Internal sales/accounting
3410,Vertriebsinnendiesnt,Sales,de,Distributors of this kind
3411,Vertriebskoordination,Sales,de,Sales coordination
3412,VertriebsKoordinator | Synergien realisieren,Sales,de,SalesCoordinator 的 Realising Synergies
3413,Vertriebskoordinatorin,Sales,de,Sales coordinator
3414,Vertriebsmanagement,Sales,de,Sales management
3415,Vertriebsmanagement und Projektmanagement,Sales,de,Sales management and project management
3416,Vertriebsmanager,Sales,de,Sales Manager
3417,Vertriebsmanager Spedition,Sales,de,Sales Manager Forwarding
3418,Vertriebsmarketing,Sales,de,Sales marketing
3419,Vertriebsmitarbeiter,Sales,de,Sales staff
3420,Vertriebsmitarbeiter / Messe Kontakt,Sales,de,Sales representative / trade fair contact
3421,Vertriebsmitarbeiter Großkunden,Sales,de,Sales representative of major customers
3422,Vertriebsmitarbeiter im Außendienst,Sales,de,Sales representative in the field service
3423,Vertriebsmitarbeiter Innendienst,Sales,de,Internal sales staff
3424,Vertriebsmitarbeiter Innen-und Außendienst,Sales,de,Internal and field sales representatives
3425,Vertriebsmitarbeiter und Berater,Sales,de,Sales staff and consultants
3426,Vertriebsmitarbeiter und Projektsteuerer im Außendienst,Sales,de,Sales representative and project controller in the field service
3427,Vertriebsmitarbeiterin,Sales,de,Sales representative
3428,Vertriebsmitarbeiterin Innendienst,Sales,de,Internal sales representative
3429,Vertriebsorganisation,Sales,de,Distribution organisation
3430,Vertriebsprozesse und -systeme,Sales,de,Distribution processes and systems
3431,Vertriebsprozessmanager,Sales,de,Sales process manager
3432,Vertriebsreferentin - Kundenbeziehungsmanagemen...,Sales,de,Sales Officer - Customer Relationship Management...
3433,Vertriebsrepräsentant,Sales,de,Sales representative
3434,Vertriebssekretärin,Sales,de,Sales Secretary
3435,Vertriebsspezialist,Sales,de,Sales specialist
3436,Vertriebssteuerer und CRM-Experte,Sales,de,Sales tax and CRM expert
3437,Vertriebssteuerung,Sales,de,Distribution management
3438,Vertriebssteuerung - Grundsatz / Prozesse  Qualitätsmanagement,Sales,de,Sales management - principle / processes quality management
3439,Vertriebssteuerung | CRM,Sales,de,Sales control -- CRM
3440,Vertriebssteuerung und Vertriebsassistenz,Sales,de,Sales management and assistance
3441,Vertriebsunterstützung,Sales,de,Sales support
3442,Vertriebsunterstützung (Inside Sales),Sales,de,Inside sales support
3443,Vertriebsunterstützung und Projektmanagement Business Development Corporates,Sales,de,Sales Support and Project Management Business Development Corporates
3444,Vertriebsverantwortlicher,Sales,de,Sales Manager
3445,Vice Preseident Sales,Sales,en,Vice Preseident Sales
3446,Vom Termin zum Angebot zum Kunden – Digitalisierung im Vertrieb geht nur so!,Sales,de,From appointment to offer to customer – digitalization in sales only goes this way!
3447,Vorstand Vertrieb,Sales,de,Board of Directors Sales
3448,Vorstand Vertrieb und Supply Chain (COO),Sales,de,Board of Directors Sales and Supply Chain (COO)
3449,Wirtschaftsinformatikerin digital Sales & Service,Sales,de,Business computer scientist digital Sales & Service
3450,Wirtschaftsingenieur als Koordinator im Vertrieb,Sales,de,Industrial engineer as sales coordinator
3451,Zentralbereich Vertrieb & Services,Sales,de,Central Division Sales & Services
3452,Zentraler Vertriebsberater und Leadmanager,Sales,de,Central Sales Consultant and Lead Manager
3453,Zertifizierter Unternehmensberater für Prozess- und Vertriebs-Automatisierung,Sales,de,Certified business consultant for process and sales automation
3454,1st Line Support,Customer Support,en,1st Line Support
3455,Backend Support,Customer Support,en,Backend Support
3456,EDV Support,Customer Support,pt,Computer support
3457,ERP Supporter - Microsoft Dynamics AX,Customer Support,pt,ERP Supporter - Microsoft Dynamics AX
3458,IT - 1st Level Support,Customer Support,en,IT - 1st Level Support
3459,IT Support,Customer Support,en,IT Support
3460,IT Support & Systembetreuung,Customer Support,de,IT Support & System Support
3461,IT Systemadministrator/Supporter,Customer Support,en,IT Systemadministrator/Supporter
3462,IT Systems Administration & Support,Customer Support,en,IT Systems Administration & Support
3463,IT-Administration / International IT Support,Customer Support,en,IT-Administration / International IT Support
3464,IT-Support,Customer Support,en,IT-Support
3465,IT-Supporter,Customer Support,nl,IT-Supporter
3466,Market Support,Customer Support,en,Market Support
3467,Mitarbeiter Interne Dienste und Projekte & IT-Supporter,Customer Support,de,Staff Internal Services and Projects & IT Supporters
3468,Specialist Global Channel Support & Projects @ Sennheiser electronic GmbH & Co. KG,Customer Support,de,Specialist Global Channel Support & Projects @ Sennheiser electronic GmbH & Co. KG
3469,Technical Support Engineer,Customer Support,en,Technical Support Engineer
3470,Technical Support Expert,Customer Support,en,Technical Support Expert
3471,VoIP Support,Customer Support,en,VoIP Support
3472,Geschäftsführung und Projektmanagement,Project Management,de,Management and project management
3473,Assistent der Geschäftsführung,Administrative,de,Assistant to the Executive Board
3474,Assistentin der Geschäftsführung,Administrative,de,Assistant to the Executive Board
3475,Assistentin des Geschäftsführers,Administrative,de,Assistant to the Managing Director
3476,Assistenz der Geschäftsführung,Administrative,de,Assistant to the management
3477,Assistenz der Geschäftsführung / Sekretariat,Administrative,de,Assistant to the management / secretariat
3478,Assistenz der Techn. Geschäftsführung,Administrative,de,Assistant to the Technical Management
3479,Assistenz für die Geschäftsführung,Administrative,de,Assistance for the management
3480,Assistenz Geschäftsführung,Administrative,de,Assistance Management
3481,Eventmanager und Assistenz der Geschäftsführung,Administrative,de,Event Manager and Management Assistant
3482,Persönliche Assistenz der Geschäftsführung & Projektmanagement,Administrative,de,Personal assistance of the management & project management
3483,Gründer und Geschäftsführer / Business Development,Business Development,de,Founder and Managing Director / Business Development
3484,Consultant / Geschäftsführerin,Consulting,de,Consultant / Managing Director
3485,Geschäftsführer / Recruitment Consultant,Consulting,de,Managing Director / Recruitment Consultant
3486,Geschäftsführer IT Security,Information Technology,de,Managing Director IT Security
3487,Geschäftsführer 42he - Einfache Online CRM Lösu...,Information Technology,de,Managing Director 42he - Simple Online CRM Lösu...
3488,Assistent der Geschäftsführung mit Schwerpunkt Marketing,Marketing,de,Assistant to the management with focus on marketing
3489,Assistentin der Geschäftsführung - Marketing & New Business Development/PR,Marketing,de,Management Assistant - Marketing & New Business Development/PR
3490,Assistentin der Geschäftsführung - Schwerpunkt Marketing,Marketing,de,Assistant to the management - focus on marketing
3491,Assistentin der Geschäftsführung & Corporate Marketing,Marketing,de,Assistant to Management & Corporate Marketing
3492,Assistentin der Geschäftsführung & Verantwortliche Marketing und Kommunikation,Marketing,de,Assistant to the Management & Responsible Marketing and Communication
3493,Assistentin der Geschäftsführung / Koordination Marketing & Kommunikation,Marketing,de,Assistant to the Executive Board / Coordination Marketing & Communication
3494,Assistentin der Geschäftsführung / Marketing,Marketing,de,Assistant to the Management / Marketing
3495,Assistentin der Geschäftsführung / Sales & Marketing,Marketing,de,Assistant to the Executive Board / Sales & Marketing
3496,Assistentin der Geschäftsführung Marketing und Sales,Marketing,de,Assistant to Marketing and Sales Management
3497,Assistentin der Geschäftsführung Vertrieb & Marketing,Marketing,de,Assistant to Sales & Marketing Management
3498,Assistentin der Geschäftsführung/ Marketing/ PR,Marketing,de,Assistant to the Management Board/ Marketing/ PR
3499,Assistentin Geschäftsführung / Marketing,Marketing,de,Assistant Management / Marketing
3500,Assistentin Geschäftsführung / Marketing / Vertrieb,Marketing,de,Assistant Management / Marketing / Sales
3501,Assistenz der Geschäftsführung / Marketing,Marketing,de,Assistant to the management / marketing
3502,Assistenz der Geschäftsführung / Marketing / Organisation Flächenvertrieb,Marketing,de,Assistant to the management / Marketing / Organization Area Sales
3503,Assistenz der Geschäftsführung Marketing & Vertrieb,Marketing,de,Assistant to the Management Marketing & Sales
3504,Assistenz der Geschäftsführung Marketing und Vertrieb,Marketing,de,Assistant to the Marketing and Sales Board
3505,Assistenz der Geschäftsführung Vertrieb und Marketing,Marketing,de,Assistant to the management of Sales and Marketing
3506,Assistenz der Geschäftsführung/Marketing,Marketing,de,Assistant to the management/marketing
3507,Assistenz der Geschäftsführung/Marketing Koordinatorin,Marketing,de,Assistant to the Management/Marketing Coordinator
3508,Assistenz der Geschäftsführung/Marketingmanager,Marketing,de,Assistant to the management/marketing manager
3509,Assistenz Geschäftsführung + Marketing/PR,Marketing,de,Assistance Management + Marketing/PR
3510,Geschäftsführer (Messe Kontakt),Marketing,de,Managing Director (trade fair contact)
3511,Geschäftsführer D/A/CH  Sales & Marketing,Marketing,de,Managing Director D/A/CH Sales & Marketing
3512,Geschäftsführer Marketing,Marketing,de,Managing Director Marketing
3513,Geschäftsführer Marketing & Vertrie,Marketing,de,Managing Director Marketing & Vertrie
3514,Geschäftsführer Marketing & Vertrieb,Marketing,de,Managing Director Marketing & Sales
3515,Geschäftsführer Marketing / Vertrieb,Marketing,de,Managing Director Marketing / Sales
3516,Geschäftsführer Marketing + Vertrieb,Marketing,de,Managing Director Marketing + Sales
3517,Geschäftsführer Marketing und Vertrieb,Marketing,de,Managing Director Marketing and Sales
3518,Geschäftsführer Marketing/Vertrieb,Marketing,de,Managing Director Marketing/Sales
3519,Geschäftsführer Sales & Marketing,Marketing,de,Managing Director Sales & Marketing
3520,Geschäftsführer Strategie & Kommunikation,Marketing,de,Managing Director Strategy & Communication
3521,Geschäftsführer Verkauf und Marketing,Marketing,de,Managing Director Sales and Marketing
3522,Geschäftsführer Vertrieb & Marketing,Marketing,de,Managing Director Sales & Marketing
3523,Geschäftsführer Vertrieb / Marketing / Einkauf,Marketing,de,Managing Director Sales / Marketing / Purchasing
3524,Geschäftsführer Vertrieb und Marketing,Marketing,de,Managing Director Sales and Marketing
3525,Geschäftsführer Vertrieb&Marketing,Marketing,de,Managing Director Sales & Marketing
3526,Geschäftsführer Vertrieb/Marketing,Marketing,de,Managing Director Sales/Marketing
3527,Geschäftsführerin - Marketing & Vertrieb,Marketing,de,Managing Director - Marketing & Sales
3528,Geschäftsführerin (Messe Kontakt),Marketing,de,Managing Director (trade fair contact)
3529,Geschäftsführerin / Ltg Marketing&Vertrieb,Marketing,de,Managing Director / Ltg Marketing & Sales
3530,Geschäftsführerin Marketing,Marketing,de,Managing Director Marketing
3531,Geschäftsführung (Messe Kontakt),Marketing,de,Management (trade fair contact)
3532,Marketing & Assistenz Geschäftsführung,Marketing,de,Marketing & Assistance Management
3533,Marketing & Neue Geschäftsfelder,Marketing,de,Marketing & New Business Areas
3534,Marketing/Geschäftsführer,Marketing,de,Marketing/Managing Director
3535,Marketing-Allrounder  / Assistenz der Geschäftsführung,Marketing,de,Marketing-Allrounder / Assistant to the Management Board
3536,Messe Kontakt Geschäftsführer,Marketing,de,Fair Contact Managing Director
3537,Mitarbeiterin Marketing & Assistenz der Geschäftsführung,Marketing,de,Employee Marketing & Assistant to the Executive Board
3538,Vertrieb & Marketing / Geschäftsführende Gesellschafterin,Marketing,de,Sales & Marketing / Managing Partner
3539,Vertriebsassistentin der Geschäftsführung Vertrieb/Marketing,Marketing,de,Sales Assistant of the Management Sales/Marketing
3540,Geschäftsführer Operations,Other,de,Managing Director Operations
3541,Assistentin der Geschäftsführung im Vertrieb,Sales,de,Assistant to the management in sales
3542,Assistentin der Geschäftsführung und des Vertriebs,Sales,de,Assistant to Management and Sales
3543,Assistentin der Geschäftsführung Vertrieb und M...,Sales,de,Assistant to the Sales and M...
3544,Assistenz der Geschäftsführung - Vertrieb,Sales,de,Assistant to the management - Sales
3545,Assistenz der Geschäftsführung (U-Serv) | Backoffice Vertrieb,Sales,de,Assistant to the management (U-Serv)
3546,Geschäftsfeldmanager Vertrieb/Erzeugung,Sales,de,Business unit manager sales/production
3547,Geschäftsführer - Vertrieb,Sales,de,Managing Director - Sales
3548,Geschäftsführer  Vertrieb & Spritzgußproduktion,Sales,de,Managing Director Sales & Injection Casting Production
3549,Geschäftsführer & Head of Sales,Sales,en,Geschäftsführer & Head of Sales
3550,Geschäftsführer / Akquisition und Vertrieb,Sales,de,Managing Director / Acquisition and Sales
3551,Geschäftsführer / Vertrieb,Sales,de,Managing Director / Sales
3552,Geschäftsführer für Vertrieb,Sales,de,Managing Director for Sales
3553,Geschäftsführer und Vertrieb,Sales,de,Managing Director and Sales
3554,Geschäftsführer Vertrieb,Sales,de,Managing Director Sales
3555,Geschäftsführer Vertrieb & Innovation,Sales,de,Managing Director Sales & Innovation
3556,Geschäftsführer Vertrieb Deutschland & Österreich,Sales,de,Managing Director Sales Germany & Austria
3557,Geschäftsführer Vertriebsconsulting,Sales,de,Managing Director Sales consulting
3558,Geschäftsführer. Client Sales,Sales,de,Managing Director. Client Sales
3559,Geschäftsführer/Vertrieb,Sales,de,Managing Director/Sales
3560,Geschäftsführung  - Vertrieb,Sales,de,Management - Sales
3561,Geschäftsführung / Business Development / Sales,Sales,de,Management / Business Development / Sales
3562,Geschäftsführung und Vertrieb,Sales,de,Management and sales
3563,Geschäftsführung Vertrieb & Finanz,Sales,de,Management Sales & Finance
3564,Geschäftsführung Vertrieb & Technik,Sales,de,Management Sales & Technology
3565,Geschäftsführung Vertrieb / Solution Consulting,Sales,de,Management Sales / Solution Consulting
3566,Geschäftsführung Vertrieb und kfm. Geschäftsführung,Sales,de,Management Sales and Kfm. Management
3567,Technischer Vertrieb / Geschäftsführer,Sales,de,Technical Sales / Managing Director
3568,Vertrieb & Assistenz der Geschäftsführung,Sales,de,Sales & assistance of the management
3569,Vertriebs Geschäftsführer,Sales,de,Sales Manager
3570,Chief Business Development Officer,Business Development,en,Chief Business Development Officer
3571,Chief Business Transformation Officer,Business Development,en,Chief Business Transformation Officer
3572,Global Chief Business Development Officer,Business Development,en,Global Chief Business Development Officer
3573,Chief Digital Officer,Information Technology,en,Chief Digital Officer
3574,Chief Communication Officer,Marketing,en,Chief Communication Officer
3575,Chief Communications Officer CCO,Marketing,en,Chief Communications Officer CCO
3576,Chief Marketing,Marketing,en,Chief Marketing
3577,Chief Marketing and Communications Officer,Marketing,en,Chief Marketing and Communications Officer
3578,Chief Marketing Officer,Marketing,en,Chief Marketing Officer
3579,Chief Marketing Officer - ExCo Member,Marketing,en,Chief Marketing Officer - ExCo Member
3580,Chief Marketing Officer Germany,Marketing,de,Chief Marketing Officer Germany
3581,Chief Sales & Marketing Officer,Marketing,en,Chief Sales & Marketing Officer
3582,Chief Sales and Marketing Officer,Marketing,en,Chief Sales and Marketing Officer
3583,Chief Sales Officer & Chief Marketing Officer,Marketing,en,Chief Sales Officer & Chief Marketing Officer
3584,Chief Strategy Officer I Head of Sales & Marketing,Marketing,en,Chief Strategy Officer I Head of Sales & Marketing
3585,Deputy Chief Marketing & Sales Officer,Marketing,en,Deputy Chief Marketing & Sales Officer
3586,Group Chief Marketing,Marketing,en,Group Chief Marketing
3587,Marketing & Communications Chief Operations Officer,Marketing,en,Marketing & Communications Chief Operations Officer
3588,Chief Operations Officer,Other,en,Chief Operations Officer
3589,Vorstand / Chief Operations Officer,Other,de,Executive Board / Chief Operations Officer
3590,Chief Sales Officer,Sales,en,Chief Sales Officer
3591,Chief Sales Officer (DACHF),Sales,en,Chief Sales Officer (DACHF)
3592,PA to Chief Human Resource Officer Headoffice & Sales,Sales,en,PA to Chief Human Resource Officer Headoffice & Sales
3593,Projektassistentin CIO,Project Management,de,Project Assistant CIO
3594,Assistentin CEO,Administrative,en,Assistentin CEO
3595,CEO Assistentin,Administrative,tr,CEO assistant
3596,Business Development / CMO,Business Development,en,Business Development / CMO
3597,CDO E-Business / Digitalisierung,Business Development,de,CDO E-Business / Digitalisation
3598,CEO & Business Development,Business Development,en,CEO & Business Development
3599,CEO/Digital Worker,Information Technology,en,CEO/Digital Worker
3600,CEO: hunting expert for IT,Information Technology,en,CEO: hunting expert for IT
3601,Chief Digital & Media Officer (CDO),Information Technology,en,Chief Digital & Media Officer (CDO)
3602,Chief Digital Officer (CDO),Information Technology,en,Chief Digital Officer (CDO)
3603,Head of Group IT / CIO,Information Technology,en,Head of Group IT / CIO
3604,Head of IT & Digitization / CIO,Information Technology,en,Head of IT & Digitization / CIO
3605,Head of IT&C / CIO / Information Security Offic...,Information Technology,en,Head of IT&C / CIO / Information Security Offic...
3606,BtoB CRM PROGRAM DIRECTOR,Information Technology,en,BtoB CRM PROGRAM DIRECTOR
3607,CEO (Messe Kontakt),Marketing,ur,CEO (trade fair contact)
3608,CEO Marketing & Sales TÜV Süd AG,Marketing,de,CEO Marketing & Sales TÜV Süd AG
3609,Chief Marketing Officer (CMO),Marketing,en,Chief Marketing Officer (CMO)
3610,CMO (Messe Kontakt),Marketing,ur,CMO (Messe Kontakt)
3611,CSO (Chief Sales and Marketing Officer),Marketing,en,CSO (Chief Sales and Marketing Officer)
3612,CSO (Messe Kontakt),Marketing,ur,CSO (Exhibition Contact)
3613,CSO/CMO - Chief Executive Sales & Marketing,Marketing,pt,CSO/CMO - Chief Executive Sales & Marketing
3614,CTO (Messe Kontakt),Marketing,ur,CTO (Exhibition Contact)
3615,CEO / Sales Engineer,Sales,en,CEO / Sales Engineer
3616,Chief Sales Officer (CSO),Sales,en,Chief Sales Officer (CSO)
3617,CSO Chief Sales Officer,Sales,en,CSO Chief Sales Officer
3618,GESCHÄFTSFÜHRUNG / CEO / VERTRIEB & MARKETING ALLGEMEINER HANDEL / FIRMENKUNDENGESCHÄFT,Sales,de,BUSINESS MANAGEMENT / CEO / DISTRIBUTION & MARKETING GENERAL TRADE / FEEDING BUSINESS
3619,Head of Sales & CIO,Sales,en,Head of Sales & CIO
3620,Head Sales & CMO,Sales,en,Head Sales & CMO
3621,Ltg Vertrieb/CSO/Prokurist,Sales,de,Ltg Sales/CSO/Procurer
3622,Vorstand Sales / CSO,Sales,de,Management Board Sales / CSO
3623,Director del departamento de marketing,Marketing,es,Director of the marketing department
3624,Director Projects & Organizational Effectiveness,Project Management,en,Director Projects & Organizational Effectiveness
3625,Director Strategic Projects,Project Management,en,Director Strategic Projects
3626,Project and Market Director Wind Energy and Renewables,Project Management,en,Project and Market Director Wind Energy and Renewables
3627,Project Director,Project Management,en,Project Director
3628,Project DirectorW3+ Fair/Convention,Project Management,en,Project DirectorW3+ Fair/Convention
3629,Project Manager Media Conferences & In-House Art Director,Project Management,en,Project Manager Media Conferences & In-House Art Director
3630,Projektdirektor,Project Management,nl,Project Director
3631,Senior Project Director,Project Management,en,Senior Project Director
3632,Account Director / Director New Business,Business Development,en,Account Director / Director New Business
3633,Associate Director Business Develoment,Business Development,en,Associate Director Business Develoment
3634,Automotive Business Unit Director,Business Development,en,Automotive Business Unit Director
3635,Business Development Director,Business Development,en,Business Development Director
3636,Business Development Director - Microsoft Strategic Relationships,Business Development,en,Business Development Director - Microsoft Strategic Relationships
3637,Business Development Director DACH,Business Development,en,Business Development Director DACH
3638,Business Development Director D-A-CH,Business Development,pt,Business Development Director D-A-CH
3639,Business Director,Business Development,en,Business Director
3640,Business Director D/A/CH - Philips Professional Display Solutions,Business Development,en,Business Director D/A/CH - Philips Professional Display Solutions
3641,Business Line Director,Business Development,en,Business Line Director
3642,Business Unit Director,Business Development,en,Business Unit Director
3643,Director - Head of Business Development CM-CRM,Business Development,en,Director - Head of Business Development CM-CRM
3644,Director Business Consulting,Business Development,en,Director Business Consulting
3645,Director Business Development,Business Development,en,Director Business Development
3646,Director Business Development - AD Architectural Digest,Business Development,nl,Director Business Development - AD Architectural Digest
3647,Director Business Development & CIO,Business Development,en,Director Business Development & CIO
3648,Director Business Development & Operations,Business Development,en,Director Business Development & Operations
3649,Director Business Development and Project Management // Project Manager ERP,Business Development,en,Director Business Development and Project Management // Project Manager ERP
3650,Director Business Development Aviation,Business Development,en,Director Business Development Aviation
3651,Director Business Development DACH,Business Development,en,Director Business Development DACH
3652,Director Business Development D-A-CH,Business Development,pt,Director Business Development D-A-CH
3653,Director Business Development Department (EEMEA),Business Development,en,Director Business Development Department (EEMEA)
3654,Director Business Development EMEA,Business Development,pt,Director Business Development EMEA
3655,Director Business Development Industrie 4.0,Business Development,en,Director Business Development Industrie 4.0
3656,Director Business Transformation,Business Development,en,Director Business Transformation
3657,Director Business Unit,Business Development,en,Director Business Unit
3658,Director Business Unit UCC,Business Development,en,Director Business Unit UCC
3659,Director Consulting & Business Development,Business Development,en,Director Consulting & Business Development
3660,Director Digital Business,Business Development,en,Director Digital Business
3661,Director Digital Business Development,Business Development,en,Director Digital Business Development
3662,Director Global Business Development,Business Development,en,Director Global Business Development
3663,Director Global Strategic Alliances & Business Development,Business Development,en,Director Global Strategic Alliances & Business Development
3664,Director International Business Development,Business Development,en,Director International Business Development
3665,Director International Business Development & Partnermanagement,Business Development,en,Director International Business Development & Partnermanagement
3666,Director New Business,Business Development,en,Director New Business
3667,Director New Business & Business Development,Business Development,en,Director New Business & Business Development
3668,Director Of Business Development,Business Development,en,Director Of Business Development
3669,Director of Business Development & Partnerships,Business Development,en,Director of Business Development & Partnerships
3670,Director of Business Development & Programmatic,Business Development,en,Director of Business Development & Programmatic
3671,Director of Business Intelligence,Business Development,en,Director of Business Intelligence
3672,Director of IT & Business Processes,Business Development,en,Director of IT & Business Processes
3673,Director Strategy & Business Development,Business Development,en,Director Strategy & Business Development
3674,Director Strategy and  Business Development,Business Development,en,Director Strategy and  Business Development
3675,European Business Strategy Director,Business Development,en,European Business Strategy Director
3676,Executive Director Business Development,Business Development,en,Executive Director Business Development
3677,Global Business Development Director,Business Development,en,Global Business Development Director
3678,Global Business Director,Business Development,en,Global Business Director
3679,Global Director Business Development Automotive,Business Development,en,Global Director Business Development Automotive
3680,Global Director Strategy & New Business Development,Business Development,en,Global Director Strategy & New Business Development
3681,Global IT Senior Director Business Development,Business Development,en,Global IT Senior Director Business Development
3682,Group Director Business Development,Business Development,en,Group Director Business Development
3683,Group Director Corporate Strategy & Business Development,Business Development,en,Group Director Corporate Strategy & Business Development
3684,Senior Director Business Development,Business Development,en,Senior Director Business Development
3685,Senior Director Business Development Europe,Business Development,en,Senior Director Business Development Europe
3686,Senior Director IT & Business Solutions,Business Development,en,Senior Director IT & Business Solutions
3687,st. Business Director,Business Development,en,st. Business Director
3688,Strategy and Business Development Director,Business Development,en,Strategy and Business Development Director
3689,Director HR & Interim Management,Human Resources,en,Director HR & Interim Management
3690,Director Human Resources & Procurement,Human Resources,en,Director Human Resources & Procurement
3691,Project Director - Digital marketing and HR,Human Resources,en,Project Director - Digital marketing and HR
3692,Account Director DACHIT,Information Technology,en,Account Director DACHIT
3693,Account Director Digital,Information Technology,en,Account Director Digital
3694,Associate Director IT,Information Technology,en,Associate Director IT
3695,Associate Director IT Projects & Architecture,Information Technology,en,Associate Director IT Projects & Architecture
3696,CIO / Global IT Director,Information Technology,en,CIO / Global IT Director
3697,Digital & Technology Director,Information Technology,en,Digital & Technology Director
3698,Digital Director,Information Technology,en,Digital Director
3699,Digital Transformation & ICT Applications Director,Information Technology,en,Digital Transformation & ICT Applications Director
3700,Director - Digital Transformation & Value Engineering,Information Technology,en,Director - Digital Transformation & Value Engineering
3701,Director Administration & Corporate Services,Information Technology,en,Director Administration & Corporate Services
3702,Director Corporate IT Infrastructure,Information Technology,en,Director Corporate IT Infrastructure
3703,Director Deloitte Digital,Information Technology,en,Director Deloitte Digital
3704,Director Digital,Information Technology,en,Director Digital
3705,Director Digital Directmarketing,Marketing,en,Director Digital Directmarketing
3706,Director Digital Strategy,Information Technology,en,Director Digital Strategy
3707,Director Digital Transformation and Strategy,Information Technology,en,Director Digital Transformation and Strategy
3708,Director Digitalisierung & Innovation,Information Technology,de,Director Digitalization & Innovation
3709,Director Group IT,Information Technology,en,Director Group IT
3710,Director IT,Information Technology,en,Director IT
3711,Director IT Infrastructure,Information Technology,en,Director IT Infrastructure
3712,Director IT Project Management,Information Technology,en,Director IT Project Management
3713,Director IT-Koordination,Information Technology,en,Director IT-Koordination
3714,Director IT-Services,Information Technology,en,Director IT-Services
3715,Director New Digital Solutions,Information Technology,en,Director New Digital Solutions
3716,Director Online / E-commerce / Digitalisation,Information Technology,en,Director Online / E-commerce / Digitalisation
3717,Director SAP,Information Technology,en,Director SAP
3718,Director SAP Programme,Information Technology,en,Director SAP Programme
3719,Executive Director Head of IT,Information Technology,en,Executive Director Head of IT
3720,Global Director IT - IT Application,Information Technology,en,Global Director IT - IT Application
3721,Global Director IT Infrastructure,Information Technology,en,Global Director IT Infrastructure
3722,Global IT Applications and Operations Management Director,Information Technology,en,Global IT Applications and Operations Management Director
3723,Global IT Director,Information Technology,en,Global IT Director
3724,Group IT Director,Information Technology,en,Group IT Director
3725,IT Director,Information Technology,en,IT Director
3726,IT Director - ERP Program Director,Information Technology,en,IT Director - ERP Program Director
3727,IT Operations Director,Information Technology,en,IT Operations Director
3728,IT Operations Director EMEA & India,Information Technology,en,IT Operations Director EMEA & India
3729,IT Technology Director,Information Technology,en,IT Technology Director
3730,Media Director Digital,Information Technology,en,Media Director Digital
3731,Director CRM,Information Technology,en,Director CRM
3732,Director CRM & Customer Service,Information Technology,en,Director CRM & Customer Service
3733,Director CRM Center of Excellence,Information Technology,en,Director CRM Center of Excellence
3734,Director CRM Consulting,Information Technology,en,Director CRM Consulting
3735,Director Data Intelligence & CRM,Information Technology,en,Director Data Intelligence & CRM
3736,Director Global CRM,Information Technology,en,Director Global CRM
3737,Director International CRM,Information Technology,en,Director International CRM
3738,Director IT Consulting & CRM,Information Technology,en,Director IT Consulting & CRM
3739,eCommerce & CRM Director,Information Technology,en,eCommerce & CRM Director
3740,Global CRM Director,Information Technology,en,Global CRM Director
3741,Global Director -Consumer Engagement(CRM) Membership Growth,Information Technology,en,Global Director -Consumer Engagement(CRM) Membership Growth
3742,Global Director of CRM / Head of CRM,Information Technology,en,Global Director of CRM / Head of CRM
3743,Group CRM Program Director / Directeur du programme CRM Groupe,Information Technology,fr,Group CRM Program Director / Director of the Group CRM Program
3744,Group Omnichannel CRM Director,Information Technology,en,Group Omnichannel CRM Director
3745,Leiter Customer Relationship Management / Director CRM,Information Technology,en,Leiter Customer Relationship Management / Director CRM
3746,Senior Director CRM,Information Technology,en,Senior Director CRM
3747,Senior Director Digital Strategy & CRM,Information Technology,en,Senior Director Digital Strategy & CRM
3748,ANDRITZ Pulp & Paper Service and Units - Director Marketing,Marketing,en,ANDRITZ Pulp & Paper Service and Units - Director Marketing
3749,Art Director & Projektmanager Marketing,Marketing,en,Art Director & Projektmanager Marketing
3750,Assistant to Director Marketing,Marketing,en,Assistant to Director Marketing
3751,Assistant to Director Sales & Marketing,Marketing,en,Assistant to Director Sales & Marketing
3752,Associate Director - Marketing Experte,Marketing,en,Associate Director - Marketing Experte
3753,Associate Director Marketing & Competitive Inte...,Marketing,it,Associate Director Marketing & Competitive Inte...
3754,Associate Marketing Director,Marketing,en,Associate Marketing Director
3755,B2B Marketing Director I Demand Generation I Management I Digital Marketing I EMEA Field Marketing I Data Strategy,Marketing,sw,B2B Marketing Director I Demand Generation I Management I Digital Marketing I EMEA Field Marketing I Data Strategy
3756,Branding and Marketing Director,Marketing,en,Branding and Marketing Director
3757,Business Unit Director Sales & Marketing,Marketing,en,Business Unit Director Sales & Marketing
3758,Channel Marketing Director,Marketing,en,Channel Marketing Director
3759,Commercial & Marketing Director,Marketing,en,Commercial & Marketing Director
3760,Commercial and Marketing Director,Marketing,en,Commercial and Marketing Director
3761,Commercial Director | Responsible for Customer Success | Cobwebb Communications,Marketing,en,Commercial Director | Responsible for Customer Success | Cobwebb Communications
3762,Commercial Vehicles Sales and Marketing Director,Marketing,en,Commercial Vehicles Sales and Marketing Director
3763,Communication Director,Marketing,en,Communication Director
3764,Communications and Marketing Director,Marketing,en,Communications and Marketing Director
3765,Communications Director - Oaklins France,Marketing,en,Communications Director - Oaklins France
3766,Creative Director / Marketing Manager,Marketing,en,Creative Director / Marketing Manager
3767,Customer Experience & Digital Marketing Director,Marketing,en,Customer Experience & Digital Marketing Director
3768,Digital Marketing and Communication Director,Marketing,en,Digital Marketing and Communication Director
3769,Digital Marketing Director,Marketing,en,Digital Marketing Director
3770,Director - Gerente de Marketing y Comunicación | RSE | Gestión y experiencia,Marketing,es,Director - Marketing and Communication Manager | CSR | Management and experience
3771,Director / Global Head of Marketing and Communications,Marketing,en,Director / Global Head of Marketing and Communications
3772,Director / Sales&Marketing,Marketing,en,Director / Sales&Marketing
3773,Director Business Development & Marketing,Marketing,en,Director Business Development & Marketing
3774,Director Business Development & Marketing D-A-CH,Marketing,pt,Director Business Development & Marketing D-A-CH
3775,Director Business Development & Marketing Europe,Marketing,en,Director Business Development & Marketing Europe
3776,Director Business Process Management & Online Marketing,Marketing,en,Director Business Process Management & Online Marketing
3777,Director Business Unit Sales & Marketing,Marketing,en,Director Business Unit Sales & Marketing
3778,Director Communications,Marketing,en,Director Communications
3779,Director Communications Projects,Marketing,en,Director Communications Projects
3780,Director Corporate & Marketing Communications,Marketing,en,Director Corporate & Marketing Communications
3781,Director Corporate Communications & Marketing,Marketing,en,Director Corporate Communications & Marketing
3782,Director Corporate Marketing,Marketing,en,Director Corporate Marketing
3783,Director Corporate Marketing & Communication,Marketing,en,Director Corporate Marketing & Communication
3784,Director Corporate Marketing & Communications,Marketing,en,Director Corporate Marketing & Communications
3785,Director Corporate Marketing and Communications,Marketing,en,Director Corporate Marketing and Communications
3786,Director D-A-CH / Sales & Marketing Solutions,Marketing,en,Director D-A-CH / Sales & Marketing Solutions
3787,Director Data Driven Marketing,Marketing,en,Director Data Driven Marketing
3788,Director de Marketing,Marketing,pt,Director de Marketing
3789,Director de Marketing y Comunicación,Marketing,es,Marketing and Communication Director
3790,Director Digital & Online Marketing,Marketing,en,Director Digital & Online Marketing
3791,Director Digital Marketing,Marketing,en,Director Digital Marketing
3792,Director Digital Marketing & CRM,Marketing,en,Director Digital Marketing & CRM
3793,Director Digital Marketing & Media,Marketing,en,Director Digital Marketing & Media
3794,Director Digital Marketing Automation,Marketing,en,Director Digital Marketing Automation
3795,Director Germany | Marketing & Sales,Marketing,en,Director Germany | Marketing & Sales
3796,Director Global Digital Marketing,Marketing,en,Director Global Digital Marketing
3797,Director Global Marketing,Marketing,en,Director Global Marketing
3798,Director Global Marketing & Communications,Marketing,en,Director Global Marketing & Communications
3799,Director Global Marketing & Power Plant Solutions,Marketing,en,Director Global Marketing & Power Plant Solutions
3800,Director Global Marketing & Product Management,Marketing,en,Director Global Marketing & Product Management
3801,Director Global Marketing and Innovation,Marketing,en,Director Global Marketing and Innovation
3802,Director Global Marketing Communication/ Prima Vista Academy,Marketing,en,Director Global Marketing Communication/ Prima Vista Academy
3803,Director Global Marketing Communications,Marketing,en,Director Global Marketing Communications
3804,Director Global Product Management and Marketing,Marketing,en,Director Global Product Management and Marketing
3805,Director Global Sales & Marketing,Marketing,en,Director Global Sales & Marketing
3806,Director Global Sales & Marketing CV (IAM),Marketing,en,Director Global Sales & Marketing CV (IAM)
3807,Director Global Sales & Marketing Imaging,Marketing,en,Director Global Sales & Marketing Imaging
3808,Director Global Sales and Marketing - Controls,Marketing,en,Director Global Sales and Marketing - Controls
3809,Director Group Controlling Sales & Marketing,Marketing,en,Director Group Controlling Sales & Marketing
3810,Director Group Marketing and Business Development,Marketing,en,Director Group Marketing and Business Development
3811,Director International Business Development & Marketing,Marketing,en,Director International Business Development & Marketing
3812,Director International Marketing,Marketing,en,Director International Marketing
3813,Director Lead Management / Performance Marketing,Marketing,en,Director Lead Management / Performance Marketing
3814,Director Leadership Communications,Marketing,en,Director Leadership Communications
3815,Director Live Marketing,Marketing,en,Director Live Marketing
3816,Director Marketing,Marketing,en,Director Marketing
3817,Director Marketing - Brand & Communications,Marketing,en,Director Marketing - Brand & Communications
3818,Director Marketing - Manufacturing,Marketing,en,Director Marketing - Manufacturing
3819,Director Marketing & Aftermarket,Marketing,en,Director Marketing & Aftermarket
3820,Director Marketing & Applications,Marketing,en,Director Marketing & Applications
3821,Director Marketing & Business Development,Marketing,en,Director Marketing & Business Development
3822,Director Marketing & Business Development Strategy DACH,Marketing,en,Director Marketing & Business Development Strategy DACH
3823,Director Marketing & Chief Digital Officer DACH,Marketing,en,Director Marketing & Chief Digital Officer DACH
3824,Director Marketing & Communication | Member of the Board,Marketing,en,Director Marketing & Communication | Member of the Board
3825,Director Marketing & Communications,Marketing,en,Director Marketing & Communications
3826,Director Marketing & Communications | Mitglied der Geschäftsleitung,Marketing,de,Director Marketing & Communications -- Member of the Executive Board
3827,Director Marketing & Communications DACH,Marketing,en,Director Marketing & Communications DACH
3828,Director Marketing & Content,Marketing,en,Director Marketing & Content
3829,Director Marketing & Corporate Communications,Marketing,en,Director Marketing & Corporate Communications
3830,Director Marketing & Digital,Marketing,en,Director Marketing & Digital
3831,Director Marketing & E-Commerce,Marketing,en,Director Marketing & E-Commerce
3832,Director Marketing & IT D-A-CH,Marketing,pt,Director Marketing & IT D-A-CH
3833,Director Marketing & Leadmanagement DACH & EE,Marketing,de,Director Marketing & Lead Management DACH & EE
3834,Director Marketing & PR,Marketing,en,Director Marketing & PR
3835,Director Marketing & Sales,Marketing,en,Director Marketing & Sales
3836,Director Marketing & Sales Business,Marketing,en,Director Marketing & Sales Business
3837,Director Marketing & Sales Operations,Marketing,en,Director Marketing & Sales Operations
3838,Director Marketing / Business Development (OJOM...,Marketing,en,Director Marketing / Business Development (OJOM...
3839,Director Marketing and Advertising Vehicle Heaters,Marketing,en,Director Marketing and Advertising Vehicle Heaters
3840,Director Marketing and Application Manager,Marketing,en,Director Marketing and Application Manager
3841,Director Marketing and Business,Marketing,en,Director Marketing and Business
3842,Director Marketing and Communication,Marketing,en,Director Marketing and Communication
3843,Director Marketing and Communications,Marketing,en,Director Marketing and Communications
3844,Director Marketing and Sales,Marketing,en,Director Marketing and Sales
3845,Director Marketing Cloud Solutions,Marketing,en,Director Marketing Cloud Solutions
3846,Director Marketing Communications,Marketing,en,Director Marketing Communications
3847,Director Marketing Communications & Digitalization Marketing and Sales,Marketing,en,Director Marketing Communications & Digitalization Marketing and Sales
3848,Director Marketing Communications & PR,Marketing,en,Director Marketing Communications & PR
3849,Director Marketing Continental Europe,Marketing,en,Director Marketing Continental Europe
3850,Director Marketing DACH,Marketing,hi,Director Marketing DACH
3851,Director Marketing EMEA,Marketing,pt,Director Marketing EMEA
3852,Director Marketing EMEA DS,Marketing,pt,Director Marketing EMEA DS
3853,Director Marketing Europe,Marketing,en,Director Marketing Europe
3854,Director Marketing Germany & Austria,Marketing,de,Director Marketing Germany & Austria
3855,Director Marketing Service & Digital Systems \ Cutting Tools,Marketing,en,Director Marketing Service & Digital Systems \ Cutting Tools
3856,Director Marketing Service & Digital Systems \\ Cutting Tools,Marketing,en,Director Marketing Service & Digital Systems \\ Cutting Tools
3857,Director Marketing Sonepar Germany,Marketing,de,Director Marketing Sonepar Germany
3858,Director Marketing und Sales,Marketing,de,Director Marketing and Sales
3859,Director Marketing und Vertrieb,Marketing,de,Director Marketing and Sales
3860,Director New Business & Marketing,Marketing,en,Director New Business & Marketing
3861,Director of Communications and Public Relations,Marketing,en,Director of Communications and Public Relations
3862,Director of Corporate Communications,Marketing,en,Director of Corporate Communications
3863,Director of Corporate Marketing,Marketing,en,Director of Corporate Marketing
3864,Director of EMEA Marketing,Marketing,en,Director of EMEA Marketing
3865,Director of External Communications,Marketing,en,Director of External Communications
3866,Director of Global Marketing,Marketing,en,Director of Global Marketing
3867,Director of Marketing,Marketing,en,Director of Marketing
3868,Director of Marketing  Germany & Poland,Marketing,en,Director of Marketing  Germany & Poland
3869,Director of Marketing & formitas Akademie,Marketing,it,Director of Marketing & Academic Formity
3870,Director of Marketing and Communications,Marketing,en,Director of Marketing and Communications
3871,Director of Marketing and Communictaions (B2B) // Berlin,Marketing,en,Director of Marketing and Communictaions (B2B) // Berlin
3872,Director of Marketing and Sales,Marketing,en,Director of Marketing and Sales
3873,Director of Marketing and Sales (Messe Kontakt),Marketing,en,Director of Marketing and Sales (Messe Kontakt)
3874,Director of Marketing CE&EE,Marketing,en,Director of Marketing CE&EE
3875,Director of Sales & Marketing,Marketing,en,Director of Sales & Marketing
3876,Director of Sales & Marketing / Area Director o...,Marketing,pt,Director of Sales & Marketing / Area Director o...
3877,Director of Sales and Marketing,Marketing,en,Director of Sales and Marketing
3878,Director of Sales and Marketing - Prokurist,Marketing,en,Director of Sales and Marketing - Prokurist
3879,Director of Sales and Marketing Central Europe,Marketing,en,Director of Sales and Marketing Central Europe
3880,Director of Strategic Marketing,Marketing,en,Director of Strategic Marketing
3881,Director Online Marketing & Marketing Intelligence,Marketing,en,Director Online Marketing & Marketing Intelligence
3882,Director Online-Marketing,Marketing,en,Director Online-Marketing
3883,Director Operational Marketing,Marketing,en,Director Operational Marketing
3884,Director Partnership Marketing,Marketing,en,Director Partnership Marketing
3885,Director Perfect Execution & Strategic Programs (Messe Kontakt),Marketing,it,Director Perfect Execution & Strategic Programs (Messe Kontakt)
3886,Director PR & Marketing,Marketing,en,Director PR & Marketing
3887,Director Product & Marketing,Marketing,en,Director Product & Marketing
3888,Director Product Marketing,Marketing,en,Director Product Marketing
3889,Director Product Marketing & Sales Project Management,Marketing,en,Director Product Marketing & Sales Project Management
3890,Director Products & Marketing,Marketing,en,Director Products & Marketing
3891,Director Produktmanagement & Marketing Tooth Chain,Marketing,it,Director Produktmanagement & Marketing Tooth Chain
3892,Director Regional Marketing (Messe Kontakt),Marketing,ur,Director Regional Marketing (Exhibition Contact)
3893,Director Sales & Marketing,Marketing,en,Director Sales & Marketing
3894,Director Sales & Marketing - Prokurist,Marketing,hi,Director Sales & Marketing - Prokurist
3895,Director Sales & Marketing / Global Lead,Marketing,en,Director Sales & Marketing / Global Lead
3896,Director Sales & Marketing • OEM,Marketing,en,Director Sales & Marketing • OEM
3897,Director Sales & Marketing Altran Digital,Marketing,tr,Director Sales & Marketing Altran Digital
3898,Director Sales & Marketing CE South East,Marketing,en,Director Sales & Marketing CE South East
3899,Director Sales & Marketing Central Europe East,Marketing,en,Director Sales & Marketing Central Europe East
3900,Director Sales & Marketing DACH,Marketing,en,Director Sales & Marketing DACH
3901,Director Sales & Marketing Europe OEM Instrumentation,Marketing,en,Director Sales & Marketing Europe OEM Instrumentation
3902,Director Sales & Marketing Intercoat,Marketing,en,Director Sales & Marketing Intercoat
3903,Director Sales & Marketing Liquid Flow Sensors,Marketing,en,Director Sales & Marketing Liquid Flow Sensors
3904,Director Sales & Marketing MSK Covertech,Marketing,en,Director Sales & Marketing MSK Covertech
3905,Director Sales & Marketing Transportation,Marketing,en,Director Sales & Marketing Transportation
3906,Director Sales & Marketing/ Prokurist,Marketing,hi,Director Sales & Marketing/ Prokurist
3907,Director Sales Aircraft Conversion and Product Marketing,Marketing,en,Director Sales Aircraft Conversion and Product Marketing
3908,Director Sales and Marketing,Marketing,en,Director Sales and Marketing
3909,Director Sales and Marketing / Vorstand,Marketing,de,Director Sales and Marketing / Executive Board
3910,Director Sales and Marketing International  AVIAREPS,Marketing,en,Director Sales and Marketing International  AVIAREPS
3911,Director Sales and Marketing Life Sciences,Marketing,en,Director Sales and Marketing Life Sciences
3912,Director Sales I Marketing I Business Development,Marketing,en,Director Sales I Marketing I Business Development
3913,Director Solution Sales & Marketing - Prokurist,Marketing,en,Director Solution Sales & Marketing - Prokurist
3914,Director Strategic Marketing,Marketing,en,Director Strategic Marketing
3915,Director Strategic Marketing & Business Development Central Europe,Marketing,en,Director Strategic Marketing & Business Development Central Europe
3916,Director Strategy & Marketing,Marketing,en,Director Strategy & Marketing
3917,Divisional Director ECM (Messe Kontakt),Marketing,nl,Divisional Director ECM (Exhibition Contact)
3918,Divisional Marketing Director,Marketing,en,Divisional Marketing Director
3919,EMEA Director of Field & Channel Marketing,Marketing,en,EMEA Director of Field & Channel Marketing
3920,EMEA Marketing Director,Marketing,pt,EMEA Marketing Director
3921,EMEA Vendor Marketing Director,Marketing,pt,EMEA Vendor Marketing Director
3922,Energy Group Sales Marketing Director,Marketing,en,Energy Group Sales Marketing Director
3923,European Sales + Marketing Director,Marketing,en,European Sales + Marketing Director
3924,Executive Director Communications & Marketing,Marketing,en,Executive Director Communications & Marketing
3925,Executive Director Sales & Marketing,Marketing,en,Executive Director Sales & Marketing
3926,Field Marketing Director,Marketing,en,Field Marketing Director
3927,Field Marketing Director EMEA at MicroStrategy,Marketing,en,Field Marketing Director EMEA at MicroStrategy
3928,Founder & Marketing Director,Marketing,en,Founder & Marketing Director
3929,Geschäftsleitung Credit Solution & Director Sales/Marketing (Executive Board),Marketing,en,Geschäftsleitung Credit Solution & Director Sales/Marketing (Executive Board)
3930,Global B2B Marketing Director,Marketing,en,Global B2B Marketing Director
3931,Global Director Marketing & Design,Marketing,en,Global Director Marketing & Design
3932,Global Director Marketing & Sales,Marketing,en,Global Director Marketing & Sales
3933,Global Director Sales & Marketing | Prokurist & Mitglied der Geschäftsleitung,Marketing,de,Global Director Sales & Marketing - Procurist & Member of the Executive Board
3934,Global Marketing & Supply Chain Director,Marketing,en,Global Marketing & Supply Chain Director
3935,Global Marketing Director,Marketing,en,Global Marketing Director
3936,Global Marketing Director - STABILUS - Business Unit Vibration & Velocity,Marketing,en,Global Marketing Director - STABILUS - Business Unit Vibration & Velocity
3937,Global Marketing Director B2B,Marketing,en,Global Marketing Director B2B
3938,Group Director Marketing,Marketing,en,Group Director Marketing
3939,Group Director Marketing & Communication,Marketing,en,Group Director Marketing & Communication
3940,Group Director Marketing and Communication,Marketing,en,Group Director Marketing and Communication
3941,Group Director Marketing Strategy & Planning,Marketing,en,Group Director Marketing Strategy & Planning
3942,Group Exhibitions Director / Bereichsleiter Messen,Marketing,de,Group Exhibitions Director / Head of Trade Fairs
3943,Group Marketing Director,Marketing,en,Group Marketing Director
3944,Group Senior Director Communication and Marketing,Marketing,en,Group Senior Director Communication and Marketing
3945,Head of Product Management / Deputy Marketing Director,Marketing,en,Head of Product Management / Deputy Marketing Director
3946,Interim Director Marketing D/A/CH,Marketing,pt,Interim Director Marketing D/A/CH
3947,International BD and Marketing Director,Marketing,en,International BD and Marketing Director
3948,International Marketing and Commercial Director,Marketing,en,International Marketing and Commercial Director
3949,International Marketing Director,Marketing,en,International Marketing Director
3950,Leitung Marketing und Vertrieb/ Executive Director Marketing and Sales,Marketing,de,Head of Marketing and Sales / Executive Director Marketing and Sales
3951,Managing Director / Messe Kontakt,Marketing,de,Managing Director / Trade Fair Contact
3952,Managing Director | Head of Sales and Product Marketing,Marketing,en,Managing Director | Head of Sales and Product Marketing
3953,Managing Director DACH & Int. Marketing Batteries,Marketing,en,Managing Director DACH & Int. Marketing Batteries
3954,Managing Director Marketing & International Sales,Marketing,en,Managing Director Marketing & International Sales
3955,Managing Director Marketing & Sales,Marketing,en,Managing Director Marketing & Sales
3956,Managing Director Sales / Marketing,Marketing,en,Managing Director Sales / Marketing
3957,Marketing & Communication Director,Marketing,en,Marketing & Communication Director
3958,Marketing & Documentation Director,Marketing,en,Marketing & Documentation Director
3959,Marketing & Innovation Director,Marketing,en,Marketing & Innovation Director
3960,Marketing & Sales Development Director for Europe,Marketing,en,Marketing & Sales Development Director for Europe
3961,Marketing & Sales Director,Marketing,en,Marketing & Sales Director
3962,Marketing & Sales Director - New Markets,Marketing,en,Marketing & Sales Director - New Markets
3963,Marketing and Innovation Director | C-Level,Marketing,en,Marketing and Innovation Director | C-Level
3964,Marketing and Product Management Director Fluid Technologies EMEA,Marketing,en,Marketing and Product Management Director Fluid Technologies EMEA
3965,Marketing and Sales Director (Messe Kontakt),Marketing,en,Marketing and Sales Director (Messe Kontakt)
3966,Marketing Communications Director,Marketing,en,Marketing Communications Director
3967,Marketing Director,Marketing,en,Marketing Director
3968,Marketing Director - EMEA South,Marketing,en,Marketing Director - EMEA South
3969,Marketing Director – Gasoline Turbos Business Unit & Electric Boosting,Marketing,en,Marketing Director – Gasoline Turbos Business Unit & Electric Boosting
3970,Marketing Director & Co-Team Lead,Marketing,en,Marketing Director & Co-Team Lead
3971,Marketing Director (CMO),Marketing,en,Marketing Director (CMO)
3972,Marketing Director (Messe Kontakt),Marketing,ur,Marketing Director (Exhibition Contact)
3973,Marketing Director AdSales & New Business,Marketing,en,Marketing Director AdSales & New Business
3974,Marketing Director Avery Dennison Performance Tapes,Marketing,en,Marketing Director Avery Dennison Performance Tapes
3975,Marketing Director CE,Marketing,en,Marketing Director CE
3976,Marketing Director CEEMEA,Marketing,hi,Marketing Director CEEMEA
3977,Marketing Director DACH,Marketing,hi,Marketing Director DACH
3978,Marketing Director DACH-Region,Marketing,en,Marketing Director DACH-Region
3979,Marketing Director EAME,Marketing,en,Marketing Director EAME
3980,Marketing Director EMEA,Marketing,pt,Marketing Director EMEA
3981,Marketing Director Europe,Marketing,en,Marketing Director Europe
3982,Marketing Director Global,Marketing,en,Marketing Director Global
3983,Marketing Manager / Art-Director,Marketing,en,Marketing Manager / Art-Director
3984,Marketing Revenue Driver | Sales Enabler | Marketing Technologist | Director of Marketing,Marketing,en,Marketing Revenue Driver | Sales Enabler | Marketing Technologist | Director of Marketing
3985,Marketing/Sales Director (CMO),Marketing,en,Marketing/Sales Director (CMO)
3986,Personal Assistant of Director Sales and Marketing,Marketing,en,Personal Assistant of Director Sales and Marketing
3987,Project Director Sales Marketing,Marketing,en,Project Director Sales Marketing
3988,Regional Director Of Sales And Marketing,Marketing,en,Regional Director Of Sales And Marketing
3989,Sales & Marketing Director,Marketing,en,Sales & Marketing Director
3990,Sales & Marketing Director - Ingredients & Nutrition Division,Marketing,en,Sales & Marketing Director - Ingredients & Nutrition Division
3991,Sales & Marketing Director - Prokurist,Marketing,pt,Sales & Marketing Director - Prokurist
3992,Sales & Marketing Director - Solar Business Unit,Marketing,en,Sales & Marketing Director - Solar Business Unit
3993,Sales & Marketing Director DACH,Marketing,en,Sales & Marketing Director DACH
3994,Sales & Marketing Director EMEA,Marketing,en,Sales & Marketing Director EMEA
3995,Sales & Marketing Director Germany,Marketing,en,Sales & Marketing Director Germany
3996,Sales + Marketing Director,Marketing,en,Sales + Marketing Director
3997,Sales and Marketing Director,Marketing,en,Sales and Marketing Director
3998,Sales and Marketing Director Europe & South America,Marketing,en,Sales and Marketing Director Europe & South America
3999,Sales and Marketing Director Moto DACH-Benelux,Marketing,en,Sales and Marketing Director Moto DACH-Benelux
4000,Sales and Marketing Operations Director EMEA,Marketing,en,Sales and Marketing Operations Director EMEA
4001,Sales&Marketing Director,Marketing,en,Sales&Marketing Director
4002,Senior Director Global Marketing,Marketing,en,Senior Director Global Marketing
4003,Senior Director Global Marketing Communications,Marketing,en,Senior Director Global Marketing Communications
4004,Senior Director Marketing,Marketing,en,Senior Director Marketing
4005,Senior Director Marketing & Industry Management,Marketing,en,Senior Director Marketing & Industry Management
4006,Senior Director Marketing- & Sales Controlling & Sales Services,Marketing,en,Senior Director Marketing- & Sales Controlling & Sales Services
4007,Senior Director Marketing Business Area Equipment,Marketing,en,Senior Director Marketing Business Area Equipment
4008,Senior Director Marketing EMEA,Marketing,pt,Senior Director Marketing EMEA
4009,Senior Director Of Marketing & Sales,Marketing,en,Senior Director Of Marketing & Sales
4010,Senior Director Sales & Marketing,Marketing,en,Senior Director Sales & Marketing
4011,Senior Director Sales Marketing,Marketing,en,Senior Director Sales Marketing
4012,Senior Marketing Director,Marketing,en,Senior Marketing Director
4013,Specialist Marketing Director Head of Offering ...,Marketing,en,Specialist Marketing Director Head of Offering ...
4014,Sr. Director of Global Field Marketing,Marketing,en,Sr. Director of Global Field Marketing
4015,Strategic Marketing Director,Marketing,en,Strategic Marketing Director
4016,Vice Director Marketing,Marketing,en,Vice Director Marketing
4017,Director of Operations,Other,en,Director of Operations
4018,Director Operations,Other,en,Director Operations
4019,Executive Director Operations,Other,en,Executive Director Operations
4020,Managing Directors Operations @ ZEborne,Other,en,Managing Directors Operations @ ZEborne
4021,Operations Optimisation Director,Other,en,Operations Optimisation Director
4022,Owner and Director of Operations,Other,en,Owner and Director of Operations
4023,Senior Director Operations Development,Other,en,Senior Director Operations Development
4024,Senior Director Retail Operations,Other,en,Senior Director Retail Operations
4025,Technical Director Operations - Europe,Other,en,Technical Director Operations - Europe
4026,Director Operational Purchasing,Purchasing,en,Director Operational Purchasing
4027,Abteilungsdirektor - CRM & Vertriebskoordination,Sales,de,Department Director - CRM & Sales Coordination
4028,Abteilungsdirektor Vertrieb,Sales,de,Director of Sales
4029,Area Sales Director,Sales,en,Area Sales Director
4030,Assistentin Director Sales & Products,Sales,en,Assistentin Director Sales & Products
4031,Assistentin Sales Director & CRM,Sales,en,Assistentin Sales Director & CRM
4032,Assistenz Director Sales Germany / Trade Lane Manager Africa/Middle East,Sales,en,Assistenz Director Sales Germany / Trade Lane Manager Africa/Middle East
4033,Associate Director Sales,Sales,en,Associate Director Sales
4034,Associated Director Sales & Business Development,Sales,en,Associated Director Sales & Business Development
4035,Associated Director Sales and GTS,Sales,en,Associated Director Sales and GTS
4036,Bereichsleiter Verkauf / Sales Director,Sales,de,Head of Sales / Sales Director
4037,Bereichsleiter Vertrieb / Director Sales Headqu...,Sales,de,Head of Sales / Director Sales Headqu...
4038,Branch Manager & Sales Director,Sales,en,Branch Manager & Sales Director
4039,Business Development & Solution Sales Director,Sales,en,Business Development & Solution Sales Director
4040,Business Director Sales und Training,Sales,de,Business Director Sales and Training
4041,Business Unit Director / Sales Manager B2B - PC,Sales,en,Business Unit Director / Sales Manager B2B - PC
4042,Commercial Director and Senior Sales Manager @ Smart Pole Factory,Sales,en,Commercial Director and Senior Sales Manager @ Smart Pole Factory
4043,Country & Sales Director Germany,Sales,en,Country & Sales Director Germany
4044,Deputy CEO & Sales Director D-A-CH,Sales,en,Deputy CEO & Sales Director D-A-CH
4045,Director / Head of Sales,Sales,en,Director / Head of Sales
4046,Director After Sales Service,Sales,en,Director After Sales Service
4047,Director Business Development & Sales,Sales,en,Director Business Development & Sales
4048,Director Business Development & Sales Europe,Sales,en,Director Business Development & Sales Europe
4049,Director Channel Sales,Sales,en,Director Channel Sales
4050,Director Channel Sales Germany,Sales,en,Director Channel Sales Germany
4051,Director Commercial Sales Germany,Sales,en,Director Commercial Sales Germany
4052,Director Consulting & Sales,Sales,en,Director Consulting & Sales
4053,Director Corporate & Private Sales / E-Commerce,Sales,en,Director Corporate & Private Sales / E-Commerce
4054,Director DACH Sales,Sales,en,Director DACH Sales
4055,Director Dealer Sales Germany,Sales,en,Director Dealer Sales Germany
4056,Director Enterprise Sales - EMEA,Sales,pt,Director Enterprise Sales - EMEA
4057,Director Enterprise Sales D/A/CH,Sales,pt,Director Enterprise Sales D/A/CH
4058,Director Enterprise Sales DACH,Sales,en,Director Enterprise Sales DACH
4059,Director Field Sales Germany,Sales,en,Director Field Sales Germany
4060,Director Fund Sales,Sales,en,Director Fund Sales
4061,Director General Sales | Vermögensverwalter,Sales,de,Director General Sales 的 Asset Managers
4062,Director Global Alfabet Sales and PreSales Enab...,Sales,en,Director Global Alfabet Sales and PreSales Enab...
4063,Director Global Sales,Sales,en,Director Global Sales
4064,Director Global Sales -  Industrial / Special Customers,Sales,en,Director Global Sales -  Industrial / Special Customers
4065,Director Global Sales & Strategic Customers,Sales,en,Director Global Sales & Strategic Customers
4066,Director Global Sales Derby Cycle Werke,Sales,nl,Director Global Sales Derby Cycle Werke
4067,Director Global Sales Processes,Sales,en,Director Global Sales Processes
4068,Director Inside Sales,Sales,en,Director Inside Sales
4069,Director Inside Sales Deutschland & Schweiz,Sales,de,Director Inside Sales Germany & Switzerland
4070,Director Inside Sales EMEA,Sales,pt,Director Inside Sales EMEA
4071,Director Institutional Sales,Sales,en,Director Institutional Sales
4072,Director International Sales,Sales,en,Director International Sales
4073,Director International Sales & Projects,Sales,en,Director International Sales & Projects
4074,Director International Sales / Leitung Internationaler Vertrieb,Sales,de,Director International Sales / Head of International Sales
4075,Director International Sales and Projects,Sales,en,Director International Sales and Projects
4076,Director International Sales Checkweighers,Sales,en,Director International Sales Checkweighers
4077,Director International Sales ECNE,Sales,en,Director International Sales ECNE
4078,Director Key Account Sales,Sales,en,Director Key Account Sales
4079,Director Lead Management Sales / Customer Group,Sales,en,Director Lead Management Sales / Customer Group
4080,Director Media Sales,Sales,en,Director Media Sales
4081,Director of Corporate Sales,Sales,en,Director of Corporate Sales
4082,Director of Enterprise Sales. EMEA,Sales,en,Director of Enterprise Sales. EMEA
4083,Director of Global Sales & Business Development,Sales,en,Director of Global Sales & Business Development
4084,Director of Inside Sales,Sales,en,Director of Inside Sales
4085,Director of International Sales,Sales,en,Director of International Sales
4086,Director of Process Management Sales,Sales,en,Director of Process Management Sales
4087,Director of Sales,Sales,en,Director of Sales
4088,Director of Sales - Central Europe,Sales,en,Director of Sales - Central Europe
4089,Director of Sales - EMEA,Sales,en,Director of Sales - EMEA
4090,Director of Sales & Execution,Sales,en,Director of Sales & Execution
4091,Director of Sales & General Manager,Sales,en,Director of Sales & General Manager
4092,Director of Sales & Key Account Manager,Sales,en,Director of Sales & Key Account Manager
4093,Director of Sales & Sales Engineering Europe,Sales,en,Director of Sales & Sales Engineering Europe
4094,Director of Sales & Vice President,Sales,en,Director of Sales & Vice President
4095,Director of Sales / Web Consultant,Sales,en,Director of Sales / Web Consultant
4096,Director of Sales | Western Regions,Sales,en,Director of Sales | Western Regions
4097,Director of Sales and Business Development Photovoltaics,Sales,en,Director of Sales and Business Development Photovoltaics
4098,Director of Sales DACH,Sales,en,Director of Sales DACH
4099,Director of Sales DACH // Activ Defense for Datacenters,Sales,en,Director of Sales DACH // Activ Defense for Datacenters
4100,Director of Sales EMEA,Sales,en,Director of Sales EMEA
4101,Director of Sales for Europe (EMEA),Sales,en,Director of Sales for Europe (EMEA)
4102,Director of Sales Germany,Sales,en,Director of Sales Germany
4103,Director of Sales Intelligence,Sales,en,Director of Sales Intelligence
4104,Director of Sales Regions / Leiter Direktvertri...,Sales,de,Director of Sales Regions / Head of Direct...
4105,Director Pre Sales,Sales,en,Director Pre Sales
4106,Director PreSales,Sales,en,Director PreSales
4107,Director Pre-Sales D-A-CH,Sales,pt,Director Pre-Sales D-A-CH
4108,Director Pre-Sales EMEA,Sales,pt,Director Pre-Sales EMEA
4109,Director Product Sales,Sales,en,Director Product Sales
4110,Director Provider Sales & Support,Sales,en,Director Provider Sales & Support
4111,Director Regional Sales & Partnermanagement,Sales,en,Director Regional Sales & Partnermanagement
4112,Director Regional Sales & Solutions,Sales,en,Director Regional Sales & Solutions
4113,Director Sales,Sales,en,Director Sales
4114,Director Sales - After Sales Services,Sales,en,Director Sales - After Sales Services
4115,Director Sales - New Business,Sales,en,Director Sales - New Business
4116,Director Sales & Account Management,Sales,en,Director Sales & Account Management
4117,Director Sales & Authorized Officer,Sales,en,Director Sales & Authorized Officer
4118,Director Sales & Automation MSR,Sales,en,Director Sales & Automation MSR
4119,Director Sales & BD,Sales,en,Director Sales & BD
4120,Director Sales & Biz Development,Sales,en,Director Sales & Biz Development
4121,Director Sales & Business Development,Sales,en,Director Sales & Business Development
4122,Director Sales & Business Development DACH,Sales,en,Director Sales & Business Development DACH
4123,Director Sales & Business Development Manager,Sales,en,Director Sales & Business Development Manager
4124,Director Sales & Consulting Member of the Board,Sales,en,Director Sales & Consulting Member of the Board
4125,Director Sales & Director Sales Engineering,Sales,en,Director Sales & Director Sales Engineering
4126,Director Sales & Distribution Germany,Sales,en,Director Sales & Distribution Germany
4127,Director Sales & Management Consultant SAP BI,Sales,en,Director Sales & Management Consultant SAP BI
4128,Director Sales & New Business,Sales,en,Director Sales & New Business
4129,Director Sales & Operations,Sales,en,Director Sales & Operations
4130,Director Sales & Partnermanagement,Sales,en,Director Sales & Partnermanagement
4131,Director Sales & Programs,Sales,en,Director Sales & Programs
4132,Director Sales & Project Management,Sales,en,Director Sales & Project Management
4133,Director Sales & Prokurist,Sales,ur,Director Sales & Prokurist
4134,Director Sales & Relations,Sales,en,Director Sales & Relations
4135,Director Sales & Relations D-A-CH,Sales,en,Director Sales & Relations D-A-CH
4136,Director Sales & Service,Sales,en,Director Sales & Service
4137,Director Sales & Service - Prokurist,Sales,en,Director Sales & Service - Prokurist
4138,Director Sales & Solutions,Sales,en,Director Sales & Solutions
4139,Director Sales (Vertriebsleiter),Sales,de,Director Sales (Head of Sales)
4140,Director Sales / Geschäftsleitung ALSO Deutschland GmbH,Sales,de,Director Sales / Executive Board ALSO Deutschland GmbH
4141,Director Sales / Vertriebsleiter,Sales,de,Director Sales / Sales Manager
4142,Director Sales + Productmanagement,Sales,en,Director Sales + Productmanagement
4143,Director Sales Administration,Sales,en,Director Sales Administration
4144,Director Sales Administration/Key Account Manager,Sales,en,Director Sales Administration/Key Account Manager
4145,Director Sales and Application Engineering,Sales,en,Director Sales and Application Engineering
4146,Director Sales and Business Development,Sales,en,Director Sales and Business Development
4147,Director Sales and Customer Service,Sales,en,Director Sales and Customer Service
4148,Director Sales and Operation,Sales,en,Director Sales and Operation
4149,Director Sales and Operations,Sales,en,Director Sales and Operations
4150,Director Sales and Portfolio Management,Sales,en,Director Sales and Portfolio Management
4151,Director Sales and Product Management DIE WELT ...,Sales,de,Director Sales and Product Management THE WORLD ...
4152,Director Sales and Recruitment,Sales,en,Director Sales and Recruitment
4153,Director Sales and Support,Sales,en,Director Sales and Support
4154,Director Sales Asia & Pacific,Sales,en,Director Sales Asia & Pacific
4155,Director Sales Business Development,Sales,en,Director Sales Business Development
4156,Director Sales Business Unit Commercial Vehicle,Sales,en,Director Sales Business Unit Commercial Vehicle
4157,Director Sales Central EU,Sales,en,Director Sales Central EU
4158,Director Sales Consulting,Sales,en,Director Sales Consulting
4159,Director Sales Consulting Central Europe,Sales,en,Director Sales Consulting Central Europe
4160,Director Sales Cornerstone on Demand,Sales,en,Director Sales Cornerstone on Demand
4161,Director Sales D/A/CH,Sales,en,Director Sales D/A/CH
4162,Director Sales D/A/CH & Director Key Market LSR,Sales,en,Director Sales D/A/CH & Director Key Market LSR
4163,Director Sales DACH,Sales,en,Director Sales DACH
4164,Director Sales D-A-CH,Sales,pt,Director Sales D-A-CH
4165,Director Sales DACH & Eastern Europe,Sales,en,Director Sales DACH & Eastern Europe
4166,Director Sales DACH & Nordics,Sales,en,Director Sales DACH & Nordics
4167,Director Sales eGovernment Solutions,Sales,en,Director Sales eGovernment Solutions
4168,Director Sales EMEA,Sales,en,Director Sales EMEA
4169,Director Sales EMEA - Prokurist,Sales,pt,Director Sales EMEA - Prokurist
4170,Director Sales Engineering DACH,Sales,en,Director Sales Engineering DACH
4171,Director Sales Engineering EMEA,Sales,en,Director Sales Engineering EMEA
4172,Director Sales Europe,Sales,en,Director Sales Europe
4173,Director Sales Excellence,Sales,en,Director Sales Excellence
4174,Director Sales Germany,Sales,en,Director Sales Germany
4175,Director Sales International Customers,Sales,en,Director Sales International Customers
4176,Director Sales Key Account,Sales,en,Director Sales Key Account
4177,Director Sales Lab,Sales,en,Director Sales Lab
4178,Director Sales Lenses Germany (West & Central) & Luxemburg,Sales,en,Director Sales Lenses Germany (West & Central) & Luxemburg
4179,Director Sales national / international,Sales,en,Director Sales national / international
4180,Director Sales Operations,Sales,en,Director Sales Operations
4181,Director Sales Operations Worldwide,Sales,en,Director Sales Operations Worldwide
4182,Director Sales PPM,Sales,en,Director Sales PPM
4183,Director Sales RBU Europe - Sheetfed/UV,Sales,en,Director Sales RBU Europe - Sheetfed/UV
4184,Director Sales Region Asia & Oceania,Sales,en,Director Sales Region Asia & Oceania
4185,Director Sales Robert Bosch GmbH,Sales,de,Director Sales Robert Bosch GmbH
4186,Director Sales Support,Sales,en,Director Sales Support
4187,Director Sales valantic CEC Deutschland GmbH,Sales,de,Director Sales valantic CEC Deutschland GmbH
4188,Director Sales West & North East,Sales,en,Director Sales West & North East
4189,Director Sales Western Europe,Sales,en,Director Sales Western Europe
4190,Director Sales/SVP,Sales,en,Director Sales/SVP
4191,Director Salesforce Practice,Sales,en,Director Salesforce Practice
4192,Director Strategy and Sales Services EMEA,Sales,en,Director Strategy and Sales Services EMEA
4193,Director Vertrieb & Produktmanagement,Sales,de,Director Sales & Product Management
4194,Direktor Vertriebssteuerung - Director Marketin...,Sales,de,Director Sales Management - Director Marketin...
4195,EMEA Sales Director,Sales,en,EMEA Sales Director
4196,Enterprise Sales Director DACH,Sales,en,Enterprise Sales Director DACH
4197,European Digital Sales Director,Sales,en,European Digital Sales Director
4198,European Sales Director,Sales,en,European Sales Director
4199,Executive Director of Sales,Sales,en,Executive Director of Sales
4200,Executive Director Sales,Sales,en,Executive Director Sales
4201,Field Sales Director Off-Trade (Nat. Verkaufsleitung Handel),Sales,de,Field Sales Director Off-Trade (Nat. Verkaufsleitung Handel)
4202,Field Sales Group Director,Sales,en,Field Sales Group Director
4203,Founder & Managing Director  / Sales Evangelist,Sales,en,Founder & Managing Director  / Sales Evangelist
4204,General Sales Director,Sales,en,General Sales Director
4205,Gesamtvertriebsleiter/ Sales Director,Sales,de,Sales Director
4206,Global Director of Sales Operations,Sales,en,Global Director of Sales Operations
4207,Global Director Sales & Technology - Gauze Applications,Sales,en,Global Director Sales & Technology - Gauze Applications
4208,Global Director Sales Enablement,Sales,en,Global Director Sales Enablement
4209,Global Sales & Service Director,Sales,en,Global Sales & Service Director
4210,Global Sales Director,Sales,en,Global Sales Director
4211,Global Sales Director & wire springs division manager,Sales,en,Global Sales Director & wire springs division manager
4212,Global Sales Director / CSO,Sales,en,Global Sales Director / CSO
4213,Global Sales Director @Solukon,Sales,it,Global Sales Director @Solukon
4214,Global Sales Director Sodiaal Dairy Ingredients,Sales,en,Global Sales Director Sodiaal Dairy Ingredients
4215,Global Sales Performance Director,Sales,en,Global Sales Performance Director
4216,Group Director Sales,Sales,en,Group Director Sales
4217,Group Director Sales Processes & RFQ,Sales,en,Group Director Sales Processes & RFQ
4218,Group Sales Director,Sales,en,Group Sales Director
4219,Head of Collaboration - Director Sales,Sales,en,Head of Collaboration - Director Sales
4220,Head of Development – Sales Director – Assystem ET&I,Sales,en,Head of Development – Sales Director – Assystem ET&I
4221,Head of Sales/Commercial Director Life Science & Nutrition,Sales,en,Head of Sales/Commercial Director Life Science & Nutrition
4222,Inhaber / Director Sales,Sales,de,Owner / Director Sales
4223,Inside Sales Director BU Network Solution & IT ...,Sales,en,Inside Sales Director BU Network Solution & IT ...
4224,Interims Director Sales & Strat. Partnerships,Sales,en,Interims Director Sales & Strat. Partnerships
4225,International Sales Director,Sales,en,International Sales Director
4226,International Sales Director at CAM Systems GmbH,Sales,en,International Sales Director at CAM Systems GmbH
4227,Key Account Sales Director,Sales,en,Key Account Sales Director
4228,Leiter Vertrieb / Director Sales,Sales,de,Head of Sales / Director Sales
4229,Leiter Vertrieb / Sales Director,Sales,de,Head of Sales / Sales Director
4230,"at ait-deutschland GmbH""",Sales,de,at ait-deutschland GmbH'
4231,Leiter Vertrieb/Director Sales,Sales,de,Head of Sales/Director Sales
4232,Leiterin Vertrieb / Director of Corporate Sales,Sales,de,Head of Sales / Director of Corporate Sales
4233,Leiterin Vertrieb Innendienst / Director Inside Sales,Sales,de,Head of Internal Sales / Director Inside Sales
4234,Leitung Verkauf / Director of Sales,Sales,de,Head of Sales / Director of Sales
4235,Ltd. Angestellter Vertrieb / Bezirksdirektor,Sales,de,Ltd. Employee Sales / District Director
4236,Managing Director - Head of Sales DACH & Nordics,Sales,en,Managing Director - Head of Sales DACH & Nordics
4237,Managing Director - International Sales and Par...,Sales,en,Managing Director - International Sales and Par...
4238,Managing Director & Head of Sales,Sales,en,Managing Director & Head of Sales
4239,Managing Director Capri Sun Vertrieb Deutschland,Sales,de,Managing Director Capri Sun Sales Germany
4240,Managing Director Sales,Sales,en,Managing Director Sales
4241,Managing Director Sales // Regional Director DA...,Sales,en,Managing Director Sales // Regional Director DA...
4242,National Sales Director KAM,Sales,hi,National Sales Director KAM
4243,Organisationsdirektor Vertrieb Generalagenten,Sales,de,Organizational Director Sales General Agents
4244,Performance Sales Director,Sales,en,Performance Sales Director
4245,ppa. Verkaufsleiter | Sales Director D A CH International,Sales,de,ppa. Sales Director D A CH International
4246,Process Sales Director - Europe,Sales,en,Process Sales Director - Europe
4247,Program Director - Salesforce expert | John Paul Group,Sales,en,Program Director - Salesforce expert | John Paul Group
4248,Prokurist - Director Sales,Sales,ur,Prokurist - Director Sales
4249,Prokurist - Director Sales and Technical Service Europe,Sales,en,Prokurist - Director Sales and Technical Service Europe
4250,Regional Director - Sales and Account Management,Sales,en,Regional Director - Sales and Account Management
4251,Regional Director of Sales DACH,Sales,en,Regional Director of Sales DACH
4252,Regional Sales  Director - EMEA,Sales,pt,Regional Sales  Director - EMEA
4253,Regional Sales Director,Sales,en,Regional Sales Director
4254,Regional Sales Director CEER,Sales,nl,Regional Sales Director CEER
4255,Regional Sales Director Central Europe & Poland,Sales,en,Regional Sales Director Central Europe & Poland
4256,Regional Sales Director DACH,Sales,en,Regional Sales Director DACH
4257,Regional Sales Director DE/CH,Sales,pt,Regional Sales Director DE/CH
4258,Regional Sales Director EMEA and India,Sales,en,Regional Sales Director EMEA and India
4259,Regional Sales Director Germany,Sales,en,Regional Sales Director Germany
4260,Regional Sales Director Nonwovens,Sales,it,Regional Sales Director Nonwovens
4261,Regionaldirektor / Head of Sales and CRM,Sales,nl,Regionaldirektor / Head of Sales and CRM
4262,Sales & Business Development Director (Mitglied...,Sales,en,Sales & Business Development Director (Mitglied...
4263,Sales & Engineering Director,Sales,en,Sales & Engineering Director
4264,Sales and Business Development Director,Sales,en,Sales and Business Development Director
4265,Sales Development  & Mktg Director,Sales,en,Sales Development  & Mktg Director
4266,Sales Development Director,Sales,en,Sales Development Director
4267,Sales Director,Sales,en,Sales Director
4268,Sales Director - Agriculture (AG) Europe,Sales,en,Sales Director - Agriculture (AG) Europe
4269,Sales Director - CCO,Sales,en,Sales Director - CCO
4270,Sales Director - DACH,Sales,en,Sales Director - DACH
4271,Sales Director - Europe,Sales,en,Sales Director - Europe
4272,Sales Director  International B2B & Food Service,Sales,en,Sales Director  International B2B & Food Service
4273,Sales Director - Prokurist,Sales,ur,Sales Director - Prokurist
4274,Sales Director & Key Account Manager,Sales,en,Sales Director & Key Account Manager
4275,Sales Director & Niederlassungsleiter,Sales,de,Sales Director & Branch Manager
4276,Sales Director (Export),Sales,en,Sales Director (Export)
4277,Sales Director (Vertriebsleiter),Sales,de,Sales Director (Head of Sales)
4278,Sales Director / Head of Sales,Sales,en,Sales Director / Head of Sales
4279,Sales Director / Leitung Vertrieb,Sales,de,Sales Director / Head of Sales
4280,Sales Director / Mitglied der GL,Sales,de,Sales Director / Member of the GL
4281,Sales Director / Objektleiter,Sales,de,Sales Director / Object Manager
4282,Sales Director / Prokurist,Sales,ur,Sales Director / Prokurist
4283,Sales Director / Vertrieb,Sales,de,Sales Director / Sales
4284,Sales Director / Vertriebsleiter,Sales,de,Sales Director / Sales Manager
4285,Sales Director / Vertriebsleitung,Sales,de,Sales Director / Sales Director
4286,Sales Director B2B,Sales,en,Sales Director B2B
4287,Sales Director BABYWELT,Sales,de,Sales Director BABYWELT
4288,Sales Director Benelux and International Training Manager,Sales,en,Sales Director Benelux and International Training Manager
4289,Sales Director BMW Group,Sales,en,Sales Director BMW Group
4290,Sales Director Brand Label,Sales,en,Sales Director Brand Label
4291,Sales Director Central & Eastern Europe / Global Rail Applications,Sales,en,Sales Director Central & Eastern Europe / Global Rail Applications
4292,Sales Director Central Europe,Sales,en,Sales Director Central Europe
4293,Sales Director Central&Eastern Europe Fragrances & Oral Care,Sales,en,Sales Director Central&Eastern Europe Fragrances & Oral Care
4294,Sales Director Channel Germany,Sales,en,Sales Director Channel Germany
4295,Sales Director Commercial / Central Europe,Sales,en,Sales Director Commercial / Central Europe
4296,Sales Director Compliance Solutions,Sales,en,Sales Director Compliance Solutions
4297,Sales Director Consumer Packaging & Display,Sales,en,Sales Director Consumer Packaging & Display
4298,Sales Director D/A/CH,Sales,en,Sales Director D/A/CH
4299,Sales Director DACH,Sales,en,Sales Director DACH
4300,Sales Director D-A-CH,Sales,pt,Sales Director D-A-CH
4301,Sales Director DACH & BeNeLux - Colt Capital Markets - / Prokurist,Sales,en,Sales Director DACH & BeNeLux - Colt Capital Markets - / Prokurist
4302,Sales Director DACH & CEE,Sales,en,Sales Director DACH & CEE
4303,Sales Director DACH & IBERIA,Sales,de,Sales Director DACH & IBERIA
4304,Sales Director DECH,Sales,hi,Sales Director DECH
4305,Sales Director Deutschland Print & Digital,Sales,de,Sales Director Germany Print & Digital
4306,Sales Director Digital Services,Sales,en,Sales Director Digital Services
4307,Sales Director Discount,Sales,en,Sales Director Discount
4308,Sales Director Distributor Northern & Central E...,Sales,en,Sales Director Distributor Northern & Central E...
4309,Sales Director Döhle Group,Sales,tr,Sales Director Döhle Group
4310,Sales Director Dossche Mills,Sales,de,Sales Director Dossche Mills
4311,Sales Director E-Commerce,Sales,en,Sales Director E-Commerce
4312,Sales Director EEMEA,Sales,pt,Sales Director EEMEA
4313,Sales Director EMEA,Sales,en,Sales Director EMEA
4314,Sales Director Europe,Sales,en,Sales Director Europe
4315,Sales Director European Subsidiaries,Sales,en,Sales Director European Subsidiaries
4316,Sales Director Export,Sales,en,Sales Director Export
4317,Sales Director German OEM's FTDS,Sales,en,Sales Director German OEM's FTDS
4318,Sales Director Germany,Sales,en,Sales Director Germany
4319,Sales Director Germany & Austria,Sales,en,Sales Director Germany & Austria
4320,Sales Director Germany / Vertriebsdirektor Deutschland,Sales,de,Sales Director Germany / Sales Director Germany
4321,Sales Director Global & Business Unit Development,Sales,en,Sales Director Global & Business Unit Development
4322,Sales Director GM Europe,Sales,en,Sales Director GM Europe
4323,Sales Director High Performance Nonwovens,Sales,en,Sales Director High Performance Nonwovens
4324,Sales Director Hotel & Spa APAC,Sales,en,Sales Director Hotel & Spa APAC
4325,Sales Director Industrial Key Accounts,Sales,en,Sales Director Industrial Key Accounts
4326,Sales Director Infrastructure,Sales,en,Sales Director Infrastructure
4327,Sales Director International,Sales,en,Sales Director International
4328,Sales Director International Business,Sales,en,Sales Director International Business
4329,Sales Director International Distribution Partners,Sales,en,Sales Director International Distribution Partners
4330,Sales Director International Key Accounts,Sales,en,Sales Director International Key Accounts
4331,Sales Director Intralogistics Europe,Sales,en,Sales Director Intralogistics Europe
4332,Sales Director IR Solutions and UV Lamps,Sales,en,Sales Director IR Solutions and UV Lamps
4333,Sales Director Jacobi Carbons GmbH,Sales,en,Sales Director Jacobi Carbons GmbH
4334,Sales Director Key Accounts,Sales,en,Sales Director Key Accounts
4335,Sales Director MSR,Sales,en,Sales Director MSR
4336,Sales Director New Markets,Sales,en,Sales Director New Markets
4337,Sales Director NGINX,Sales,en,Sales Director NGINX
4338,Sales Director Northern & Eastern Europe,Sales,en,Sales Director Northern & Eastern Europe
4339,Sales Director OEM / Geschäftsführer Ronal Technologie GmbH,Sales,de,Sales Director OEM / Managing Director Ronal Technologie GmbH
4340,Sales Director Off-Trade & Wholesale,Sales,en,Sales Director Off-Trade & Wholesale
4341,Sales Director PCG,Sales,en,Sales Director PCG
4342,Sales Director Pharma,Sales,en,Sales Director Pharma
4343,Sales Director PHE HVAC/Light Industry D-A-CH,Sales,en,Sales Director PHE HVAC/Light Industry D-A-CH
4344,Sales Director Rapid Prototyping,Sales,en,Sales Director Rapid Prototyping
4345,Sales Director Retsch GmbH / Vertriebsleiter,Sales,de,Sales Director Retsch GmbH / Sales Manager
4346,Sales Director SAP Solutions & Technology,Sales,en,Sales Director SAP Solutions & Technology
4347,Sales Director SEE,Sales,en,Sales Director SEE
4348,Sales Director Solutions,Sales,en,Sales Director Solutions
4349,Sales Director Southern Europe,Sales,en,Sales Director Southern Europe
4350,Sales Director Special Products,Sales,en,Sales Director Special Products
4351,Sales Director Spirits & Business Development,Sales,en,Sales Director Spirits & Business Development
4352,Sales Director Strategic Accounts,Sales,en,Sales Director Strategic Accounts
4353,Sales Director Systems,Sales,en,Sales Director Systems
4354,Sales Director Talent Management DACH,Sales,en,Sales Director Talent Management DACH
4355,Sales Director Technical Sales,Sales,en,Sales Director Technical Sales
4356,Sales Director Territory,Sales,en,Sales Director Territory
4357,Sales Director US,Sales,en,Sales Director US
4358,Sales Director VAUTID GmbH || ? International B2B-Sales ? || Business Development || Leadership || ?? #gernperdu ??,Sales,hi,Sales Director VAUTID GmbH || ? International B2B-Sales ? || Business Development || Leadership || ?? #gernperdu ??
4359,Sales Director West Germany,Sales,en,Sales Director West Germany
4360,Sales Director/ Vertriebsdirektor,Sales,de,Sales Director/ Sales Director
4361,Sales Excellence Program Director,Sales,en,Sales Excellence Program Director
4362,Sales Innovation Director (International Operations),Sales,en,Sales Innovation Director (International Operations)
4363,Sales Operations Director France & SWitzerland,Sales,nl,Sales Operations Director France & SWitzerland
4364,Salesforce Project Director,Sales,en,Salesforce Project Director
4365,Senior Director Enterprise Sales,Sales,en,Senior Director Enterprise Sales
4366,Senior Director Global Sales,Sales,en,Senior Director Global Sales
4367,Senior Director of Outside Sales,Sales,en,Senior Director of Outside Sales
4368,Senior Director Sales,Sales,en,Senior Director Sales
4369,Senior Director Sales & Service,Sales,en,Senior Director Sales & Service
4370,Senior Director Sales Germany,Sales,en,Senior Director Sales Germany
4371,Senior Director Sales International,Sales,en,Senior Director Sales International
4372,Senior Director Sales Office,Sales,en,Senior Director Sales Office
4373,Senior Director Sales Operations & Pricing EMEA,Sales,en,Senior Director Sales Operations & Pricing EMEA
4374,Senior Sales + Medical Director,Sales,en,Senior Sales + Medical Director
4375,Senior Sales Director,Sales,en,Senior Sales Director
4376,Senior Sales Director Systems & Software Engineering World Wide,Sales,en,Senior Sales Director Systems & Software Engineering World Wide
4377,Services Sales Director Central,Sales,en,Services Sales Director Central
4378,Sr. Director Channel Sales EMEA,Sales,en,Sr. Director Channel Sales EMEA
4379,Stellvertretender Sales Director | Senior Account Director,Sales,de,Deputy Sales Director 的 Senior Account Director
4380,Strategic Sales Director International,Sales,en,Strategic Sales Director International
4381,Unit Director Digital Sales,Sales,en,Unit Director Digital Sales
4382,Verkaufsdirektor/Director of Sales,Sales,de,Sales Director/Director of Sales
4383,Verkaufsleiter / Sales Director,Sales,de,Sales Manager / Sales Director
4384,Vertriebsdirektor,Sales,de,Sales Director
4385,Vertriebsdirektor - Dipl. Systemischer Coach - ...,Sales,de,Sales Director - Dipl. Systemischer Coach - ...
4386,Vertriebsdirektor (Sales Director),Sales,de,Sales Director
4387,Vertriebsdirektor / Prokurist,Sales,de,Sales Director / Procurator
4388,Vertriebsdirektor / Sales Director,Sales,de,Sales Director / Sales Director
4389,Vertriebsdirektor Firmenkunden,Sales,de,Sales Director Corporate Clients
4390,Vertriebsdirektor/ Sales Director DRI Central Europe & Pouch Packaging International,Sales,de,Sales Director DRI Central Europe & Pouch Packaging International
4391,Vertriebsleiter - Sales Director,Sales,de,Sales Director - Sales Director
4392,Vertriebsleiter (Sales Director),Sales,de,Sales Director
4393,Vertriebsleiter / Director Sales,Sales,de,Sales Manager / Director Sales
4394,Vertriebsleiter / Sales Director,Sales,de,Sales Director / Sales Director
4395,Vertriebsleiter / Senior Sales Director,Sales,de,Sales Manager / Senior Sales Director
4396,Vertriebsleiter | Sales Director,Sales,de,Sales Director -- Sales Director
4397,Vertriebsleiter D+AT / Sales Director D+AT,Sales,de,Sales Director D+AT / Sales Director D+AT
4398,Vertriebsleiter Deutschland / Sales Director Germany,Sales,de,Sales Director Germany / Sales Director Germany
4399,Vertriebsleiter/ Director Sales Lacon Gruppe,Sales,de,Sales Manager / Director Sales Lacon Group
4400,Vertriebsleitung / Sales Director,Sales,de,Sales Director / Sales Director
4401,Vertriebsleitung Deutschland / Sales Director Germany,Sales,de,Sales Director Germany / Sales Director Germany
4402,VP Global Sales & Managing Director,Sales,en,VP Global Sales & Managing Director
4403,VP Regional Sales EU  Central / Managing Director Germany,Sales,en,VP Regional Sales EU  Central / Managing Director Germany
4404,Junior Project Manager,Project Management,en,Junior Project Manager
4405,Junior Projektleiter,Project Management,de,Junior Project Manager
4406,Junior Projektmanager,Project Management,en,Junior Projektmanager
4407,Junior Projektmanagerin Investorenbetreuung,Project Management,de,Junior Project Manager Investor Support
4408,Junior Assistenz,Administrative,de,Junior Assistant
4409,Junior Berater Business Development Performance...,Business Development,en,Junior Berater Business Development Performance...
4410,Junior Business Analyst,Business Development,en,Junior Business Analyst
4411,Junior Business Development Intern,Business Development,en,Junior Business Development Intern
4412,Junior Consultant SAP Business Intelligence,Business Development,en,Junior Consultant SAP Business Intelligence
4413,Junior Consultant,Consulting,en,Junior Consultant
4414,SAP Junior Inhouse Consultant,Consulting,en,SAP Junior Inhouse Consultant
4415,Global Digitalization Junior Expert,Information Technology,en,Global Digitalization Junior Expert
4416,Junior Manager Digital Media & Client Services,Information Technology,en,Junior Manager Digital Media & Client Services
4417,Junior SAP Berater / Anwendungsentwickler,Information Technology,de,Junior SAP Consultant / Application Developer
4418,CRM Junior Datenmanagerin,Information Technology,nl,CRM Junior Data Manager
4419,CRM Junior Managerin,Information Technology,en,CRM Junior Managerin
4420,CRM Junior Projekt Manager,Information Technology,en,CRM Junior Projekt Manager
4421,Junior Content & CRM Manager,Information Technology,en,Junior Content & CRM Manager
4422,Junior CRM-Applikationsbetreuerin,Information Technology,nl,Junior CRM application manager
4423,Junior Expert CRM Consulting,Information Technology,en,Junior Expert CRM Consulting
4424,Junior Kundenberater CRM,Information Technology,de,Junior Customer Consultant CRM
4425,Junior Project Manager CRM,Information Technology,en,Junior Project Manager CRM
4426,Market Analyst & CRM Junior,Information Technology,en,Market Analyst & CRM Junior
4427,Digital Native | Junior Manager | E-Commerce & Digital Marketing,Marketing,en,Digital Native | Junior Manager | E-Commerce & Digital Marketing
4428,Junior Communication Specialist,Marketing,en,Junior Communication Specialist
4429,Junior Communications Specialist,Marketing,en,Junior Communications Specialist
4430,Junior Consultant E-Mail Marketing & CRM,Marketing,it,Junior Consultant E-Mail Marketing & CRM
4431,Junior Digital Marketing Manager,Marketing,en,Junior Digital Marketing Manager
4432,Junior Expert CRM/ GDPR/ Marketing Coporate Communications and Public Affairs,Marketing,en,Junior Expert CRM/ GDPR/ Marketing Coporate Communications and Public Affairs
4433,Junior Field Marketing Specialist,Marketing,en,Junior Field Marketing Specialist
4434,Junior Key Account Manager Industry / Marketing Representative,Marketing,en,Junior Key Account Manager Industry / Marketing Representative
4435,Junior Manager Event & Channel Marketing,Marketing,en,Junior Manager Event & Channel Marketing
4436,Junior Manager Marketing & PR,Marketing,en,Junior Manager Marketing & PR
4437,Junior Manager Marketing & Sales,Marketing,en,Junior Manager Marketing & Sales
4438,Junior Manager Marketing Communications,Marketing,en,Junior Manager Marketing Communications
4439,Junior Manager Marketingkommunikation & Sales,Marketing,en,Junior Manager Marketingkommunikation & Sales
4440,Junior Manager Product & Corporate Communication EMEA (Messe Kontakt),Marketing,nl,Junior Manager Product & Corporate Communication EMEA (Messe Kontakt)
4441,Junior Manager Sales and Marketing,Marketing,en,Junior Manager Sales and Marketing
4442,Junior Marketing & Event Manager,Marketing,en,Junior Marketing & Event Manager
4443,Junior Marketing and Communication Manager,Marketing,en,Junior Marketing and Communication Manager
4444,Junior Marketing Assistant,Marketing,en,Junior Marketing Assistant
4445,Junior Marketing Assistent,Marketing,en,Junior Marketing Assistent
4446,Junior Marketing Communications Specialist,Marketing,en,Junior Marketing Communications Specialist
4447,Junior Marketing Manager,Marketing,en,Junior Marketing Manager
4448,Junior Marketing Manager - Eventmarketing,Marketing,en,Junior Marketing Manager - Eventmarketing
4449,Junior Marketing Manager Messen & Events,Marketing,en,Junior Marketing Manager Messen & Events
4450,Junior Marketing Managerin,Marketing,en,Junior Marketing Managerin
4451,Junior Marketing Referentin,Marketing,tr,Junior Marketing Consultant
4452,Junior Marketing Specialist,Marketing,en,Junior Marketing Specialist
4453,Junior Marketingmanager,Marketing,en,Junior Marketingmanager
4454,Junior Marketing-Projektmanager,Marketing,en,Junior Marketing-Projektmanager
4455,Junior Marketingreferentin,Marketing,de,Junior Marketing Officer
4456,Junior Messe- & Eventmanager,Marketing,de,Junior Fair & Event Manager
4457,Junior Online Marketing Manager,Marketing,en,Junior Online Marketing Manager
4458,Junior Project Manager Marketing,Marketing,en,Junior Project Manager Marketing
4459,Junior Projektmanager Messen,Marketing,de,Junior Project Manager Fairs
4460,Junior Projektmanager Sales & Marketing International,Marketing,en,Junior Projektmanager Sales & Marketing International
4461,Junior Sales- & Marketing-Manager,Marketing,en,Junior Sales- & Marketing-Manager
4462,Junior Trade Marketing Manager,Marketing,en,Junior Trade Marketing Manager
4463,Junior Trade Marketing Managerin,Marketing,en,Junior Trade Marketing Managerin
4464,Junior-Marketingmanagerin,Marketing,en,Junior-Marketingmanagerin
4465,Junior-Marketing-Mitarbeiterin,Marketing,de,Junior Marketing Employee
4466,Trainee - Junior Online Marketing Managerin,Marketing,en,Trainee - Junior Online Marketing Managerin
4467,Junior Account Manager,Sales,en,Junior Account Manager
4468,Junior Expert CRM - Sales Projects & CRM - B&R Industrial Automation,Sales,en,Junior Expert CRM - Sales Projects & CRM - B&R Industrial Automation
4469,Junior Head of Sales Germany,Sales,en,Junior Head of Sales Germany
4470,Junior Key Account Manager,Sales,en,Junior Key Account Manager
4471,Junior Sales Development Managerin,Sales,en,Junior Sales Development Managerin
4472,Junior Sales Development Representative,Sales,en,Junior Sales Development Representative
4473,Junior Sales Force Effectiveness Customer Relationship Mangement Manager,Sales,en,Junior Sales Force Effectiveness Customer Relationship Mangement Manager
4474,Junior Sales Manager,Sales,en,Junior Sales Manager
4475,Junior Vertriebsingenieur,Sales,de,Junior Sales Engineer
4476,Head of Brand Activation & Projects REHAU Group,Project Management,en,Head of Brand Activation & Projects REHAU Group
4477,Head of Customer Projects,Project Management,en,Head of Customer Projects
4478,Head of digital business sales & marketing,Marketing,en,Head of digital business sales & marketing
4479,Head of Research&Development Genius Project,Project Management,en,Head of Research&Development Genius Project
4480,Head of sales-marketing,Marketing,en,Head of sales-marketing
4481,Strategic Projects / Deputy Division Head,Project Management,en,Strategic Projects / Deputy Division Head
4482,Assistenz Head of Business Unit Digital Transfomation,Business Development,en,Assistenz Head of Business Unit Digital Transfomation
4483,Business Development - Head of Marketplace & Pr...,Business Development,en,Business Development - Head of Marketplace & Pr...
4484,Enno Carstens  Head of Business Intelligence / CRM,Business Development,nl,Enno Carstens  Head of Business Intelligence / CRM
4485,Global Head of Business Development,Business Development,en,Global Head of Business Development
4486,Global Head of IT & Business Intelligence,Business Development,en,Global Head of IT & Business Intelligence
4487,Global Head of SAP Business Development,Business Development,en,Global Head of SAP Business Development
4488,Global Head Product & Business Development,Business Development,en,Global Head Product & Business Development
4489,Head Business Development Europe / AsiaPacific,Business Development,nl,Head Business Development Europe / AsiaPacific
4490,Head Digital Business,Business Development,en,Head Digital Business
4491,Head of  Business Development,Business Development,en,Head of  Business Development
4492,Head of B2B Business Development,Business Development,en,Head of B2B Business Development
4493,Head of Business,Business Development,en,Head of Business
4494,Head of Business & Product Development,Business Development,en,Head of Business & Product Development
4495,Head of Business Analytics & Processes,Business Development,en,Head of Business Analytics & Processes
4496,Head of Business and Partnerships,Business Development,en,Head of Business and Partnerships
4497,Head of Business Applications Commercial,Business Development,en,Head of Business Applications Commercial
4498,Head of Business Center,Business Development,en,Head of Business Center
4499,Head of Business Clients,Business Development,en,Head of Business Clients
4500,Head of Business Developement,Business Development,en,Head of Business Developement
4501,Head of Business Development,Business Development,en,Head of Business Development
4502,Head of Business Development & Expansion,Business Development,en,Head of Business Development & Expansion
4503,Head of Business Development & Innovation,Business Development,en,Head of Business Development & Innovation
4504,Head of Business Development & Operations,Business Development,en,Head of Business Development & Operations
4505,Head of Business Development | Member of Board,Business Development,en,Head of Business Development | Member of Board
4506,Head of Business Development and Innovation,Business Development,en,Head of Business Development and Innovation
4507,Head of Business Development Automotive,Business Development,en,Head of Business Development Automotive
4508,Head of Business Development DACH,Business Development,en,Head of Business Development DACH
4509,Head of Business Development D-A-CH,Business Development,en,Head of Business Development D-A-CH
4510,Head of Business Development Deutschland - Contract Logistics Northern Europe,Business Development,en,Head of Business Development Deutschland - Contract Logistics Northern Europe
4511,Head of Business Development Europe,Business Development,en,Head of Business Development Europe
4512,Head of Business Development Extrusion,Business Development,en,Head of Business Development Extrusion
4513,Head of Business Development Tuya Germany,Business Development,en,Head of Business Development Tuya Germany
4514,Head of Business Development Workflow Automation,Business Development,en,Head of Business Development Workflow Automation
4515,Head of Business Engineering,Business Development,en,Head of Business Engineering
4516,Head of Business Innovation & Digitization,Business Development,en,Head of Business Innovation & Digitization
4517,Head of Business Intelligence,Business Development,en,Head of Business Intelligence
4518,Head of Business Intelligence Europe,Business Development,en,Head of Business Intelligence Europe
4519,Head of Business Segment MBS UK,Business Development,en,Head of Business Segment MBS UK
4520,Head of Business Solution Team,Business Development,en,Head of Business Solution Team
4521,Head of Business Solutions CRM,Business Development,en,Head of Business Solutions CRM
4522,Head of Business Strategy,Business Development,en,Head of Business Strategy
4523,Head of Business Unit B2B,Business Development,en,Head of Business Unit B2B
4524,Head of Business Unit Packaging,Business Development,en,Head of Business Unit Packaging
4525,Head of Business Unit Rail,Business Development,en,Head of Business Unit Rail
4526,Head of Business Unit Software • MONKEY WORKS,Business Development,en,Head of Business Unit Software • MONKEY WORKS
4527,Head of Commercial Business,Business Development,en,Head of Commercial Business
4528,Head of Development & Business Solutions,Business Development,en,Head of Development & Business Solutions
4529,Head of Digital / Business Development,Business Development,en,Head of Digital / Business Development
4530,Head of Digital Business,Business Development,en,Head of Digital Business
4531,Head of Digital Business Solutions / Applications,Business Development,en,Head of Digital Business Solutions / Applications
4532,Head of E-Business & CRM,Business Development,en,Head of E-Business & CRM
4533,Head of eBusiness BU EMEA PLT,Business Development,pt,Head of eBusiness BU EMEA PLT
4534,Head of Innovation & Business Development,Business Development,en,Head of Innovation & Business Development
4535,Head of International Business Development,Business Development,en,Head of International Business Development
4536,Head of New Business,Business Development,en,Head of New Business
4537,Head of New Business & International Consultant,Business Development,en,Head of New Business & International Consultant
4538,Head of New Business Development,Business Development,en,Head of New Business Development
4539,Head of Operational Business,Business Development,en,Head of Operational Business
4540,Head of Operations & Business Development,Business Development,en,Head of Operations & Business Development
4541,Head of SAP / Business Applications,Business Development,en,Head of SAP / Business Applications
4542,Head of Strategy & New Business Development,Business Development,en,Head of Strategy & New Business Development
4543,Head of Strategy and Business Development,Business Development,en,Head of Strategy and Business Development
4544,Head of Strategy and Head of Business Transformation,Business Development,en,Head of Strategy and Head of Business Transformation
4545,Head of Human Relations,Human Resources,en,Head of Human Relations
4546,Global Head IT - Finance and Corporate Functions,Information Technology,en,Global Head IT - Finance and Corporate Functions
4547,Global Head of Digitalization,Information Technology,en,Global Head of Digitalization
4548,Global Head of IT,Information Technology,en,Global Head of IT
4549,Group Head IT,Information Technology,en,Group Head IT
4550,Group Head of IT,Information Technology,en,Group Head of IT
4551,Head Digital Transformation,Information Technology,en,Head Digital Transformation
4552,Head IT & Engineering,Information Technology,en,Head IT & Engineering
4553,Head IT Systems |  IT Security,Information Technology,ur,Head IT Systems |  IT Security
4554,Head of BKG IT,Information Technology,en,Head of BKG IT
4555,Head of Change - Digital Transformation Office,Information Technology,en,Head of Change - Digital Transformation Office
4556,Head of Commercial Banking IT Germany,Information Technology,en,Head of Commercial Banking IT Germany
4557,Head of Corporate Development and Digital,Information Technology,en,Head of Corporate Development and Digital
4558,Head of Corporate IT,Information Technology,en,Head of Corporate IT
4559,Head of Corporate IT Dynamics,Information Technology,en,Head of Corporate IT Dynamics
4560,Head of Digital,Information Technology,en,Head of Digital
4561,Head of Digital Acquisition,Information Technology,en,Head of Digital Acquisition
4562,Head of Digital and Corporate Development,Information Technology,en,Head of Digital and Corporate Development
4563,Head of Digital and Innovation,Information Technology,en,Head of Digital and Innovation
4564,Head of Digital Europe,Information Technology,en,Head of Digital Europe
4565,Head of Digital Finance Transformation | SAP S/4HANA Program,Information Technology,en,Head of Digital Finance Transformation | SAP S/4HANA Program
4566,Head of Digital Innovation,Information Technology,en,Head of Digital Innovation
4567,Head of Digital Processes and Maintenance,Information Technology,en,Head of Digital Processes and Maintenance
4568,Head of Digital Projects,Information Technology,en,Head of Digital Projects
4569,Head of Digital Solutions Mercedes-Benz Trucks,Information Technology,en,Head of Digital Solutions Mercedes-Benz Trucks
4570,Head of Digital Strategy,Information Technology,en,Head of Digital Strategy
4571,Head of Digital Transformation,Information Technology,en,Head of Digital Transformation
4572,Head of Digital Transformation | backaldrin The Kornspitz Company GmbH,Information Technology,en,Head of Digital Transformation | backaldrin The Kornspitz Company GmbH
4573,Head of Digital Unit,Information Technology,en,Head of Digital Unit
4574,Head of Digital Workplace,Information Technology,en,Head of Digital Workplace
4575,Head of Digitalization,Information Technology,en,Head of Digitalization
4576,Head of E-Commerce & Digital,Information Technology,en,Head of E-Commerce & Digital
4577,Head Of Engineering  (SAP & Big Data),Information Technology,en,Head Of Engineering  (SAP & Big Data)
4578,Head of Finance and Administration,Information Technology,en,Head of Finance and Administration
4579,Head of Global Digitalization,Information Technology,en,Head of Global Digitalization
4580,Head of Global IT,Information Technology,en,Head of Global IT
4581,Head of Global IT Operations,Information Technology,en,Head of Global IT Operations
4582,Head of Group IT,Information Technology,en,Head of Group IT
4583,Head of Innovation & Digital Products,Information Technology,en,Head of Innovation & Digital Products
4584,Head of Innovation & Digitalization,Information Technology,en,Head of Innovation & Digitalization
4585,Head of IT,Information Technology,en,Head of IT
4586,Head of IT - Mayser Group,Information Technology,en,Head of IT - Mayser Group
4587,Head of IT & Cloud Engineering,Information Technology,en,Head of IT & Cloud Engineering
4588,Head of IT & Logistics Engineering,Information Technology,en,Head of IT & Logistics Engineering
4589,Head of IT & Systemadministrator,Information Technology,en,Head of IT & Systemadministrator
4590,Head of IT / Systemadministrator,Information Technology,en,Head of IT / Systemadministrator
4591,Head of IT Application Services,Information Technology,en,Head of IT Application Services
4592,Head of IT Applications,Information Technology,en,Head of IT Applications
4593,Head of IT Applications 1,Information Technology,en,Head of IT Applications 1
4594,Head of IT Competence Center Operation and Quality,Information Technology,en,Head of IT Competence Center Operation and Quality
4595,Head of IT Cross Applications,Information Technology,en,Head of IT Cross Applications
4596,Head of IT Department,Information Technology,en,Head of IT Department
4597,Head of IT development team,Information Technology,en,Head of IT development team
4598,Head of IT Infrastructure,Information Technology,en,Head of IT Infrastructure
4599,Head of IT Infrastructure International,Information Technology,en,Head of IT Infrastructure International
4600,Head of IT Middleware Pole,Information Technology,en,Head of IT Middleware Pole
4601,Head of IT Operations,Information Technology,en,Head of IT Operations
4602,Head of IT Service & Operations,Information Technology,en,Head of IT Service & Operations
4603,Head of IT Swoboda,Information Technology,en,Head of IT Swoboda
4604,Head of IT Systems & Network,Information Technology,en,Head of IT Systems & Network
4605,Head of IT-Department,Information Technology,en,Head of IT-Department
4606,Head of ITSM DACH,Information Technology,en,Head of ITSM DACH
4607,Head of MarTech & Digital Advertising,Information Technology,en,Head of MarTech & Digital Advertising
4608,Head of Processes and Digital Transformation,Information Technology,en,Head of Processes and Digital Transformation
4609,Head Of Quality Assurance / Head of IT,Information Technology,en,Head Of Quality Assurance / Head of IT
4610,Head of SAP CoE,Information Technology,en,Head of SAP CoE
4611,Head of SAP SuccessFactors Solution Team,Information Technology,en,Head of SAP SuccessFactors Solution Team
4612,Head of Solution Design & Build Digital,Information Technology,en,Head of Solution Design & Build Digital
4613,Head of System Administration,Information Technology,en,Head of System Administration
4614,Head of Vendor IT & Strategic Relationshios @ TARGOBANK Firmenkunden,Information Technology,ur,Head of Vendor IT & Strategic Relationshios @ TARGOBANK Corporate Customers
4615,EMEA Head of CRM,Information Technology,en,EMEA Head of CRM
4616,Head CRM/Projects,Information Technology,en,Head CRM/Projects
4617,Head of  CRM and Assistance website delivery,Information Technology,en,Head of  CRM and Assistance website delivery
4618,Head of Adoption CX Go and CRM Germany,Information Technology,en,Head of Adoption CX Go and CRM Germany
4619,Head of BI & CRM,Information Technology,en,Head of BI & CRM
4620,Head of Center of Excellence SAP CRM,Information Technology,en,Head of Center of Excellence SAP CRM
4621,Head of Commercial Effectiveness & CRM,Information Technology,en,Head of Commercial Effectiveness & CRM
4622,Head of CRM,Information Technology,en,Head of CRM
4623,Head of CRM & Customer Operations,Information Technology,en,Head of CRM & Customer Operations
4624,Head of CRM & Data Science,Information Technology,en,Head of CRM & Data Science
4625,Head of CRM & Lead Generation worldwide,Information Technology,en,Head of CRM & Lead Generation worldwide
4626,Head of CRM & Loyalty,Information Technology,en,Head of CRM & Loyalty
4627,Head of CRM & Payments,Information Technology,en,Head of CRM & Payments
4628,Head of CRM & PRM for Renault Brand,Information Technology,en,Head of CRM & PRM for Renault Brand
4629,Head of CRM & Tools,Information Technology,en,Head of CRM & Tools
4630,Head of CRM & Web Applications,Information Technology,en,Head of CRM & Web Applications
4631,Head of CRM (Retail and Private Banking),Information Technology,en,Head of CRM (Retail and Private Banking)
4632,Head of CRM Analytics,Information Technology,en,Head of CRM Analytics
4633,Head of CRM and Cooperations,Information Technology,en,Head of CRM and Cooperations
4634,Head of CRM and Retail,Information Technology,en,Head of CRM and Retail
4635,Head of CRM Central Europe,Information Technology,en,Head of CRM Central Europe
4636,Head of CRM Development,Information Technology,en,Head of CRM Development
4637,Head of CRM Platforms,Information Technology,en,Head of CRM Platforms
4638,Head of CRM Rhenus Logistics,Information Technology,en,Head of CRM Rhenus Logistics
4639,Head of CRM Solution Architecture - Digital Customer Experience,Information Technology,en,Head of CRM Solution Architecture - Digital Customer Experience
4640,Head of CRM Solutions,Information Technology,en,Head of CRM Solutions
4641,Head of CRM/ERP,Information Technology,en,Head of CRM/ERP
4642,Head of Customer Data / CRM,Information Technology,en,Head of Customer Data / CRM
4643,Head of Customer Research / CRM,Information Technology,en,Head of Customer Research / CRM
4644,Head of Customer Service and CRM,Information Technology,en,Head of Customer Service and CRM
4645,Head of Customer Solutions Billing & CRM,Information Technology,en,Head of Customer Solutions Billing & CRM
4646,Head of Department Marketplaces (CRM),Information Technology,en,Head of Department Marketplaces (CRM)
4647,Head of Digital & CRM,Information Technology,en,Head of Digital & CRM
4648,Head of Digital activation and CRM,Information Technology,en,Head of Digital activation and CRM
4649,Head of IT Application / SAP (SAP BW CRM ERP),Information Technology,en,Head of IT Application / SAP (SAP BW CRM ERP)
4650,Head of IT CRM Applications,Information Technology,en,Head of IT CRM Applications
4651,Head of IT CRM Solutions,Information Technology,en,Head of IT CRM Solutions
4652,Head of Online Solutions & CRM,Information Technology,en,Head of Online Solutions & CRM
4653,Head of Pricing & CRM,Information Technology,en,Head of Pricing & CRM
4654,Head of Product Development CRM,Information Technology,en,Head of Product Development CRM
4655,Head of SAP CRM,Information Technology,en,Head of SAP CRM
4656,Head of SAP CRM & SAP Mobile Solutions,Information Technology,en,Head of SAP CRM & SAP Mobile Solutions
4657,Partner / Head of CRM Services,Information Technology,en,Partner / Head of CRM Services
4658,Vertical Head CRM & Ordering,Information Technology,en,Vertical Head CRM & Ordering
4659,Corporate Head of Marketing,Marketing,en,Corporate Head of Marketing
4660,Department Head | Marketing,Marketing,en,Department Head | Marketing
4661,Global  Head of CRM and Digital Marketing,Marketing,en,Global  Head of CRM and Digital Marketing
4662,Global Head of Demand Marketing,Marketing,en,Global Head of Demand Marketing
4663,Global Head of Digital Marketing,Marketing,en,Global Head of Digital Marketing
4664,Global Head of Marketing,Marketing,en,Global Head of Marketing
4665,Global Head of Marketing & Communication Operations at Mazars Group,Marketing,en,Global Head of Marketing & Communication Operations at Mazars Group
4666,Global Head of Marketing & Communications,Marketing,en,Global Head of Marketing & Communications
4667,Global Head of Marketing & Sales Procurement,Marketing,en,Global Head of Marketing & Sales Procurement
4668,Global Head of Marketing & Strategy Grid Systems,Marketing,en,Global Head of Marketing & Strategy Grid Systems
4669,Global Head of Marketing Communication & Marketing Exellence,Marketing,en,Global Head of Marketing Communication & Marketing Exellence
4670,Global Head of Media & Corporate Communication,Marketing,en,Global Head of Media & Corporate Communication
4671,Global Head of Sales & Marketing Flexible Foams,Marketing,en,Global Head of Sales & Marketing Flexible Foams
4672,Global Marketing CRM & Online Head,Marketing,en,Global Marketing CRM & Online Head
4673,Group Head Client Lead and Corporate Marketing ...,Marketing,en,Group Head Client Lead and Corporate Marketing ...
4674,Group Head of Marketing,Marketing,en,Group Head of Marketing
4675,Group Head of Marketing Donges Group,Marketing,en,Group Head of Marketing Donges Group
4676,Head auf Marketing Savoury & Dressing Austria,Marketing,de,Head of Marketing Savoury & Dressing Austria
4677,Head Global Marketing & Corporate Communications,Marketing,en,Head Global Marketing & Corporate Communications
4678,Head International Marketing,Marketing,ur,Head International Marketing
4679,Head Marketing,Marketing,en,Head Marketing
4680,Head Marketing & Sales EMEA,Marketing,pt,Head Marketing & Sales EMEA
4681,Head Marketing Communications,Marketing,en,Head Marketing Communications
4682,Head of  Marketing,Marketing,en,Head of  Marketing
4683,Head of  Marketing & Corporate Communications,Marketing,en,Head of  Marketing & Corporate Communications
4684,Head of  Marketing & Kundendialog,Marketing,de,Head of Marketing & Customer Dialog
4685,Head of Automotive Marketing & Sales,Marketing,en,Head of Automotive Marketing & Sales
4686,Head of B2B Marketing,Marketing,en,Head of B2B Marketing
4687,Head of Brand & Communication Excellence,Marketing,en,Head of Brand & Communication Excellence
4688,Head of Business Development & Direct Marketing,Marketing,en,Head of Business Development & Direct Marketing
4689,Head of Business Development & Marketing,Marketing,en,Head of Business Development & Marketing
4690,Head of Business Development / Marketing,Marketing,en,Head of Business Development / Marketing
4691,Head of Business Development and Marketing Spec...,Marketing,en,Head of Business Development and Marketing Spec...
4692,Head of Business Marketing,Marketing,en,Head of Business Marketing
4693,Head of Business Marketing & Market Insights,Marketing,en,Head of Business Marketing & Market Insights
4694,Head of Cloud Marketing & Communication,Marketing,en,Head of Cloud Marketing & Communication
4695,Head of Communication,Marketing,en,Head of Communication
4696,Head Of Communication - France - BMI Siplast & BMI Monier,Marketing,it,Head Of Communication - France - BMI Siplast & BMI Monier
4697,Head of Communication D/A/CH,Marketing,en,Head of Communication D/A/CH
4698,Head of Communication Department & Patient Advocacy,Marketing,en,Head of Communication Department & Patient Advocacy
4699,Head of Communications,Marketing,en,Head of Communications
4700,Head of Communications & Advertising,Marketing,en,Head of Communications & Advertising
4701,Head of Communications & Corporate Marketing,Marketing,en,Head of Communications & Corporate Marketing
4702,Head of Communications & Marketing,Marketing,en,Head of Communications & Marketing
4703,Head of Communications & Political Affairs,Marketing,en,Head of Communications & Political Affairs
4704,Head of Consulting (Online-Marketing | Social-Media | Lead-Generation),Marketing,en,Head of Consulting (Online-Marketing | Social-Media | Lead-Generation)
4705,Head of Content Marketing,Marketing,en,Head of Content Marketing
4706,Head of Continental Europe Marketing & Global E...,Marketing,en,Head of Continental Europe Marketing & Global E...
4707,Head of Corporate Communication & Marketing,Marketing,en,Head of Corporate Communication & Marketing
4708,Head of Corporate Communication & PR,Marketing,en,Head of Corporate Communication & PR
4709,Head of Corporate Communications,Marketing,en,Head of Corporate Communications
4710,Head of Corporate Communications & Marketing,Marketing,en,Head of Corporate Communications & Marketing
4711,Head of Corporate Communications & Marketing Communications,Marketing,en,Head of Corporate Communications & Marketing Communications
4712,Head of Corporate Communications and Global Support Marketing,Marketing,en,Head of Corporate Communications and Global Support Marketing
4713,Head of Corporate Communications and Marketing,Marketing,en,Head of Corporate Communications and Marketing
4714,Head Of Corporate Development & Communications,Marketing,en,Head Of Corporate Development & Communications
4715,Head of Corporate Development & Marketing,Marketing,en,Head of Corporate Development & Marketing
4716,Head of Corporate Marketing,Marketing,en,Head of Corporate Marketing
4717,Head of Corporate Marketing & Communication,Marketing,en,Head of Corporate Marketing & Communication
4718,Head of Corporate Marketing & Communications,Marketing,en,Head of Corporate Marketing & Communications
4719,Head of Corporate Marketing Global,Marketing,en,Head of Corporate Marketing Global
4720,Head of CRM & Content Marketing,Marketing,en,Head of CRM & Content Marketing
4721,Head of CRM & Email-Marketing,Marketing,en,Head of CRM & Email-Marketing
4722,Head of CRM & Marketing Analytics,Marketing,en,Head of CRM & Marketing Analytics
4723,Head of CRM & Marketing Channels,Marketing,en,Head of CRM & Marketing Channels
4724,Head of CRM & Social Media Marketing,Marketing,en,Head of CRM & Social Media Marketing
4725,Head of CRM Marketing,Marketing,en,Head of CRM Marketing
4726,Head of CRM/ Performance Marketing,Marketing,en,Head of CRM/ Performance Marketing
4727,Head of Department Marketing & Sales,Marketing,en,Head of Department Marketing & Sales
4728,Head of Digital & Marketing,Marketing,en,Head of Digital & Marketing
4729,Head of Digital & Performance Marketing,Marketing,en,Head of Digital & Performance Marketing
4730,Head of Digital and Content Marketing,Marketing,en,Head of Digital and Content Marketing
4731,Head of Digital Demand Marketing,Marketing,en,Head of Digital Demand Marketing
4732,Head Of Digital Marketing,Marketing,en,Head Of Digital Marketing
4733,Head of Digital Marketing & Communications,Marketing,en,Head of Digital Marketing & Communications
4734,Head of Digital Marketing & CRM,Marketing,en,Head of Digital Marketing & CRM
4735,Head of Digital Marketing and eCommerce,Marketing,en,Head of Digital Marketing and eCommerce
4736,Head of Digital Marketing D/A/CH,Marketing,en,Head of Digital Marketing D/A/CH
4737,Head of Division Sales & Marketing,Marketing,en,Head of Division Sales & Marketing
4738,Head of E-Commerce - Marketing and Sales,Marketing,en,Head of E-Commerce - Marketing and Sales
4739,Head of Event Marketing,Marketing,en,Head of Event Marketing
4740,Head of Facilitymanagement / Organisation / Marketing,Marketing,en,Head of Facilitymanagement / Organisation / Marketing
4741,Head of Field Marketing & Lead Generation,Marketing,en,Head of Field Marketing & Lead Generation
4742,Head of Global Communications and Marketing,Marketing,en,Head of Global Communications and Marketing
4743,Head of Global Industry Marketing,Marketing,en,Head of Global Industry Marketing
4744,Head of Global Marketing,Marketing,en,Head of Global Marketing
4745,Head of Global Marketing - Personal Care,Marketing,en,Head of Global Marketing - Personal Care
4746,Head of Global Marketing & Communication,Marketing,en,Head of Global Marketing & Communication
4747,Head of Global Marketing & Communications,Marketing,en,Head of Global Marketing & Communications
4748,Head of Global Marketing & CRM,Marketing,en,Head of Global Marketing & CRM
4749,Head of Global Marketing & Events,Marketing,en,Head of Global Marketing & Events
4750,Head of Global Marketing & Sales,Marketing,en,Head of Global Marketing & Sales
4751,Head of Global Marketing and Communication,Marketing,en,Head of Global Marketing and Communication
4752,Head of Global Marketing and Strategy - Healthcare,Marketing,en,Head of Global Marketing and Strategy - Healthcare
4753,Head of Global Marketing-Communication,Marketing,en,Head of Global Marketing-Communication
4754,Head of Group Communications,Marketing,en,Head of Group Communications
4755,Head of Group Marketing,Marketing,en,Head of Group Marketing
4756,Head of Group Marketing & Communications,Marketing,en,Head of Group Marketing & Communications
4757,Head of group sales & Marketing data scientist,Marketing,en,Head of group sales & Marketing data scientist
4758,Head of Growth Marketing,Marketing,en,Head of Growth Marketing
4759,Head of Inbound Marketing,Marketing,en,Head of Inbound Marketing
4760,Head of Industrial Marketing,Marketing,en,Head of Industrial Marketing
4761,Head of Internal Communications,Marketing,en,Head of Internal Communications
4762,Head of International Digital Marketing Schwarzkopf Professional,Marketing,de,Head of International Digital Marketing Schwarzkopf Professional
4763,Head of International Marketing,Marketing,en,Head of International Marketing
4764,Head of International Marketing & Communication,Marketing,en,Head of International Marketing & Communication
4765,Head of International Marketing & Sales,Marketing,en,Head of International Marketing & Sales
4766,Head of International Marketing Communications,Marketing,en,Head of International Marketing Communications
4767,Head of International Sales Marketing,Marketing,en,Head of International Sales Marketing
4768,Head of IoT Products & Enterprise IoT Marketing Communications,Marketing,en,Head of IoT Products & Enterprise IoT Marketing Communications
4769,Head of IT Marketing & Sales Solutions,Marketing,en,Head of IT Marketing & Sales Solutions
4770,Head of Live Communication,Marketing,en,Head of Live Communication
4771,Head of M2M Segment & Offer Marketing,Marketing,en,Head of M2M Segment & Offer Marketing
4772,Head of Market & Product Communications,Marketing,en,Head of Market & Product Communications
4773,Head of Marketing,Marketing,en,Head of Marketing
4774,Head of Marketing - Advanced Networking Solutions,Marketing,en,Head of Marketing - Advanced Networking Solutions
4775,Head of Marketing - Communication -Digital - Customer experience ICADE PROMOTION,Marketing,en,Head of Marketing - Communication -Digital - Customer experience ICADE PROMOTION
4776,Head of Marketing  DACH,Marketing,en,Head of Marketing  DACH
4777,Head of Marketing - Embedded IoT,Marketing,en,Head of Marketing - Embedded IoT
4778,Head of Marketing - Region DACH,Marketing,en,Head of Marketing - Region DACH
4779,Head of Marketing & Academy,Marketing,en,Head of Marketing & Academy
4780,Head of Marketing & Business Development,Marketing,en,Head of Marketing & Business Development
4781,Head of Marketing & Business Development Germany,Marketing,en,Head of Marketing & Business Development Germany
4782,Head of Marketing & Communication,Marketing,en,Head of Marketing & Communication
4783,Head of Marketing & Communication South West Europe,Marketing,en,Head of Marketing & Communication South West Europe
4784,Head of Marketing & Communications,Marketing,en,Head of Marketing & Communications
4785,Head of Marketing & Communications | EMEA,Marketing,en,Head of Marketing & Communications | EMEA
4786,Head of Marketing & Communications Europe,Marketing,en,Head of Marketing & Communications Europe
4787,Head of Marketing & Communications Lohmann Group,Marketing,en,Head of Marketing & Communications Lohmann Group
4788,Head of Marketing & Corporate Communications,Marketing,en,Head of Marketing & Corporate Communications
4789,Head of Marketing & Corporate Services,Marketing,en,Head of Marketing & Corporate Services
4790,Head of Marketing & CRM,Marketing,en,Head of Marketing & CRM
4791,Head of Marketing & CRM Administration,Marketing,en,Head of Marketing & CRM Administration
4792,Head of Marketing & Design,Marketing,en,Head of Marketing & Design
4793,Head of Marketing & Digital,Marketing,en,Head of Marketing & Digital
4794,Head of Marketing & Digital Sales,Marketing,en,Head of Marketing & Digital Sales
4795,Head of Marketing & Direct Sales,Marketing,en,Head of Marketing & Direct Sales
4796,Head of Marketing & E-Business,Marketing,en,Head of Marketing & E-Business
4797,Head of Marketing & E-Commerce,Marketing,en,Head of Marketing & E-Commerce
4798,Head of Marketing & Head of Software Development,Marketing,en,Head of Marketing & Head of Software Development
4799,Head of Marketing & Inside Sales,Marketing,en,Head of Marketing & Inside Sales
4800,Head of Marketing & Kommunikation,Marketing,de,Head of Marketing & Communication
4801,Head of Marketing & Online Content,Marketing,en,Head of Marketing & Online Content
4802,Head of Marketing & PR,Marketing,en,Head of Marketing & PR
4803,Head of Marketing & Product Planning,Marketing,en,Head of Marketing & Product Planning
4804,Head of Marketing & Products,Marketing,en,Head of Marketing & Products
4805,Head of Marketing & Proposals,Marketing,en,Head of Marketing & Proposals
4806,Head of Marketing & Prospective - New Mobility services,Marketing,en,Head of Marketing & Prospective - New Mobility services
4807,Head of Marketing & Public Relations,Marketing,en,Head of Marketing & Public Relations
4808,Head of Marketing & Sales,Marketing,en,Head of Marketing & Sales
4809,Head of Marketing & Sales Europe,Marketing,en,Head of Marketing & Sales Europe
4810,Head of Marketing & Sales Neue Produkte,Marketing,de,Head of Marketing & Sales New Products
4811,Head of Marketing & Sales Rod,Marketing,en,Head of Marketing & Sales Rod
4812,Head of Marketing & Sales Series Yachts,Marketing,en,Head of Marketing & Sales Series Yachts
4813,Head of Marketing & Sales Services,Marketing,en,Head of Marketing & Sales Services
4814,Head of Marketing & Sales Spirits,Marketing,en,Head of Marketing & Sales Spirits
4815,Head of Marketing & Services,Marketing,en,Head of Marketing & Services
4816,Head of Marketing & Shopmanagement,Marketing,en,Head of Marketing & Shopmanagement
4817,Head of Marketing (ANS),Marketing,en,Head of Marketing (ANS)
4818,Head of Marketing (Messe Kontakt),Marketing,ur,Head of Marketing (Exhibition Contact)
4819,Head of Marketing (Online Unit),Marketing,en,Head of Marketing (Online Unit)
4820,Head of Marketing / AM,Marketing,en,Head of Marketing / AM
4821,Head of Marketing / Art Direction,Marketing,en,Head of Marketing / Art Direction
4822,Head of Marketing / Head of Sustainability,Marketing,en,Head of Marketing / Head of Sustainability
4823,Head of Marketing / Messe Kontakt,Marketing,de,Head of Marketing / Trade Fair Contact
4824,Head of Marketing / Prokurist,Marketing,en,Head of Marketing / Prokurist
4825,Head of Marketing + Communications,Marketing,en,Head of Marketing + Communications
4826,Head of Marketing 4.0,Marketing,en,Head of Marketing 4.0
4827,Head of Marketing 8MAN,Marketing,en,Head of Marketing 8MAN
4828,Head of Marketing A & EE,Marketing,en,Head of Marketing A & EE
4829,Head of Marketing Analytics,Marketing,en,Head of Marketing Analytics
4830,Head of Marketing Analytics & CRM,Marketing,en,Head of Marketing Analytics & CRM
4831,Head of Marketing and Business Development,Marketing,en,Head of Marketing and Business Development
4832,Head of Marketing and Commercial Performance,Marketing,en,Head of Marketing and Commercial Performance
4833,Head of Marketing and Communication,Marketing,en,Head of Marketing and Communication
4834,Head of Marketing and Communication | EMEA | Egis Easytrip Services,Marketing,en,Head of Marketing and Communication | EMEA | Egis Easytrip Services
4835,Head of Marketing and Communications,Marketing,en,Head of Marketing and Communications
4836,Head of Marketing and Corporate Communications,Marketing,en,Head of Marketing and Corporate Communications
4837,Head of Marketing and Digital Sales Europe Central,Marketing,en,Head of Marketing and Digital Sales Europe Central
4838,Head of Marketing and International Sales,Marketing,en,Head of Marketing and International Sales
4839,Head of Marketing and PR,Marketing,en,Head of Marketing and PR
4840,Head of Marketing and Productmanagement,Marketing,en,Head of Marketing and Productmanagement
4841,Head of Marketing and Sales,Marketing,en,Head of Marketing and Sales
4842,Head of Marketing and Sales (nat/internat),Marketing,en,Head of Marketing and Sales (nat/internat)
4843,Head of Marketing and Sales (Western Europe),Marketing,en,Head of Marketing and Sales (Western Europe)
4844,Head of Marketing and Sales Transformation / Central Europe,Marketing,en,Head of Marketing and Sales Transformation / Central Europe
4845,Head of Marketing Automation Germany,Marketing,en,Head of Marketing Automation Germany
4846,Head of Marketing Bioanalytic,Marketing,en,Head of Marketing Bioanalytic
4847,Head of Marketing Campaigns Media and Social Media,Marketing,en,Head of Marketing Campaigns Media and Social Media
4848,Head of Marketing Central Europe,Marketing,en,Head of Marketing Central Europe
4849,Head of Marketing CEUR,Marketing,en,Head of Marketing CEUR
4850,Head of Marketing Channels Central Europe,Marketing,en,Head of Marketing Channels Central Europe
4851,Head of Marketing Communication,Marketing,en,Head of Marketing Communication
4852,Head of Marketing Communication / Office,Marketing,en,Head of Marketing Communication / Office
4853,Head of Marketing Communications,Marketing,en,Head of Marketing Communications
4854,Head of Marketing Communications Display | Transport+Industry,Marketing,en,Head of Marketing Communications Display | Transport+Industry
4855,Head of Marketing Corporate Services D|A|CH,Marketing,en,Head of Marketing Corporate Services D|A|CH
4856,Head of Marketing DACH,Marketing,en,Head of Marketing DACH
4857,Head of Marketing DACH and BENELUX,Marketing,en,Head of Marketing DACH and BENELUX
4858,Head Of Marketing Department,Marketing,en,Head Of Marketing Department
4859,Head of Marketing Digitalisation,Marketing,en,Head of Marketing Digitalisation
4860,Head of Marketing emco Group,Marketing,pt,Head of Marketing emco Group
4861,Head of Marketing EMEA,Marketing,en,Head of Marketing EMEA
4862,Head of Marketing Europe,Marketing,en,Head of Marketing Europe
4863,Head of Marketing Europe and North Africa,Marketing,en,Head of Marketing Europe and North Africa
4864,Head of Marketing Food Service Germany,Marketing,en,Head of Marketing Food Service Germany
4865,Head of Marketing Germany,Marketing,en,Head of Marketing Germany
4866,Head of Marketing International,Marketing,en,Head of Marketing International
4867,Head of Marketing Operations,Marketing,en,Head of Marketing Operations
4868,Head of Marketing Ortlinghaus Group,Marketing,en,Head of Marketing Ortlinghaus Group
4869,Head of Marketing Philips France,Marketing,en,Head of Marketing Philips France
4870,Head of Marketing Retail,Marketing,en,Head of Marketing Retail
4871,Head of Marketing Service,Marketing,en,Head of Marketing Service
4872,Head of Marketing Services,Marketing,en,Head of Marketing Services
4873,Head of Marketing Services & Communication,Marketing,en,Head of Marketing Services & Communication
4874,Head of Marketing Solutions,Marketing,en,Head of Marketing Solutions
4875,Head of Marketing Switzerland,Marketing,en,Head of Marketing Switzerland
4876,Head of Marketing Tech & CRM (MYTOYS GROUP),Marketing,sw,Head of Marketing Tech & CRM (MYTOYS GROUP)
4877,Head of Marketing Technologies & Operations,Marketing,en,Head of Marketing Technologies & Operations
4878,Head of Marketing Technology & Development,Marketing,en,Head of Marketing Technology & Development
4879,Head of Marketing Trade Shows & Events,Marketing,en,Head of Marketing Trade Shows & Events
4880,Head of Marketing und Design,Marketing,en,Head of Marketing und Design
4881,Head of Marketing/Sales,Marketing,en,Head of Marketing/Sales
4882,Head of Marketing-Services,Marketing,en,Head of Marketing-Services
4883,Head of Media & Communications,Marketing,en,Head of Media & Communications
4884,Head of Online Marketing,Marketing,en,Head of Online Marketing
4885,Head of Online-Marketing,Marketing,en,Head of Online-Marketing
4886,Head of Online-Marketing / e-Commerce,Marketing,en,Head of Online-Marketing / e-Commerce
4887,Head of Operational Marketing,Marketing,en,Head of Operational Marketing
4888,Head of Perfomance Marketing,Marketing,en,Head of Perfomance Marketing
4889,Head of Performance Marketing,Marketing,en,Head of Performance Marketing
4890,Head of Performance Marketing & CRM,Marketing,en,Head of Performance Marketing & CRM
4891,Head of PR & Communications,Marketing,en,Head of PR & Communications
4892,Head of Presales & Marketing,Marketing,en,Head of Presales & Marketing
4893,Head of Product & Segment Marketing DACH,Marketing,en,Head of Product & Segment Marketing DACH
4894,Head of Product Marketing,Marketing,en,Head of Product Marketing
4895,Head of Product Marketing Team,Marketing,en,Head of Product Marketing Team
4896,Head of Projectmanagement & Marketing,Marketing,en,Head of Projectmanagement & Marketing
4897,Head of R&D and B2B Marketing,Marketing,en,Head of R&D and B2B Marketing
4898,Head of Regional Marketing nora DACH,Marketing,en,Head of Regional Marketing nora DACH
4899,Head of Sales & Costumer Service - Marketing,Marketing,en,Head of Sales & Costumer Service - Marketing
4900,Head of Sales & Marketing,Marketing,en,Head of Sales & Marketing
4901,Head of Sales & Marketing / Head of Procurement...,Marketing,en,Head of Sales & Marketing / Head of Procurement...
4902,Head of Sales & Marketing Direct Sales,Marketing,en,Head of Sales & Marketing Direct Sales
4903,Head of Sales & Marketing E-Commerce,Marketing,en,Head of Sales & Marketing E-Commerce
4904,Head of Sales & Marketing Elektro / Küche / Licht,Marketing,de,Head of Sales & Marketing Electric / Kitchen / Light
4905,Head of Sales & Marketing EMEA,Marketing,en,Head of Sales & Marketing EMEA
4906,Head of Sales & Marketing eMobility,Marketing,en,Head of Sales & Marketing eMobility
4907,Head of Sales & Marketing global PPI,Marketing,en,Head of Sales & Marketing global PPI
4908,Head of Sales & Marketing/Prokurist,Marketing,en,Head of Sales & Marketing/Prokurist
4909,Head of Sales & Online Marketing,Marketing,en,Head of Sales & Online Marketing
4910,Head of Sales and Marketing,Marketing,en,Head of Sales and Marketing
4911,Head of Sales and Marketing /                          Member of Business Unit Commitee Switzerland,Marketing,en,Head of Sales and Marketing /                          Member of Business Unit Commitee Switzerland
4912,Head of Sales and Marketing / Prokurist,Marketing,en,Head of Sales and Marketing / Prokurist
4913,Head of Sales and Marketing Department,Marketing,en,Head of Sales and Marketing Department
4914,Head of Sales and Marketing Development,Marketing,en,Head of Sales and Marketing Development
4915,Head of Sales and Marketing France,Marketing,en,Head of Sales and Marketing France
4916,Head of Sales and Marketing Pressroom Products,Marketing,en,Head of Sales and Marketing Pressroom Products
4917,Head of Sales Marketing,Marketing,en,Head of Sales Marketing
4918,Head of Sales Marketing Trade,Marketing,en,Head of Sales Marketing Trade
4919,Head of Sales und Marketing DACH,Marketing,de,Head of Sales and Marketing DACH
4920,Head of Sales&Marketing,Marketing,en,Head of Sales&Marketing
4921,Head of Segment Marketing and Technical Solutions,Marketing,en,Head of Segment Marketing and Technical Solutions
4922,Head of Strategic Marketing,Marketing,en,Head of Strategic Marketing
4923,Head of Strategic Marketing & Corporate Responsibility,Marketing,en,Head of Strategic Marketing & Corporate Responsibility
4924,Head of Strategic Marketing & New Business Development,Marketing,en,Head of Strategic Marketing & New Business Development
4925,Head of Strategy and Marketing,Marketing,en,Head of Strategy and Marketing
4926,Head of Technical Marketing,Marketing,en,Head of Technical Marketing
4927,Head of Trade Marketing,Marketing,en,Head of Trade Marketing
4928,Head of Trade Marketing & Digital Sales Operations,Marketing,en,Head of Trade Marketing & Digital Sales Operations
4929,Head Sales & Marketing,Marketing,en,Head Sales & Marketing
4930,Head Strategy and Marketing,Marketing,en,Head Strategy and Marketing
4931,MARKETINGLEITER |Group Head of Marketing | Exec...,Marketing,en,MARKETINGLEITER |Group Head of Marketing | Exec...
4932,Mitgründer und Head of Marketing,Marketing,de,Co-founder and Head of Marketing
4933,Prokurist / Head of Sales&Marketing D/A/CH,Marketing,en,Prokurist / Head of Sales&Marketing D/A/CH
4934,Prokurist | Head of Marketing LUMAS | DGPh,Marketing,hi,Prokurist | Head of Marketing LUMAS | DGPh
4935,Regional Head of Marketing,Marketing,en,Regional Head of Marketing
4936,Sales & Marketing Franchise Head Oncology - Targeted therapies,Marketing,en,Sales & Marketing Franchise Head Oncology - Targeted therapies
4937,Specialist Marketing & Sales Support - Head of Sales Support/ Telemarketing,Marketing,en,Specialist Marketing & Sales Support - Head of Sales Support/ Telemarketing
4938,Head of BANCOS Operations,Other,en,Head of BANCOS Operations
4939,Head of Commercial Operations,Other,en,Head of Commercial Operations
4940,Head of Market Operations,Other,en,Head of Market Operations
4941,Head of Operations,Other,en,Head of Operations
4942,Head of Operations / Application-Specialist,Other,en,Head of Operations / Application-Specialist
4943,Head of Revenue Operations,Other,en,Head of Revenue Operations
4944,Head of Service Operations,Other,en,Head of Service Operations
4945,Head of Transformation and Infrastructure & Operations Projects,Other,en,Head of Transformation and Infrastructure & Operations Projects
4946,Head of Project Purchasing,Purchasing,en,Head of Project Purchasing
4947,Business Development / Head of Sales,Sales,en,Business Development / Head of Sales
4948,Co-Head of Sales Germany and Austria,Sales,en,Co-Head of Sales Germany and Austria
4949,Deputy Head of Sales,Sales,en,Deputy Head of Sales
4950,Global Head of Sales,Sales,en,Global Head of Sales
4951,Global Head of Sales Business Unit Coffee,Sales,en,Global Head of Sales Business Unit Coffee
4952,Global Head of Sales Data,Sales,en,Global Head of Sales Data
4953,Global Head of Sales Development & Inside Sales,Sales,en,Global Head of Sales Development & Inside Sales
4954,Global Head of Sales Façade & Profile Sealing Systems,Sales,pt,Global Head of Sales Façade & Profile Sealing Systems
4955,Global Head of Sales Operations,Sales,en,Global Head of Sales Operations
4956,Global Head of Sales Standards & Governance,Sales,en,Global Head of Sales Standards & Governance
4957,Global Head of Sales Systems,Sales,en,Global Head of Sales Systems
4958,Global Head of Salesforce,Sales,en,Global Head of Salesforce
4959,Group Head of Sales,Sales,en,Group Head of Sales
4960,GroupHead Sales,Sales,en,GroupHead Sales
4961,Head Acquisitions and Sales,Sales,en,Head Acquisitions and Sales
4962,Head Digital Sales & Service Tools,Sales,en,Head Digital Sales & Service Tools
4963,Head Indirect Sales,Sales,en,Head Indirect Sales
4964,Head of  Sales,Sales,en,Head of  Sales
4965,Head of Agency Sales,Sales,en,Head of Agency Sales
4966,Head of all Indirect Sales B2B,Sales,en,Head of all Indirect Sales B2B
4967,Head of Application Sales Support & CRM,Sales,en,Head of Application Sales Support & CRM
4968,Head of B2B Sales,Sales,en,Head of B2B Sales
4969,Head of Business and Sales,Sales,en,Head of Business and Sales
4970,Head of Business Center SAP Sales & Service,Sales,en,Head of Business Center SAP Sales & Service
4971,Head of Business Development & Media Sales,Sales,en,Head of Business Development & Media Sales
4972,Head of Business Development & Sales DACH,Sales,en,Head of Business Development & Sales DACH
4973,Head of Business Development / Operativer Vertrieb,Sales,de,Head of Business Development / Operational Sales
4974,Head of Business Development and Sales,Sales,en,Head of Business Development and Sales
4975,Head of Business Development/ Installer Sales,Sales,en,Head of Business Development/ Installer Sales
4976,Head of Business Knowledge & Sales Excellence,Sales,en,Head of Business Knowledge & Sales Excellence
4977,Head of Business Sales,Sales,en,Head of Business Sales
4978,Head of Business Support & Inside Sales,Sales,en,Head of Business Support & Inside Sales
4979,Head of Business Unit Pharma / International Sales / Multinational Key Accounts,Sales,en,Head of Business Unit Pharma / International Sales / Multinational Key Accounts
4980,Head of Capital Markets / Sales,Sales,en,Head of Capital Markets / Sales
4981,Head of Central Purchasing/Sales B2B,Sales,en,Head of Central Purchasing/Sales B2B
4982,Head of Channel Sales,Sales,en,Head of Channel Sales
4983,Head of Channel Sales Switzerland & Austria,Sales,en,Head of Channel Sales Switzerland & Austria
4984,Head of Clearing Sales,Sales,en,Head of Clearing Sales
4985,Head of Commercial Sales Organization Germany,Sales,en,Head of Commercial Sales Organization Germany
4986,Head of Corporate Sales,Sales,en,Head of Corporate Sales
4987,Head of Corporate Sales Support and Excellence,Sales,en,Head of Corporate Sales Support and Excellence
4988,Head of CRM & daproh Sales (Components Technology),Sales,en,Head of CRM & daproh Sales (Components Technology)
4989,Head of CRM & Sales Analytics,Sales,en,Head of CRM & Sales Analytics
4990,Head of CRM & Sales Ops Fernstudium,Sales,nl,Head of CRM & Sales Ops Fernstudium
4991,Head of CRM / Head of Sales Operations US,Sales,en,Head of CRM / Head of Sales Operations US
4992,Head of CRM / Sales Consulting,Sales,en,Head of CRM / Sales Consulting
4993,Head of CRM / Salesforce,Sales,en,Head of CRM / Salesforce
4994,Head of CRM and Sales Processes / Corporate Sales Excellence,Sales,en,Head of CRM and Sales Processes / Corporate Sales Excellence
4995,Head of Customer Experience | Sales Lead | Digital Consulting | Leadership | CRM DXP | BizDev,Sales,en,Head of Customer Experience | Sales Lead | Digital Consulting | Leadership | CRM DXP | BizDev
4996,Head of Customer Experience Design & Sales,Sales,en,Head of Customer Experience Design & Sales
4997,Head Of Customer Service & Sales,Sales,en,Head Of Customer Service & Sales
4998,Head of Customer Service Center & Global Sales Planning (10 FTEs),Sales,en,Head of Customer Service Center & Global Sales Planning (10 FTEs)
4999,Head of Digital Sales Consulting,Sales,en,Head of Digital Sales Consulting
5000,Head of Digitalization & Sales Planning,Sales,en,Head of Digitalization & Sales Planning
5001,Head of Direct and Programmatic Sales,Sales,en,Head of Direct and Programmatic Sales
5002,Head of Direct Sales,Sales,en,Head of Direct Sales
5003,Head of Direct Sales & Commercial Integrations / Classifieds & Tamedia Network,Sales,en,Head of Direct Sales & Commercial Integrations / Classifieds & Tamedia Network
5004,Head Of Direct Sales EMEA,Sales,en,Head Of Direct Sales EMEA
5005,Head of Direct Sales Furniture Production & Private Label Coated Abrasives,Sales,en,Head of Direct Sales Furniture Production & Private Label Coated Abrasives
5006,Head of Division Sales,Sales,en,Head of Division Sales
5007,Head of eCommerce and Sales Innovations (formerly digitalization department),Sales,en,Head of eCommerce and Sales Innovations (formerly digitalization department)
5008,Head of Enterprise Sales,Sales,en,Head of Enterprise Sales
5009,Head of Enterprise Sales / Head of Used Softwar...,Sales,en,Head of Enterprise Sales / Head of Used Softwar...
5010,Head of Enterprise Sales Germany,Sales,en,Head of Enterprise Sales Germany
5011,Head of European Sales Development (PCE),Sales,en,Head of European Sales Development (PCE)
5012,Head of Export Sales,Sales,en,Head of Export Sales
5013,Head of Field Sales,Sales,en,Head of Field Sales
5014,Head of Field Sales & In-Store Capabilities Germany,Sales,en,Head of Field Sales & In-Store Capabilities Germany
5015,Head of Field Sales und Sales Trainerin www.JOB...,Sales,en,Head of Field Sales und Sales Trainerin www.JOB...
5016,Head of Global Sales,Sales,en,Head of Global Sales
5017,Head of Global Sales & Business Development,Sales,en,Head of Global Sales & Business Development
5018,Head of Global Sales & Service BA,Sales,en,Head of Global Sales & Service BA
5019,Head of Global Sales Excellence,Sales,en,Head of Global Sales Excellence
5020,Head of Global Sales Excellence and OEM Partnerships,Sales,en,Head of Global Sales Excellence and OEM Partnerships
5021,Head of Global Sales Operations,Sales,en,Head of Global Sales Operations
5022,Head of Global Sales RCD & Minerals,Sales,en,Head of Global Sales RCD & Minerals
5023,Head of Group Sales,Sales,en,Head of Group Sales
5024,Head of Group Sales & Pricing,Sales,en,Head of Group Sales & Pricing
5025,Head of Group Sales Support,Sales,en,Head of Group Sales Support
5026,Head of Inside Sales,Sales,en,Head of Inside Sales
5027,Head of Inside Sales - Southern EMEA,Sales,en,Head of Inside Sales - Southern EMEA
5028,Head of Inside Sales (DACH),Sales,en,Head of Inside Sales (DACH)
5029,Head of Inside Sales / Order Processing,Sales,en,Head of Inside Sales / Order Processing
5030,Head of Inside Sales Dept.,Sales,en,Head of Inside Sales Dept.
5031,Head of Inside Sales NONWOVENS,Sales,nl,Head of Inside Sales NONWOVENS
5032,Head of Institutional Sales,Sales,en,Head of Institutional Sales
5033,Head of Internal Sales,Sales,en,Head of Internal Sales
5034,Head of Internal Sales Department Beauty Care / Consumer Brands,Sales,en,Head of Internal Sales Department Beauty Care / Consumer Brands
5035,Head of International & Digital Sales,Sales,en,Head of International & Digital Sales
5036,Head of International Direct Sales,Sales,en,Head of International Direct Sales
5037,Head of International Sales,Sales,en,Head of International Sales
5038,Head of International Sales & Back Office | ACP Baustofftechnik,Sales,de,"Head of International Sales & Back Office, ACP Building Materials Technology"
5039,Head of International Sales Organisation,Sales,en,Head of International Sales Organisation
5040,Head of IT Process Engineering Sales,Sales,en,Head of IT Process Engineering Sales
5041,Head of IT Sales,Sales,en,Head of IT Sales
5042,Head of IT Sales Operations & CPQ,Sales,en,Head of IT Sales Operations & CPQ
5043,Head of IT-Development Sales & Custody,Sales,en,Head of IT-Development Sales & Custody
5044,Head of Key Account & Sales EMEA,Sales,en,Head of Key Account & Sales EMEA
5045,Head of Markting & Sales,Sales,en,Head of Markting & Sales
5046,Head of Media Sales,Sales,en,Head of Media Sales
5047,Head of Media Sales (Print & Online),Sales,en,Head of Media Sales (Print & Online)
5048,Head of MSP Sales,Sales,en,Head of MSP Sales
5049,Head of Network Solutions Sales,Sales,en,Head of Network Solutions Sales
5050,Head of New Sales,Sales,en,Head of New Sales
5051,Head of OEM Sales Excellence + Head of OEM Demand & Supply,Sales,en,Head of OEM Sales Excellence + Head of OEM Demand & Supply
5052,Head of Online Sales,Sales,en,Head of Online Sales
5053,Head of Online Sales Premium Products,Sales,en,Head of Online Sales Premium Products
5054,Head of Pre-Sales,Sales,en,Head of Pre-Sales
5055,Head of Pre-Sales Consulting,Sales,en,Head of Pre-Sales Consulting
5056,Head of Pricing & Sales Controlling EMEA,Sales,en,Head of Pricing & Sales Controlling EMEA
5057,Head of Product Channel Sales Central Europe,Sales,en,Head of Product Channel Sales Central Europe
5058,Head of Programme Acquisition & Sales,Sales,en,Head of Programme Acquisition & Sales
5059,Head of Project/Sales,Sales,en,Head of Project/Sales
5060,Head of Recruiting & Enterprise Solutions Sales,Sales,en,Head of Recruiting & Enterprise Solutions Sales
5061,Head of Regional Sales,Sales,en,Head of Regional Sales
5062,Head of Regional Sales dpa Business West/dpa Insight EU International,Sales,en,Head of Regional Sales dpa Business West/dpa Insight EU International
5063,Head of Regional Sales for West and North Europe,Sales,en,Head of Regional Sales for West and North Europe
5064,Head of Regional Sales Österreich / Schweiz,Sales,de,Head of Regional Sales Austria / Switzerland
5065,Head of Sales,Sales,en,Head of Sales
5066,Head of Sales  BKS Connect,Sales,en,Head of Sales  BKS Connect
5067,Head of Sales - Business Customers Austria,Sales,en,Head of Sales - Business Customers Austria
5068,Head of Sales - CE,Sales,en,Head of Sales - CE
5069,Head of Sales - Central & Eastern Europe,Sales,en,Head of Sales - Central & Eastern Europe
5070,Head of Sales - DACH Region,Sales,en,Head of Sales - DACH Region
5071,Head of Sales - Education and Research,Sales,en,Head of Sales - Education and Research
5072,Head of Sales - Global Emerging Accounts,Sales,en,Head of Sales - Global Emerging Accounts
5073,Head of Sales - North,Sales,en,Head of Sales - North
5074,"Head of Sales ""Sales & Mobility""",Sales,en,"Head of Sales ""Sales & Mobility"""
5075,Head of Sales & Administration,Sales,en,Head of Sales & Administration
5076,Head of Sales & Advisory,Sales,en,Head of Sales & Advisory
5077,Head of Sales & Application,Sales,en,Head of Sales & Application
5078,Head of Sales & Back Office,Sales,en,Head of Sales & Back Office
5079,Head of Sales & Business Development,Sales,en,Head of Sales & Business Development
5080,Head of Sales & Business Development – Rest of World,Sales,en,Head of Sales & Business Development – Rest of World
5081,Head of Sales & Business Development SAP CX,Sales,en,Head of Sales & Business Development SAP CX
5082,Head of Sales & Consulting Services,Sales,en,Head of Sales & Consulting Services
5083,Head of Sales & CRM,Sales,en,Head of Sales & CRM
5084,Head of Sales & Customer Service,Sales,en,Head of Sales & Customer Service
5085,Head of Sales & IT Controlling,Sales,en,Head of Sales & IT Controlling
5086,Head of Sales & Onsite Service B2C North,Sales,en,Head of Sales & Onsite Service B2C North
5087,Head of Sales & Operation E-mobility Germany,Sales,en,Head of Sales & Operation E-mobility Germany
5088,Head of Sales & Operations,Sales,en,Head of Sales & Operations
5089,Head of Sales & Operations Planning,Sales,en,Head of Sales & Operations Planning
5090,Head of Sales & Product,Sales,en,Head of Sales & Product
5091,Head of Sales & Project Office,Sales,en,Head of Sales & Project Office
5092,Head of Sales & Prokurist,Sales,en,Head of Sales & Prokurist
5093,Head of Sales & Recruiter,Sales,en,Head of Sales & Recruiter
5094,Head of Sales & Repro Packaging,Sales,en,Head of Sales & Repro Packaging
5095,Head of Sales & Service,Sales,en,Head of Sales & Service
5096,Head of Sales & Service IT SAP,Sales,en,Head of Sales & Service IT SAP
5097,Head of Sales & Service Support,Sales,en,Head of Sales & Service Support
5098,Head of Sales & Support,Sales,en,Head of Sales & Support
5099,Head of Sales (DACH region),Sales,en,Head of Sales (DACH region)
5100,Head of Sales (Messe Kontakt),Sales,ur,Head of Sales (Exhibition Contact)
5101,Head of Sales / Business Unit Training,Sales,en,Head of Sales / Business Unit Training
5102,Head of Sales / Prokurist,Sales,en,Head of Sales / Prokurist
5103,Head of Sales Administration,Sales,en,Head of Sales Administration
5104,Head of Sales Analytics,Sales,en,Head of Sales Analytics
5105,Head of Sales and Administration,Sales,en,Head of Sales and Administration
5106,Head of Sales and Application Engineering,Sales,en,Head of Sales and Application Engineering
5107,Head of Sales and Applications Europe,Sales,en,Head of Sales and Applications Europe
5108,Head of Sales and Business Development,Sales,en,Head of Sales and Business Development
5109,Head of Sales and Business Development (Neulandt),Sales,en,Head of Sales and Business Development (Neulandt)
5110,Head of Sales and Business Development SCM,Sales,en,Head of Sales and Business Development SCM
5111,Head of Sales and Customer Service,Sales,en,Head of Sales and Customer Service
5112,Head of Sales and Digital Business,Sales,en,Head of Sales and Digital Business
5113,Head of Sales and IT Service,Sales,en,Head of Sales and IT Service
5114,Head of Sales and Projects,Sales,en,Head of Sales and Projects
5115,Head of Sales and Projects - Textile B.U.,Sales,en,Head of Sales and Projects - Textile B.U.
5116,Head of Sales and Projektmanagement,Sales,en,Head of Sales and Projektmanagement
5117,Head of Sales and Sales Coordinator,Sales,en,Head of Sales and Sales Coordinator
5118,Head of Sales and Technology,Sales,en,Head of Sales and Technology
5119,Head of Sales APAC,Sales,en,Head of Sales APAC
5120,Head of Sales Automotive Germany,Sales,en,Head of Sales Automotive Germany
5121,Head of Sales Automotive IAM,Sales,en,Head of Sales Automotive IAM
5122,Head of Sales Automotive Lubricants Central Europe,Sales,en,Head of Sales Automotive Lubricants Central Europe
5123,Head of Sales B2B,Sales,en,Head of Sales B2B
5124,Head of Sales B2B EMEA,Sales,en,Head of Sales B2B EMEA
5125,Head of Sales Back Office,Sales,en,Head of Sales Back Office
5126,Head of Sales BRD,Sales,en,Head of Sales BRD
5127,Head of Sales B-to-B,Sales,en,Head of Sales B-to-B
5128,Head of Sales Business Unit Semicon Modules,Sales,en,Head of Sales Business Unit Semicon Modules
5129,Head of Sales CEE / Authorized Signatory,Sales,en,Head of Sales CEE / Authorized Signatory
5130,Head of Sales CEE/CIS,Sales,en,Head of Sales CEE/CIS
5131,Head of Sales Central,Sales,en,Head of Sales Central
5132,Head of Sales Central Europe,Sales,en,Head of Sales Central Europe
5133,Head of Sales Consulting,Sales,en,Head of Sales Consulting
5134,Head of Sales Control and Development,Sales,en,Head of Sales Control and Development
5135,Head of Sales Controlling & analytical CRM,Sales,en,Head of Sales Controlling & analytical CRM
5136,Head of Sales Controlling & Operations,Sales,en,Head of Sales Controlling & Operations
5137,Head of Sales Controlling and SCM Controlling,Sales,en,Head of Sales Controlling and SCM Controlling
5138,Head of Sales Coordination International (SO/SAC),Sales,en,Head of Sales Coordination International (SO/SAC)
5139,Head of Sales D A CH,Sales,en,Head of Sales D A CH
5140,Head of Sales D/A/CH,Sales,en,Head of Sales D/A/CH
5141,Head of Sales D/A/CH & BeNeLux,Sales,it,Head of Sales D/A/CH & BeNeLux
5142,Head of Sales D/A/CH/EAST/TR,Sales,en,Head of Sales D/A/CH/EAST/TR
5143,Head of Sales DACH,Sales,en,Head of Sales DACH
5144,Head of Sales D-A-CH,Sales,en,Head of Sales D-A-CH
5145,Head of Sales DACH & Benelux,Sales,en,Head of Sales DACH & Benelux
5146,Head of Sales DACH CEE,Sales,de,Head of Sales DACH CEE
5147,Head of Sales D-A-CH Region,Sales,en,Head of Sales D-A-CH Region
5148,Head of Sales DE/AT/NL,Sales,en,Head of Sales DE/AT/NL
5149,Head of Sales Department,Sales,en,Head of Sales Department
5150,Head of Sales Department DACHL,Sales,en,Head of Sales Department DACHL
5151,Head of Sales Dept.,Sales,en,Head of Sales Dept.
5152,Head of Sales Developer & Creative Solutions,Sales,en,Head of Sales Developer & Creative Solutions
5153,Head of Sales Development,Sales,en,Head of Sales Development
5154,Head of Sales Development & Sales Administration,Sales,en,Head of Sales Development & Sales Administration
5155,Head of Sales Development International,Sales,en,Head of Sales Development International
5156,Head of Sales Digitalization,Sales,en,Head of Sales Digitalization
5157,Head of Sales Dreamlines.de,Sales,en,Head of Sales Dreamlines.de
5158,Head of Sales Duratec,Sales,en,Head of Sales Duratec
5159,Head of Sales eCommerce,Sales,en,Head of Sales eCommerce
5160,Head of Sales Electronic Devices,Sales,en,Head of Sales Electronic Devices
5161,Head of Sales EMEA,Sales,en,Head of Sales EMEA
5162,Head of Sales EMEA East,Sales,en,Head of Sales EMEA East
5163,Head of Sales EMEAA,Sales,en,Head of Sales EMEAA
5164,Head of Sales Enablement,Sales,en,Head of Sales Enablement
5165,Head of Sales Europe,Sales,en,Head of Sales Europe
5166,Head of Sales Excellence,Sales,en,Head of Sales Excellence
5167,Head of Sales Excellence Europe,Sales,en,Head of Sales Excellence Europe
5168,Head of Sales for LED Control Gear & Modules,Sales,en,Head of Sales for LED Control Gear & Modules
5169,Head of Sales Force Enablement & Application,Sales,en,Head of Sales Force Enablement & Application
5170,Head of Sales Germany,Sales,en,Head of Sales Germany
5171,Head of Sales Germany and Austria,Sales,en,Head of Sales Germany and Austria
5172,Head of Sales Germany/ Austria,Sales,en,Head of Sales Germany/ Austria
5173,Head of Sales Global - Solutions,Sales,en,Head of Sales Global - Solutions
5174,Head of Sales GU Projects,Sales,en,Head of Sales GU Projects
5175,Head of Sales Industry,Sales,en,Head of Sales Industry
5176,Head of Sales Intelligence and Analytics EMEA/LA/APAC,Sales,en,Head of Sales Intelligence and Analytics EMEA/LA/APAC
5177,Head of Sales International,Sales,en,Head of Sales International
5178,Head of Sales iRec & iHR,Sales,en,Head of Sales iRec & iHR
5179,Head Of Sales KATEK Mauerstetten GmbH,Sales,nl,Head of Sales KATEK Mauerstetten GmbH
5180,Head of Sales Licences,Sales,en,Head of Sales Licences
5181,Head of Sales Life Science Technology,Sales,en,Head of Sales Life Science Technology
5182,Head of Sales Makler Business,Sales,en,Head of Sales Makler Business
5183,Head of Sales Man Made Fibre Division,Sales,en,Head of Sales Man Made Fibre Division
5184,Head of Sales Market Unit Germany,Sales,en,Head of Sales Market Unit Germany
5185,Head of Sales Midmarket & Growth D-A-CH,Sales,en,Head of Sales Midmarket & Growth D-A-CH
5186,Head of Sales New Business,Sales,en,Head of Sales New Business
5187,Head of Sales North Europe AP GUTMANN Group,Sales,en,Head of Sales North Europe AP GUTMANN Group
5188,Head of Sales Northern Germany // Austria,Sales,en,Head of Sales Northern Germany // Austria
5189,Head of Sales Office,Sales,en,Head of Sales Office
5190,Head of Sales Online,Sales,en,Head of Sales Online
5191,Head of Sales Operations,Sales,en,Head of Sales Operations
5192,Head of Sales Operations Germany,Sales,en,Head of Sales Operations Germany
5193,Head of Sales Operations Germany @ Lyreco Advantage,Sales,en,Head of Sales Operations Germany @ Lyreco Advantage
5194,Head of Sales partnerships,Sales,en,Head of Sales partnerships
5195,Head of Sales Partnerships & Hospitality,Sales,en,Head of Sales Partnerships & Hospitality
5196,Head of Sales Performance and CRM,Sales,en,Head of Sales Performance and CRM
5197,Head of Sales Pharmaceuticals and Cosmetics,Sales,en,Head of Sales Pharmaceuticals and Cosmetics
5198,Head of Sales Processes,Sales,en,Head of Sales Processes
5199,Head of Sales Public and Utilities Sector Germany,Sales,en,Head of Sales Public and Utilities Sector Germany
5200,Head Of Sales Radiators & Sanitary Hot Water,Sales,en,Head Of Sales Radiators & Sanitary Hot Water
5201,Head of Sales Region Austria & Switzerland,Sales,en,Head of Sales Region Austria & Switzerland
5202,Head of Sales Region D-A-CH,Sales,en,Head of Sales Region D-A-CH
5203,Head of Sales RV OE EMEA,Sales,pt,Head of Sales RV OE EMEA
5204,Head of Sales Rx - Germany,Sales,en,Head of Sales Rx - Germany
5205,Head of Sales Sellthru,Sales,en,Head of Sales Sellthru
5206,Head of Sales Service,Sales,en,Head of Sales Service
5207,Head of Sales Services Division,Sales,en,Head of Sales Services Division
5208,Head of Sales SME Germany,Sales,en,Head of Sales SME Germany
5209,Head of Sales Solar Cells,Sales,en,Head of Sales Solar Cells
5210,Head of Sales Solutions,Sales,en,Head of Sales Solutions
5211,Head of Sales Solutions Business Unit Utilities,Sales,en,Head of Sales Solutions Business Unit Utilities
5212,Head of Sales SORB®XT,Sales,en,Head of Sales SORB®XT
5213,Head of Sales South Germany,Sales,en,Head of Sales South Germany
5214,Head of Sales Southern Germany,Sales,en,Head of Sales Southern Germany
5215,Head of Sales Sports & Nutrition,Sales,en,Head of Sales Sports & Nutrition
5216,Head of Sales Support,Sales,en,Head of Sales Support
5217,Head Of Sales Support Germany,Sales,en,Head Of Sales Support Germany
5218,Head of Sales Support Sales International,Sales,en,Head of Sales Support Sales International
5219,Head of Sales Switzerland,Sales,en,Head of Sales Switzerland
5220,Head of Sales System & Solutions Switzerland,Sales,en,Head of Sales System & Solutions Switzerland
5221,Head of Sales System Development,Sales,en,Head of Sales System Development
5222,Head of Sales Team,Sales,en,Head of Sales Team
5223,Head of Sales Team Germany,Sales,en,Head of Sales Team Germany
5224,Head of Sales Tech,Sales,en,Head of Sales Tech
5225,Head of Sales Thermal Paper,Sales,en,Head of Sales Thermal Paper
5226,Head of Sales Tools and Processes,Sales,en,Head of Sales Tools and Processes
5227,Head of Sales& Alliances,Sales,en,Head of Sales& Alliances
5228,Head of Sales&CX,Sales,en,Head of Sales&CX
5229,Head of Salesforce & BI,Sales,en,Head of Salesforce & BI
5230,Head of Salesforce Center of Excellence,Sales,en,Head of Salesforce Center of Excellence
5231,Head of Salesstrategy E-Mobility B2B,Sales,en,Head of Salesstrategy E-Mobility B2B
5232,Head of SAP Sales,Sales,en,Head of SAP Sales
5233,Head of SAP Sales & Logistics,Sales,en,Head of SAP Sales & Logistics
5234,Head of SME Sales Region West,Sales,en,Head of SME Sales Region West
5235,Head of Solution Sales / Salesforce Competence Center,Sales,en,Head of Solution Sales / Salesforce Competence Center
5236,Head of Solutions and Sales,Sales,en,Head of Solutions and Sales
5237,Head of Solutions and Sales (Messe Kontakt),Sales,en,Head of Solutions and Sales (Messe Kontakt)
5238,Head of Strategic Sales,Sales,en,Head of Strategic Sales
5239,Head of Strategic Sales & Projects,Sales,en,Head of Strategic Sales & Projects
5240,Head of Tactical Sales Services,Sales,en,Head of Tactical Sales Services
5241,Head Of Technical Sales,Sales,en,Head Of Technical Sales
5242,Head of Technology Services Sales,Sales,en,Head of Technology Services Sales
5243,Head of Unit Sales & Customer Services,Sales,en,Head of Unit Sales & Customer Services
5244,Head Sales,Sales,en,Head Sales
5245,Head Sales E-Commerce,Sales,en,Head Sales E-Commerce
5246,Head Sales Operation,Sales,en,Head Sales Operation
5247,Local Head of Sales Robots & Applications,Sales,en,Local Head of Sales Robots & Applications
5248,ppa. Head of Sales and Engineering,Sales,en,ppa. Head of Sales and Engineering
5249,ppa. Head of Sales Consumer Data,Sales,en,ppa. Head of Sales Consumer Data
5250,Head of Customer Support Workflow & IT Solutions,Customer Support,en,Head of Customer Support Workflow & IT Solutions
5251,Head of Service and Support & Infrastructure and Cloud Services,Customer Support,en,Head of Service and Support & Infrastructure and Cloud Services
5252,Bau- und Projektleiter,Project Management,de,Construction and Project Managers
5253,Elektotechnikingenieur / Projektleiter TGA / Bauleiter,Project Management,de,Elektotechnikingenieur / Projektleiter TGA / Bauleiter
5254,Geschäftsbereichleiter Projektgeschäft,Project Management,de,Head of Project Business
5255,Gruppenleiter Dialogmarketing und Database Mark...,Marketing,de,Group Leader Dialog Marketing and Database Mark...
5256,Kaufmännischer Projektleiter,Project Management,de,Commercial Project Manager
5257,Microsoft Dynamics NAV Projektleiter,Project Management,de,Microsoft Dynamics NAV Project Manager
5258,Planer- und Projektleiter Laboreinrichtungen,Project Management,de,Planner and project leader laboratory facilities
5259,Projekt- und Veranstaltungsleiter,Project Management,de,Head of Project and Event
5260,Projektleiter,Project Management,de,Project leader
5261,Projektleiter Abt. Projektsteuerung,Project Management,de,Project manager Dept. project management
5262,Projektleiter Akquisition,Project Management,de,Project Manager Acquisition
5263,Projektleiter Akquisition/Ansiedlung,Project Management,de,Project Manager Acquisition/Settlement
5264,Projektleiter eCommerce,Project Management,de,Project manager eCommerce
5265,Projektleiter EDV,Project Management,de,EDP Project Manager
5266,Projektleiter ERP/PPS-Systeme,Project Management,de,Project manager ERP/PPS systems
5267,Projektleiter Groupware,Project Management,de,Project Manager Groupware
5268,Projektleiter Mittelspannung,Project Management,de,Project Manager Medium Voltage
5269,Projektleiter Unternehmensentwicklung,Project Management,de,Corporate Development Project Leader
5270,Projektleiter Verkauf,Project Management,de,Project Manager Sales
5271,Projektleiterin,Project Management,de,Project leader
5272,Projektleiterin Event/ Referentin Global Councils Organization,Project Management,de,Project Manager Event/Speaker Global Councils Organization
5273,Projektleiterin Imedo,Project Management,de,Project manager Imedo
5274,Projektmanager / Teamleiter,Project Management,de,Project Manager / Team Leader
5275,Stellvertretender Projektleiter „Data Analytics“,Project Management,de,"Deputy Project Manager ""Data Analytics"""
5276,Team- & Projektleiter CLOUD Applications,Project Management,de,Team & Project Manager CLOUD Applications
5277,Teamleiter Entwicklung / Projektmanagement,Project Management,de,Team Leader Development / Project Management
5278,Teamleiter Projekte & Consulting Deutschland,Project Management,de,Team Leader Projects & Consulting Germany
5279,Technischer Projektleiter,Project Management,de,Technical Project Manager
5280,Personalleiterin/ Assistentin der Geschäftsführung,Administrative,de,Head of Personnel/Managing Assistant
5281,Bereichsleiter Business Development,Business Development,de,Head of Business Development
5282,Bereichsleiter Business Systems,Business Development,de,Head of Business Systems
5283,Business Projektleiter,Business Development,de,Business Project Manager
5284,Teamleiter Business Prozesse,Business Development,de,Team Leader Business Processes
5285,Teamleiter Global Strategy and Reporting & Business Development,Business Development,it,Teamleiter Global Strategy and Reporting & Business Development
5286,Teamleiterin Business Administration,Business Development,de,Team leader Business Administration
5287,Teamleiterin Business IT,Business Development,de,Team leader Business IT
5288,Teamleiterin New Business,Business Development,de,Team leader New Business
5289,Projektleiter / Berater / Teamleiter,Consulting,de,Project manager / consultant / team leader
5290,Projekleiter / Consultant Dynamics NAV,Consulting,de,Project Manager / Consultant Dynamics NAV
5291,Projektleiter / Consultant,Consulting,de,Project manager / consultant
5292,Geschäftsbereichsleiter HR-Lösungen,Human Resources,de,Head of HR Solutions
5293,Personalleiterin / Head of Human Resources,Human Resources,de,Head of Human Resources
5294,Bereichsleiter Digital Services,Information Technology,de,Head of Digital Services
5295,Bereichsleiter Digitale Medien / Ausstellungskonzepte,Information Technology,de,Head of Digital Media / Exhibition Concepts
5296,Bereichsleiter IT,Information Technology,de,Head of IT
5297,Bereichsleiter IT Betrieb / Head of IT Service Operation,Information Technology,de,Head of IT Operations / Head of IT Service Operation
5298,Bereichsleiter IT-Personaldienstleistungen,Information Technology,de,Head of IT Personnel Services
5299,Bereichsleiter Organisation & IT,Information Technology,de,Head of Organization & IT
5300,Geschäftsbereichsleiter IT,Information Technology,de,Head of Division IT
5301,Hauptabteilungsleiter IT,Information Technology,de,Head of Department IT
5302,IT Projektleiter,Information Technology,de,IT Project Manager
5303,IT Services Teamleiterin Office Anwendungen,Information Technology,de,IT Services Team Leader Office Applications
5304,IT-Projektleiter,Information Technology,de,IT Project Leader
5305,IT-Projektleiter (Dynamics NAV),Information Technology,de,Dynamics NAV (IT Project Leader)
5306,IT-Projektleiter und Anwendungsbetreuer,Information Technology,de,IT project manager and application manager
5307,IT-Projektleiter und Produktmanager,Information Technology,de,IT Project Manager and Product Manager
5308,IT-Projektleiterin,Information Technology,de,IT Project Manager
5309,IT-Prozessmanager / IT-Projektleiter,Information Technology,de,IT Process Manager / IT Project Manager
5310,IT-Teamleiter,Information Technology,ru,IT team leader
5311,leiter IT Konzern,Information Technology,de,Head of IT Group
5312,Projektleiter Digitalisierung,Information Technology,de,Digitalisation Project Manager
5313,Projektleiter Digitalisierung (Digital Office),Information Technology,de,Project Manager Digitalization (Digital Office)
5314,Projektleiter für Digitale Entwicklung,Information Technology,de,Project Manager for Digital Development
5315,Projektleiter IT,Information Technology,de,Project Manager IT
5316,Projektleiter/IT-Koordinator,Information Technology,de,Project Leader/IT Coordinator
5317,Projektleiterin IT,Information Technology,de,Project manager IT
5318,Sachgebietsleiter Digitalisierung,Information Technology,de,Head of Sector Digitisation
5319,SAP Projektleiter ERP,Information Technology,de,SAP Project Manager ERP
5320,Stellvertretender Teamleiter IT-Infrastruktur,Information Technology,de,Deputy Team Leader IT Infrastructure
5321,Stv. Teamleiter IT-Service Desk,Information Technology,de,Stv. Team Leader IT-Service Desk
5322,Teamleiter – IT und SAP,Information Technology,de,Team leader – IT and SAP
5323,Teamleiter / SAP Basis Productmananger,Information Technology,de,Team Leader / SAP Basis Productmananger
5324,Teamleiter IT,Information Technology,de,Team Leader IT
5325,Teamleiter IT - Kaufmännische Applikationen,Information Technology,de,Team leader IT - Commercial applications
5326,Teamleiter IT / SAP Anwendungs- und Basisbetreuer,Information Technology,de,Team leader IT / SAP application and basic maintainer
5327,Teamleiter IT / Team Leader IT,Information Technology,ru,Teamleiter IT / Team Leader IT
5328,Teamleiter IT Infrastruktur,Information Technology,de,Team Leader IT Infrastructure
5329,Teamleiter IT Manufacture to Inventory (Plant Integration),Information Technology,de,Team Leader IT Manufacture to Inventory (Plant Integration)
5330,Teamleiter IT/SAP,Information Technology,ru,Team leader IT/SAP
5331,Teamleiter IT/TK Infrastruktur und Ressourcen M...,Information Technology,de,Team Leader IT/TK Infrastructure and Resources M...
5332,Teamleiter IT-Infrastruktur,Information Technology,de,Team leader IT infrastructure
5333,Teamleiter IT-Systemadministration,Information Technology,ru,Team leader IT system administration
5334,Teamleiter SAP,Information Technology,de,Team Leader SAP
5335,Teamleiter SAP / non.SAP,Information Technology,de,Team leader SAP / non.SAP
5336,Teamleiter SAP Personalberatung,Information Technology,de,Team leader SAP HR
5337,Teamleiter und Projektmanager IT,Information Technology,de,Team leader and project manager IT
5338,Bereichsleiter CRM,Information Technology,de,Head of Division CRM
5339,Bereichsleiter CRM Digital INT,Information Technology,de,Head of Division CRM Digital INT
5340,Bereichsleiter Microsoft Dynamics CRM,Information Technology,de,Head of Division Microsoft Dynamics CRM
5341,CRM Projektleiter,Information Technology,de,CRM Project Manager
5342,CRM Teamleiter,Information Technology,de,CRM Team Leader
5343,CRM-Berater / CRM-Projektleiter,Information Technology,de,CRM consultant / CRM project manager
5344,Gebietsvertriebsleiter CRM,Information Technology,de,Area Sales Manager CRM
5345,Gruppenleiter CRM,Information Technology,de,Group Leader CRM
5346,Operativer Projektleiter CRM,Information Technology,de,Operational Project Manager CRM
5347,Projektleiter CRM,Information Technology,de,Project Manager CRM
5348,Projektleiter CRM Software Entwicklung,Information Technology,de,Project Manager CRM Software Development
5349,Projektleiter SugarCRM,Information Technology,de,Project Manager SugarCRM
5350,Projektleiterin CRM,Information Technology,de,Project manager CRM
5351,Projektleiterin CRM-Datenmanagement,Information Technology,de,Project manager CRM data management
5352,Sachgebietsleiterin CRM,Information Technology,de,Head of Sector CRM
5353,Teamleiter (CRM-Produkt),Information Technology,de,Team leader (CRM product)
5354,Teamleiter CRM,Information Technology,de,Team Leader CRM
5355,Teamleiter CRM (Entwicklung),Information Technology,de,Team Leader CRM (Development)
5356,Teamleiter CRM-Software (salesforce.com) - Region DACH,Information Technology,de,Team Leader CRM Software (salesforce.com) - Region DACH
5357,Teamleiter Dynamics Projekte CRM,Information Technology,de,Team Leader Dynamics Projects CRM
5358,Teamleiterin CRM & Kundenmanagement,Information Technology,de,Team Leader CRM & Customer Management
5359,Verkaufsleiter & CRM verantwortlich,Information Technology,de,Sales Manager & CRM responsible
5360,Assistentin für den Marketing und Anzeigenleiter,Marketing,de,Assistant for Marketing and Advertising Manager
5361,Bereichsleiter Business Development und Marketing,Marketing,de,Head of Business Development and Marketing
5362,Bereichsleiter Externe Kommunikation,Marketing,de,Head of External Communications
5363,Bereichsleiter Global Marketing & Sales Support,Marketing,de,Head of Global Marketing & Sales Support
5364,Bereichsleiter Kommunikation & Marketing,Marketing,de,Head of Communications & Marketing
5365,Bereichsleiter Kommunikation / Public Relations,Marketing,de,Head of Communications / Public Relations
5366,Bereichsleiter Kommunikation/Marketing/Produktmanagement,Marketing,de,Head of Communications/Marketing/Product Management
5367,Bereichsleiter Kundenberatung und Marketing,Marketing,de,Head of Customer Consulting and Marketing
5368,Bereichsleiter Market Communication,Marketing,de,Head of Market Communication
5369,Bereichsleiter Marketing,Marketing,de,Head of Marketing
5370,Bereichsleiter Marketing - Vertrieb,Marketing,de,Head of Marketing - Sales
5371,Bereichsleiter Marketing & Kommunikation,Marketing,de,Head of Marketing & Communication
5372,Bereichsleiter Marketing & Portfolio,Marketing,de,Head of Marketing & Portfolio
5373,Bereichsleiter Marketing & Verkauf,Marketing,de,Head of Marketing & Sales
5374,Bereichsleiter Marketing & Vertrieb,Marketing,de,Head of Marketing & Sales
5375,Bereichsleiter Marketing und Kommunikation,Marketing,de,Head of Marketing and Communication
5376,Bereichsleiter Marketing und Online Business,Marketing,de,Head of Marketing and Online Business
5377,Bereichsleiter Marketing und Vertrieb,Marketing,de,Head of Marketing and Sales
5378,Bereichsleiter Marketing und Vertriebsinnendienst,Marketing,de,Head of Marketing and Internal Sales Service
5379,Bereichsleiter Öffentlichkeitsarbeit und Kommunikation,Marketing,de,Head of Public Relations and Communication
5380,Bereichsleiter Online Marketing & E-Commerce,Marketing,de,Head of Online Marketing & E-Commerce
5381,Bereichsleiter Operations / Marketing,Marketing,de,Head of Operations / Marketing
5382,Bereichsleiter Sales & Marketing,Marketing,de,Head of Sales & Marketing
5383,Bereichsleiter Verkauf & Marketing,Marketing,de,Head of Sales & Marketing
5384,Bereichsleiter Vertrieb & Marketing,Marketing,de,Head of Sales & Marketing
5385,Bereichsleiter Vertrieb / Marketing,Marketing,de,Head of Sales / Marketing
5386,Bereichsleiter Vertrieb und Marketing,Marketing,de,Head of Sales and Marketing
5387,Bereichsleiterin Marketing,Marketing,de,Head of Marketing
5388,Bereichsleiterin Marketing & Sales,Marketing,de,Head of Marketing & Sales
5389,Bereichsleiterin Marketing / Head of freenet TV,Marketing,de,Head of Marketing / Head of freenet TV
5390,Bereichsleiterin Marketing Strategy & CRM,Marketing,de,Head of Marketing Strategy & CRM
5391,Bereichsleiterin Marketing und Geschäftsfeldentwicklung,Marketing,de,Head of Marketing and Business Development
5392,Bereichsleiterin Marketing-Kommunikation,Marketing,de,Head of Marketing Communication
5393,Bereichsleiterin Mitglieder und Marketing,Marketing,de,Head of Division Members and Marketing
5394,Fachabteilungsleiter Marketing & Sales,Marketing,de,Head of Marketing & Sales
5395,Fachbereichsleiterin Familienpolitik und Frauen (Messe Kontakt),Marketing,de,Head of Family Policy and Women (Trade Fair Contact)
5396,Fachleiter Marketing,Marketing,de,Head of Marketing
5397,Fachliche Teamleiterin Marketing,Marketing,de,Professional team leader Marketing
5398,Fachliche Teamleiterin Marketing & Öffentlichke...,Marketing,de,Professional team leader Marketing & Public...
5399,Gebietsvertriebsleiter & Marketing Head,Marketing,de,Area Sales Manager & Marketing Head
5400,Gesamtleiter Marketing & Vertrieb,Marketing,de,General Manager Marketing & Sales
5401,Gesamtleiter Marketing und Vertrieb,Marketing,de,General Manager Marketing and Sales
5402,Geschäftsbereichleiter Vertrieb / Marketing,Marketing,de,Head of Sales / Marketing
5403,Geschäftsbereichsleiter Marketing,Marketing,de,Head of Marketing
5404,Geschäftsbereichsleiter Marketing/Vertrieb,Marketing,de,Head of Marketing/Distribution
5405,Geschäftsbereichsleiter Vertrieb + Marketing,Marketing,de,Head of Sales + Marketing
5406,Geschäftsbereichsleiter Vertrieb und Marketing,Marketing,de,Head of Sales and Marketing
5407,Geschäftsleiter Marketing und Vertrieb,Marketing,de,Head of Marketing and Sales
5408,Gesellschafter / Marketingleiter,Marketing,de,Partner / Marketing Manager
5409,Gruppenleiter Abteilung Marketing/PR/Kundenbindung,Marketing,de,Group leader Marketing/PR/Customer loyalty
5410,Gruppenleiter Datenmanagement (Messe Kontakt),Marketing,de,Group leader data management (trade fair contact)
5411,Gruppenleiter Digitales Marketing,Marketing,de,Group Leader Digital Marketing
5412,Gruppenleiter Gewerbe- & Privatkunden I Vertrieb und Marketing,Marketing,de,Group Manager Commercial & Private Customers I Sales and Marketing
5413,Gruppenleiter Marketing,Marketing,de,Group Leader Marketing
5414,Gruppenleiter Messen und Ausstellungen GU-Gruppe,Marketing,de,Group Leader Fairs and Exhibitions GU Group
5415,Gruppenleiter Sales und Marketing,Marketing,de,Group Manager Sales and Marketing
5416,Gruppenleiterin Marketing,Marketing,de,Group Leader Marketing
5417,Gruppenleiterin Partner Marketing,Marketing,de,Group Leader Partner Marketing
5418,Gruppenleiterin Sales Marketing,Marketing,de,Group Manager Sales Marketing
5419,Hauptabteilungsleiter Corporate Marketing Communications,Marketing,de,Head of Corporate Marketing Communications
5420,Hauptabteilungsleiter Marketing,Marketing,de,Head of Marketing
5421,Hauptbereichsleiter Marketing,Marketing,de,Head of Marketing
5422,Head of Marketing / Marketingleiter,Marketing,de,Head of Marketing / Marketing Manager
5423,Head of Marketing and Graphics / Marketingleiter,Marketing,en,Head of Marketing and Graphics / Marketingleiter
5424,Internationaler Vertriebs- und Marketingleiter / Prokurist,Marketing,de,International Sales and Marketing Manager / Procurator
5425,Konzernbereichsleiter Kommunikation und Marketing,Marketing,de,Head of Communications and Marketing
5426,Marketing & Kommunikation / Assistenz Bereichsleiter Marketing,Marketing,de,Marketing & Communication / Assistance Head of Marketing
5427,Marketing & Vertriebsleiter,Marketing,de,Marketing & Sales Manager
5428,Marketing Gruppenleiter,Marketing,de,Marketing Group Leaders
5429,Marketing Projektleiterin,Marketing,de,Marketing Project Manager
5430,Marketing- und Verkaufsleiter,Marketing,de,Marketing and Sales Managers
5431,Marketing -und Verkaufsleiterin Vlies,Marketing,de,Marketing and Sales Manager Nonwoven
5432,Marketing und Vertriebsleiter,Marketing,de,Marketing and Sales Manager
5433,Marketing- und Vertriebsleiter,Marketing,de,Marketing and Sales Manager
5434,Marketing und Vertriebsleiterin,Marketing,de,Marketing and Sales Manager
5435,Marketing/ Teamleiter Messen,Marketing,de,Marketing/ Team Leader Fairs
5436,Marketingleiter,Marketing,de,Marketing Manager
5437,Marketingleiter & Vertriebsleiter DACH,Marketing,de,Marketing Manager & Sales Manager DACH
5438,Marketingleiter (Messe Kontakt),Marketing,de,Marketing Manager (trade fair contact)
5439,Marketingleiter D-A-CH,Marketing,de,Marketing Manager D-A-CH
5440,Marketingleiter Emmi Schweiz,Marketing,de,Marketing Manager Emmi Switzerland
5441,Marketingleiter ERP und BI,Marketing,de,Marketing Manager ERP and BI
5442,Marketingleiter HFO Gruppe,Marketing,de,Marketing Manager HFO Group
5443,Marketingleiter Klinische Mikrobiologie Central Europe,Marketing,de,Marketing Manager Clinical Microbiology Central Europe
5444,Marketingleiterin,Marketing,de,Marketing Manager
5445,Marketingleiterin & -beraterin | Personaldienstleistung,Marketing,de,Marketing manager & consultant
5446,Marketingleiterin CH,Marketing,de,Marketing Manager CH
5447,Marketing-Projektleiterin,Marketing,de,Marketing Project Manager
5448,Marketing-und Vertriebsleiter,Marketing,de,Marketing and Sales Manager
5449,Marketing-Verantwortlicher | Projektleiter Digitalisierung,Marketing,de,Marketing-Responsible 的 Project Manager Digitization
5450,Niederlassungsleiter Marketing&Vertrieb,Marketing,de,Head of Marketing & Sales
5451,Produktgruppenleiter Solar - Vertrieb und Marketing,Marketing,de,Product Group Manager Solar - Sales and Marketing
5452,Projektleiter - Marketing und Vertrieb,Marketing,de,Project Manager - Marketing and Sales
5453,Projektleiter (Messe Ansprechpartner),Marketing,de,Project manager (trade fair contact)
5454,Projektleiter (Messe Kontakt),Marketing,de,Project manager (trade fair contact)
5455,Projektleiter IT-Kommunikation,Marketing,de,IT Communication Project Manager
5456,Projektleiter Kommunikation | Investor Relations | Veranstaltungsplanung,Marketing,de,Project manager Communication -- Investor Relations -- Event planning
5457,Projektleiter Marketing,Marketing,de,Marketing Project Manager
5458,Projektleiter Marketing - CRM // Projektmanager operative Wirtschaftsraumsteuerung,Marketing,de,Project Manager Marketing - CRM // Project Manager Operational Economic Area Management
5459,Projektleiter Marketing Kommunikation,Marketing,de,Marketing Communication Project Manager
5460,Projektleiter Marketing-Kommunikation,Marketing,de,Marketing Communication Project Manager
5461,Projektleiter Medien Messe und Ausstellung,Marketing,de,Project Manager Media Fair and Exhibition
5462,Projektleiter Messe,Marketing,de,Project Manager Fair
5463,Projektleiter Messen,Marketing,de,Project Manager Fairs
5464,Projektleiter Messen & Events,Marketing,de,Project Manager Fairs & Events
5465,Projektleiter Online-Marketing / E-Commerce-Lösungen,Marketing,de,Project manager online marketing / e-commerce solutions
5466,Projektleiter R&D (Messe Kontakt),Marketing,de,Project manager R&D (trade fair contact)
5467,Projektleiterin Marketing,Marketing,de,Marketing Project Manager
5468,Projektleiterin Marketing & PR,Marketing,de,Project Manager Marketing & PR
5469,Projektleiterin Marketing Kommunikation,Marketing,de,Marketing Communication Project Manager
5470,Projektleiterin Marketingkommunikation,Marketing,de,Marketing Communication Project Manager
5471,Projektleiterin Messe - Banketts,Marketing,de,Project manager Messe - Banquets
5472,Projektleiterin Messen und Events,Marketing,de,Project leader in trade fairs and events
5473,Projektleiterin Messen und Veranstaltungen,Marketing,de,Project leader in trade fairs and events
5474,Prokurist / Bereichsleiter Messelogistik,Marketing,de,Procurator / Head of Trade Fair Logistics
5475,Regionalleiter (Messe Kontakt),Marketing,de,Regional manager (trade fair contact)
5476,Regionalleiterin Unternehmenskommunikation und Marketing,Marketing,de,Regional Head of Corporate Communications and Marketing
5477,Ressortleiter Digitale Kommunikation,Marketing,de,Head of Digital Communications
5478,Sachgebietsleiter Marketing,Marketing,de,Head of Marketing
5479,Serviceleiterin Marketing & Kommunikation,Marketing,de,Service Manager Marketing & Communication
5480,Stellv. Marketingleiterin,Marketing,de,Deputy Marketing Manager
5481,Stellvertretender Marketingleiter,Marketing,de,Deputy Marketing Manager
5482,Teamleiter BDE (Messe Kontakt),Marketing,de,Team leader BDE (trade fair contact)
5483,Teamleiter Innendienst - Sales & Marketing,Marketing,de,Team Leader Internal Service - Sales & Marketing
5484,Teamleiter Kommunikation / Medien,Marketing,de,Team Leader Communication / Media
5485,Teamleiter Kundenmanagement/Marketing,Marketing,de,Team Manager Customer Management/Marketing
5486,Teamleiter Marketing,Marketing,de,Team Leader Marketing
5487,Teamleiter Marketing - Projektleiter Messen & Events,Marketing,de,Team Leader Marketing - Project Manager Fairs & Events
5488,Teamleiter Marketing & Vertrieb,Marketing,de,Team Leader Marketing & Sales
5489,Teamleiter Marketing & Vertrieb Sonderprojekte,Marketing,de,Team Leader Marketing & Sales Special Projects
5490,Teamleiter Marketing / Service,Marketing,de,Team Leader Marketing / Service
5491,Teamleiter Marketing Kommunikation,Marketing,de,Team Leader Marketing Communication
5492,Teamleiter Marketing New Business,Marketing,de,Team Leader Marketing New Business
5493,Teamleiter Marketing und Sales,Marketing,de,Team Leader Marketing and Sales
5494,Teamleiter Marketing und Sales Veranstaltungen,Marketing,de,Team Leader Marketing and Sales Events
5495,Teamleiter Marketing- und Vertriebsservices,Marketing,de,Team Leader Marketing and Sales Services
5496,Teamleiter Marketing/Sales,Marketing,de,Team Leader Marketing/Sales
5497,Teamleiter Messekommunikation,Marketing,de,Team Leader Trade Fair Communication
5498,Teamleiter Online Marketing,Marketing,de,Team Leader Online Marketing
5499,Teamleiter Online Marketing/E-Commerce,Marketing,de,Team Leader Online Marketing/E-Commerce
5500,Teamleiter Online-Marketing,Marketing,de,Team Leader Online Marketing
5501,Teamleiter PR&Marketing,Marketing,de,Team Leader PR&Marketing
5502,Teamleiter PR/Marketing,Marketing,de,Team leader PR/Marketing
5503,Teamleiter Sales & Marketing,Marketing,en,Teamleiter Sales & Marketing
5504,Teamleiterin Digital Marketing,Marketing,de,Team leader Digital Marketing
5505,Teamleiterin E-Mail-Marketing,Marketing,de,Team leader e-mail marketing
5506,Teamleiterin Klassische Kommunikation,Marketing,de,Team leader Classic communication
5507,Teamleiterin Marketing,Marketing,de,Team Leader Marketing
5508,Teamleiterin Marketing & Kommunikation,Marketing,de,Team Leader Marketing & Communication
5509,Teamleiterin Marketing & Lichtplanung,Marketing,de,Team Leader Marketing & Lighting Planning
5510,Teamleiterin Marketing & Produktmanagement,Marketing,de,Team Leader Marketing & Product Management
5511,Teamleiterin Marketing & Vertrieb,Marketing,de,Team Leader Marketing & Sales
5512,Teamleiterin Marketing & Vertriebsinnendienst,Marketing,de,Team Leader Marketing & Sales Service
5513,Teamleiterin Marketing Analytics,Marketing,de,Team Leader Marketing Analytics
5514,Teamleiterin Marketing B2B/B2C national,Marketing,de,Team leader Marketing B2B/B2C national
5515,Teamleiterin Marketing Services,Marketing,de,Team Leader Marketing Services
5516,Teamleiterin Marketing und Eventmanagement,Marketing,de,Team Leader Marketing and Event Management
5517,Teamleiterin Marketing/Kommunikation,Marketing,de,Team Leader Marketing/Communication
5518,Teamleiterin Marketing/Organisation,Marketing,de,Team Leader Marketing/Organization
5519,Teamleiterin Marketing/Werbung,Marketing,de,Team Leader Marketing/Advertising
5520,Teamleiterin Marketing-Communications,Marketing,de,Team Leader Marketing Communication
5521,Teamleiterin Marketingkommunikation,Marketing,de,Head of Marketing Communication
5522,Teamleiterin Performance Marketing,Marketing,de,Team leader Performance Marketing
5523,Teamleiterin Vertriebsinnendienst & Marketing,Marketing,de,Team Manager Internal Sales Service & Marketing
5524,Verkaufs & Marketingleiter,Marketing,de,Sales & Marketing Managers
5525,Verkaufs- und Marketingleiter,Marketing,de,Sales and Marketing Managers
5526,Verkaufs-/Marketingleiter,Marketing,de,Sales/Marketing Manager
5527,Verkaufsleiter (Messe Kontakt),Marketing,de,Sales manager (trade fair contact)
5528,Verkaufsleiter / Messe Kontakt,Marketing,de,Sales Manager / Trade Fair Contact
5529,Vertriebs- und Marketingleiter,Marketing,de,Sales and Marketing Managers
5530,Vertriebsingenieur & Marketing (seit Mai 2010 auch stellv. Vertriebsleiter),Marketing,de,Sales engineer & marketing (since May 2010 also sales manager)
5531,Vertriebsleiter / Marketingleiter,Marketing,de,Sales Manager / Marketing Manager
5532,Vertriebsleiter Business Unit Mulit-Channel-Marketing,Marketing,de,Sales Manager Business Unit Mulit Channel Marketing
5533,Vertriebsleiter Online Marketing,Marketing,de,Sales Manager Online Marketing
5534,Vertriebsleiter und Marketing,Marketing,de,Sales Manager and Marketing
5535,Vertriebsleiterin Endkunden / Marketing,Marketing,de,Sales Manager End-user / Marketing
5536,Einkaufsleiter,Purchasing,de,Head of Purchasing
5537,Einkaufsleiterin,Purchasing,de,Head of Purchasing
5538,Anzeigen- und Vertriebsleiter,Sales,de,Advertising and Sales Managers
5539,Assistent der Geschäftsführung / Vertriebsleiter Hydrosulfit,Sales,de,Assistant to the management / Sales Manager Hydrosulfite
5540,Assistent des Geschäftsbereichsleiters Vertriebsrepräsentant,Sales,de,Assistant to Head of Division Sales Representative
5541,Assistentin des Vertriebsleiters Sparte Kunststoff,Sales,de,Assistant to Sales Manager Plastics
5542,Bereichsleiter  Vertrieb und Projekte,Sales,de,Head of Sales and Projects
5543,Bereichsleiter CRM und Vertrieb,Sales,de,Head of Division CRM and Sales
5544,Bereichsleiter Kundenmanagement & Vertrieb,Sales,de,Head of Customer Management & Sales
5545,Bereichsleiter Vertrieb,Sales,de,Head of Sales
5546,Bereichsleiter Vertrieb & Technik,Sales,de,Head of Sales & Technology
5547,Bereichsleiter Vertrieb / Head of Business Unit...,Sales,de,Head of Sales / Head of Business Unit...
5548,Bereichsleiter Vertrieb / Head of Sales,Sales,de,Head of Sales / Head of Sales
5549,Bereichsleiter Vertrieb / Prokurist,Sales,de,Head of Sales / Procurator
5550,Bereichsleiter Vertrieb IKOR-Gruppe,Sales,de,Head of Sales IKOR Group
5551,Bereichsleiter Vertrieb und International Business,Sales,de,Head of Sales and International Business
5552,Bereichsleiter Vertrieb und Kundenservice,Sales,de,Head of Sales and Customer Service
5553,Bereichsleiter Vertrieb und Services,Sales,de,Head of Sales and Services
5554,Bereichsleiter Vertriebsmanagement Selmoni Gruppe,Sales,de,Head of Sales Management Selmoni Group
5555,Bereichsleiterin Vertrieb & Services,Sales,de,Head of Sales & Services
5556,Bezirksleiter Snacks Sales Retail,Sales,de,District Manager Snacks Sales Retail
5557,Centerleiter Vertrieb & Kaufmännischer Service,Sales,de,Center Manager Sales & Commercial Service
5558,Consultant/Projektleiter - Salesforce,Sales,de,Consultant/Project Manager - Salesforce
5559,Fachgebietsleiter Innovations-& Digitalisierungsmanagement Vertrieb,Sales,de,Head of Innovation & Digitization Management Sales
5560,Fachleiter Vertrieb Funktionsflüssigkeiten,Sales,de,Specialist Sales Manager Functional Fluids
5561,Gebietsleiter Vertrieb,Sales,de,Head of Area Sales
5562,Gebietsverkaufsleiter/Vertriebskoordinator,Sales,de,Area Sales Manager/Sales Coordinator
5563,Geschäftsbereichsleiter Vertrieb,Sales,de,Head of Sales
5564,Geschäftsbereichsleiter Vertrieb / Prokurist,Sales,de,Head of Division Sales / Procurator
5565,Geschäftsbereichsleiter Vertrieb Inland,Sales,de,Head of Division for Domestic Sales
5566,Geschäftsbereichsleiterin Vertrieb,Sales,de,Head of Sales
5567,Geschäftsführer & Vertriebsleiter,Sales,de,Managing Director & Sales Manager
5568,Geschäftsführer und Gesamt-Vertriebsleiter,Sales,de,Managing Director and General Sales Manager
5569,Geschäftsführer und Vertriebsleiter,Sales,de,Managing Director and Sales Manager
5570,Geschäftsleiter (Steuerung Vertrieb),Sales,de,Managing Director (Controlling Distribution)
5571,Geschäftsleiter Direct Sales,Sales,de,Head of Direct Sales
5572,Geschäftsstellenleiter Indirect Sales,Sales,de,Head of Indirect Sales
5573,Gesellschafter / Vertriebsleiter,Sales,de,Shareholder / Sales Manager
5574,Gruppenleiter CRM & Inside Sales,Sales,de,Group Leader CRM & Inside Sales
5575,Gruppenleiter Sales Intelligence,Sales,de,Group Leader Sales Intelligence
5576,Gruppenleiter Sales Support - Fachhandel,Sales,de,Group Manager Sales Support - Specialist Trade
5577,Gruppenleiter Vertrieb,Sales,de,Group Leader Distribution
5578,Gruppenleiter Vertrieb Inland,Sales,de,Group Leader Sales Domestic
5579,Gruppenleiterin Vertrieb E-Business,Sales,de,Group Manager Sales E-Business
5580,Gruppenleiterin Vertriebsinnendienst,Sales,de,Group Manager Internal Sales Service
5581,Handlungsbevollmächtigter- Vertriebsleiter,Sales,de,Authorised sales manager
5582,Hauptgesellschafter und Vertriebsleiter,Sales,de,Main shareholder and sales manager
5583,Head of Sales (Vertriebsleiter),Sales,en,Head of Sales (Vertriebsleiter)
5584,Head of Sales / Vertriebsleiter,Sales,de,Head of Sales / Sales Manager
5585,Head of Sales International // Vertriebsleiter ...,Sales,de,Head of Sales International // Sales Manager ...
5586,Head of Sales/Vertriebsleiter,Sales,en,Head of Sales/Vertriebsleiter
5587,Innendienst Vertrieb / Assistentin des Geschäftsstellenleiters,Sales,de,Internal Sales / Assistant to the Head of Office
5588,Innendienstleiter Vertrieb,Sales,de,Internal Sales Manager
5589,Innendienstleiter Vertrieb Industrie,Sales,de,Internal Sales Manager Industry
5590,Innendienstleiterin Vertrieb,Sales,de,Internal Sales Manager
5591,Interim-Bereichsleiter Vertrieb,Sales,de,Interim Head of Sales
5592,Internationaler Vertriebsleiter Die Supplies & Automation,Sales,de,International Sales Manager The Supplies & Automation
5593,Interner Berater und Projektleiter Vertrieb,Sales,de,Internal Consultant and Project Manager Sales
5594,IT Applications Sales & Service - Projektleiter,Sales,en,IT Applications Sales & Service - Projektleiter
5595,IT-Fachinformatiker  Vertriebsleiter,Sales,de,IT IT Specialist Sales Manager
5596,Key Account - Teamleiter Vertrieb,Sales,de,Key Account - Team Leader Sales
5597,kfm. Vertriebsleiter,Sales,de,Kfm. Sales Manager
5598,Kundenbereichsleiter Vertrieb,Sales,de,Sales Manager
5599,Kundenbetreuung & Vertriebsleiter,Sales,de,Customer Support & Sales Manager
5600,Lösungsfinder für Kunden + Vertriebsleiter,Sales,de,Solution finder for customers + Sales Manager
5601,Nationaler Vertriebsleiter,Sales,de,National Sales Manager
5602,Personalchef / Vertriebsleiter,Sales,de,Head of Personnel / Sales Manager
5603,Projekt- und Vertriebsleiter,Sales,de,Project and Sales Manager
5604,Projektleiter (Vertrieb & Projektmanagement),Sales,de,Project Manager (Sales & Project Management)
5605,Projektleiter AXA-Exclusiv-Vertrieb Strategie 2020,Sales,de,Project Manager AXA Exclusive Sales Strategy 2020
5606,Projektleiter CRM Salesforce,Sales,de,Project Manager CRM Salesforce
5607,Projektleiter im technischen Vertrieb,Sales,de,Project manager in technical sales
5608,Projektleiter im Vertrieb,Sales,de,Project manager in sales
5609,Projektleiter Sales Operations CRM,Sales,de,Project Manager Sales Operations CRM
5610,Projektleiter Salesforce,Sales,de,Salesforce Project Manager
5611,Projektleiter und technischer Vertrieb,Sales,de,Project manager and technical sales
5612,Projektleiter und Vertrieb,Sales,de,Project manager and sales
5613,Projektleiter und Vertrieb Teile & Baugruppen,Sales,de,Project manager and sales parts & assemblies
5614,Projektleiter Vertrieb,Sales,de,Project Manager for Sales
5615,Projektleiter Vertrieb  - Energieinfrastrukturen,Sales,de,Project Manager Sales - Energy Infrastructures
5616,Projektleiter Vertrieb & Dialogmarketing,Sales,de,Project Manager Sales & Dialog Marketing
5617,Projektleiter Vertrieb FAMAC,Sales,de,Project Manager Distribution FAMAC
5618,Projektleiterin Sales Support,Sales,de,Project Manager Sales Support
5619,Prokurist & Vertriebsleiter,Sales,de,Procurator & Sales Manager
5620,Prokurist / Bereichsleiter Sales Neufahrzeuglogistik,Sales,de,Procurator / Head of Sales New Vehicle Logistics
5621,Prokurist / Bereichsleiter Vertrieb,Sales,de,Procurator / Head of Sales
5622,Prokurist / Vertriebsleiter,Sales,de,Procurator / Sales Manager
5623,Prokurist und Teamleiter Vertrieb,Sales,de,Procurator and team leader sales
5624,Prokurist und Vertriebsleiter,Sales,de,Procurator and sales manager
5625,Prokurist/ Vertriebsleiter D-A-CH,Sales,de,Procurator/ Sales Manager D-A-CH
5626,Prokuristin/ Vertriebsleiterin,Sales,de,Procurator/ Sales Manager
5627,Prokutist & Vertriebsleiter,Sales,de,Prokutist & Sales Manager
5628,Referatsleiter Digitale Vertriebsprozesse- Betr...,Sales,de,Head of Unit Digital Sales Processes- Betr...
5629,Regional Vertriebsleiter West / Key Account Man...,Sales,de,Regional Sales Manager West / Key Account Man...
5630,Regionaler Vertriebsleiter,Sales,de,Regional Sales Manager
5631,Regionaler Vertriebsleiter Westeuropa,Sales,de,Regional Sales Manager Western Europe
5632,Regionalleiter Vertrieb,Sales,de,Regional Head of Sales
5633,Regionalleiter Vertrieb Bayern,Sales,de,Regional Head of Sales Bavaria
5634,Regionalleiter Vertrieb Mitte,Sales,de,Regional Head of Sales Centre
5635,Regionalleiter Vertrieb Nord,Sales,de,Regional Head of Sales North
5636,Regionalleiter Vertriebsregion Ost,Sales,de,Regional Head of Sales Region East
5637,Regionalleiterin Vertrieb,Sales,de,Regional Head of Sales
5638,Sales / Projektleiter,Sales,de,Sales / Project Manager
5639,Sales CX Projektleiter/ Projectleader,Sales,de,Sales CX Project Manager/ Project Leader
5640,Salesforce Consultant & IT Projektleiter,Sales,de,Salesforce Consultant & IT Project Manager
5641,Salesforce Projektleiter,Sales,de,Salesforce Project Manager
5642,Selbstständiger Salesforce Berater und Projektleiter,Sales,de,Independent Salesforce Consultant and Project Manager
5643,Service- und Vertriebsleiter,Sales,de,Service and Sales Manager
5644,Standortleiter / Sales,Sales,de,Site Manager / Sales
5645,Standortleiter Vertrieb,Sales,de,Sales Manager
5646,Stellv. Teamleiterin Inside Sales,Sales,de,Deputy team leader Inside Sales
5647,Stellvertr. Vertriebsleiter Deutschland,Sales,de,Deputy Head of Sales Germany
5648,Stellvertretender Vertriebsleiter,Sales,de,Deputy Head of Sales
5649,stv. Vertriebsleiter,Sales,de,Sales Manager
5650,Teamleiter After Sales - Verkauf Inland,Sales,de,Team Leader After Sales - Sales Domestic
5651,Teamleiter Digital-Vertrieb und Innendienst (ppa.),Sales,de,Team Leader Digital Sales and Internal Service (ppa.)
5652,Teamleiter Entwicklung - Backend Vertrieb,Sales,de,Team Leader Development - Backend Sales
5653,Teamleiter Inside Sales,Sales,en,Teamleiter Inside Sales
5654,Teamleiter Inside Sales / CRM Admin,Sales,de,Team Leader Inside Sales / CRM Admin
5655,Teamleiter Sales,Sales,de,Team Leader Sales
5656,Teamleiter Sales / Logistics,Sales,de,Team Leader Sales / Logistics
5657,Teamleiter Sales Center Vertrieb,Sales,de,Team Leader Sales Center Sales
5658,Teamleiter Sales Service,Sales,en,Teamleiter Sales Service
5659,Teamleiter Sales Sport & Event,Sales,de,Team Leader Sales Sport & Event
5660,Teamleiter Salesforce,Sales,de,Team Leader Salesforce
5661,Teamleiter SAP Sales,Sales,de,Team Leader SAP Sales
5662,Teamleiter Solution Sales,Sales,de,Team Leader Solution Sales
5663,Teamleiter Technical Sales Solution,Sales,de,Team Leader Technical Sales Solution
5664,Teamleiter technischer Salessupport,Sales,de,Technical Sales Support Team Leader
5665,Teamleiter technischer Vertriebsinnendienst,Sales,de,Team Leader of Internal Technical Sales Service
5666,Teamleiter und Inside Sales (Telefonjoker und Lösungsfinder),Sales,de,Team leader and inside sales (telephone joker and solution finder)
5667,Teamleiter Vertrieb,Sales,de,Sales Team Leader
5668,Teamleiter Vertrieb - Lösungsvertrieb,Sales,de,Team Leader Sales - Solution Sales
5669,Teamleiter Vertrieb & CRM // Account- & Projektmanager,Sales,de,Team Manager Sales & CRM // Account & Project Manager
5670,Teamleiter Vertrieb / Produktmanagement,Sales,de,Team Leader Sales / Product Management
5671,Teamleiter Vertrieb Bestandskunden,Sales,de,Team Leader Sales Existing Customers
5672,Teamleiter Vertrieb Deutschland,Sales,de,Team Leader Sales Germany
5673,Teamleiter Vertrieb Hamburg,Sales,de,Team Leader Sales Hamburg
5674,Teamleiter Vertrieb ID,Sales,de,Team Leader Sales ID
5675,Teamleiter Vertrieb im Innen- u. Außendienst,Sales,de,Team Head of Sales in the Internal and Field Office
5676,Teamleiter Vertrieb Innendienst,Sales,de,Team Head of Sales Internal Services
5677,Teamleiter Vertrieb Innendienst Großhandel,Sales,de,Team Leader Sales Internal Service Wholesale
5678,Teamleiter Vertrieb Key Account,Sales,de,Team Leader Sales Key Account
5679,Teamleiter Vertrieb Köln/Bonn,Sales,de,Head of Sales Cologne/Bonn
5680,Teamleiter Vertrieb National,Sales,de,Team Leader Sales National
5681,Teamleiter Vertrieb Netzkunden,Sales,de,Team Leader Sales Network Customers
5682,Teamleiter Vertrieb öffentliche Auftraggeber (Teamlead Public Sales),Sales,de,Team Leader Sales Public Clients (Teamlead Public Sales)
5683,Teamleiter Vertrieb Privat,Sales,de,Team Leader Sales Private
5684,Teamleiter Vertrieb-Außendienst - Nordrhein-Westfalen,Sales,de,Team Head of Sales and Field Service - North Rhine-Westphalia
5685,Teamleiter Vertriebs- und Kooperationsmarketing,Sales,de,Team Leader Sales and Cooperation Marketing
5686,Teamleiter Vertriebscontrolling,Sales,de,Team Leader Sales Controlling
5687,Teamleiter Vertriebsinnendienst,Sales,de,Team Leader Internal Sales Service
5688,Teamleiter Vertriebsinnendienst & Business Development,Sales,de,Team Manager Internal Sales Service & Business Development
5689,Teamleiter Vertriebsinnendienst national und in...,Sales,de,Team Head of Internal Sales Service national and in...
5690,Teamleiter Vertriebskundenservice,Sales,de,Team Leader Sales Customer Service
5691,Teamleiter Vertriebsteam Süddeutschland,Sales,de,Team Leader Sales Team Southern Germany
5692,Teamleiterin / Ausbilderin Inside Sales,Sales,de,Team Leader / Instructor Inside Sales
5693,Teamleiterin Innendienst / Vertrieb,Sales,de,Team Leader Internal Service / Sales
5694,Teamleiterin Inside Sales Region Süd,Sales,de,Team leader Inside Sales Region South
5695,Teamleiterin Internal Sales,Sales,de,Team leader Internal Sales
5696,Teamleiterin Sales,Sales,de,Team leader Sales
5697,Teamleiterin Vertrieb,Sales,de,Team Leader Sales
5698,Teamleiterin Vertrieb International,Sales,de,Team Leader Sales International
5699,Teamleiterin Vertrieb Projektunterstützung,Sales,de,Team Leader Sales Project Support
5700,Teamleiterin Vertriebsinnendienst,Sales,de,Team Leader Internal Sales Service
5701,Teamleiter-Vertrieb,Sales,de,Team Leader Sales
5702,Techn. Vertriebsleiter/Projektmanagement,Sales,de,Technical Sales Manager/Project Management
5703,Technischer Projektleiter / Vertrieb Deutschlan...,Sales,de,Technical Project Manager / Sales Deutschlan...
5704,Technischer Vertieb / Stellv. Vertriebsleiter,Sales,de,Technical vertice / Deputy Sales Manager
5705,Unternehmensbereichsleiter Vertrieb & Research,Sales,de,Head of Division Sales & Research
5706,Verkaufsleiter D-A-CH / Head of Sales,Sales,de,Sales Manager D-A-CH / Head of Sales
5707,Verkaufsleiter/Salesmanager,Sales,de,Sales Manager/Sales Manager
5708,Verlagsleiter Aschendorff Media & Sales,Sales,de,Publisher Manager Aschendorff Media & Sales
5709,Vertrieb & Projektleiter,Sales,de,Sales & Project Manager
5710,Vertrieb Gebietsleiter,Sales,de,Sales Area Managers
5711,Vertrieb Gebietsleiter Foodservice,Sales,de,Sales Area Manager Foodservice
5712,Vertriebleiter,Sales,de,Sales Manager
5713,Vertriebs- & Geschäftsstellenleiter,Sales,de,Sales & Office Managers
5714,Vertriebs- und Verkaufsleiter,Sales,de,Head of Sales and Sales
5715,Vertriebs-/ Organisationsberater und Teamleiter,Sales,de,Sales/Organizational Consultants and Team Leaders
5716,Vertriebsbeauftragter / Projektleiter,Sales,de,Sales representative / Project manager
5717,Vertriebsleiter,Sales,de,Sales Manager
5718,Vertriebsleiter  - Prokurist -,Sales,de,Sales Manager - Procurator -
5719,Vertriebsleiter -  Softwarelösungen und IT-Sich...,Sales,de,Sales Manager - Software Solutions and IT...
5720,Vertriebsleiter  / Projektleiter für IMESO-Prod...,Sales,de,Sales Manager / Project Manager for IMESO-Prod...
5721,Vertriebsleiter  Deutschland/Schweiz,Sales,de,Sales Manager Germany/Switzerland
5722,Vertriebsleiter - Prokurist,Sales,de,Sales Manager - Procurist
5723,Vertriebsleiter - Vertrieb Export,Sales,de,Sales Manager - Sales Export
5724,Vertriebsleiter & Prokurist,Sales,de,Sales Manager & Procurator
5725,Vertriebsleiter (Außendienst),Sales,de,Sales Manager (field service)
5726,Vertriebsleiter (HV),Sales,de,Sales Manager (HV)
5727,Vertriebsleiter (interim),Sales,de,Sales Manager (interim)
5728,Vertriebsleiter (Messe Kontakt),Sales,de,Sales Manager (trade fair contact)
5729,Vertriebsleiter / Consultant,Sales,de,Sales Manager / Consultant
5730,Vertriebsleiter / Handlungsbevollmächtigter,Sales,de,Head of Sales / Plenipotentiary
5731,Vertriebsleiter / Head of Field Sales,Sales,de,Sales Manager / Head of Field Sales
5732,Vertriebsleiter / Head of Global Sales,Sales,de,Sales Manager / Head of Global Sales
5733,Vertriebsleiter / Head Of Sales,Sales,de,Sales Manager / Head of Sales
5734,Vertriebsleiter / Head of Sales Central & Northern Europe,Sales,de,Sales Manager / Head of Sales Central & Northern Europe
5735,Vertriebsleiter / Head of Sales Consumer and Retail (CRS) Non Food,Sales,de,Sales Manager / Head of Sales Consumer and Retail (CRS) Non Food
5736,Vertriebsleiter / Head of Sales RFID / NFC,Sales,de,Sales Manager / Head of Sales RFID / NFC
5737,Vertriebsleiter / Prokurist,Sales,de,Sales Manager / Procurator
5738,Vertriebsleiter / Prokurist Sparte Oberflächen/...,Sales,de,Sales Manager / Prokurist Division Surfaces/...
5739,Vertriebsleiter / Sales Team Lead / Prokurist Cargill Refined Oils Europe,Sales,de,Sales Manager / Sales Team Lead / Procurator Cargill Refined Oils Europe
5740,Vertriebsleiter // Head Of Sales,Sales,de,Sales Manager // Head of Sales
5741,Vertriebsleiter | Prokurist,Sales,de,Head of Sales and Procurator
5742,Vertriebsleiter Anlagenvertrieb und Dienstleistungsvertrieb,Sales,de,Sales Manager Plant Sales and Service Distribution
5743,Vertriebsleiter Außendienst,Sales,de,Sales Manager Field Service
5744,Vertriebsleiter B2B Direct Sales,Sales,de,Sales Manager B2B Direct Sales
5745,Vertriebsleiter BAU Handel/Industrie,Sales,de,Sales Manager BAU Trade/Industry
5746,Vertriebsleiter Berlin,Sales,de,Sales Manager Berlin
5747,Vertriebsleiter Betriebsführung,Sales,de,Sales Manager Management
5748,Vertriebsleiter Büroservice,Sales,de,Sales Manager Office Service
5749,Vertriebsleiter Business Unit Linearachsen/Systeme,Sales,de,Sales Manager Business Unit Linear Axles/Systems
5750,Vertriebsleiter Business Unit PDM/PLM,Sales,de,Sales Manager Business Unit PDM/PLM
5751,Vertriebsleiter Consumer & B2B Partner Sales D-A-CH,Sales,de,Sales Manager Consumer & B2B Partner Sales D-A-CH
5752,Vertriebsleiter Consumer Europa,Sales,de,Sales Manager Consumer Europe
5753,Vertriebsleiter creditweb GmbH,Sales,de,Sales Manager creditweb GmbH
5754,Vertriebsleiter CSE (ECM/BPM),Sales,de,Sales Manager CSE (ECM/BPM)
5755,Vertriebsleiter D/A/CH,Sales,de,Sales Manager D/A/CH
5756,Vertriebsleiter DACH,Sales,de,Sales Manager DACH
5757,Vertriebsleiter D-A-CH,Sales,de,Sales Manager D-A-CH
5758,Vertriebsleiter DACH (BI & Data Warehouse Automation),Sales,de,Sales Manager DACH (BI & Data Warehouse Automation)
5759,Vertriebsleiter DACH (Messe Kontakt),Sales,de,Sales Manager DACH (trade fair contact)
5760,Vertriebsleiter DACH+,Sales,de,Sales Manager DACH+
5761,Vertriebsleiter Deutschland,Sales,de,Sales Manager Germany
5762,Vertriebsleiter Deutschland - Product Sales Man...,Sales,de,Sales Manager Germany - Product Sales Man...
5763,Vertriebsleiter Deutschland & Österreich - Nati...,Sales,de,Sales Manager Germany & Austria - Nat...
5764,Vertriebsleiter Deutschland / Prokurist,Sales,de,Sales Manager Germany / Procurator
5765,Vertriebsleiter Deutschland / Schweiz,Sales,de,Sales Manager Germany / Switzerland
5766,Vertriebsleiter Deutschland EMC & Inductive Sol...,Sales,de,Sales Manager Germany EMC & Inductive Sol...
5767,Vertriebsleiter Deutschland Papier + Etiketten,Sales,de,Sales Manager Germany Paper + Labels
5768,Vertriebsleiter Deutschland Schleifkörper,Sales,de,Sales Manager Germany Grinding Body
5769,Vertriebsleiter Deutschland/Österreich/Schweiz (D/A/CH),Sales,de,Sales Manager Germany/Austria/Switzerland (D/A/CH)
5770,Vertriebsleiter Direktvertrieb,Sales,de,Sales Manager Direct Sales
5771,Vertriebsleiter Duratec,Sales,de,Sales Manager Duratec
5772,Vertriebsleiter E-Commerce,Sales,de,Sales Manager E-Commerce
5773,Vertriebsleiter EMEA,Sales,de,Sales Manager EMEA
5774,Vertriebsleiter EMS,Sales,de,Sales Manager EMS
5775,Vertriebsleiter ERP Center,Sales,de,Sales Manager ERP Center
5776,Vertriebsleiter ERP-Systeme,Sales,de,Sales Manager ERP Systems
5777,Vertriebsleiter Europa,Sales,de,Sales Manager Europe
5778,Vertriebsleiter Export,Sales,de,Sales Manager Export
5779,Vertriebsleiter Fa. Rollei GmbH & Co.KG,Sales,de,Sales Manager Rollei GmbH & Co.KG
5780,Vertriebsleiter Fach-/Versandhandel D.A.CH.,Sales,de,Sales Manager Specialist/shipping D.A.CH.
5781,Vertriebsleiter Fachhandel,Sales,de,Sales Manager Trade
5782,Vertriebsleiter Fachhandel & Department Stores,Sales,de,Sales Manager Retail & Department Stores
5783,Vertriebsleiter Field Sales,Sales,de,Sales Manager Field Sales
5784,Vertriebsleiter Fondsvertrieb,Sales,de,Sales Manager Fund Distribution
5785,Vertriebsleiter freefii,Sales,de,Sales Manager freefii
5786,Vertriebsleiter Frontoffice,Sales,de,Head of Sales Front Office
5787,Vertriebsleiter Gastronomie & Grosshandel,Sales,de,Sales Manager Gastronomy & Wholesale
5788,Vertriebsleiter Geschäftsbereich Filterelemente,Sales,de,Sales Manager Division Filter Elements
5789,Vertriebsleiter Geschäftsbereich Industrie,Sales,de,Sales Manager Industry Division
5790,Vertriebsleiter Geschäftskunden,Sales,de,Sales Manager Business Customers
5791,Vertriebsleiter Geschäftskunden - Strategic Wholesale,Sales,de,Sales Manager Business Customers - Strategic Wholesale
5792,Vertriebsleiter Geschäftskunden Deutschland,Sales,de,Sales Manager Business Customers Germany
5793,Vertriebsleiter Grosskunden,Sales,de,Sales Manager Large Customers
5794,Vertriebsleiter GS1 Complete Sales & Implementa...,Sales,de,Sales Manager GS1 Complete Sales & Implementationa...
5795,Vertriebsleiter ICOS & BWCS DACH,Sales,de,Sales Manager ICOS & BWCS DACH
5796,Vertriebsleiter im Direktvertrieb fürs Handwerk,Sales,de,Sales manager in direct distribution for the craft sector
5797,Vertriebsleiter Immobilien,Sales,de,Sales Manager Real Estate
5798,Vertriebsleiter index Gruppe - Experte für Stellenmarktanalysen,Sales,de,Sales Manager index Group - Expert for Job Market Analysis
5799,Vertriebsleiter Industrial Solutions,Sales,de,Sales Manager Industrial Solutions
5800,Vertriebsleiter Industrie,Sales,de,Sales Manager Industry
5801,Vertriebsleiter -Industrie,Sales,de,Sales Manager - Industry
5802,Vertriebsleiter Industrie Komponenten Hydrauli,Sales,de,Sales Manager Industry Components Hydrauli
5803,Vertriebsleiter Industrielle Anwendungen,Sales,de,Sales Manager Industrial Applications
5804,Vertriebsleiter Inland Süd,Sales,de,Sales Manager Inland South
5805,Vertriebsleiter Innendienst,Sales,de,Internal Sales Manager
5806,Vertriebsleiter Innendienst / Kundenservice,Sales,de,Sales Manager Internal Service / Customer Service
5807,Vertriebsleiter International,Sales,de,Sales Manager International
5808,Vertriebsleiter KAM / Vertrieb Innendienst,Sales,de,Sales Manager KAM / Sales Office
5809,Vertriebsleiter Keller Deutschland,Sales,de,Sales Manager Keller Germany
5810,Vertriebsleiter Key Account,Sales,de,Sales Manager Key Account
5811,Vertriebsleiter kötter Security,Sales,de,Sales Manager Kötter Security
5812,Vertriebsleiter Kuper Verpackungstechnik,Sales,de,Sales Manager Kuper Packaging Technology
5813,Vertriebsleiter Mais & Gräser,Sales,de,Sales Manager Maize & Grasses
5814,Vertriebsleiter Mass Market,Sales,de,Sales Manager Mass Market
5815,Vertriebsleiter Messen und Ausstellungen,Sales,de,Sales Manager Fairs and Exhibitions
5816,Vertriebsleiter Mitte,Sales,de,Sales Manager Mitte
5817,Vertriebsleiter Mittel- und Norddeutschland,Sales,de,Sales Manager Central and Northern Germany
5818,Vertriebsleiter Mittelstand,Sales,de,Sales Manager for Small and Medium-Sized Enterprises
5819,Vertriebsleiter national,Sales,de,Sales Manager National
5820,Vertriebsleiter Neu- und Bestandskunden,Sales,de,Sales Manager New and Existing Customers
5821,Vertriebsleiter Neue Vertriebswege,Sales,de,Sales Manager New sales channels
5822,Vertriebsleiter Niedersachsen,Sales,de,Sales Manager Lower Saxony
5823,Vertriebsleiter Nord,Sales,de,Sales Manager North
5824,Vertriebsleiter Nutzfahrzeugtechnik,Sales,de,Sales Manager Commercial Vehicle Technology
5825,Vertriebsleiter Objekt,Sales,de,Sales Manager Object
5826,Vertriebsleiter OEM,Sales,de,Sales Manager OEM
5827,Vertriebsleiter Online-Produkte,Sales,de,Sales Manager Online Products
5828,Vertriebsleiter ÖPNV Region DACH,Sales,de,Sales Manager Public Transport Region DACH
5829,Vertriebsleiter Österreich und CEE,Sales,de,Sales Manager Austria and CEE
5830,Vertriebsleiter Pharma - OTC,Sales,de,Sales Manager Pharma - OTC
5831,Vertriebsleiter PIM/MDM,Sales,de,Sales Manager PIM/MDM
5832,Vertriebsleiter Rail,Sales,de,Head of Sales Rail
5833,Vertriebsleiter Region Nord-Ost,Sales,de,Sales Manager North-East Region
5834,Vertriebsleiter Region Süd Respiratory Homecare,Sales,de,Sales Manager South Respiratory Region Homecare
5835,Vertriebsleiter Regionen (Deutschland),Sales,de,Sales Manager Regions (Germany)
5836,Vertriebsleiter Remonte Shoes,Sales,de,Sales Manager Remonte Shoes
5837,Vertriebsleiter Safety & Tools Deutschland,Sales,de,Sales Manager Safety & Tools Germany
5838,Vertriebsleiter Sales/Key Account Deutschland/Ö...,Sales,de,Sales Manager Sales/Key Account Germany/Ö...
5839,Vertriebsleiter SAP,Sales,de,Sales Manager SAP
5840,Vertriebsleiter Service,Sales,de,Sales Manager Service
5841,Vertriebsleiter Software,Sales,de,Sales Manager Software
5842,Vertriebsleiter Spezialfahrzeuge,Sales,de,Sales Manager Specialized Vehicles
5843,Vertriebsleiter SSP / RLM,Sales,de,Sales Manager SSP / RLM
5844,Vertriebsleiter Standortentsorgung,Sales,de,Sales Manager Site Management
5845,Vertriebsleiter Stanz- und Umformtechnik,Sales,de,Sales Manager Stanz- und Umformtechnik
5846,Vertriebsleiter STARKE-DMS®,Sales,de,Sales Manager STARKE-DMS®
5847,Vertriebsleiter Süd,Sales,de,Sales Manager South
5848,Vertriebsleiter Süd-West Europa,Sales,de,Sales Manager South-West Europe
5849,Vertriebsleiter Technik Deutschland,Sales,de,Sales Manager Technology Germany
5850,Vertriebsleiter TK,Sales,de,Sales Manager TK
5851,Vertriebsleiter und Prokurist,Sales,de,Sales Manager and Procurator
5852,Vertriebsleiter und stellv. Bereichsleiter,Sales,de,Sales Manager and Deputy Head of Division
5853,Vertriebsleiter Vertrieb & Service Deutschland,Sales,de,Sales Manager Sales & Service Germany
5854,Vertriebsleiter weltweit,Sales,de,Global Sales Manager
5855,Vertriebsleiter Werbemittel - Werbemittellogisk,Sales,de,Sales Manager Advertising media - Advertising media logisk
5856,Vertriebsleiter Werk 2,Sales,de,Sales Manager Plant 2
5857,Vertriebsleiter Zentrale,Sales,de,Head of Sales
5858,Vertriebsleiter/ Geschäftsführer,Sales,de,Sales Manager/Managing Director
5859,Vertriebsleiter/ Prokurist,Sales,de,Sales Manager/Procurer
5860,Vertriebsleiter/Head of Sales,Sales,de,Sales Manager/Head of Sales
5861,Vertriebsleiterassistentin,Sales,de,Sales Manager Assistant
5862,Vertriebsleiterin,Sales,de,Sales Manager
5863,Vertriebsleiterin Aktenvernichtung,Sales,de,Sales Manager Destroyment of Records
5864,Vertriebsleiterin Außendienst und Projekte,Sales,de,Sales Manager Field Service and Projects
5865,Vertriebsleiterin GreenTech,Sales,de,Sales Manager GreenTech
5866,Vertriebsleiterin Innendienst,Sales,de,Internal Sales Manager
5867,Vertriebsleiter-Innendienst,Sales,de,Sales Manager Internal Service
5868,Vertriebsteamleiter,Sales,de,Sales team leader
5869,Vorstand und Bereichsleiter Vertrieb,Sales,de,Management Board and Head of Sales
5870,Vertriebsleiter / CSO,Sales,de,Sales Manager / CSO
5871,Abteilungsleiter Produktmarketing und Projektmanagement,Marketing,de,Head of Product Marketing and Project Management
5872,Applikationsmanager mit Projektleitung,Project Management,de,Application manager with project management
5873,Geschäftsführung / Projektleitung,Project Management,de,Management / Project management
5874,Geschäftsleitung / Leitung Projektmanagement  /...,Project Management,de,Management / Management Project Management /...
5875,Leiter Bereich Projektmanagment / Traffic,Project Management,de,Head of Project Management / Traffic
5876,Leiter Direktmarketing,Marketing,de,Head of Direct Marketing
5877,Leiter ECM Projekte,Project Management,de,Head of ECM Projects
5878,Leiter Gesamtmarketing,Marketing,de,Head of Total Marketing
5879,Leiter Projekte,Project Management,de,Head of Projects
5880,Leiter Projektmanagement,Project Management,de,Head of Project Management
5881,Leiter Projektmanagement (Unit Interaktion),Project Management,de,Head of Project Management (Unit Interaction)
5882,Leiter Software-Projekte/ Applications,Project Management,de,Head of Software Projects/ Applications
5883,Leiter Strategische Projekte,Project Management,de,Head of Strategic Projects
5884,Leiter Vetriebsmarketing,Marketing,de,Head of Sales Marketing
5885,Leiterin Telemarketing,Marketing,it,Head of Telemarketing
5886,Leitung Direktmarketing WeltN24,Marketing,de,Head of Direct Marketing WorldN24
5887,Leitung Handelsmarketing & Herstellerkooperation,Marketing,de,Head of Trade Marketing & Manufacturer Cooperation
5888,Leitung Mediaservice & Anzeigenmarketing,Marketing,de,Management Mediaservice & Ad Marketing
5889,Leitung Projektmanagement,Project Management,de,Head of Project Management
5890,Leitung Stabsstelle Unternehmensentwicklung und strategische Projekte,Project Management,de,Head of Corporate Development and Strategic Projects
5891,Leitung Strategie & Projektmanagement,Project Management,de,Management Strategy & Project Management
5892,Leitung Taskforce Nachwuchsmarketing,Marketing,de,Head of Taskforce for Young Investigators Marketing
5893,Projektkoordinator Stabsstelle Geschäftsleitung,Project Management,de,Project coordinator Head of Staff
5894,Projektleiter Eventmanagement & Teamleitung,Project Management,de,Project Manager Event Management & Team Management
5895,Projektleitung,Project Management,de,Project management
5896,Projektleitung / CTO,Project Management,de,Project management / CTO
5897,Projektleitung / Projektentwicklung,Project Management,de,Project management / project development
5898,Projektleitung Datenmanagement,Project Management,de,Project Management Data Management
5899,Projektleitung Fairs & Events (National / International),Project Management,de,Project Management Fairs & Events (National / International)
5900,Projektleitung Stammdatenqualität- und Lieferantenmanagement (Inbound Daimer AG),Project Management,de,Project Management Master Data Quality and Supplier Management (Inbound Daimer AG)
5901,Prokuristin/ Projektmanagerin der Geschäftsleitung,Project Management,de,Procurator/project manager of the management
5902,stellvertretende Leitung  Öffentlichkeitsmarketing,Marketing,de,Deputy Head of Public Marketing
5903,Verkaufsleitung / Projektleitung,Project Management,de,Sales management / Project management
5904,Assistent der Geschäftsleitung,Administrative,de,Assistant to the Executive Board
5905,Assistent Geschäftsleitung,Administrative,de,Assistant Management
5906,Assistentin der Geschaeftsleitung,Administrative,de,Assistant to the management of the business
5907,Assistentin der Geschäftsbereichsleitung,Administrative,de,Assistant to the management of the business unit
5908,Assistentin der Geschâftsleitung,Administrative,de,Business Manager's Assistant
5909,Assistentin der Geschäftsleitung,Administrative,de,Assistant to the Executive Board
5910,Assistentin der Geschäftsleitung / personal assistant to the CEO,Administrative,de,Assistant to the Executive Board / personal assistant to the CEO
5911,Assistentin der Geschäftsleitung/Qualitätsmanagementbeauftragte,Administrative,de,Assistant to the Executive Board/Quality Management Officer
5912,Assistentin des kfm. Leiters,Administrative,fr,Assistin of kfm. Leiters
5913,Assistentin Geschäftsleitung,Administrative,de,Assistant to Management
5914,Assistentin Leitung Geschäftsführungsbüro,Administrative,de,Assistant Head of Management Office
5915,Assistenz d. Geschäftsleitung,Administrative,de,Assistant to the Executive Board
5916,Assistenz der Anzeigenleitung,Administrative,de,Assistance of the ad line
5917,Assistenz der Bereichsleitung,Administrative,de,Assistance of the departmental management
5918,Assistenz der Geschäftsführung und Betriebsleitung,Administrative,de,Assistant to the management and management
5919,Assistenz der Geschäftsleitung,Administrative,de,Assistant to the management
5920,Assistenz der Geschäftsleitung wahrsch.,Administrative,de,Assistant to the management
5921,Assistenz der Regionalvertriebsleitung,Administrative,de,Assistance of the regional sales management
5922,Assistenz der Unternehmensleitung,Administrative,de,Assistant to the management of the company
5923,Assistenz der Verlagsleitung,Administrative,de,Assistant to the management of the publishing house
5924,Assistenz für die Geschäftsleitung,Administrative,de,Assistance for the management
5925,Assistenz Geschäftsleitung,Administrative,de,Assistance Management
5926,Assistenz Regionalleitung,Administrative,de,Assistance Regional management
5927,Controller und Assistent der Geschäftsleitung,Administrative,de,Controller and assistant of the management
5928,Controller/ kfm. Assistent der Geschäftsleitung,Administrative,de,Controller/ kfm. Assistant to the management
5929,Gebietsverkaufsleitung Süd / Assistent der Geschäftsführung,Administrative,de,Area Sales Manager South / Management Assistant
5930,Leiter E-Commerce & Assistent der Geschäftsführung,Administrative,de,Head of E-Commerce & Assistant to the Executive Board
5931,Leitung QM/Assistenz GF,Administrative,de,Head of QM/Assistant GF
5932,Projektmanager / Assistent der Geschäftsleitung,Administrative,de,Project manager / assistant of the management
5933,Sekretariat/Assistenz Vorstand / Geschäftsleitung,Administrative,de,Secretariat/assistance Management Board / Management
5934,Sekretärin der Geschäftsleitung,Administrative,de,Executive Secretary
5935,Abteilungsleiter Business Data & Infonomics,Business Development,de,Head of Business Data & Infonomics
5936,Abteilungsleiter Business Enablement,Business Development,de,Head of Business Enablement
5937,Abteilungsleiter Business Intelligence,Business Development,de,Head of Business Intelligence
5938,Abteilungsleiter Corporate Standard Business Systems (CSBS),Business Development,de,Head of Corporate Standard Business Systems (CSBS)
5939,Abteilungsleiter Digital Business Solutions,Business Development,de,Head of Digital Business Solutions
5940,Business Unit Leiter Lubricants,Business Development,nl,Business Unit Leiter Lubricants
5941,Geschäftsleitung Strategy & Business Development,Business Development,de,Management Strategy & Business Development
5942,Head of Digital Business / Leiter Digitale Geschäftsbereiche,Business Development,de,Head of Digital Business / Head of Digital Business Units
5943,Leiter Anwendungstechnik / Business Development,Business Development,de,Head of Application Technology / Business Development
5944,Leiter Business Applications,Business Development,en,Leiter Business Applications
5945,Leiter Business Development,Business Development,de,Head of Business Development
5946,Leiter Business Development & Market Communication,Business Development,de,Head of Business Development & Market Communication
5947,Leiter Business Development & Strategic Partnerships,Business Development,en,Leiter Business Development & Strategic Partnerships
5948,Leiter Business Development / Business Solutions,Business Development,de,Head of Business Development / Business Solutions
5949,Leiter Business Development China,Business Development,de,Head of Business Development China
5950,Leiter Business Intelligence,Business Development,de,Head of Business Intelligence
5951,Leiter Business Operations,Business Development,en,Leiter Business Operations
5952,Leiter Competence Center IT & Business Solutions,Business Development,en,Leiter Competence Center IT & Business Solutions
5953,Leiter Customer Data & Business Intelligence,Business Development,de,Head of Customer Data & Business Intelligence
5954,Leiter Digital Business,Business Development,de,Head of Digital Business
5955,Leiter eBusiness & Web,Business Development,de,Head of eBusiness & Web
5956,Leiter International Business,Business Development,de,Head of International Business
5957,Leiter IT / Leiter Business Unit Operations,Business Development,de,Head of IT / Head of Business Unit Operations
5958,Leiter Kooperationen & Business Development (Mi...,Business Development,de,Head of Cooperation & Business Development (Mi...
5959,Leiter New Business,Business Development,ur,Leiter New Business
5960,Leiter SAP Business One Entwicklung,Business Development,de,Head of SAP Business One Development
5961,Leiterin Business Applikationen,Business Development,de,Head of Business Applications
5962,Leiterin Business Development,Business Development,de,Head of Business Development
5963,Leiterin New Business,Business Development,it,Head of New Business
5964,Leitung / Head of IT Business Intelligence,Business Development,de,Head of IT Business Intelligence
5965,Leitung Business Development,Business Development,de,Head of Business Development
5966,Leitung Business Management,Business Development,de,Head of Business Management
5967,Leitung Business Process Management / Mitarbeit...,Business Development,de,Head of Business Process Management / Cooperation...
5968,Leitung Digital Business Development,Business Development,de,Head of Digital Business Development
5969,Leitung eBusiness Management / CRM Projektmanagement,Business Development,de,Head of eBusiness Management / CRM Project Management
5970,Leitung Key Account Management & Business Development,Business Development,de,Head of Key Account Management & Business Development
5971,Stellv. Leiter Business Development,Business Development,de,Deputy Head of Business Development
5972,Stellvertretender Geschäftsführer / Leiter Business Development,Business Development,de,Deputy Managing Director / Head of Business Development
5973,Teamleitung Business Development,Business Development,de,Team Management Business Development
5974,Consultant / Project Management / Leitung Softwareentwicklung,Consulting,de,Consultant / Project Management / Management Software Development
5975,Digital Consultant / Spezialist für Digitalisierung inkl. Umsetzungsbegleitung /,Consulting,de,Digital Consultant / Specialist for Digitalization incl. implementation support /
5976,Inhouse Consultant / IT-Projektleitung,Consulting,de,Inhouse Consultant / IT Project Management
5977,Assistentin der Geschäftsleitung / Human Resources,Human Resources,de,Management Assistant / Human Resources
5978,Assitenz der Geschäfstleitung / HR,Human Resources,de,Assistance of the management / HR
5979,Leitung Organisation & HR,Human Resources,de,Management Organisation & HR
5980,Abteilungsleiter IT,Information Technology,de,Head of Division IT
5981,Abteilungsleiter IT Anwendungsentwicklung,Information Technology,de,Head of IT Application Development
5982,Abteilungsleiter IT und Digitalisierung,Information Technology,de,Head of IT and Digitalization
5983,Abteilungsleiter ITK,Information Technology,de,Head of Division ITC
5984,Administration / Assistenz der Geschäftsleitung,Information Technology,de,Administration / assistance of the management
5985,Assistenz IT-Leitung,Information Technology,de,Assistance IT management
5986,Assitentin des IT Leiters,Information Technology,fr,Assitentin des IT Leiters
5987,Geschäftsführer Siegen / Leiter IT und Organisation,Information Technology,de,Managing Director Siegen / Head of IT and Organisation
5988,Geschäftsleitung CIIT,Information Technology,de,CIIT Management
5989,Head of IT / Leiter Informationstechnik,Information Technology,de,Head of IT / Head of Information Technology
5990,Head of IT / Leiter IT,Information Technology,ur,Head of IT / Leiter IT
5991,IT Leiter,Information Technology,de,IT Head of Unit
5992,IT Leiter Fricopan Gruppe (Ein Unternehmen der Aryzta Gruppe),Information Technology,de,IT Head of Fricopan Group (A company of the Aryzta Group)
5993,IT Leitung,Information Technology,de,IT Management
5994,IT Management Leitung,Information Technology,de,IT Management Management
5995,IT-Abteilungsleiter,Information Technology,de,IT Head of Division
5996,IT-Gesamtleitung,Information Technology,de,Total IT management
5997,IT-Leiter,Information Technology,ur,IT-Leiter
5998,IT-Leiter / Prokurist,Information Technology,ur,IT manager / authorized signatory
5999,IT-Leiter / System-Administrator,Information Technology,ur,IT-Leiter / System-Administrator
6000,IT-Leiter | CIO,Information Technology,it,IT-Leiter | CIO
6001,IT-Leitung,Information Technology,de,IT line
6002,Leiter Controlling & IT,Information Technology,de,Head of Controlling & IT
6003,Leiter der EDV  -  Head of IT,Information Technology,de,Head of IT - Head of IT
6004,Leiter der IT,Information Technology,de,Head of IT
6005,Leiter der IT-Abteilung,Information Technology,de,Head of IT Department
6006,Leiter des Bereiches Organisation/IT,Information Technology,de,Head of Organisation/IT
6007,Leiter Digitale Prozesse,Information Technology,de,Head of Digital Processes
6008,Leiter Digitale Strategien und Angebote (CDO),Information Technology,de,Head of Digital Strategies and Services (CDO)
6009,Leiter Digitale Transformation Recycling Solution,Information Technology,de,Head of Digital Transformation Recycling Solution
6010,Leiter Digitalisierung,Information Technology,de,Head of Digitalisation
6011,Leiter E-Commerce & IT,Information Technology,de,Head of e-commerce & IT
6012,Leiter EDV/IT,Information Technology,de,Head of Computer/IT
6013,Leiter EDV/Organisation - Head of IT/Organisation,Information Technology,de,Head of IT/Organization - Head of IT/Organization
6014,Leiter Finanzen und Administration,Information Technology,de,Head of Finance and Administration
6015,Leiter Geschäftsbereich IT,Information Technology,de,Head of Business Unit IT
6016,Leiter Geschäftsbereich IT & Services und Chief Digital Officer (CDO),Information Technology,de,Head of IT & Services and Chief Digital Officer (CDO)
6017,Leiter Inhouse IT Infrastructure Services,Information Technology,nl,Leiter Inhouse IT Infrastructure Services
6018,Leiter IT,Information Technology,de,Head of IT
6019,Leiter IT & Controlling,Information Technology,de,Head of IT & Controlling
6020,Leiter IT & Projekte,Information Technology,de,Head of IT & Projects
6021,Leiter IT & Prozesse,Information Technology,de,Head of IT & Processes
6022,Leiter IT & Qualitätsmangement,Information Technology,de,Head of IT & Quality Management
6023,Leiter IT / CIO,Information Technology,de,Head of IT/CIO
6024,Leiter IT / IT Sicherheitsbeauftragter (ITSB/CISO),Information Technology,de,Head of IT / IT Security Officer (ITSB/CISO)
6025,Leiter IT / Organisation,Information Technology,de,Head of IT / Organisation
6026,Leiter IT / Prozessmanagement,Information Technology,de,Head of IT / Process Management
6027,Leiter IT | Head of IT,Information Technology,ur,Leiter IT | Head of IT
6028,Leiter IT Client Systeme,Information Technology,de,Head of IT Client Systems
6029,Leiter IT Infrastruktur Unternehmensgruppe,Information Technology,de,Head of IT Infrastructure Group
6030,Leiter IT Konzern / CIO,Information Technology,de,Head of IT Group / CIO
6031,Leiter IT Operations,Information Technology,de,Head of IT Operations
6032,Leiter IT Operations Web Applications,Information Technology,en,Leiter IT Operations Web Applications
6033,Leiter IT Projekt- & Prozessmanagement,Information Technology,de,Head of IT Project & Process Management
6034,Leiter IT Projekte,Information Technology,de,Head of IT Projects
6035,Leiter IT Service Operations,Information Technology,en,Leiter IT Service Operations
6036,Leiter IT Services,Information Technology,de,Head of IT Services
6037,Leiter IT Services / Prokurist,Information Technology,de,Head of IT Services / Procurator
6038,Leiter IT Systeme &Prozesse,Information Technology,de,Head of IT Systems & Processes
6039,Leiter IT Systemtechnik,Information Technology,de,Head of IT Systems Technology
6040,Leiter IT Technik,Information Technology,de,Head of IT Technology
6041,Leiter IT- und Datenmanagement,Information Technology,de,Head of IT and data management
6042,Leiter IT und Organisation,Information Technology,de,Head of IT and Organisation
6043,Leiter IT und WFM,Information Technology,de,Head of IT and WFM
6044,Leiter IT/Organisation,Information Technology,de,Head of IT/Organisation
6045,Leiter IT/SAP,Information Technology,de,Head of IT/SAP
6046,Leiter IT-Abteilung,Information Technology,de,Head of IT Department
6047,Leiter IT-Administration,Information Technology,de,Head of IT Administration
6048,Leiter IT-Anwendungssysteme,Information Technology,de,Head of IT application systems
6049,Leiter IT-Applikationen Geschäftseinheit Geschäftskunden/Energiedienstleistungen,Information Technology,de,Head of IT Applications Business Unit Business Customers/Energy Services
6050,Leiter IT-Consulting,Information Technology,de,Head of IT consulting
6051,Leiter IT-Infrastruktur,Information Technology,de,Head of IT infrastructure
6052,Leiter IT-Organisation,Information Technology,de,Head of IT Organisation
6053,Leiter IT-Service,Information Technology,de,Head of IT Service
6054,Leiter IT-Services,Information Technology,de,Head of IT Services
6055,Leiter Materialwirtschaft / Logistik / IT,Information Technology,de,Head of Materials Management / Logistics / IT
6056,Leiter Ordermanagement und IT,Information Technology,de,Head of Order Management and IT
6057,Leiter Orga u. IT,Information Technology,de,Head of Orga & IT
6058,Leiter Organisation und IT,Information Technology,de,Head of Organisation and IT
6059,Leiter Prozesse & IT,Information Technology,de,Head of Processes & IT
6060,Leiter SAP,Information Technology,de,Head of SAP
6061,Leiter SAP - Unternehmensprozesse,Information Technology,de,Head of SAP - Corporate Processes
6062,Leiter SAP - Unternehmensprozesse - Controlling,Information Technology,de,Head of SAP - Corporate processes - Controlling
6063,Leiter SAP Competence Center,Information Technology,de,Head of SAP Competence Center
6064,Leiter SAP Technology,Information Technology,ur,Leiter SAP Technology
6065,Leiter Strategie und IT-Architektur,Information Technology,de,Head of Strategy and IT Architecture
6066,Leiterin Administration,Information Technology,de,Head of Administration
6067,Leiterin Digitales Produktmanagement,Information Technology,de,Head of Digital Product Management
6068,Leiterin IT,Information Technology,it,Head of IT
6069,Leiterin Kunden- und Servicemanagement der IT,Information Technology,de,Head of Customer and Service Management of IT
6070,Leiterin Organisation IT Telekommunikation,Information Technology,de,Head of organization IT Telecommunications
6071,Leitung Administration,Information Technology,de,Administration
6072,Leitung Digitale Transformation & VDC,Information Technology,de,Head of Digital Transformation & VDC
6073,Leitung IT,Information Technology,de,Head of IT
6074,Leitung IT - Warenwirtschaft,Information Technology,de,Management IT - Warenwirtschaft
6075,Leitung IT & Softwareentwicklung,Information Technology,de,Head of IT & Software Development
6076,Leitung IT / Systemadministration,Information Technology,de,Management IT / System Administration
6077,Leitung IT Services DACH,Information Technology,de,Head of IT Services DACH
6078,Leitung IT/EDV,Information Technology,de,Head of IT/EDV
6079,Leitung Logistik & Order Administration,Information Technology,de,Head of Logistics & Order Administration
6080,Leitung Organistion/IT,Information Technology,de,Head of Organization/IT
6081,Leitung SAP,Information Technology,de,Management SAP
6082,Leitung Softwareentwicklung und IT,Information Technology,de,Management Software Development and IT
6083,Partner / CFO / Leiter Digitalisierung Kundenmanagement,Information Technology,de,Partner / CFO / Head of Digitalization Customer Management
6084,Personalberater für IT - Spezialisten / Leiter Geschäftsbereich IT – Services,Information Technology,de,Personalberater für IT - Specialists / Head of Business Unit IT – Services
6085,Projektleitung Digital Change,Information Technology,de,Project manager Digital Change
6086,SAP Leiter,Information Technology,de,SAP Leader
6087,SAP-Leiter,Information Technology,hi,SAP manager
6088,Stellv. IT Leiter,Information Technology,de,Deputy IT Manager
6089,Stellvertretende Leitung IT,Information Technology,de,Deputy Head of IT
6090,stellvertretender IT-Leiter,Information Technology,de,Deputy IT Manager
6091,stv. Leiter IT / Teamleiter Project & Operations,Information Technology,de,Deputy Head of IT / Team Leader Project & Operations
6092,Team- & Projektleitung Integration SAP Logistik...,Information Technology,de,Team & Project Management Integration SAP Logistics...
6093,Teamleiter Anwendungsentwicklung & stv. IT-Leiter,Information Technology,de,Team Leader Application Development & IT Manager
6094,Teamleitung IT,Information Technology,de,Team Leader IT
6095,Teamleitung IT Analytics,Information Technology,de,Team Leader IT Analytics
6096,Teamleitung IT Systeme,Information Technology,de,Team Management IT Systems
6097,Teamleitung IT-Steuerung,Information Technology,de,Team Management IT Control
6098,Abteilungsleiter CRM,Information Technology,de,Head of Division CRM
6099,Abteilungsleiterin CRM,Information Technology,de,Head of Division CRM
6100,Abteilungsleiterin Customerservice/CRM,Information Technology,de,Head of Customerservice/CRM
6101,CRM Leiter,Information Technology,de,CRM Manager
6102,CRM Leitung,Information Technology,de,CRM Management
6103,CRM Teamleiter / Team Leiter Kundensysteme,Information Technology,de,CRM Team Leader / Team Head of Customer Systems
6104,CRM-Leiter,Information Technology,de,CRM Manager
6105,CRM-Leiterin,Information Technology,it,CRM Manager
6106,CRM-Leitung,Information Technology,de,CRM line
6107,CRM-Leitung / IT Consultant,Information Technology,it,CRM-Leitung / IT Consultant
6108,CRM-Projektleitung,Information Technology,de,CRM Project Management
6109,ERP/ CRM Leiter,Information Technology,de,ERP/ CRM Manager
6110,Gruppenleitung CRM,Information Technology,de,Group management CRM
6111,IT-ProjektLeiter / Teamleitung CRM Systems,Information Technology,de,IT ProjectHead / Team Management CRM Systems
6112,Leiter / Head of CRM,Information Technology,ur,Leiter / Head of CRM
6113,Leiter Competence Center CRM,Information Technology,de,Head of Competence Center CRM
6114,Leiter CRM,Information Technology,de,Head of CRM
6115,Leiter CRM / eCommerce,Information Technology,de,Head of CRM / eCommerce
6116,Leiter CRM / Head of CRM,Information Technology,ur,Leiter CRM / Head of CRM
6117,Leiter CRM Systeme,Information Technology,de,Head of CRM Systems
6118,Leiter CRM und Projekte,Information Technology,de,Head of CRM and Projects
6119,Leiter CRM und Retail IT,Information Technology,de,Head of CRM and Retail IT
6120,Leiter CRM/Kooperationen,Information Technology,de,Head of CRM/Cooperation
6121,Leiter CRM-Systeme & eCRM,Information Technology,de,Head of CRM Systems & eCRM
6122,Leiter Datamining & CRM,Information Technology,de,Head of Datamining & CRM
6123,Leiter Geschäftsbereich CRM,Information Technology,de,Head of Division CRM
6124,Leiter Geschäftsbereich CRM/SharePoint,Information Technology,de,Head of Division CRM/SharePoint
6125,Leiter Onlinemarketing / CRM,Information Technology,de,Head of Online Marketing / CRM
6126,Leiter Practice CRM Services,Information Technology,nl,Leiter Practice CRM Services
6127,Leiter Process Solutions CRM,Information Technology,de,Head of Process Solutions CRM
6128,Leiter Profit-Center CRM  (Prokurist),Information Technology,de,Head of Profit Center CRM (Procurer)
6129,Leiter Regio-Desk Osnabrück I Leiter CRM,Information Technology,de,Head of Regio-Desk Osnabrück I Head of CRM
6130,Leiter strategische Projekte & analytisches CRM (Kaufland Digital),Information Technology,de,Head of Strategic Projects & Analytical CRM (Kaufland Digital)
6131,Leiterin CRM,Information Technology,de,Head of CRM
6132,Leiterin CRM & Data Lab,Information Technology,it,Head of CRM & Data Lab
6133,Leiterin CRM und Marktanalyse,Information Technology,de,Head of CRM and Market Analysis
6134,Leiterin Kundenmgmt & CRM - Neukunden & Reaktiv...,Information Technology,de,Head of Customer Information & CRM - New Customers & Reactive...
6135,Leitung CRM,Information Technology,de,Head of CRM
6136,Leitung CRM Development,Information Technology,de,Head of CRM Development
6137,Leitung Customer Relationship Management (CRM),Information Technology,de,Head of Customer Relationship Management (CRM)
6138,Projektleitung CRM,Information Technology,de,Project management CRM
6139,Projektleitung CRM & Telesales,Information Technology,de,Project management CRM & Telesales
6140,Projektleitung internationale Geschäftsprozesse | CRM-System,Information Technology,de,Project management international business processes 的 CRM system
6141,Teamleitung CRM,Information Technology,de,Team Leader CRM
6142,Teamleitung CRM & New Leads,Information Technology,de,Team Leader CRM & New Leads
6143,Teamleitung Geschäftskundenportal & -CRM,Information Technology,de,Team Management Business Portal & -CRM
6144,Abteilungsleiter Adressen und Marketing,Marketing,de,Head of Department Addresses and Marketing
6145,Abteilungsleiter Marketing,Marketing,de,Head of Marketing
6146,Abteilungsleiter Marketing & Vertriebscontrolling,Marketing,de,Head of Marketing & Sales Controlling
6147,Abteilungsleiter Marketing/Kommunikation,Marketing,de,Head of Marketing/Communication
6148,Abteilungsleiter Messen und Events,Marketing,de,Head of Trade Fairs and Events
6149,Abteilungsleiter Vertrieb & Marketing,Marketing,de,Head of Sales & Marketing
6150,Abteilungsleiterin Direct Marketing & Database ...,Marketing,de,Head of Division Direct Marketing & Database ...
6151,Abteilungsleiterin Marketing,Marketing,de,Head of Marketing
6152,Abteilungsleiterin Marketing & Kommunikation,Marketing,de,Head of Marketing & Communication
6153,Abteilungsleiterin Marketing-Kommunikation,Marketing,de,Head of Marketing Communication
6154,Abteilungsleiterin Marketing-Kommunikation/ CRM,Marketing,de,Head of Marketing Communication / CRM
6155,Abteilungsleiterin Sales und Marketing,Marketing,de,Head of Sales and Marketing
6156,Abteilungsleitung Live-Kommunikation bei WERTGARANTIE Beteiligungen GmbH,Marketing,de,Head of Live Communication at VERTGARANTIE Beteiligungen GmbH
6157,Abteilungsleitung Marketing,Marketing,de,Head of Marketing
6158,Abteilungsleitung Marketing & Kommunikation,Marketing,de,Head of Marketing & Communication
6159,Abteilungsleitung Sekretariat und Marketing,Marketing,de,Head of Division Secretariat and Marketing
6160,Asisstentin der Marketingleitung,Marketing,de,Asisstentin of Marketing Management
6161,Assistent der Geschäftsleitung & TBR / OHT Marketing,Marketing,de,Assistant to Management & TBR / OHT Marketing
6162,Assistent der Geschäftsleitung Sales/Marketing,Marketing,de,Assistant to Sales/Marketing Management
6163,Assistent der Geschäftsleitung Vertrieb & Marketing,Marketing,de,Assistant to Sales & Marketing Management
6164,Assistentin der Geschäftsbereichsleitung /Verkaufsleitung / Marketing,Marketing,de,Assistant to the Head of Business / Sales Management / Marketing
6165,Assistentin der Geschäftsleitung / Marketing,Marketing,de,Assistant to the Executive Board / Marketing
6166,Assistentin der Geschäftsleitung Marketing & Kommunikation,Marketing,de,Assistant to Marketing & Communication Management
6167,Assistentin der Geschäftsleitung/Marketing & Kommunikation,Marketing,de,Assistant to Management/Marketing & Communication
6168,Assistentin der Vertriebsleitung / Vertriebsinnendienst / Marketing,Marketing,de,Assistant to Sales Manager / Internal Sales Service / Marketing
6169,Assistentin Geschäftsleitung / Marketing,Marketing,de,Assistant Management / Marketing
6170,Assistentin Leiter Vertrieb und Marketing,Marketing,de,Assistant Head of Sales and Marketing
6171,Assistentin Vertriebsleitung/ Marketing,Marketing,de,Assistant Sales Manager/Marketing
6172,Assistenz Bereichsleitung Marketing + Vertrieb,Marketing,de,Assistance Head of Marketing + Sales
6173,Assistenz der Geschäftsführung / Marketingleitung,Marketing,de,Assistant to the management / marketing management
6174,Assistenz der Geschäftsleitung & Marketing Consultant,Marketing,de,Assistant to the Management & Marketing Consultant
6175,Assistenz der Geschäftsleitung / Marketing,Marketing,de,Assistant to the management / marketing
6176,Assistenz der Geschäftsleitung im Bereich Marketing,Marketing,de,Assistant to the management in the area of marketing
6177,Assistenz der Marketing/Vertriebsleitung und Projektmanagement,Marketing,de,Assistance of Marketing/Sales Management and Project Management
6178,Assistenz der Marketingleitung,Marketing,de,Assistance of the marketing management
6179,Assistenz der Marketingleitung | Messe- und Eventmanagement,Marketing,de,Assistance of the marketing management of the trade fair and event management
6180,Assistenz der technischen Leitung / Marketing,Marketing,de,Assistance of the technical management / marketing
6181,Assistenz Geschäftsleitung / Marketing-Messeorganisation,Marketing,de,Assistance Management / Marketing Trade Fair Organisation
6182,Assistenz Leitung Einkauf & Marketing,Marketing,de,Assistance Head of Purchasing & Marketing
6183,Assistenz Marketing Leitung,Marketing,de,Assistance Marketing Management
6184,Assistenz Marketingleitung,Marketing,de,Assistance Marketing Management
6185,Assistenz Messeleitung,Marketing,de,Assistance Messeleitung
6186,Bereichsleitung Kommunikation & Öffentlichkeitsarbeit,Marketing,de,Head of Communications & Public Relations
6187,Bereichsleitung Marketing,Marketing,de,Head of Marketing
6188,Bereichsleitung Marketing & Akademie für Seminare zu Persönlichkeit & Stress,Marketing,de,Head of Marketing & Academy for seminars on personality & stress
6189,Bereichsleitung Marketing & Kommunikation/PR,Marketing,de,Head of Marketing & Communication/PR
6190,Bereichsleitung Marketing und Digital Business,Marketing,de,Head of Marketing and Digital Business
6191,Bereichsleitung Marketing und Vertrieb,Marketing,de,Head of Marketing and Sales
6192,Bereichsleitung Vertriebssteuerung und Marketing,Marketing,de,Head of Sales Control and Marketing
6193,Chief Marketing Officer // Geschäftsleitung,Marketing,de,Chief Marketing Officer // Management
6194,CSO/ Leiter Vertrieb und Marketing,Marketing,de,CSO/ Head of Sales and Marketing
6195,Direktorin Leiterin Vertriebseffizienz & Marketing / Öffentlichkeitsarbeit,Marketing,de,Director Head of Sales Efficiency & Marketing / Public Relations
6196,Einkaufsleitung (Messe Kontakt),Marketing,de,Purchasing management (trade fair contact)
6197,Entwicklungsleitung / Messekontakt,Marketing,de,Development management / trade fair contact
6198,Executive Assistant / Leitung Marketing & Communications,Marketing,de,Executive Assistant / Head of Marketing & Communications
6199,Fachbereichsleitung Marketing und Vertrieb,Marketing,de,Head of Marketing and Sales
6200,Gesamtleitung Marktentwicklung & Marketing,Marketing,de,Overall Management Market Development & Marketing
6201,Geschäftsführer / Leiter Vertrieb und Marketing,Marketing,de,Managing Director / Head of Sales and Marketing
6202,Geschäftsführer / Marketing Leitung,Marketing,de,Managing Director / Marketing Management
6203,Geschäftsführung / Leitung Marketing & Vertrieb,Marketing,de,Management / Head of Marketing & Sales
6204,Geschäftsleitung  Marketing,Marketing,de,Management Marketing
6205,Geschäftsleitung (Messe Ansprechpartner),Marketing,de,Management (trade fair contact)
6206,Geschäftsleitung (Messe Kontakt,Marketing,de,Management (trade fair contact)
6207,Geschäftsleitung (Messe Kontakt),Marketing,de,Management (trade fair contact)
6208,Geschäftsleitung Marketing & Vertrieb,Marketing,de,Management Marketing & Sales
6209,Geschäftsleitung Marketing / Projektierung,Marketing,de,Management Marketing / Projecting
6210,Geschäftsleitung Marketing und Fundraising,Marketing,de,Management Marketing and Fundraising
6211,Geschäftsleitung Marketing und Vertrieb,Marketing,de,Management Marketing and Sales
6212,Geschäftsleitung Marketing und Vertriebsinnendi...,Marketing,de,Management Marketing and Sales...
6213,Geschäftsleitung Sales & Marketing,Marketing,de,Management Sales & Marketing
6214,Geschäftsleitung Verkauf und Marketing,Marketing,de,Management Sales and Marketing
6215,Geschäftsleitung Vertrieb & Marketing,Marketing,de,Management Sales & Marketing
6216,Geschäftsleitung Vertrieb und Marketing,Marketing,de,Management Sales and Marketing
6217,Grafikdesigner | Leiter Marketing,Marketing,de,Graphic Designer - Head of Marketing
6218,Gruppenleitung Communications,Marketing,de,Group management Communications
6219,Head of Marketing / Leitung Marketing,Marketing,de,Head of Marketing / Head of Marketing
6220,Head of Marketing and Communications (Bereichsleitung Marketing & Kommunikation),Marketing,de,Head of Marketing and Communications (Head of Marketing & Communication)
6221,Head of Sales & Marketing /  Erweiterte Geschäftsleitung,Marketing,de,Head of Sales & Marketing / Extended Management
6222,international Marketing Leitung,Marketing,de,International Marketing Management
6223,kaufmännische Leitung (Messe Kontakt),Marketing,de,Commercial management (trade fair contact)
6224,komm. Leiterin Marketing,Marketing,de,come. Head of Marketing
6225,Leiter  Marketing & Vertrieb,Marketing,de,Head of Marketing & Sales
6226,Leiter Affiliate Marketing,Marketing,de,Head of Affiliate Marketing
6227,Leiter Business Development & Marketing,Marketing,de,Head of Business Development & Marketing
6228,Leiter Business Development und Marketing,Marketing,de,Head of Business Development and Marketing
6229,Leiter Corporate- / Marketing Communication,Marketing,de,Head of Corporate/Marketing Communication
6230,Leiter Corporate Marketing und Unternehmensentwicklung,Marketing,de,Head of Corporate Marketing and Corporate Development
6231,Leiter CRM & Marketing,Marketing,de,Head of CRM & Marketing
6232,Leiter CRM /  Digitales Marketing,Marketing,de,Head of CRM / Digital Marketing
6233,Leiter CRM-Marketing/Head of CRM-Marketing.,Marketing,en,Leiter CRM-Marketing/Head of CRM-Marketing.
6234,Leiter Customizing (Messe Kontakt),Marketing,de,Head of Customizing (Trade Fair Contact)
6235,Leiter Data Analytics & Marketing Automation (CRM),Marketing,de,Head of Data Analytics & Marketing Automation (CRM)
6236,Leiter der Abteilung Marketing,Marketing,de,Head of Marketing
6237,Leiter der Marketingabteilung,Marketing,de,Head of Marketing
6238,Leiter Dienstleistungs- und Database-Marketing,Marketing,de,Head of Service and Database Marketing
6239,Leiter Digital Marketing,Marketing,de,Head of Digital Marketing
6240,Leiter Digitales Marketing & Kommunikation,Marketing,de,Head of Digital Marketing & Communication
6241,Leiter E-Business & Marketing,Marketing,de,Head of E-Business & Marketing
6242,Leiter Event & Marketing,Marketing,de,Head of Event & Marketing
6243,Leiter Externe Kommunikation,Marketing,de,Head of External Communications
6244,Leiter für Marketing und Sortimentsentwicklung,Marketing,de,Head of Marketing and Product Range Development
6245,Leiter Geschäftsentwicklung und Marketing,Marketing,de,Head of Business Development and Marketing
6246,Leiter Geschäftsfeldentwicklung (Messe Kontakt),Marketing,de,Head of Business Segment Development (Trade Fair Contact)
6247,Leiter Information & Marketing,Marketing,de,Head of Information & Marketing
6248,Leiter IT & Marketing / Head of IT & Marketing,Marketing,en,Leiter IT & Marketing / Head of IT & Marketing
6249,Leiter IT-Projekte / E-Marketing,Marketing,de,Head of IT Projects / E-Marketing
6250,Leiter Kfm. Vertrieb und Marketing,Marketing,de,Head of Sales and Marketing
6251,Leiter Kommunikation,Marketing,de,Head of Communications
6252,Leiter Kommunikation - Head of Communications,Marketing,de,Head of Communications - Head of Communications
6253,Leiter Kommunikation & Trade Marketing,Marketing,de,Head of Communications & Trade Marketing
6254,Leiter Kommunikation Stadt- und Standortmarketing,Marketing,de,Head of Communication City and Location Marketing
6255,Leiter Kommunikation und Marketing,Marketing,de,Head of Communications and Marketing
6256,Leiter Kommunikation und Medien,Marketing,de,Head of Communications and Media
6257,Leiter Kommunikation/Marketing,Marketing,de,Head of Communications/Marketing
6258,Leiter Kommunikation/PR - Head of Communications/PR,Marketing,nl,Head of Communications/PR - Head of Communications/PR
6259,Leiter Kommunikation/Presse,Marketing,de,Head of Communications/Press
6260,Leiter Marke & Kommunikation,Marketing,de,Head of Brand & Communication
6261,Leiter Markenführung und Marketingplanung AXA,Marketing,de,Head of Brand Management and Marketing Planning AXA
6262,Leiter Marketing,Marketing,de,Head of Marketing
6263,Leiter Marketing - Prokurist,Marketing,de,Head of Marketing - Procurator
6264,Leiter Marketing & Architektur,Marketing,de,Head of Marketing & Architecture
6265,Leiter Marketing & Business Development,Marketing,de,Head of Marketing & Business Development
6266,Leiter Marketing & Communications,Marketing,de,Head of Marketing & Communications
6267,Leiter Marketing & CRM,Marketing,de,Head of Marketing & CRM
6268,Leiter Marketing & E-Commerce,Marketing,de,Head of Marketing & E-Commerce
6269,Leiter Marketing & Inside Sales,Marketing,de,Head of Marketing & Inside Sales
6270,Leiter Marketing & Kommunikation,Marketing,de,Head of Marketing & Communication
6271,Leiter Marketing & Öffentlichkeitsarbeit,Marketing,de,Head of Marketing & Public Relations
6272,Leiter Marketing & PR,Marketing,de,Head of Marketing & PR
6273,Leiter Marketing & PR (Messe Ansprechpartner),Marketing,de,Head of Marketing & PR (Trade Fair Contact)
6274,Leiter Marketing & PR / Head of Marketing & PR,Marketing,en,Leiter Marketing & PR / Head of Marketing & PR
6275,Leiter Marketing & Presse,Marketing,de,Head of Marketing & Press
6276,Leiter Marketing & Produktmanagement,Marketing,de,Head of Marketing & Product Management
6277,Leiter Marketing & Sales,Marketing,de,Head of Marketing & Sales
6278,Leiter Marketing & Technischer Dienst,Marketing,de,Head of Marketing & Technical Service
6279,Leiter Marketing & Unternehmenskommunikation,Marketing,de,Head of Marketing & Corporate Communications
6280,Leiter Marketing & Verkauf,Marketing,de,Head of Marketing & Sales
6281,Leiter Marketing & Vertrieb,Marketing,de,Head of Marketing & Sales
6282,Leiter Marketing & Vertriebscontrolling,Marketing,de,Head of Marketing & Sales Controlling
6283,Leiter Marketing & Werbung,Marketing,de,Head of Marketing & Advertising
6284,Leiter Marketing (Messe Kontakt),Marketing,de,Head of Marketing (Trade Fair Contact)
6285,Leiter Marketing / Head of Communication,Marketing,en,Leiter Marketing / Head of Communication
6286,Leiter Marketing / Head of Marketing,Marketing,en,Leiter Marketing / Head of Marketing
6287,Leiter Marketing / Head of Marketing: B2B- u. B2C-Marketing,Marketing,en,Leiter Marketing / Head of Marketing: B2B- u. B2C-Marketing
6288,Leiter Marketing / Kommunikation & Digitalisierung,Marketing,de,Head of Marketing / Communication & Digitalization
6289,Leiter Marketing / Kundenservice,Marketing,de,Head of Marketing / Customer Service
6290,Leiter Marketing / Marketing / Werbung / PR,Marketing,de,Head of Marketing / Marketing / Advertising / PR
6291,Leiter Marketing / Marketingunterstützung Sparkassen und Lebensversicherung,Marketing,de,Head of Marketing / Marketing Support Sparkassen und Lebensversicherung
6292,Leiter Marketing / Produktmanagement,Marketing,de,Head of Marketing / Product Management
6293,Leiter Marketing / Produktmanagement (Marketingleiter),Marketing,de,Head of Marketing / Product Management (Marketing Manager)
6294,Leiter Marketing / Projektleiter,Marketing,de,Head of Marketing / Project Manager
6295,Leiter Marketing / Unternehmenskommunikation,Marketing,de,Head of Marketing / Corporate Communications
6296,Leiter Marketing / Vertrieb (Mitglied der Geschäftsleitung),Marketing,de,Head of Marketing / Sales (Member of the Executive Board)
6297,Leiter Marketing /PR,Marketing,de,Head of Marketing /PR
6298,Leiter Marketing | CMO,Marketing,de,"Head of Marketing, CMO"
6299,Leiter Marketing | Unternehmenskommunikation,Marketing,de,Head of Marketing and Corporate Communications
6300,Leiter Marketing + Vertrieb,Marketing,de,Head of Marketing + Sales
6301,Leiter Marketing B2B,Marketing,de,Head of Marketing B2B
6302,Leiter Marketing CEE,Marketing,de,Head of Marketing CEE
6303,Leiter Marketing Communication,Marketing,de,Head of Marketing Communication
6304,Leiter Marketing Communication & Service,Marketing,de,Head of Marketing Communication & Service
6305,Leiter Marketing Communications,Marketing,de,Head of Marketing Communications
6306,Leiter Marketing Communications Daimler Mobility & Mercedes-Benz Bank,Marketing,nl,Leiter Marketing Communications Daimler Mobility & Mercedes-Benz Bank
6307,Leiter Marketing Consulting und Business Development,Marketing,de,Head of Marketing Consulting and Business Development
6308,Leiter Marketing D-A-CH,Marketing,de,Head of Marketing D-A-CH
6309,Leiter Marketing Deutschland,Marketing,de,Head of Marketing Germany
6310,Leiter Marketing Digitale Produkte,Marketing,de,Head of Marketing Digital Products
6311,Leiter Marketing ERWIN HYMER GROUP,Marketing,hi,Head of Marketing ERWIN HYMER GROUP
6312,Leiter Marketing Events & Logistic,Marketing,de,Head of Marketing Events & Logistic
6313,Leiter Marketing Kommunikation,Marketing,de,Head of Marketing Communication
6314,Leiter Marketing Kommunikation & Technische Dok...,Marketing,de,Head of Marketing Communication & Technical Doc...
6315,Leiter Marketing Kommunikation & Technische Dokumentation,Marketing,de,Head of Marketing Communication & Technical Documentation
6316,Leiter Marketing Mitglied der Geschäftsleitung,Marketing,de,Head of Marketing Member of the Executive Board
6317,Leiter Marketing National Brands,Marketing,en,Leiter Marketing National Brands
6318,Leiter Marketing Operatives CRM,Marketing,de,Head of Marketing Operational CRM
6319,Leiter Marketing Services,Marketing,de,Head of Marketing Services
6320,Leiter Marketing Services / Public Affairs,Marketing,de,Head of Marketing Services / Public Affairs
6321,Leiter Marketing Services und Grafik Center,Marketing,de,Head of Marketing Services and Graphic Center
6322,Leiter Marketing und Digitalisierung,Marketing,de,Head of Marketing and Digitization
6323,Leiter Marketing und E-Business,Marketing,de,Head of Marketing and E-Business
6324,Leiter Marketing und Event,Marketing,de,Head of Marketing and Event
6325,Leiter Marketing und Kommunikation,Marketing,de,Head of Marketing and Communication
6326,Leiter Marketing und Markenführung,Marketing,de,Head of Marketing and Brand Management
6327,Leiter Marketing und Öffentlichkeitsarbeit,Marketing,de,Head of Marketing and Public Relations
6328,Leiter Marketing und PR,Marketing,de,Head of Marketing and PR
6329,Leiter Marketing und Produktkommunikation,Marketing,de,Head of Marketing and Product Communication
6330,Leiter Marketing und Produktmanagement,Marketing,de,Head of Marketing and Product Management
6331,Leiter Marketing und Public Affairs,Marketing,de,Head of Marketing and Public Affairs
6332,Leiter Marketing und Sales,Marketing,de,Head of Marketing and Sales
6333,Leiter Marketing und Service,Marketing,de,Head of Marketing and Service
6334,Leiter Marketing und Technik,Marketing,de,Head of Marketing and Technology
6335,Leiter Marketing und Technische Dokumentation,Marketing,de,Head of Marketing and Technical Documentation
6336,Leiter Marketing und Training Junkers Deutschland,Marketing,de,Head of Marketing and Training Junkers Germany
6337,Leiter Marketing und Unternehmenskommunikation,Marketing,de,Head of Marketing and Corporate Communications
6338,Leiter Marketing und Veranstaltungen,Marketing,de,Head of Marketing and Events
6339,Leiter Marketing und Verkauf,Marketing,de,Head of Marketing and Sales
6340,Leiter Marketing und Verkauf / Mitglied der GL,Marketing,de,Head of Marketing and Sales / Member of GL
6341,Leiter Marketing und Verkaufsleiter Besteckreinigung,Marketing,de,Head of Marketing and Sales Manager Cutlery Cleaning
6342,Leiter Marketing und Vertrieb,Marketing,de,Head of Marketing and Sales
6343,Leiter Marketing und Vertrieb (Messe Kontakt),Marketing,de,Head of Marketing and Sales (Trade Fair Contact)
6344,Leiter Marketing und Vertrieb / DACH,Marketing,de,Head of Marketing and Sales / DACH
6345,Leiter Marketing und Vertrieb House of Media,Marketing,de,Head of Marketing and Sales House of Media
6346,Leiter Marketing und Vertrieb Privat- & Gewerbe...,Marketing,de,Head of Marketing and Sales Private & Commercial...
6347,Leiter Marketing und Vertriebskommunikation,Marketing,de,Head of Marketing and Sales Communication
6348,Leiter Marketing und Vertriebssteuerung,Marketing,de,Head of Marketing and Sales Management
6349,Leiter Marketing und Vertriebssupport,Marketing,de,Head of Marketing and Sales Support
6350,Leiter Marketing und Werbung,Marketing,de,Head of Marketing and Advertising
6351,Leiter Marketing Vertrieb International,Marketing,de,Head of Marketing Sales International
6352,Leiter Marketing Vertrieb Service,Marketing,de,Head of Marketing Sales Service
6353,Leiter Marketing Werkzeugmaschinen,Marketing,de,Head of Marketing Machine Tools
6354,Leiter Marketing/ Leiter R&D,Marketing,de,Head of Marketing/Head of R&D
6355,Leiter Marketing/Kommunikation,Marketing,de,Head of Marketing/Communication
6356,Leiter Marketing/PR,Marketing,de,Head of Marketing/PR
6357,Leiter Marketing/Sales,Marketing,de,Head of Marketing/Sales
6358,Leiter Marketing/Vertrieb für Norddeutschland,Marketing,de,Head of Marketing/Sales for Northern Germany
6359,Leiter Marketingkommunikation,Marketing,de,Head of Marketing Communication
6360,Leiter Marketing-Kommunikation,Marketing,de,Head of Marketing Communication
6361,Leiter Marketingplanung und -monitoring,Marketing,de,Head of Marketing Planning and Monitoring
6362,Leiter Marketing-Service,Marketing,de,Head of Marketing Service
6363,Leiter Marketingservices,Marketing,de,Head of Marketing Services
6364,Leiter Marketing-Services,Marketing,de,Head of Marketing Services
6365,Leiter Marketing-Services / Produktmanagement,Marketing,de,Head of Marketing Services / Product Management
6366,Leiter Messe- & Eventlogistik,Marketing,de,Head of Trade Fair & Event Logistics
6367,Leiter Messen,Marketing,de,Head of Fairs
6368,Leiter Messen & Ausstellungen International,Marketing,de,Head of Trade Fairs & Exhibitions International
6369,Leiter Messen & Veranstaltungen,Marketing,de,Head of Trade Fairs & Events
6370,Leiter Messen und Events,Marketing,de,Head of Fairs and Events
6371,Leiter Messeteam,Marketing,de,Head of the exhibition team
6372,Leiter Online-Marketing,Marketing,de,Head of Online Marketing
6373,Leiter Online-Marketing | Projektmanagement & SEO,Marketing,de,"Head of Online Marketing, Project Management & SEO"
6374,Leiter Organisation & Kommunikation,Marketing,de,Head of Organization & Communication
6375,Leiter Partnervertrieb + Marketing,Marketing,de,Head of Partner Sales + Marketing
6376,Leiter Personal + Marketing,Marketing,de,Head of Personnel + Marketing
6377,Leiter POS-Marketing & Fairs,Marketing,de,Head of POS Marketing & Fairs
6378,Leiter PR & Marketing,Marketing,de,Head of PR & Marketing
6379,Leiter PR und Marketing,Marketing,de,Head of PR and Marketing
6380,Leiter PR und Marketing / Marketing / Werbung / PR,Marketing,de,Head of PR and Marketing / Marketing / Advertising / PR
6381,Leiter Produkt und Marketing,Marketing,de,Head of Product and Marketing
6382,Leiter Produktmanagement & Marketing,Marketing,de,Head of Product Management & Marketing
6383,Leiter Produktmanagement und Marketing,Marketing,de,Head of Product Management and Marketing
6384,Leiter Produktmanagement und Marketing Communications,Marketing,de,Head of Product Management and Marketing Communications
6385,Leiter Projekte und Marketing,Marketing,de,Head of Projects and Marketing
6386,Leiter Sales & Marketing,Marketing,de,Head of Sales & Marketing
6387,Leiter Sales & Marketing Informatik,Marketing,de,Head of Sales & Marketing Informatics
6388,Leiter Sales & Marketing Subsystems and Products,Marketing,en,Leiter Sales & Marketing Subsystems and Products
6389,Leiter Sales Marketing,Marketing,de,Head of Sales Marketing
6390,Leiter Sales und Marketing,Marketing,de,Head of Sales and Marketing
6391,Leiter Stab Kommunikation,Marketing,de,Head of Staff Communication
6392,Leiter Stabsstelle Marketing,Marketing,de,Head of Marketing
6393,Leiter Stabsstelle Marketing + Kommunikation,Marketing,de,Head of Department Marketing + Communication
6394,Leiter Strategie und Marketing,Marketing,de,Head of Strategy and Marketing
6395,Leiter Strategieentwicklung und Information (Messe Kontakt),Marketing,de,Head of Strategy Development and Information (Trade Fair Contact)
6396,Leiter strategisches Marketing,Marketing,de,Head of Strategic Marketing
6397,Leiter Strategisches Marketing & Kreativmanagement,Marketing,de,Head of Strategic Marketing & Creative Management
6398,Leiter Strategisches Marketing & Vertrieb,Marketing,de,Head of Strategic Marketing & Sales
6399,Leiter Technisches Marketing WALTER und EWAG,Marketing,de,Head of Technical Marketing WALTER and EWAG
6400,Leiter Trade Marketing,Marketing,de,Head of Trade Marketing
6401,Leiter Unternehmenskommunikation & Marketing,Marketing,de,Head of Corporate Communications & Marketing
6402,Leiter Unternehmenskommunikation (Messe Kontakt),Marketing,de,Head of Corporate Communications (Trade Fair Contact)
6403,Leiter Unternehmenskommunikation Marketing,Marketing,de,Head of Corporate Communications Marketing
6404,Leiter Unternehmenskommunikation und Marketing,Marketing,de,Head of Corporate Communications and Marketing
6405,Leiter VdS-Bereich Cyber-Security (Messe Kontakt),Marketing,de,Head of VdS Cyber Security (Trade Fair Contact)
6406,Leiter Veranstaltungsmanagement und Marketing,Marketing,de,Head of Event Management and Marketing
6407,Leiter Verkauf & Marketing,Marketing,de,Head of Sales & Marketing
6408,Leiter Verkauf / Marketing,Marketing,de,Head of Sales / Marketing
6409,Leiter Verkauf Innendienst & Marketing,Marketing,de,Head of Sales Internal Services & Marketing
6410,Leiter Verkauf Innendienst (Messe Kontakt),Marketing,de,Head of Sales Internal Service (Trade Fair Contact)
6411,Leiter Verkauf und Marketing,Marketing,de,Head of Sales and Marketing
6412,Leiter Verkauf/Marketing,Marketing,de,Head of Sales/Marketing
6413,Leiter Vertrieb - Marketing - Produktmanagement...,Marketing,de,Head of Sales - Marketing - Product Management...
6414,Leiter Vertrieb & Marketing,Marketing,de,Head of Sales & Marketing
6415,Leiter Vertrieb & Marketing (Messe Kontakt),Marketing,de,Head of Sales & Marketing (Trade Fair Contact)
6416,Leiter Vertrieb & Marketing / Prokurist - Mitglied der Geschäftsleitung,Marketing,de,Head of Sales & Marketing / Procurator - Member of the Executive Board
6417,Leiter Vertrieb & Marketing EDM,Marketing,de,Head of Sales & Marketing EDM
6418,Leiter Vertrieb & Marketing International Ensinger Compounds,Marketing,de,Head of Sales & Marketing International Ensinger Compounds
6419,Leiter Vertrieb & Marketing Saarland,Marketing,de,Head of Sales & Marketing Saarland
6420,Leiter Vertrieb & Marketing/ Head of Sales and ...,Marketing,de,Head of Sales & Marketing/ Head of Sales and ...
6421,Leiter Vertrieb + Marketing,Marketing,de,Head of Sales + Marketing
6422,Leiter Vertrieb Europa und Marketing,Marketing,de,Head of Sales Europe and Marketing
6423,Leiter Vertrieb Privatkunden und Marketing,Marketing,de,Head of Sales Private Customers and Marketing
6424,Leiter Vertrieb und Marketing,Marketing,de,Head of Sales and Marketing
6425,Leiter Vertrieb und Marketing / Prokurist,Marketing,de,Head of Sales and Marketing / Procurator
6426,Leiter Vertrieb und Marketing der GU-Gruppe,Marketing,de,Head of Sales and Marketing of the GU Group
6427,Leiter Vertrieb und Marketing Deutschland,Marketing,de,Head of Sales and Marketing Germany
6428,Leiter Vertrieb&Marketing,Marketing,de,Head of Sales & Marketing
6429,Leiter Vertrieb/ Marketing,Marketing,de,Head of Sales/ Marketing
6430,Leiter Vertrieb/ Marketing -Mitglied der Geschäftsleitung-,Marketing,de,Head of Sales/Marketing -Member of the Executive Board-
6431,Leiter Vertrieb/Marketing/Kalkulation,Marketing,de,Head of Sales/Marketing/Calculation
6432,Leiter Vertrieb/Service&Marketing u.Kommunikation,Marketing,de,Head of Sales/Service & Marketing & Communication
6433,Leiter Vertriebsinnendienst & Marketing (Messe Kontakt),Marketing,de,Head of Internal Sales & Marketing (Trade Fair Contact)
6434,Leiter Vertriebsinnendienst | Marketingkoordinator,Marketing,de,"Head of Internal Sales Service, Marketing Coordinator"
6435,Leiter Vertriebs-Marketing,Marketing,de,Head of Sales Marketing
6436,Leiter Virtuelles Marketing Team – Spezialist i...,Marketing,de,Head of Virtual Marketing Team – Specialist i...
6437,Leiter Werbung & Events - Kommunikation - Marketing / Handlungsvollmacht,Marketing,de,Head of Advertising & Events - Communication - Marketing
6438,Leiter Werbung / Marketing / Messebau,Marketing,de,Head of Advertising / Marketing / Messebau
6439,Leiterin B2B Marketing,Marketing,it,Head of B2B Marketing
6440,Leiterin Business Intelligence & Marketing,Marketing,it,Head of Business Intelligence & Marketing
6441,Leiterin Corporate Communications,Marketing,it,Head of Corporate Communications
6442,Leiterin FAT Marketing,Marketing,it,Head of FAT Marketing
6443,Leiterin für Marketing & Kommunikation,Marketing,de,Head of Marketing & Communication
6444,Leiterin Kommunikation,Marketing,de,Head of Communications
6445,Leiterin Kommunikation & Marketing,Marketing,de,Head of Communications & Marketing
6446,Leiterin Kommunikation & Projekte,Marketing,de,Head of Communication & Projects
6447,Leiterin Kommunikation CEE,Marketing,de,Head of Communications CEE
6448,Leiterin Marketing,Marketing,it,Head of Marketing
6449,Leiterin Marketing - Kommunikation,Marketing,de,Head of Marketing - Communication
6450,Leiterin Marketing & Backoffice Vertrieb,Marketing,de,Head of Marketing & Backoffice Sales
6451,Leiterin Marketing & Communication Deutschland,Marketing,de,Head of Marketing & Communication Germany
6452,Leiterin Marketing & Communications,Marketing,it,Head of Marketing & Communications
6453,Leiterin Marketing & Corporate Events,Marketing,it,Head of Marketing & Corporate Events
6454,Leiterin Marketing & Kommunikation,Marketing,de,Head of Marketing & Communication
6455,Leiterin Marketing & Kommunikation - Global & EMEA,Marketing,de,Head of Marketing & Communication - Global & EMEA
6456,Leiterin Marketing & Kommunikation Deutschland,Marketing,de,Head of Marketing & Communication Germany
6457,Leiterin Marketing & Kommunikation/ CSR-Projekte,Marketing,de,Head of Marketing & Communication/ CSR Projects
6458,Leiterin Marketing & Öffentlichkeitsarbeit,Marketing,de,Head of Marketing & Public Relations
6459,Leiterin Marketing & PR,Marketing,it,Head of Marketing & PR
6460,Leiterin Marketing & Produktmanagerin,Marketing,de,Head of Marketing & Product Manager
6461,Leiterin Marketing & Sales,Marketing,it,Head of Marketing & Sales
6462,Leiterin Marketing & Unternehmenskommunikation,Marketing,de,Head of Marketing & Corporate Communications
6463,Leiterin Marketing & Vertrieb,Marketing,de,Head of Marketing & Sales
6464,Leiterin Marketing / PR,Marketing,it,Head of Marketing / PR
6465,Leiterin Marketing /R&D,Marketing,it,Head of Marketing/R&D
6466,Leiterin Marketing | Head of Marketing,Marketing,it,Head of Marketing | Head of Marketing
6467,Leiterin Marketing BrauKon und Camba Bavaria,Marketing,de,Head of Marketing BrauKon and Camba Bavaria
6468,Leiterin Marketing Communications,Marketing,it,Head of Marketing Communications
6469,Leiterin Marketing D-A-CH / Marketing / Werbung / PR,Marketing,de,Head of Marketing D-A-CH / Marketing / Advertising / PR
6470,Leiterin Marketing Deutschland,Marketing,de,Head of Marketing Germany
6471,Leiterin Marketing EPLAN & CIDEON,Marketing,it,Head of Marketing EPLAN & CIDEON
6472,Leiterin Marketing Global,Marketing,it,Head of Global Marketing
6473,Leiterin Marketing Kommunikation,Marketing,de,Head of Marketing Communication
6474,Leiterin Marketing Kommunikation Deutschland,Marketing,de,Head of Marketing Communication Germany
6475,Leiterin Marketing Koordination,Marketing,de,Head of Marketing Coordination
6476,Leiterin Marketing Nfz / Digital Expert STERNAUTO Gruppe,Marketing,de,Head of Marketing Nfz / Digital Expert STERNAUTO Group
6477,Leiterin Marketing Services,Marketing,de,Head of Marketing Services
6478,Leiterin Marketing und Event,Marketing,de,Head of Marketing and Event
6479,Leiterin Marketing und Kommunikation,Marketing,de,Head of Marketing and Communication
6480,Leiterin Marketing und Kommunikation DACH,Marketing,de,Head of Marketing and Communication DACH
6481,Leiterin Marketing und LEAC,Marketing,de,Head of Marketing and LEAC
6482,Leiterin Marketing und Öffentlichkeitsarbeit / Head of Marketing and Public Relations,Marketing,de,Head of Marketing and Public Relations / Head of Marketing and Public Relations
6483,Leiterin Marketing und Unternehmenskommunikation,Marketing,de,Head of Marketing and Corporate Communications
6484,Leiterin Marketing und Vertrieb,Marketing,de,Head of Marketing and Sales
6485,Leiterin Marketing und Vertrieb (Messe Kontakt),Marketing,de,Head of Marketing and Sales (Trade Fair Contact)
6486,Leiterin Marketing und Vertrieb Lösungen für Steuerberater und KMU,Marketing,de,Head of Marketing and Sales Solutions for Tax Consultants and SMEs
6487,Leiterin Marketing/ Produktmanagement,Marketing,de,Head of Marketing/Product Management
6488,Leiterin Marketing/Kommunikation,Marketing,de,Head of Marketing/Communication
6489,Leiterin Marketing/PR,Marketing,it,Head of Marketing/PR
6490,Leiterin Marketing/Unternehmenskommunikation,Marketing,de,Head of Marketing/Corporate Communications
6491,Leiterin Marketing/Vertrieb,Marketing,de,Head of Marketing/Sales
6492,Leiterin Marketingkommunikation,Marketing,de,Head of Marketing Communication
6493,Leiterin Marketing-Kommunikation,Marketing,de,Head of Marketing Communication
6494,Leiterin Marketing-Services,Marketing,de,Head of Marketing Services
6495,Leiterin Online Marketing und PR,Marketing,de,Head of Online Marketing and PR
6496,Leiterin Online-Marketing,Marketing,de,Head of Online Marketing
6497,Leiterin Performance Marketing und Marketing Services,Marketing,de,Head of Performance Marketing and Marketing Services
6498,Leiterin Personal & Marketing,Marketing,it,Head of Human Resources & Marketing
6499,Leiterin strategisches Marketing,Marketing,de,Head of Strategic Marketing
6500,Leiterin Teamassistenz & Marketing,Marketing,de,Head of Team Assistance & Marketing
6501,Leiterin Unternehmensbereich Vertrieb/Marketing,Marketing,de,Head of Division Sales/Marketing
6502,Leiterin Unternehmenskommunikation & Marketing,Marketing,de,Head of Corporate Communications & Marketing
6503,Leiterin Unternehmenskommunikation (Messe Kontakt),Marketing,de,Head of Corporate Communications (Trade Fair Contact)
6504,Leiterin Unternehmenskommunikation / Marketing / Werbung / PR,Marketing,de,Head of Corporate Communications / Marketing / Advertising / PR
6505,Leiterin Unternehmenskommunikation und Marketing,Marketing,de,Head of Corporate Communications and Marketing
6506,Leiterin Verkaufsinnendienst und Marketing,Marketing,de,Head of Sales and Marketing
6507,Leiterin Verkaufsinnendienst/Marketing,Marketing,de,Head of Sales Service/Marketing
6508,Leiterin Vertrieb und Marketing,Marketing,de,Head of Sales and Marketing
6509,Leiterin Vertrieb/Marketing,Marketing,de,Head of Sales/Marketing
6510,Leiterin Werbekoordination / B2B Kommunikation / Messe,Marketing,de,Head of Advertising Coordination / B2B Communication / Fair
6511,Leitung  Ausbildung / Kommunikationscenter - Prokuristin,Marketing,de,Management Training / Communication Center - Procurator
6512,Leitung B2B Marketing,Marketing,de,Head of B2B Marketing
6513,Leitung Business Development Operations & Marketing,Marketing,de,Head of Business Development Operations & Marketing
6514,Leitung Channel Marketing,Marketing,de,Head of Channel Marketing
6515,Leitung Communications und Marketing,Marketing,de,Head of Communications and Marketing
6516,Leitung Controlling & Marketing,Marketing,de,Head of Controlling & Marketing
6517,Leitung CRM Systems & Processes | Marketing,Marketing,de,"Head of CRM Systems & Processes, Marketing"
6518,Leitung Customer Centricity Success  (Messe Kontakt),Marketing,de,Head of Customer Centricity Success (Trade Fair Contact)
6519,Leitung Data Driven Marketing,Marketing,de,Head of Data Driven Marketing
6520,Leitung Digitale Medien und Online-Marketing,Marketing,de,Head of Digital Media and Online Marketing
6521,Leitung Digitales Marketing / PR,Marketing,de,Head of Digital Marketing / PR
6522,Leitung Digitales Marketing und Vertrieb,Marketing,de,Head of Digital Marketing and Sales
6523,Leitung Direct Marketing,Marketing,de,Head of Direct Marketing
6524,Leitung Einkauf/Vertrieb/Marketing,Marketing,de,Head of Purchasing/Sales/Marketing
6525,Leitung Export & Marketing,Marketing,de,Head of Export & Marketing
6526,Leitung Externe Kommunikation/Projektkommunikation,Marketing,de,Head of External Communication/Project Communication
6527,Leitung Fachbereich Kommunikation,Marketing,de,Head of Communication Department
6528,Leitung Future Concepts Process Automation (Messe Kontakt),Marketing,de,Head of Future Concepts Process Automation (Trade Fair Contact)
6529,Leitung internationales Marketing,Marketing,de,Head of International Marketing
6530,Leitung IT / Technisches Marketing,Marketing,de,Head of IT / Technical Marketing
6531,Leitung KeyAccount & Marketing,Marketing,de,Head of KeyAccount & Marketing
6532,Leitung Key-Account (Messe Kontakt),Marketing,de,Head of Key-Account (Trade Fair Contact)
6533,Leitung Kommunikation,Marketing,de,Head of Communications
6534,Leitung Kommunikation und Marketing,Marketing,de,Head of Communications and Marketing
6535,Leitung Marketing,Marketing,de,Head of Marketing
6536,Leitung Marketing - Organisation,Marketing,de,Head of Marketing - Organization
6537,Leitung Marketing & Communications,Marketing,de,Head of Marketing & Communications
6538,Leitung Marketing & CRM,Marketing,de,Head of Marketing & CRM
6539,Leitung Marketing & eBusiness,Marketing,de,Head of Marketing & eBusiness
6540,Leitung Marketing & E-Business,Marketing,de,Head of Marketing & E-Business
6541,Leitung Marketing & E-Commerce,Marketing,de,Head of Marketing & E-Commerce
6542,Leitung Marketing & Event,Marketing,de,Head of Marketing & Event
6543,Leitung Marketing & Kommunikation,Marketing,de,Head of Marketing & Communication
6544,Leitung Marketing & Kommunikation Unternehmensgruppe,Marketing,de,Head of Marketing & Communication Group
6545,Leitung Marketing & Kundenservice,Marketing,de,Head of Marketing & Customer Service
6546,Leitung Marketing & Öffentlichkeitsarbeit,Marketing,de,Head of Marketing & Public Relations
6547,Leitung Marketing & Online-Vertrieb,Marketing,de,Head of Marketing & Online Sales
6548,Leitung Marketing & PR,Marketing,de,Head of Marketing & PR
6549,Leitung Marketing & PR / Head of Marketing & PR,Marketing,de,Head of Marketing & PR / Head of Marketing & PR
6550,Leitung Marketing & Product Management,Marketing,de,Head of Marketing & Product Management
6551,Leitung Marketing & Produktmanagement,Marketing,de,Head of Marketing & Product Management
6552,Leitung Marketing & Public Relations,Marketing,de,Head of Marketing & Public Relations
6553,Leitung Marketing & Recruiting,Marketing,de,Head of Marketing & Recruiting
6554,Leitung Marketing & Sales,Marketing,de,Head of Marketing & Sales
6555,Leitung Marketing & Sales Support,Marketing,de,Head of Marketing & Sales Support
6556,Leitung Marketing & textiles Produktmanagement,Marketing,de,Head of Marketing & Textiles Product Management
6557,Leitung Marketing & Unternehmenskommunikation,Marketing,de,Head of Marketing & Corporate Communications
6558,Leitung Marketing & Unternehmenskommunikation DACH,Marketing,de,Head of Marketing & Corporate Communications DACH
6559,Leitung Marketing & Verkauf,Marketing,de,Head of Marketing & Sales
6560,Leitung Marketing & Vertrieb,Marketing,de,Head of Marketing & Sales
6561,Leitung Marketing & Vertriebscontrolling,Marketing,de,Head of Marketing & Sales Controlling
6562,Leitung Marketing (Messe Kontakt),Marketing,de,Head of Marketing (Trade Fair Contact)
6563,Leitung Marketing / Assistent der Geschäftsführung,Marketing,de,Head of Marketing / Assistant to the Executive Board
6564,Leitung Marketing / Head of Marketing,Marketing,de,Head of Marketing / Head of Marketing
6565,Leitung Marketing / Kommunikation,Marketing,de,Head of Marketing / Communication
6566,Leitung Marketing / NBD,Marketing,de,Head of Marketing / NBD
6567,Leitung Marketing / Öffentlichkeitsarbeit,Marketing,de,Head of Marketing / Public Relations
6568,Leitung Marketing / PR,Marketing,de,Head of Marketing / PR
6569,Leitung Marketing / Projektmanagement,Marketing,de,Head of Marketing / Project Management
6570,Leitung Marketing / Unternehmenskommunikation,Marketing,de,Head of Marketing / Corporate Communications
6571,Leitung Marketing / Vertrieb,Marketing,de,Head of Marketing / Sales
6572,Leitung Marketing | Kommunikation,Marketing,de,Head of Marketing and Communication
6573,Leitung Marketing + PR,Marketing,de,Head of Marketing + PR
6574,Leitung Marketing + Werbung,Marketing,de,Head of Marketing + Advertising
6575,Leitung Marketing B2B,Marketing,de,Head of Marketing B2B
6576,Leitung Marketing Food Service Schweiz,Marketing,de,Head of Marketing Food Service Switzerland
6577,Leitung Marketing Industrie & Techtex,Marketing,de,Head of Marketing Industry & Techtex
6578,Leitung Marketing International,Marketing,de,Head of Marketing International
6579,Leitung Marketing iSYS Software und Vertrieb de...,Marketing,de,Head of Marketing iSYS Software and Sales de...
6580,Leitung Marketing Kommunikation,Marketing,de,Head of Marketing Communication
6581,Leitung Marketing Konsumgüter,Marketing,de,Head of Marketing Consumer Goods
6582,Leitung Marketing M. d. GL.,Marketing,de,Head of Marketing M. d. GL.
6583,Leitung Marketing NORIT-Produkte,Marketing,de,Head of Marketing NORIT Products
6584,Leitung Marketing Raiffeisen Märkte,Marketing,de,Head of Marketing Raiffeisen Markets
6585,Leitung Marketing Service,Marketing,de,Head of Marketing Service
6586,Leitung Marketing Services,Marketing,de,Head of Marketing Services
6587,Leitung Marketing und  Produktentwicklung,Marketing,de,Head of Marketing and Product Development
6588,Leitung Marketing und Assistentin der Geschäftsleitung,Marketing,de,Head of Marketing and Assistant to the Executive Board
6589,Leitung Marketing und Assistenz des Geschäftsführers D-A-CH,Marketing,de,Head of Marketing and Assistance of the Managing Director D-A-CH
6590,Leitung Marketing und Dokumentation,Marketing,de,Head of Marketing and Documentation
6591,Leitung Marketing und E-Commerce,Marketing,de,Head of Marketing and E-Commerce
6592,Leitung Marketing und Events,Marketing,de,Head of Marketing and Events
6593,Leitung Marketing und Innovationen,Marketing,de,Head of Marketing and Innovation
6594,Leitung Marketing und IT,Marketing,de,Head of Marketing and IT
6595,Leitung Marketing und Key Account Management,Marketing,de,Head of Marketing and Key Account Management
6596,Leitung Marketing und Kommunikation,Marketing,de,Head of Marketing and Communication
6597,Leitung Marketing und Kundenservice,Marketing,de,Head of Marketing and Customer Service
6598,Leitung Marketing und PR,Marketing,de,Head of Marketing and PR
6599,Leitung Marketing und Print,Marketing,de,Head of Marketing and Print
6600,Leitung Marketing und Produktmanagement,Marketing,de,Head of Marketing and Product Management
6601,Leitung Marketing und Produkt-Management Türen/Zargen,Marketing,de,Head of Marketing and Product Management Doors/Zargen
6602,Leitung Marketing und Verkauf,Marketing,de,Head of Marketing and Sales
6603,Leitung Marketing und Vertrieb,Marketing,de,Head of Marketing and Sales
6604,Leitung Marketing und Vertrieb / Mitglied der Geschäftsleitung,Marketing,de,Head of Marketing and Sales / Member of the Executive Board
6605,Leitung Marketing und Vertrieb Europa,Marketing,de,Head of Marketing and Sales Europe
6606,Leitung Marketing und Vertrieb Westeuropa,Marketing,de,Head of Marketing and Sales Western Europe
6607,Leitung Marketing und Vertrieb-operatory products-,Marketing,de,Head of Marketing and Sales-operatory products-
6608,Leitung Marketing und Weiterbildung,Marketing,de,Head of Marketing and Continuing Education
6609,Leitung Marketing und Werbung,Marketing,de,Head of Marketing and Advertising
6610,Leitung Marketing/ Automotive,Marketing,de,Head of Marketing/ Automotive
6611,Leitung Marketing/Ausbildung,Marketing,de,Head of Marketing/Training
6612,Leitung Marketing/Head of Marketing,Marketing,de,Head of Marketing/Head of Marketing
6613,Leitung Marketing/Kommunikation,Marketing,de,Head of Marketing/Communication
6614,Leitung Marketing/PR,Marketing,de,Head of Marketing/PR
6615,Leitung Marketing/Produktmanagement,Marketing,de,Head of Marketing/Product Management
6616,Leitung Marketing/Sales,Marketing,de,Head of Marketing/Sales
6617,Leitung Marketing/Vertrieb,Marketing,de,Head of Marketing/Sales
6618,Leitung Marketingkommunikation,Marketing,de,Head of Marketing Communication
6619,Leitung Marketing-Kommunikation,Marketing,de,Head of Marketing Communication
6620,Leitung Online Marketing,Marketing,de,Head of Online Marketing
6621,Leitung Online Marketing & CRM,Marketing,de,Head of Online Marketing & CRM
6622,Leitung Online-Marketing und Metadaten,Marketing,de,Head of Online Marketing and Metadata
6623,Leitung Operatives Marketing,Marketing,de,Head of Operational Marketing
6624,Leitung Organisation und Marketing/ Prokura,Marketing,de,Head of Organization and Marketing/Prokura
6625,Leitung Performance Marketing,Marketing,de,Head of Performance Marketing
6626,Leitung Personal & Kommunikation,Marketing,de,Head of Personnel & Communication
6627,Leitung PR & Kommunikation,Marketing,de,Head of PR & Communication
6628,Leitung Produktmanagement & Marketing,Marketing,de,Head of Product Management & Marketing
6629,Leitung Produktmanagement und Marketing,Marketing,de,Head of Product Management and Marketing
6630,Leitung Produktmanagement und -Marketing,Marketing,de,Head of Product Management and Marketing
6631,Leitung Regionale Marketing Kommunikation Europa,Marketing,de,Head of Regional Marketing Communication Europe
6632,Leitung Sales & Marketing,Marketing,de,Head of Sales & Marketing
6633,Leitung Sales & Marketing  NAM,Marketing,de,Head of Sales & Marketing NAM
6634,Leitung Sales / Marketing,Marketing,de,Head of Sales / Marketing
6635,Leitung Sales Desk & Marketing Communication,Marketing,de,Head of Sales Desk & Marketing Communication
6636,Leitung strategisches Marketing,Marketing,de,Head of strategic marketing
6637,Leitung Technisches Marketing,Marketing,de,Head of Technical Marketing
6638,Leitung Unternehmens- und Marketingkommunikation,Marketing,de,Head of Corporate and Marketing Communications
6639,Leitung Unternehmenskommunikation (Messe Kontakt),Marketing,de,Head of Corporate Communications (Trade Fair Contact)
6640,Leitung Unternehmenskommunikation/ Marketing,Marketing,de,Head of Corporate Communications/ Marketing
6641,Leitung Verkauf und Marketing / Head of Sales and Marketing,Marketing,de,Head of Sales and Marketing / Head of Sales and Marketing
6642,Leitung Verkauf und Marketing Geschäftskunden,Marketing,de,Head of Sales and Marketing Business Customers
6643,Leitung Vertrieb & Marketing,Marketing,de,Head of Sales & Marketing
6644,Leitung Vertrieb & Marketing SiteFusion GmbH,Marketing,de,Head of Sales & Marketing SiteFusion GmbH
6645,Leitung Vertrieb international & Marketing,Marketing,de,Head of Sales International & Marketing
6646,Leitung Vertrieb un Marketing,Marketing,de,Head of Sales and Marketing
6647,Leitung Vertrieb und Marketing,Marketing,de,Head of Sales and Marketing
6648,Leitung Vertrieb und Marketing Invaris,Marketing,de,Head of Sales and Marketing Invaris
6649,Leitung Vertrieb/Marketing,Marketing,de,Head of Sales/Marketing
6650,Leitung Vertriebsorganisation + Marketing,Marketing,de,Head of Sales Organisation + Marketing
6651,Leitung Werbung & Kommunikation,Marketing,de,Head of Advertising & Communication
6652,Marketing & Kommunikation: Leitung,Marketing,de,Marketing & Communication: Management
6653,Marketing / Teamleitung Verkaufsförderung,Marketing,de,Marketing / Team Management Sales Promotion
6654,Marketing | Assistentin der Geschäftsleitung,Marketing,de,Marketing assistant to the management
6655,Marketing | Assistenz der Geschäftsleitung,Marketing,de,Marketing and assistance of the management
6656,Marketing | Assistenz der Geschäftsleitung | Pu...,Marketing,de,Marketing - Assistant to the Executive Board - Pu...
6657,Marketing Communications Teamleitung,Marketing,de,Marketing Communications Team Leader
6658,Marketing Kommunikation – Leitung Kreation,Marketing,de,Marketing Communication – Head of Creation
6659,Marketing Leiter,Marketing,de,Marketing Director
6660,Marketing Leiterin,Marketing,de,Marketing Director
6661,Marketing Leiterin & Vertrieb B2B,Marketing,de,Marketing Head & Sales B2B
6662,Marketing Leitung,Marketing,de,Marketing Management
6663,Marketing Leitung und Sales Managerin,Marketing,de,Marketing Manager and Sales Manager
6664,Marketing Manager Vertrieb/Leitung Kundenmanagement,Marketing,de,Marketing Manager Sales/Head of Customer Management
6665,Marketing Teamleitung,Marketing,de,Marketing Team Leader
6666,Marketing und Assistentin der Vertriebsleitung,Marketing,de,Marketing and Assistant to Sales Management
6667,Marketing und Assistentin Geschäftsleitung,Marketing,de,Marketing and Assistant Management
6668,Marketing und Sekretärin der Geschäftsleitung,Marketing,de,Marketing and Secretary of the Executive Board
6669,Marketing und Vertriebsleitung,Marketing,de,Marketing and Sales Management
6670,Marketing- und Vertriebsleitung,Marketing,de,Marketing and sales management
6671,Marketing/ Messeleitung,Marketing,de,Marketing/Exhibition Management
6672,Marketing-/Vertriebs-Leiter,Marketing,de,Marketing/Sales Manager
6673,Marketingbereichsleitung,Marketing,de,Marketing Department Management
6674,Marketing-Leiter,Marketing,ur,Marketing Director
6675,Marketing-Leiter Deutschland,Marketing,de,Marketing Director Germany
6676,Marketing-Leiterin,Marketing,it,Marketing Manager
6677,Marketingleitung,Marketing,de,Marketing management
6678,Marketing-Leitung,Marketing,de,Marketing management
6679,Marketingleitung EMEA,Marketing,de,Marketing Manager EMEA
6680,Marketingleitung HELLA GRUPPE,Marketing,de,Marketing Director HELLA GROUP
6681,Marketingleitung Mediaform Informationssysteme,Marketing,de,Marketing Manager Mediaform Information Systems
6682,Marketingleitung und Qualitätsmanagement-Beauftragte,Marketing,de,Marketing Management and Quality Management Officers
6683,Messeleitung,Marketing,de,Exhibition management
6684,Messeorganisation/Marketingleitung,Marketing,de,Trade fair organisation/marketing management
6685,Mitglied der Geschäftsleitung Business Development und Marketing,Marketing,de,Member of the Management Board Business Development and Marketing
6686,Mitglied der Geschäftsleitung Marketing & Vertrieb,Marketing,de,Member of the Marketing & Sales Executive Board
6687,Produktmanager / stv. Leitung Marketing,Marketing,de,Product Manager/Stv. Head of Marketing
6688,Projektleiter/ Leiter Marketing,Marketing,de,Project Manager/Head of Marketing
6689,Projektleiterin Digitales Marketing (stellvertretende Abteilungsleiterin),Marketing,de,Digital Marketing Project Manager (Deputy Head of Division)
6690,Projektleitung Marketing,Marketing,de,Project Manager Marketing
6691,Projektleitung Marketing & Unternehmenskommunikation,Marketing,de,Project Management Marketing & Corporate Communications
6692,Projektleitung Marketing Kommunikation & CRM De...,Marketing,de,Project Manager Marketing Communication & CRM De...
6693,Projektleitung Marketing und Kommunikation,Marketing,de,Project Management Marketing and Communication
6694,Projektleitung Messe,Marketing,de,Project Management Fair
6695,Projektleitung Vertrieb und Marketing,Marketing,de,Project Management Sales and Marketing
6696,Prokurist / Leiter Marketing,Marketing,de,Procurator / Head of Marketing
6697,Prokurist / Leiter Vertrieb und Marketing,Marketing,de,Procurator / Head of Sales and Marketing
6698,Prokurist / Leitung Messen und Ausstellungen,Marketing,de,Procurist / Head of Fairs and Exhibitions
6699,Prokurist Geschäftsleitung Verkauf und Marketing,Marketing,de,Procurist Management Sales and Marketing
6700,Prokurist/Bereichsleitung Vertrieb Privatkunden & Marketing,Marketing,de,Procurist/Head of Division Sales Private Customers & Marketing
6701,Stellv. Abteilungsleitung Marketing,Marketing,de,Deputy Head of Marketing
6702,stellv. Leiter Marketing,Marketing,de,Deputy Head of Marketing
6703,stellv. Leiter Marketing und Vertrieb,Marketing,de,Deputy Head of Marketing and Sales
6704,stellv. Leiter Vertrieb & Marketing,Marketing,de,Deputy Head of Sales & Marketing
6705,Stellv. Leiterin Marketing,Marketing,de,Deputy Head of Marketing
6706,stellv. Leitung Marketing & Vertrieb,Marketing,de,Deputy Head of Marketing & Sales
6707,stellv. Leitung Marketing & Werbung,Marketing,de,Deputy Head of Marketing & Advertising
6708,Stellv. Leitung Marketing-Kommunikation,Marketing,de,Deputy Head of Marketing Communication
6709,stellv. Marketingleitung / Deputy Head of Marketing,Marketing,de,Deputy Head of Marketing
6710,Stellvertretende Leiterin Marketing,Marketing,de,Deputy Head of Marketing
6711,Stellvertretende Marketingleitung,Marketing,de,Deputy Head of Marketing
6712,Stellvertretender Leiter Marketing,Marketing,de,Deputy Head of Marketing
6713,Stellvertretender Leiter Marketing & Vertrieb,Marketing,de,Deputy Head of Marketing & Sales
6714,Stv. Leitung Marketing,Marketing,de,Head of Marketing
6715,Team Lead Marketing Communications / Marketingleitung,Marketing,de,Team Lead Marketing Communications / Marketing Management
6716,Teamleitung B2B Marketing,Marketing,de,Team Leader B2B Marketing
6717,Teamleitung Kommunikation & Medien / Marketing,Marketing,de,Team Management Communication & Media / Marketing
6718,Teamleitung Live Communications,Marketing,de,Team Leader Live Communications
6719,Teamleitung Marketing,Marketing,de,Team Leader Marketing
6720,Teamleitung Marketing & Kommunikation,Marketing,de,Team Management Marketing & Communication
6721,Teamleitung Marketing Communications,Marketing,de,Team Leader Marketing Communications
6722,Teamleitung Marketing/ Events,Marketing,de,Team Leader Marketing/ Events
6723,Teamleitung Messen & Events,Marketing,de,Team Management Fairs & Events
6724,Teamleitung Online Marketing,Marketing,de,Team Leader Online Marketing
6725,Teamleitung Online-Marketing,Marketing,de,Team Leader Online Marketing
6726,Teamleitung Produktmanagement & Marketing,Marketing,de,Team Management Product Management & Marketing
6727,technische Leiter (Messe Kontakt),Marketing,de,technical director (trade fair contact)
6728,T-Leitung Unternehmenskommunikation und Marketing,Marketing,de,T-Head of Corporate Communications and Marketing
6729,Unternehmenskommunikation /  Leitung Informationsservice & Messebau,Marketing,de,Corporate Communications / Head of Information Service & Messebau
6730,Verkaufsleitung (Messe Kontakt),Marketing,de,Sales management (trade fair contact)
6731,Vertrieb & Marketing MES / Projektleitung,Marketing,de,Sales & Marketing MES / Project Management
6732,Vertrieb Innen- und Außendienst / Leitung Marketing & Veranstaltungen,Marketing,de,Sales Internal and Field Service / Head of Marketing & Events
6733,Vertrieb National-International / Marketing / EDV / Teamleitung,Marketing,de,Sales National International / Marketing / EDP / Team Management
6734,Vertriebs- und Marketingleitung (Messe Kontakt),Marketing,de,Sales and Marketing Management (Trade Fair Contact)
6735,Vetriebsleitung & Marketing,Marketing,de,Head of Sales & Marketing
6736,Leiter Operations,Other,de,Head of Operations
6737,Einkaufsleitung,Purchasing,de,Purchasing management
6738,Leiter Einkauf,Purchasing,de,Head of Purchasing
6739,Leiter Einkauf Handelswaren,Purchasing,de,Head of Purchasing Merchant Goods
6740,Leiter Einkauf und Logistik,Purchasing,de,Head of Purchasing and Logistics
6741,Leiter Einkauf und Materialwirtschaft,Purchasing,de,Head of Purchasing and Materials Management
6742,Leiter Einkauf/ Materialwirtschaft (Prokurist),Purchasing,de,Head of Purchasing/Material Management (Procurer)
6743,Leiter IT / Einkauf,Purchasing,de,Head of IT / Purchasing
6744,Leitung Einkauf,Purchasing,de,Head of Purchasing
6745,Leitung Facility Management / Leitung Einkauf,Purchasing,de,Head of Facility Management / Head of Purchasing
6746,Purchasing Manager / Leitung Zentraleinkauf,Purchasing,de,Purchasing Manager / Head of Central Purchasing
6747,Abteilungsleiter Programm Management (Vertrieb/...,Sales,de,Head of Department Programme Management (distribution/...
6748,Abteilungsleiter Sales,Sales,de,Head of Sales
6749,Abteilungsleiter Sales Information & Processes,Sales,de,Head of Sales Information & Processes
6750,Abteilungsleiter Sales Information Management,Sales,de,Head of Sales Information Management
6751,Abteilungsleiter Sales/Vertrieb/Customer Manage...,Sales,de,Head of Sales/Sales/Customer Manage...
6752,Abteilungsleiter Vertrieb,Sales,de,Head of Sales
6753,Abteilungsleiter Vertrieb Deutschland,Sales,de,Head of Sales Germany
6754,Abteilungsleiter Vertrieb Koordination,Sales,de,Head of Sales Coordination
6755,Abteilungsleiter Vertrieb Portfolioservices,Sales,de,Head of Sales Portfolio Services
6756,Abteilungsleiter Vertrieb und Personal,Sales,de,Head of Sales and Personnel
6757,Abteilungsleiter Vertriebsinnendienst,Sales,de,Head of Division Internal Sales Service
6758,Abteilungsleiter Zentrale Vertriebsentwicklung ...,Sales,de,Head of Division Central Sales Development ...
6759,Abteilungsleiterin Vertrieb,Sales,de,Head of Sales
6760,Abteilungsleiterin Vertrieb Europa,Sales,de,Head of Sales Europe
6761,Abteilungsleitung Vertrieb,Sales,de,Head of Sales
6762,Abteilungsleitung Vertrieb Inland,Sales,de,Head of Sales Domestic
6763,Abteilungsleitung Vertrieb und Geschäftsentwicklung,Sales,de,Head of Sales and Business Development
6764,Abteilungsleitung Vertrieb/Kundenservice Inland,Sales,de,Head of Sales/Customer Service Domestic
6765,Abteilungsleitung Vertriebsinnendienst und Proj...,Sales,de,Head of Division Internal Sales Service and Proj...
6766,Assistent der Vertriebsleitung,Sales,de,Sales Manager Assistant
6767,Assistent Vertriebsleitung Service-Team,Sales,de,Assistant Sales Manager Service Team
6768,Assistentin - Leiter Vertrieb Süd,Sales,de,Assistant - Head of Sales South
6769,Assistentin der Geschäftsleitung / Vertrieb,Sales,de,Assistant to the management / sales
6770,Assistentin der Vertriebs- und Geschäftsleitung,Sales,de,Assistant to the Sales and Management Board
6771,Assistentin der Vertriebsleitung,Sales,de,Sales Manager Assistant
6772,Assistentin der Vertriebsleitung / Projektkoord...,Sales,de,Assistant of the Sales Management / Project Coord...
6773,Assistentin der Vertriebsleitung International,Sales,de,Assistant to Sales Manager International
6774,Assistentin Leiter Vertrieb,Sales,de,Assistant Head of Sales
6775,Assistentin Vertriebsleitung,Sales,de,Assistant Sales Manager
6776,Assistenz - Leitung Vertrieb und Entwicklung,Sales,de,Assistance - Head of Sales and Development
6777,Assistenz Bereichsleitung Vertrieb,Sales,de,Assistance Head of Division Sales
6778,Assistenz der Vertriebs- / Geschäftsleitung,Sales,de,Assistance of the sales / management
6779,Assistenz der Vertriebsleitung,Sales,de,Assistance of the sales management
6780,Assistenz Vertriebsinnendienstleitung / Key Account Branchenbetreuer,Sales,de,Assistance Internal Sales Manager / Key Account Industry Manager
6781,Assistenz Vertriebsleitung,Sales,de,Assistance Sales Manager
6782,Bereichsleitung / Vertrieb,Sales,de,Divisional management / distribution
6783,Bereichsleitung Innovation / Vertrieb,Sales,de,Head of Innovation/Distribution
6784,Bereichsleitung Prozessoptimierung | Beratung und Vertrieb,Sales,de,Divisional Management Process Optimization 的 Consulting and Sales
6785,Bereichsleitung Vertrieb,Sales,de,Divisional Management Sales
6786,Bereichsleitung Vertriebsförderung,Sales,de,Head of Sales Promotion
6787,Business Support at SAP | Salesforce CRM | Leiter Verkaufsinnendienst,Sales,de,Business Support at SAP - Salesforce CRM - Head of Internal Sales Service
6788,Consultant / Leitung Vertrieb,Sales,de,Consultant / Head of Sales
6789,Customer Care (Leiter Vertrieb),Sales,de,Customer Care (Head of Sales)
6790,Gebietsleitung Vertrieb Außendienst,Sales,de,Area management Distribution Field service
6791,Gebietsverkaufsleitung + Projektleiter Einführung Salesforce für Rope & Lifting,Sales,de,Area Sales Manager + Project Manager Introduction Salesforce for Rope & Lifting
6792,Gesamtleitung Sales / marketing,Sales,de,Global management Sales / marketing
6793,Gesamtleitung Vertrieb,Sales,de,Total management Distribution
6794,Geschäftsentwicklung - Leiter Vertrieb und Mark...,Sales,de,Business Development - Head of Sales and Mark...
6795,Geschäftsleitung - Vertrieb,Sales,de,Management - Sales
6796,Geschäftsleitung Sales & Acquisition,Sales,de,Management Sales & Acquisition
6797,Geschäftsleitung Vertrieb,Sales,de,Management Sales
6798,Geschäftsleitung Vertrieb & Geschäftsentwicklung / Prokurist,Sales,de,Management Sales & Business Development / Procurist
6799,Geschäftsleitung Vertrieb (ppa.),Sales,de,Management Sales (ppa.)
6800,Geschäftsleitung Vertrieb (Prokurist),Sales,de,Management Sales (Procurer)
6801,Geschäftsleitung Vertrieb / Prokurist,Sales,de,Management Sales / Procurator
6802,Geschäftsleitung Vertrieb | Head of Sales,Sales,de,Head of Sales
6803,Geschäftsleitung Vertrieb Deutschland,Sales,de,Management Sales Germany
6804,Geschäftstellenleitung München / Vertrieb Unter...,Sales,de,Office Management Munich / Sales Subs...
6805,Head of Customer Sales Service / Leiter Vertriebsinnendienst,Sales,de,Head of Customer Sales Service / Head of Internal Sales Service
6806,Head of Field Sales Consumer Beauty (Leitung Außendienst),Sales,de,Head of Field Sales Consumer Beauty
6807,Head of Sales / Leitung Vertrieb,Sales,de,Head of Sales / Head of Sales
6808,Head of Sales / Mitglied der Geschäftsleitung,Sales,de,Head of Sales / Member of the Executive Board
6809,Head of Sales BMW / MINI - Leiter Vertrieb Neue...,Sales,de,Head of Sales BMW / MINI - Head of Sales New...
6810,Head of Sales Germany / Leiter Vertrieb Deutsch...,Sales,de,Head of Sales Germany / Head of Sales German...
6811,Head of Sales Global / Vertriebsleitung,Sales,de,Head of Sales Global / Sales Manager
6812,Head of Sales/ Vertriebsleitung,Sales,de,Head of Sales/ Sales Management
6813,Head of Sales/Leiter Vertrieb,Sales,de,Head of Sales/Head of Sales
6814,Innendienst / Assistentin Geschäftsleitung & Vertrieb,Sales,de,Internal Service / Assistant Management & Sales
6815,Innendienstleitung Vertrieb,Sales,de,Internal Service Sales
6816,Innendienstleitung Vertrieb + Projektmanagement,Sales,de,Internal Service Management Sales + Project Management
6817,Key Account Manager (Komm. Leitung Sales),Sales,de,Key Account Manager (Head of Sales)
6818,Kfm. Leiter Vertrieb,Sales,de,Kfm. Head of Sales
6819,Leiter After Sales,Sales,en,Leiter After Sales
6820,Leiter B2B-Sales,Sales,de,Head of B2B sales
6821,Leiter Bereich Vertrieb,Sales,de,Head of Distribution
6822,Leiter Bereich Vertrieb / Vertriebssteuerung un...,Sales,de,Head of Sales / Sales Management and...
6823,Leiter Business & Sales Development,Sales,de,Head of Business & Sales Development
6824,Leiter Business Development & Vertrieb,Sales,de,Head of Business Development & Sales
6825,Leiter Business Development & Vertrieb / CBDO,Sales,de,Head of Business Development & Sales / CBDO
6826,Leiter Business Development / Vertriebsleiter S...,Sales,de,Head of Business Development / Sales Manager S...
6827,Leiter Business Process Development (Sales),Sales,en,Leiter Business Process Development (Sales)
6828,Leiter Datenmanagement / Vertriebsinnendienst,Sales,de,Head of Data Management / Internal Sales Service
6829,Leiter der Vertriebsgesellschaft,Sales,de,Head of the distribution company
6830,Leiter Digital Sales,Sales,de,Head of Digital Sales
6831,Leiter direkter Vertrieb,Sales,de,Head of direct sales
6832,Leiter Engineering / Leiter Vertrieb - Center 2,Sales,de,Head of Engineering / Head of Sales - Center 2
6833,Leiter Export Vertriebspartner,Sales,de,Head of Export Distribution Partner
6834,Leiter Firmenkunden / Head of Sales,Sales,de,Head of Corporate Clients / Head of Sales
6835,Leiter Geschäftsentwicklung und Vertrieb,Sales,de,Head of Business Development and Sales
6836,"Leiter Geschäftsfeld ""Vertriebssysteme und Archive""",Sales,de,"Head of Business Unit ""Sales Systems and Archives"""
6837,Leiter Global Sales Excellence,Sales,de,Head of Global Sales Excellence
6838,Leiter Global Sales Processes,Sales,de,Head of Global Sales Processes
6839,Leiter Innendienst Vertrieb D,Sales,de,Head of Internal Sales D
6840,Leiter Inside Sales,Sales,pt,Leiter Inside Sales
6841,Leiter Inside Sales / Vertriebsinnendienst,Sales,de,Head of Inside Sales / Internal Sales Service
6842,Leiter Internal Sales,Sales,de,Head of Internal Sales
6843,Leiter International Sales,Sales,de,Head of International Sales
6844,Leiter International Sales / Leiter Produktmanagement,Sales,de,Head of International Sales / Head of Product Management
6845,Leiter IT Koordination - Vertriebssteuerungssysteme und CRM,Sales,de,Head of IT Coordination - Sales Control Systems and CRM
6846,Leiter IT Vertrieb,Sales,de,Head of IT Sales
6847,Leiter IT-Infrastructure Sales Teams,Sales,nl,Leiter IT-Infrastructure Sales Teams
6848,Leiter Kommunikation und Vertrieb,Sales,de,Head of Communications and Sales
6849,Leiter Kundenservice und Vertrieb,Sales,de,Head of Customer Service and Sales
6850,Leiter Logistik / Assistenz Einkauf/Vertrieb,Sales,de,Head of Logistics / Assistance Purchasing / Sales
6851,Leiter Maklervertrieb Leben - Geschäftsführer Zürich Vertriebs GmbH,Sales,de,Head of Realtor Sales Life - Managing Director Zürich Vertriebs GmbH
6852,Leiter Media | Vertrieb | Verlagsmarketing,Sales,de,"Head of Media, Sales, Publishing Marketing"
6853,Leiter Neukundenakquise und Online-Vertrieb,Sales,de,Head of New Customer Acquisition and Online Sales
6854,Leiter Partnermanagement & Sales,Sales,de,Head of Partner Management & Sales
6855,Leiter Planung und Vertrieb,Sales,de,Head of Planning and Sales
6856,Leiter PreSales & Business Development,Sales,de,Head of PreSales & Business Development
6857,Leiter Projekt- und Prozessmanagement | Vertrieb Deutschland,Sales,de,"Head of Project and Process Management, Sales Germany"
6858,Leiter Projektierung / Vertrieb,Sales,de,Head of Project Management / Sales
6859,Leiter Prozessmanagement Vertrieb,Sales,de,Head of Process Management Sales
6860,Leiter Qualifikations- und Vertriebsentwicklung,Sales,de,Head of Skills and Sales Development
6861,Leiter Regional-Vertrieb,Sales,de,Head of Regional Sales
6862,Leiter Sales,Sales,de,Head of Sales
6863,Leiter Sales & Distribution B2B,Sales,ur,Leiter Sales & Distribution B2B
6864,Leiter Sales & Presales IT-Outsourcing / Mitgli...,Sales,de,Head of Sales & Presales IT Outsourcing / Mitgli...
6865,Leiter Sales Administration EMEA,Sales,pt,Leiter Sales Administration EMEA
6866,Leiter Sales Back Office Service,Sales,de,Head of Sales Back Office Service
6867,Leiter Sales Center & Projektmanagement,Sales,de,Head of Sales Center & Project Management
6868,Leiter Sales Controlling,Sales,de,Head of Sales Controlling
6869,Leiter Sales Data Base,Sales,de,Head of Sales Data Base
6870,Leiter Sales Development,Sales,de,Head of Sales Development
6871,Leiter Sales Development Zentraleuropa,Sales,de,Head of Sales Development Central Europe
6872,Leiter Sales Execution & Coordination,Sales,en,Leiter Sales Execution & Coordination
6873,Leiter Sales national,Sales,de,Head of Sales National
6874,Leiter Sales Operations,Sales,en,Leiter Sales Operations
6875,Leiter Sales Support,Sales,de,Head of Sales Support
6876,Leiter Sales und Operations,Sales,de,Head of Sales and Operations
6877,Leiter SAP & Sales Controlling,Sales,de,Head of SAP & Sales Controlling
6878,Leiter SAP Sales Services und SAP Basis,Sales,de,Head of SAP Sales Services and SAP Basis
6879,Leiter Service & Sales,Sales,de,Head of Service & Sales
6880,Leiter Service Vertrieb,Sales,de,Head of Service Sales
6881,Leiter Service Vertrieb (D/A,Sales,de,Head of Service Sales (D/A)
6882,Leiter Solution Sales,Sales,de,Head of Solution Sales
6883,Leiter Stammdaten und Vertriebsservices,Sales,de,Head of Master Data and Sales Services
6884,Leiter Steuerung und Koordination im Ressort Geschäftsführung Vertrieb,Sales,de,Head of Management and Coordination in the Department of Management Sales
6885,Leiter Strategische Projekte / Vertriebsgruppenleiter,Sales,de,Head of Strategic Projects / Head of Sales Group
6886,Leiter strategischer Vertrieb,Sales,de,Head of Strategic Distribution
6887,Leiter System Vertrieb,Sales,de,Head of System Distribution
6888,Leiter Technik und Vertrieb,Sales,de,Head of Technology and Sales
6889,Leiter Technischer Vertrieb,Sales,de,Head of Technical Sales
6890,Leiter Technischer Vertrieb / Projektmanager,Sales,de,Head of Technical Sales / Project Manager
6891,Leiter Unternehmensentwicklung und Vertrieb,Sales,de,Head of Business Development and Sales
6892,Leiter Unternehmenskommunikation und Vertrieb / Prokurist,Sales,de,Head of Corporate Communications and Sales / Procurator
6893,Leiter Vertrieb,Sales,de,Head of Sales
6894,Leiter Vertrieb - Business Services & Consulting,Sales,de,Head of Sales - Business Services & Consulting
6895,Leiter Vertrieb  Network / IT Security,Sales,de,Head of Sales Network / IT Security
6896,Leiter Vertrieb - Region Nord,Sales,de,Head of Sales - North Region
6897,Leiter Vertrieb & Business Development,Sales,de,Head of Sales & Business Development
6898,Leiter Vertrieb & Edelmetall-Services,Sales,de,Head of Sales & Precious Metal Services
6899,Leiter Vertrieb & Entwicklung,Sales,de,Head of Sales & Development
6900,Leiter Vertrieb & Key Account (Messe Konatkt),Sales,de,Head of Sales & Key Account (Messe Konatkt)
6901,Leiter Vertrieb & Kundenbetreuung,Sales,de,Head of Sales & Customer Support
6902,Leiter Vertrieb & Kundenservice,Sales,de,Head of Sales & Customer Service
6903,Leiter Vertrieb & Partnermanagement,Sales,de,Head of Sales & Partner Management
6904,Leiter Vertrieb & Projektentwicklung,Sales,de,Head of Sales & Project Development
6905,Leiter Vertrieb & Qualität After Sales,Sales,de,Head of Sales & Quality After Sales
6906,Leiter Vertrieb & Service,Sales,de,Head of Sales & Service
6907,Leiter Vertrieb (Deutschland),Sales,de,Head of Sales (Germany)
6908,Leiter Vertrieb (Messe Kontakt),Sales,de,Head of Sales (Trade Fair Contact)
6909,Leiter Vertrieb (Prokurist),Sales,de,Head of Sales (Procurer)
6910,Leiter Vertrieb /  Team Leader,Sales,de,Head of Sales / Team Leader
6911,Leiter Vertrieb / Business Development,Sales,de,Head of Sales / Business Development
6912,Leiter Vertrieb / Controlling,Sales,de,Head of Sales / Controlling
6913,Leiter Vertrieb / Geschäftsführer,Sales,de,Head of Sales / Managing Director
6914,Leiter Vertrieb / Head of Business Development,Sales,de,Head of Sales / Head of Business Development
6915,Leiter Vertrieb / Head of Sales,Sales,de,Head of Sales / Head of Sales
6916,Leiter Vertrieb / Head of Sales - Refractory Systems,Sales,de,Head of Sales / Head of Sales - Refractory Systems
6917,Leiter Vertrieb / Head of Sales - Schwertransport / Division Heavy Haulage,Sales,de,Head of Sales / Head of Sales - Heavy Transport / Heavy Haulage Division
6918,Leiter Vertrieb / Kundenbetreuung,Sales,de,Head of Sales / Customer Support
6919,Leiter Vertrieb / Leiter Geschäftsentwicklung -...,Sales,de,Head of Sales / Head of Business Development -...
6920,Leiter Vertrieb / Produktmanagement Datenschutz/IT-Sicherheit,Sales,de,Head of Sales / Product Management Data Protection / IT Security
6921,Leiter Vertrieb / Prokurist,Sales,de,Head of Sales / Procurator
6922,Leiter Vertrieb / Vertrieb,Sales,de,Head of Sales / Sales
6923,Leiter Vertrieb Asien,Sales,de,Head of Sales Asia
6924,Leiter Vertrieb Außendienst,Sales,de,Head of Sales Field Service
6925,Leiter Vertrieb- Außendienst / Head of Sales,Sales,de,Head of Sales- Field Service / Head of Sales
6926,Leiter Vertrieb Automation,Sales,de,Head of Sales Automation
6927,Leiter Vertrieb B2C,Sales,de,Head of Sales B2C
6928,Leiter Vertrieb Bestandskunden,Sales,de,Head of Sales of existing customers
6929,Leiter Vertrieb Bitumen / Head of Sales Bitumen,Sales,de,Head of Sales Bitumen / Head of Sales Bitumen
6930,Leiter Vertrieb Büro-Software,Sales,de,Head of Sales Office Software
6931,Leiter Vertrieb Business Development,Sales,de,Head of Sales Business Development
6932,Leiter Vertrieb Businesskunden B2B,Sales,de,Head of Sales Business Customers B2B
6933,Leiter Vertrieb Customer Solutions,Sales,de,Head of Sales Customer Solutions
6934,Leiter Vertrieb D-A-CH,Sales,de,Head of Sales D-A-CH
6935,Leiter Vertrieb Deutschland,Sales,de,Head of Sales Germany
6936,Leiter Vertrieb Deutschland / Head Sales Germany,Sales,de,Head of Sales Germany / Head of Sales Germany
6937,Leiter Vertrieb Deutschland Süd (Bayern und Bad...,Sales,de,Head of Sales Germany South (Bayern and Bad...
6938,Leiter Vertrieb Deutschland/Österreich,Sales,de,Head of Sales Germany/Austria
6939,Leiter Vertrieb Digitalisierung,Sales,de,Head of Sales Digitalization
6940,Leiter Vertrieb Elektro-Installationssysteme D/...,Sales,de,Head of Sales Electrical Installation Systems D/...
6941,Leiter Vertrieb EMS / Mitglied der Geschäftslei...,Sales,de,Head of Sales EMS / Member of the...
6942,Leiter Vertrieb Ernst-Gruppe,Sales,de,Head of Sales Ernst Group
6943,Leiter Vertrieb Europa,Sales,de,Head of Sales Europe
6944,Leiter Vertrieb Europa & Russland,Sales,de,Head of Sales Europe & Russia
6945,Leiter Vertrieb Firmenkunden,Sales,de,Head of Distribution Corporate Clients
6946,Leiter Vertrieb Geschäftsfeld SSC  / Prokurist,Sales,de,Head of Sales Business Area SSC / Procurator
6947,Leiter Vertrieb Geschäftskunden,Sales,de,Head of Sales Business Customers
6948,Leiter Vertrieb Hallenklima-Systeme,Sales,de,Head of Sales Indoor Climate Systems
6949,Leiter Vertrieb Handel Deutschland / Prokurist,Sales,de,Head of Sales Trade Germany / Procurator
6950,Leiter Vertrieb Handel und Fläche,Sales,de,Head of Distribution Trade and Area
6951,Leiter Vertrieb Inland Medien,Sales,de,Head of Domestic Sales Media
6952,Leiter Vertrieb Innendienst,Sales,de,Head of Internal Sales
6953,Leiter Vertrieb Innendienst / Leiter Leadmanage...,Sales,de,Head of Sales Internal Service / Head of Leadmanage...
6954,Leiter Vertrieb Innendienst Sparte Solar,Sales,de,Head of Sales Internal Services Division Solar
6955,Leiter Vertrieb International,Sales,de,Head of Sales International
6956,Leiter Vertrieb International / Head of International Sales,Sales,de,Head of Sales International / Head of International Sales
6957,Leiter Vertrieb International / Head of Sales international,Sales,de,Head of Sales International / Head of Sales International
6958,Leiter Vertrieb Ionenaustauscher,Sales,de,Head of Sales of Ion Exchangers
6959,Leiter Vertrieb Maschinenautomation / Prokurist,Sales,de,Head of Sales Machine Automation / Procurator
6960,Leiter Vertrieb Messtechnik/Sensorik,Sales,de,Head of Sales Metrology/Sensoring
6961,Leiter Vertrieb Mikrooptik,Sales,de,Head of Sales Microoptics
6962,Leiter Vertrieb Mobilkommunikation,Sales,de,Head of Sales Mobile Communications
6963,Leiter Vertrieb Neubau und Technik I Prokurist,Sales,de,Head of Sales New Building and Technology I Procurist
6964,Leiter Vertrieb Neukunden,Sales,de,Head of Sales New Customers
6965,Leiter Vertrieb Nord/Ost,Sales,de,Head of Sales North/East
6966,Leiter Vertrieb Organisation,Sales,de,Head of Sales Organisation
6967,Leiter Vertrieb Powered Applications,Sales,de,Head of Sales Powered Applications
6968,Leiter Vertrieb Powertrain Technology Group,Sales,de,Head of Sales Powertrain Technology Group
6969,Leiter Vertrieb Privat- und Gewerbekunden,Sales,de,Head of Sales Private and Commercial Customers
6970,Leiter Vertrieb Private Enterprise,Sales,de,Head of Sales Private Enterprise
6971,Leiter Vertrieb Region D/A/CH +,Sales,de,Head of Sales Region D/A/CH +
6972,Leiter Vertrieb Region Ost,Sales,de,Head of Sales Region East
6973,Leiter Vertrieb SAP & Projekt Services,Sales,de,Head of Sales SAP & Project Services
6974,Leiter Vertrieb Seil & Fördertechnik,Sales,de,Head of Sales Seil & Fördertechnik
6975,Leiter Vertrieb Servicedienstleistungen,Sales,de,Head of Sales Service Services
6976,Leiter Vertrieb Services,Sales,de,Head of Sales Services
6977,Leiter Vertrieb Storage,Sales,de,Head of Sales Storage
6978,Leiter Vertrieb Systems,Sales,de,Head of Sales Systems
6979,Leiter Vertrieb Telehandler,Sales,de,Head of Sales Telehandler
6980,Leiter Vertrieb Telekommunikation,Sales,de,Head of Sales Telecommunications
6981,Leiter Vertrieb TubeInspect,Sales,de,Head of Sales TubeInspect
6982,Leiter Vertrieb und Geschäftsentwicklung,Sales,de,Head of Sales and Business Development
6983,Leiter Vertrieb und Kundenservice  / Mitglied d...,Sales,de,Head of Sales and Customer Service / Member of the...
6984,Leiter Vertrieb und Logistik,Sales,de,Head of Sales and Logistics
6985,Leiter Vertrieb und Marktentwicklung Additive M...,Sales,de,Head of Sales and Market Development Additive M...
6986,Leiter Vertrieb und New Business Development,Sales,de,Head of Sales and New Business Development
6987,Leiter Vertrieb und Planung,Sales,de,Head of Sales and Planning
6988,Leiter Vertrieb und Produktmanagement FüWES,Sales,de,Head of Sales and Product Management FÜWES
6989,Leiter Vertrieb und Projektmanagement,Sales,de,Head of Sales and Project Management
6990,Leiter Vertrieb und Technologie,Sales,de,Head of Sales and Technology
6991,Leiter Vertrieb und Unternehmenskommunikation,Sales,de,Head of Sales and Corporate Communications
6992,Leiter Vertrieb und Vermarktung Wärmelösungen,Sales,de,Head of Sales and Marketing Heat Solutions
6993,Leiter Vertrieb Unternehmenslösungen,Sales,de,Head of Sales Business Solutions
6994,Leiter Vertrieb Vollsortiment,Sales,de,Head of Sales Full Range
6995,Leiter Vertrieb Wholesale,Sales,de,Head of Sales Wholesale
6996,Leiter Vertrieb Zentraleuropa,Sales,de,Head of Distribution Central Europe
6997,Leiter Vertrieb Zentraleuropa (DACH),Sales,de,Head of Distribution Central Europe (DACH)
6998,Leiter Vertrieb/Expansion Jochen Schweizer Shops,Sales,de,Head of Sales/Expansion Jochen Swiss Shops
6999,Leiter Vertrieb/Head of Sales,Sales,de,Head of Sales/Head of Sales
7000,Leiter Vertrieb/Prokurist/Mitglied der Geschäftsleitung,Sales,de,Head of Sales/Procurator/Member of the Executive Board
7001,Leiter Vertrieb/Standortentwicklung/Öffentlichk...,Sales,de,Head of Sales/Location Development/Public...
7002,Leiter Vertriebs- und Servicekoordination,Sales,de,Head of Sales and Service Coordination
7003,Leiter Vertriebsaußendienst,Sales,de,Head of External Sales Service
7004,Leiter Vertriebs-Entwicklung & -Controlling,Sales,de,Head of Sales Development & Controlling
7005,Leiter Vertriebsförderung,Sales,de,Head of Sales Promotion
7006,Leiter Vertriebsinnendienst,Sales,de,Head of Internal Sales Service
7007,Leiter Vertriebsinnendienst & Logistik,Sales,de,Head of Internal Sales & Logistics
7008,Leiter Vertriebsinnendienst / Head of Inside Sales,Sales,de,Head of Internal Sales / Head of Inside Sales
7009,Leiter Vertriebsinnendienst / Head of Sales in-house,Sales,de,Head of Internal Sales Service / Head of Sales in-house
7010,Leiter Vertriebsinnendienst Deutschland,Sales,de,Head of Internal Sales Service Germany
7011,Leiter Vertriebsinnendienst/ Head of Sales,Sales,de,Head of Internal Sales/Head of Sales
7012,Leiter Vertriebsinnendienst/Auftragsmanagement,Sales,de,Head of Internal Sales and Contract Management
7013,Leiter Vertriebskanäle und Sonderthemen,Sales,de,Head of Sales Channels and Special Topics
7014,Leiter Vertriebskooperationen,Sales,de,Head of Sales Cooperation
7015,Leiter Vertriebskoordination Handel,Sales,de,Head of Sales Coordination Trade
7016,Leiter Vertriebsmanagement,Sales,de,Head of Sales Management
7017,Leiter Vertriebsmanagement und Vertriebsmarketing,Sales,de,Head of Sales Management and Sales Marketing
7018,Leiter Vertriebsmarketing,Sales,de,Head of Sales Marketing
7019,Leiter Vertriebsmarketing / Kooperationen / Mar...,Sales,de,Head of Sales Marketing / Cooperations / Mar...
7020,Leiter Vertriebsmarketing und Unternehmenskommunikation,Sales,de,Head of Sales Marketing and Corporate Communications
7021,Leiter Vertriebsnetz Deutschland,Sales,de,Head of Sales Network Germany
7022,Leiter Vertriebsorganisation,Sales,de,Head of Sales Organisation
7023,Leiter Vertriebsorganisation / Verkaufsstellenverwaltung,Sales,de,Head of Sales Organisation / Sales Office Management
7024,Leiter Vertriebsprozesse,Sales,de,Head of Sales Processes
7025,Leiter Vertriebsprozesse und Vertriebssteuerung,Sales,de,Head of Sales Processes and Sales Management
7026,Leiter Vertriebssteuerung,Sales,de,Head of Sales Management
7027,Leiter Vertriebssteuerung / Head of Sales Operations,Sales,de,Head of Sales Management / Head of Sales Operations
7028,Leiter Vertriebssteuerung Gesamtmarkt Deutschland,Sales,de,Head of Sales Management General Market Germany
7029,Leiter Vertriebssupport,Sales,de,Head of Sales Support
7030,Leiter Vertriebsunterstützung (Handlungsbevollm...,Sales,de,Head of Sales Support (executive...
7031,Leiter Vertrieb-und Produktmanagment,Sales,de,Head of Sales and Product Management
7032,Leiterin Geschäftsentwicklung Vertrieb,Sales,de,Head of Business Development Sales
7033,Leiterin Inside Sales,Sales,de,Head of Inside Sales
7034,Leiterin Kommunikation und Vertriebsunterstützung,Sales,de,Head of Communications and Sales Support
7035,Leiterin PreSales Beratung und Kundenservice,Sales,de,Head of PreSales Consulting and Customer Service
7036,Leiterin Sales und Accountmanagement,Sales,de,Head of Sales and Account Management
7037,Leiterin Strategische Vertriebssteuerung und Vertriebsinnendienst,Sales,de,Head of Strategic Sales Management and Internal Sales Service
7038,Leiterin Vertrieb,Sales,de,Head of Sales
7039,Leiterin Vertrieb & Projektmanagement SHI,Sales,de,Head of Sales & Project Management SHI
7040,Leiterin Vertrieb D/A/CH,Sales,de,Head of Sales D/A/CH
7041,Leiterin Vertrieb ID und PM Assistentin,Sales,de,Head of Sales ID and PM Assistant
7042,Leiterin Vertrieb Innendienst,Sales,de,Head of Internal Sales
7043,Leiterin Vertrieb und Account Mgmt,Sales,de,Head of Sales and Account Mgmt
7044,Leiterin Vertrieb und Projektierung,Sales,de,Head of Sales and Project Management
7045,Leiterin Vertriebsaktivitäten & CRM,Sales,de,Head of Sales & CRM
7046,Leiterin Vertriebscontrolling & CRM Deutschland,Sales,de,Head of Sales Controlling & CRM Germany
7047,Leiterin Vertriebsinnendienst,Sales,de,Head of Internal Sales Service
7048,Leiterin Vertriebsinnendienst Export,Sales,de,Head of Internal Sales Service Export
7049,Leiterin Vertriebsinnendienst SIEGENIA GRUPPE,Sales,de,Head of Internal Sales Service SIEGENIA GROUP
7050,Leiterin Vertriebssteuerung,Sales,de,Head of Sales Management
7051,Leiterin Vertriebsteam,Sales,de,Head of Sales Team
7052,Leiterin Vertriebsverwaltung,Sales,de,Head of Sales Administration
7053,Leiterin Vorstandsbuero Vertrieb,Sales,de,Head of Board of Directorsbuero Sales
7054,Leiterin Yello Vertrieb & Marke,Sales,de,Head of Yello Sales & Brand
7055,Leitung / Vertrieb,Sales,de,Management / Distribution
7056,Leitung /Vertrieb,Sales,de,Management/distribution
7057,Leitung | Sales Manufacturing,Sales,de,Head of Sales Manufacturing
7058,Leitung Abteilung Kundenservice & Vertrieb | Pr...,Sales,de,Head of Customer Service & Sales Department ...
7059,Leitung Competence Center & Vertrieb,Sales,de,Head of Competence Center & Sales
7060,Leitung Consulting & Sales Manager,Sales,de,Head of Consulting & Sales Manager
7061,Leitung Data Quality Vertrieb (Messe Kontakt),Sales,de,Head of Data Quality Sales (Trade Fair Contact)
7062,Leitung Export Innendienst/ Head of Internal Sales Export,Sales,de,Head of Export Internal Sales/Head of Internal Sales Export
7063,Leitung Industrieller Vertrieb & Einkauf / Head of Sales & Purchasing,Sales,de,Head of Industrial Sales & Purchasing / Head of Sales & Purchasing
7064,Leitung Inside Sales Center,Sales,de,Head of Inside Sales Center
7065,Leitung International Sales,Sales,de,Head of International Sales
7066,Leitung Kundenbetreuung Metall/ Vertrieb Innen,Sales,de,Head of Customer Service Metall/Sales Internal
7067,Leitung Media Sales & Services PRO,Sales,de,Head of Media Sales & Services PRO
7068,Leitung Online Sales & Pressereferentin,Sales,de,Head of Online Sales & Press Officer
7069,Leitung Produktmanagement und TV Sales,Sales,de,Head of Product Management and TV Sales
7070,Leitung Projekte & Vertrieb,Sales,de,Management Projects & Sales
7071,Leitung Sales,Sales,de,Head of Sales
7072,Leitung Sales & Kundenmanagement,Sales,de,Head of Sales & Customer Management
7073,Leitung Sales & Operations Planning(S&OP) / Cat...,Sales,de,Head of Sales & Operations Planning(S&OP) / Cat...
7074,Leitung Sales & Services,Sales,de,Head of Sales & Services
7075,Leitung Sales Back Office PwC Frankfurt,Sales,de,Head of Sales Back Office PwC Frankfurt
7076,Leitung Sales Development,Sales,de,Head of Sales Development
7077,Leitung Sales Management,Sales,de,Head of Sales Management
7078,Leitung Sales Operations,Sales,de,Head of Sales Operations
7079,Leitung Sales print.de,Sales,de,Head of Sales print.de
7080,Leitung Sales Support Management,Sales,de,Head of Sales Support Management
7081,Leitung Stammdaten und Fakturierung / Vertriebscontrolling,Sales,de,Management master data and invoicing / sales controlling
7082,Leitung strategischer Vertrieb / Vertrieb,Sales,de,Head of strategic sales / sales
7083,Leitung Team Vertrieb und Einkauf,Sales,de,Head of Team Sales and Purchasing
7084,Leitung Technischer Vertrieb / Head of Technical Sales,Sales,de,Head of Technical Sales / Head of Technical Sales
7085,Leitung Verkauf und Vertrieb,Sales,de,Head of Sales and Distribution
7086,Leitung Vertrieb,Sales,de,Head of Sales
7087,Leitung Vertrieb - Neukundenakquisition,Sales,de,Head of Sales - New Customer Acquisition
7088,Leitung Vertrieb - Prokurist,Sales,de,Head of Sales - Procurist
7089,Leitung Vertrieb & Business Management,Sales,de,Head of Sales & Business Management
7090,Leitung Vertrieb & Projekte WITTE Components,Sales,de,Head of Sales & Projects WITTE Components
7091,Leitung Vertrieb & Projektkoordination,Sales,de,Head of Sales & Project Coordination
7092,Leitung Vertrieb & Projektmanagement,Sales,de,Head of Sales & Project Management
7093,Leitung Vertrieb & Service,Sales,de,Head of Sales & Service
7094,Leitung Vertrieb (Messe Kontakt),Sales,de,Head of Sales (trade fair contact)
7095,Leitung Vertrieb / Ansprechpartner für Vertrieb...,Sales,de,Head of Sales / Contact for Sales...
7096,Leitung Vertrieb / EDV / IT-Management,Sales,de,Head of Sales / IT / IT Management
7097,Leitung Vertrieb / Head of Sales,Sales,de,Head of Sales / Head of Sales
7098,Leitung Vertrieb / Leitung Onlineabteilung,Sales,de,Head of Sales / Head of Online Department
7099,Leitung Vertrieb / PR,Sales,de,Head of Sales / PR
7100,Leitung Vertrieb / Sales Manager,Sales,de,Head of Sales / Sales Manager
7101,Leitung Vertrieb + Vertragswesen,Sales,de,Head of Sales + Contracts
7102,Leitung Vertrieb B2B,Sales,de,Head of Sales B2B
7103,Leitung Vertrieb Business Intelligence,Sales,de,Head of Sales Business Intelligence
7104,Leitung Vertrieb DACH,Sales,de,Head of Sales DACH
7105,Leitung Vertrieb D-A-CH,Sales,de,Head of Sales D-A-CH
7106,Leitung Vertrieb Deutschland,Sales,de,Head of Sales Germany
7107,Leitung Vertrieb Deutschland / Vertrieb,Sales,de,Head of Sales Germany / Sales
7108,Leitung Vertrieb Europa,Sales,de,Head of Sales Europe
7109,Leitung Vertrieb Großhandel,Sales,de,Management Distribution Wholesale trade
7110,Leitung Vertrieb Industry & Trade | Prokurist,Sales,de,Head of Sales Industry & Trade
7111,Leitung Vertrieb Innendienst,Sales,de,Head of Internal Sales
7112,Leitung Vertrieb Innendienst KSC,Sales,de,Head of Sales Internal Service KSC
7113,Leitung Vertrieb International,Sales,de,Head of Sales International
7114,Leitung Vertrieb Krankenhaus,Sales,de,Head of Sales Hospital
7115,Leitung Vertrieb Logistik / MItglied der Geschäftsleitung,Sales,de,Head of Sales Logistics / Member of the Executive Board
7116,Leitung Vertrieb München,Sales,de,Head of Sales Munich
7117,Leitung Vertrieb Neuanlagen Deutschland,Sales,de,Head of Sales New plants Germany
7118,Leitung Vertrieb Objekteinrichtungen,Sales,de,Head of Sales Facilities
7119,Leitung Vertrieb Online,Sales,de,Head of Sales Online
7120,Leitung Vertrieb Projekt Nord,Sales,de,Head of Sales Project North
7121,Leitung Vertrieb Services,Sales,de,Head of Sales Services
7122,Leitung Vertrieb STRAIL Deutschland,Sales,de,Head of Sales STRAIL Germany
7123,Leitung Vertrieb Telis Direkt,Sales,de,Head of Sales Telis Direct
7124,Leitung Vertrieb Turmdrehkrane,Sales,de,Head of Sales Tower Cranes
7125,Leitung Vertrieb und Kalkulation,Sales,de,Head of Sales and Calculation
7126,Leitung Vertrieb und Key Account Management,Sales,de,Head of Sales and Key Account Management
7127,Leitung Vertrieb und Produktmanagement,Sales,de,Head of Sales and Product Management
7128,Leitung Vertrieb und Projekte,Sales,de,Head of Sales and Projects
7129,Leitung Vertrieb und Projektierung,Sales,de,Head of Sales and Project Management
7130,Leitung Vertrieb und Projektmanagement,Sales,de,Head of Sales and Project Management
7131,Leitung Vertrieb&Geschäftsentwicklung,Sales,de,Head of Sales & Business Development
7132,Leitung Vertriebscontrolling und CRM,Sales,de,Head of Sales Controlling and CRM
7133,Leitung Vertriebsinnendienst,Sales,de,Head of Internal Sales Service
7134,Leitung Vertriebsinnendienst / allgem. Verwaltung,Sales,de,Management Internal Sales Service / General Administration
7135,Leitung Vertriebsinnendienst CEWE-PRINT GmbH,Sales,de,Head of Internal Sales Service CEWE-PRINT GmbH
7136,Leitung Vertriebsinnendienst International,Sales,de,Head of Internal Sales Service International
7137,Leitung Vertriebsinnendienst WOODTECH,Sales,de,Head of Internal Sales Service WOODTECH
7138,Leitung Vertriebsmanagement,Sales,de,Head of Sales Management
7139,Leitung Vertriebsmarketing/PR Sparte Technik,Sales,de,Head of Sales Marketing/PR Division Technology
7140,Leitung Vertriebssteuerung,Sales,de,Head of Sales Control
7141,Leitung Vertriebssupport,Sales,de,Head of Sales Support
7142,Leitung Vertriebsunterstüzung,Sales,de,Head of Sales Support
7143,Leitung Zentrale Vertriebsentwicklung,Sales,de,Head of Central Sales Development
7144,Leitung/Steuerung Vertrieb,Sales,de,Management/Control Distribution
7145,Microsoft Dynamics AX2012 Teilprojektleitung Vertrieb / Key-User Kalkulation,Sales,de,Microsoft Dynamics AX2012 Project Management Sales / Key-User Calculation
7146,Mitarbeiter  gewinnen -  binden -  motivieren  Leiter Vertrieb,Sales,de,Gaining - binding - motivating Head of Sales
7147,Mitglied der Geschäftsführung / Leiter Vertrieb,Sales,de,Member of the Management Board / Head of Sales
7148,Mitglied der Geschäftsleitung (Leiter Vertrieb)...,Sales,de,Member of the Executive Board (Head of Sales)...
7149,Niederlassungsleiterin/ Leitung Vertrieb,Sales,de,Head of Branch/Head of Sales
7150,Produkt und Vertriebsleitung Healthcare,Sales,de,Product and Sales Manager Healthcare
7151,Produktmanager Metall / Vertriebsleitung,Sales,de,Product Manager Metal / Sales Manager
7152,Programmleitung Vertrieb,Sales,de,Programme Management Distribution
7153,Projektierung & Vertrieb - Abteilungsleiter,Sales,de,Project Design & Sales - Head of Department
7154,Projektleitung & Vertrieb,Sales,de,Project Management & Sales
7155,Projektleitung / Vertrieb,Sales,de,Project management / sales
7156,Projektleitung Sales & Veranstaltungsmanagement,Sales,de,Project Management Sales & Event Management
7157,Projektleitung Sales Excellence,Sales,de,Project Management Sales Excellence
7158,Projektleitung Sales-CR,Sales,de,Project Manager Sales-CR
7159,Projektleitung Salesforce,Sales,de,Project Manager Salesforce
7160,Projektleitung und Vertrieb,Sales,de,Project management and distribution
7161,Projektleitung Vertrieb,Sales,de,Project Management Sales
7162,Prokurist / Leiter Vertrieb,Sales,de,Procurator / Head of Sales
7163,Prokurist / Leitung Vertrieb,Sales,de,Procurator / Head of Sales
7164,Prokurist / Vertriebsleitung,Sales,de,Procurator / Sales Manager
7165,Prokurist | Leiter Vertrieb,Sales,de,Head of Sales
7166,Prokurist | Leiter Vertriebssteuerung,Sales,de,Head of Sales Control
7167,Prokurist | Operative Vertriebsleitung,Sales,de,Proprietary officer - Operational sales manager
7168,Prokurist Leitung Vertrieb,Sales,de,Procurator Head of Sales
7169,Prokurist und Leiter Sales Excellence,Sales,de,Procurator and Head of Sales Excellence
7170,Prokurist und Vertriebsleitung,Sales,de,Procurator and sales manager
7171,Prokurist/Leiter Vertrieb,Sales,de,Procurator/Head of Sales
7172,Salesdirector DACH / Leitung Trade Activation / Außendienst Deutschland,Sales,de,Salesdirector DACH / Head of Trade Activation / Field Service Germany
7173,Sekretariat der Geschäftsleitung & Vertrieb,Sales,de,Secretariat of Management & Sales
7174,Stellv. Leiter Vertrieb,Sales,de,Deputy Head of Sales
7175,Stellv. Leitung Vertrieb / Geschäftskundenbetre...,Sales,de,Deputy Head of Sales / Business...
7176,Stellvertrende Geschäftsleitung Vertrieb,Sales,de,Stellvertrende Management Sales
7177,Stellvertretende Leiterin Vertrieb,Sales,de,Deputy Head of Sales
7178,Stellvertretende Leitung Public Sales,Sales,de,Deputy Head of Public Sales
7179,Strategische Vertriebsleitung,Sales,de,Strategic Sales Management
7180,Stv. Abteilungsleitung Vertrieb,Sales,de,Deputy Head of Division Sales
7181,stv. Vertriebsleitung,Sales,de,Stv. Sales Manager
7182,Teamleitung  Sales digital & mobile / digitales...,Sales,de,Team Leader Sales digital & mobile / digital...
7183,Teamleitung Innendienst / Teamleiter Customer Care - Sales,Sales,de,Team Leader Internal Service / Team Leader Customer Care - Sales
7184,Teamleitung Inside Sales,Sales,de,Team Leader Inside Sales
7185,Teamleitung Internationaler Vertrieb / Teamlead...,Sales,de,Team Leader International Sales / Teamlead...
7186,Teamleitung Keyaccount Sales,Sales,en,Teamleitung Keyaccount Sales
7187,Teamleitung MediaSales,Sales,de,Team Leader MediaSales
7188,Teamleitung Merchandising / Vertrieb,Sales,de,Team Management Merchandising / Sales
7189,Teamleitung Sales & Vertrieb DACH,Sales,de,Team Management Sales & Sales DACH
7190,Teamleitung Sales (Messe Kontakt),Sales,de,Team Management Sales (Trade Fair Contact)
7191,Teamleitung Sales Service,Sales,de,Team Leader Sales Service
7192,Teamleitung Sales und Partnermanagement,Sales,de,Team Management Sales and Partner Management
7193,Teamleitung Vertrieb,Sales,de,Team Management Sales
7194,Teamleitung Vertrieb / Projektsachbearbeiter,Sales,de,Team Management Sales / Project Manager
7195,Teamleitung Vertrieb / Vertriebsbeauftragter / Consulting,Sales,de,Team Management Sales / Sales Officer / Consulting
7196,Teamleitung Vertrieb Kärnten / Key Account Mana...,Sales,de,Team Management Sales Carinthia / Key Account Mana...
7197,Teamleitung Vertriebsinnendienst,Sales,de,Team Management Internal Sales Service
7198,Teamleitung Vertriebsmarketing,Sales,de,Team Management Sales Marketing
7199,Teamleitung Vertriebsservice,Sales,de,Team Management Sales Service
7200,Teamleitung Vertriebsverwaltung,Sales,de,Team Management Sales Management
7201,Teamleitung Werbung Vertrieb,Sales,de,Team Management Advertising Sales
7202,Technischer Leiter / Leiter technischer Vertrieb,Sales,de,Technical Director / Head of Technical Sales
7203,Verkaufs/Vertriebsleitung,Sales,de,Sales/distribution line
7204,Verkaufsleitung Corporate Sales Rhein-Main-Neckar,Sales,de,Sales Manager Corporate Sales Rhein-Main-Neckar
7205,Vertrieb & Projektleitung,Sales,de,Sales & Project Management
7206,Vertrieb und Projektleitung,Sales,de,Sales and project management
7207,Vertrieb/Projektleitung,Sales,de,Distribution/project management
7208,Vertriebsinnendienst & Assistenz Vertriebsleitung,Sales,de,Internal Sales Service & Assistance Sales Manager
7209,Vertriebskoordinator & Leitung Zentraler Verkaufsservice / Datenmanagement,Sales,de,Sales Coordinator & Head of Central Sales Service / Data Management
7210,Vertriebsleiter & Leiter Repower,Sales,de,Sales Manager & Head of Repower
7211,Vertriebsleiter und Leitung Außendienst,Sales,de,Sales Manager and Head of Field Service
7212,Vertriebsleitung,Sales,de,Sales management
7213,Vertriebsleitung (Messe Kontakt),Sales,de,Sales management (trade fair contact)
7214,Vertriebsleitung / Head of Sales,Sales,de,Sales Manager / Head of Sales
7215,Vertriebsleitung / Prokurist,Sales,de,Sales Manager / Procurator
7216,Vertriebsleitung / Software,Sales,de,Sales management / Software
7217,Vertriebsleitung / Vertrieb,Sales,de,Sales management / distribution
7218,Vertriebsleitung Berlin,Sales,de,Sales Manager Berlin
7219,Vertriebsleitung Cook Deutschland,Sales,de,Sales Manager Cook Germany
7220,Vertriebsleitung Daten- & Systemlösungen,Sales,de,Sales Manager Data & System Solutions
7221,Vertriebsleitung Datenkommunikation,Sales,de,Sales Manager Data Communication
7222,Vertriebsleitung Deutschland,Sales,de,Sales Manager Germany
7223,Vertriebsleitung Deutschland-Österreich-Schweiz,Sales,de,Sales Manager Germany-Austria-Switzerland
7224,Vertriebsleitung Export,Sales,de,Sales Manager Export
7225,Vertriebsleitung Hauptsitz Bochum,Sales,de,Sales Manager Head of Bochum
7226,Vertriebsleitung Innendienst,Sales,de,Internal Sales Manager
7227,Vertriebsleitung NKW,Sales,de,Sales Manager NKW
7228,Vertriebsleitung Precision Plastics,Sales,de,Sales Manager Precision Plastics
7229,Vertriebsleitung Region Nord-West Filialvertrieb,Sales,de,Sales Manager Region Nord-West Branch Sales
7230,Vertriebsleitung/ Vertrieb,Sales,de,Sales management/distribution
7231,Vertriebsleitung/Head,Sales,de,Sales management/Head
7232,Vertriebsleitung/Projektmanagement,Sales,de,Sales management/project management
7233,Vertriebsleitungsassistentin,Sales,de,Sales Manager Assistant
7234,Vertriebsmitarbeiterin/ Gruppenleitung Vertriebsassistenz,Sales,de,Sales assistant/group management Sales assistant
7235,Vertriebsunterstützung des Leiters der Maklerdirektion Süd-Vorsorge,Sales,tr,Sales support for the head of the South Provision brokerage directorate
7236,Leiter Customer Support / Prokurist,Customer Support,de,Head of Customer Support / Procurator
7237,Leiter IT Infrastruktur & Support,Customer Support,de,Head of IT Infrastructure & Support
7238,Teamleitung IT Systems & Support,Customer Support,de,Team Management IT Systems & Support
7239,Business Process Analyst / Product Owner CRM Service Analytics,Business Development,en,Business Process Analyst / Product Owner CRM Service Analytics
7240,Chief Business Development & Co-Founder,Business Development,en,Chief Business Development & Co-Founder
7241,Co-Founder - Business Development,Business Development,en,Co-Founder - Business Development
7242,CoFounder of iCom Cloud - Business development leveraging on digital and CRM technologies,Business Development,en,CoFounder of iCom Cloud - Business development leveraging on digital and CRM technologies
7243,CRM Business Application Owner GFCS,Business Development,en,CRM Business Application Owner GFCS
7244,CRM Business Owner,Business Development,en,CRM Business Owner
7245,Head of Customer Relationship & Commercial Performance - Business Process Owner CRM,Business Development,en,Head of Customer Relationship & Commercial Performance - Business Process Owner CRM
7246,Head of IT Business Solutions | Product Owner,Business Development,en,Head of IT Business Solutions | Product Owner
7247,Product Owner CRM | Digital Business Development,Business Development,en,Product Owner CRM | Digital Business Development
7248,Product Owner Digital Business (CRM),Business Development,en,Product Owner Digital Business (CRM)
7249,Co-Founder & CEO@Mecuris - Enabling Digital Prosthetics & Orthotics // Speaker,Information Technology,en,Co-Founder & CEO@Mecuris - Enabling Digital Prosthetics & Orthotics // Speaker
7250,IT Project Manager & Product Owner,Information Technology,en,IT Project Manager & Product Owner
7251,Product Owner eCommerce IT B2B/B2C,Information Technology,en,Product Owner eCommerce IT B2B/B2C
7252,Product Owner IT,Information Technology,en,Product Owner IT
7253,CRM Specialist - Agile Product Owner,Information Technology,en,CRM Specialist - Agile Product Owner
7254,Global Process Owner: Commercial CRM,Information Technology,en,Global Process Owner: Commercial CRM
7255,MS Dynamics CRM Product Owner,Information Technology,en,MS Dynamics CRM Product Owner
7256,Product Owner CRM,Information Technology,en,Product Owner CRM
7257,Product Owner CRM - Focus Contact Care Center,Information Technology,en,Product Owner CRM - Focus Contact Care Center
7258,Product Owner CRM - RegTech,Information Technology,en,Product Owner CRM - RegTech
7259,Product Owner IoT CRM integration,Information Technology,en,Product Owner IoT CRM integration
7260,Projektmanagerin / Product Owner CRM und Strategie,Information Technology,de,Project Manager / Product Owner CRM and Strategy
7261,Co-Founder & Head of Sales & Marketing,Marketing,en,Co-Founder & Head of Sales & Marketing
7262,Founder and Owner Targa Communications,Marketing,en,Founder and Owner Targa Communications
7263,Marketing Chef and Founder,Marketing,en,Marketing Chef and Founder
7264,Marketing Specialist and Owner @ New Age SEO,Marketing,en,Marketing Specialist and Owner @ New Age SEO
7265,Product Owner Digital Marketing,Marketing,en,Product Owner Digital Marketing
7266,CRM & Data Services / Product Owner Vertriebsprozesse,Sales,de,CRM & Data Services / Product Owner sales processes
7267,D&A Technologies CEO & Founder - Salesforce Pure Player,Sales,en,D&A Technologies CEO & Founder - Salesforce Pure Player
7268,Founder and Account Manager,Sales,en,Founder and Account Manager
7269,Global Product Owner - Sales Cloud Platform,Sales,en,Global Product Owner - Sales Cloud Platform
7270,Product Owner at House of Digital Sales,Sales,en,Product Owner at House of Digital Sales
7271,Product Owner Salesforce,Sales,en,Product Owner Salesforce
7272,Responsable Equipe SI FM / IT Owner Projet Salesforce FSL,Sales,en,Responsable Equipe SI FM / IT Owner Projet Salesforce FSL
7273,Salesforce CRM Specialist / Product Owner,Sales,en,Salesforce CRM Specialist / Product Owner
7274,Salesforce Owner,Sales,en,Salesforce Owner
7275,Salesforce Product Owner,Sales,en,Salesforce Product Owner
7276,Expert Project- / Process Management Logistics,Project Management,en,Expert Project- / Process Management Logistics
7277,Head of Project Management,Project Management,en,Head of Project Management
7278,Head of Strategic Project Management,Project Management,en,Head of Strategic Project Management
7279,Head Project Management / Consulting,Project Management,en,Head Project Management / Consulting
7280,Interim Management & Führungsberatung für komplexe Projektaufgaben,Project Management,de,Interim management & management consulting for complex project tasks
7281,Project & Demand Management,Project Management,en,Project & Demand Management
7282,Project Management - Working Student,Project Management,en,Project Management - Working Student
7283,Project Management Fairs international,Project Management,en,Project Management Fairs international
7284,Projekt Management,Project Management,el,Project management
7285,Team Lead Projekt Management Office,Project Management,en,Team Lead Projekt Management Office
7286,Assistentin der Geschäftsführung / Management Office,Administrative,de,Assistant to the management / management office
7287,Assistentin Management,Administrative,en,Assistentin Management
7288,Office Management & Assistenz,Administrative,de,Office Management & Assistance
7289,Business Application Management,Business Development,en,Business Application Management
7290,Business Developer & Partner Management,Business Development,en,Business Developer & Partner Management
7291,Business Development & Management Consultancy,Business Development,en,Business Development & Management Consultancy
7292,Business Development and Multi-project Management,Business Development,en,Business Development and Multi-project Management
7293,Business Development I Commercial I Contracts & Tender Management,Business Development,en,Business Development I Commercial I Contracts & Tender Management
7294,Business Development Management,Business Development,en,Business Development Management
7295,Business Management,Business Development,en,Business Management
7296,Business Processes - Solution Management - SAP Authority,Business Development,en,Business Processes - Solution Management - SAP Authority
7297,Deputy Head of Business Development Management,Business Development,en,Deputy Head of Business Development Management
7298,Digital Business Management,Business Development,en,Digital Business Management
7299,Experte für internationales Business Process Management und Project Management,Business Development,de,Expert for international business process management and project management
7300,Head Business Application Management,Business Development,en,Head Business Application Management
7301,Head of Business Process Management,Business Development,en,Head of Business Process Management
7302,Head of Product Management Business Unit Plastics & Advanced Industries,Business Development,en,Head of Product Management Business Unit Plastics & Advanced Industries
7303,Head of Project Management and Business Development,Business Development,en,Head of Project Management and Business Development
7304,Key Account Management | Business Development,Business Development,en,Key Account Management | Business Development
7305,Strategic Key Account Management/Business Development,Business Development,en,Strategic Key Account Management/Business Development
7306,Teamleader Business Development & Key Account Management,Business Development,en,Teamleader Business Development & Key Account Management
7307,Change Management and Transformation Consultant,Consulting,en,Change Management and Transformation Consultant
7308,Change Management Consultant,Consulting,en,Change Management Consultant
7309,Consultant Lean Management,Consulting,en,Consultant Lean Management
7310,Consultant Supply Chain Management,Consulting,en,Consultant Supply Chain Management
7311,Management Consultant,Consulting,en,Management Consultant
7312,Management Consultant (Strategy Consulting),Consulting,en,Management Consultant (Strategy Consulting)
7313,Managing Consultant,Consulting,en,Managing Consultant
7314,Project Management / IT Consultant,Consulting,en,Project Management / IT Consultant
7315,Office Management & HR,Human Resources,en,Office Management & HR
7316,Client Lead Digital & Management Supervisor Digital Innovation,Information Technology,en,Client Lead Digital & Management Supervisor Digital Innovation
7317,Customer Relationship Management Administrator,Information Technology,en,Customer Relationship Management Administrator
7318,Global Head IT Application Management,Information Technology,en,Global Head IT Application Management
7319,Global IT - Application Management,Information Technology,en,Global IT - Application Management
7320,Group IT Operations & Applications Management,Information Technology,en,Group IT Operations & Applications Management
7321,GS-IT App Management,Information Technology,en,GS-IT App Management
7322,Head of Digital Management,Information Technology,en,Head of Digital Management
7323,Head Of Digital Product Management,Information Technology,en,Head Of Digital Product Management
7324,Head of IT & Process Management,Information Technology,en,Head of IT & Process Management
7325,Head of IT Application Management,Information Technology,en,Head of IT Application Management
7326,Head of IT Customer Relationship Management,Information Technology,en,Head of IT Customer Relationship Management
7327,Head of IT-Project Management Applications,Information Technology,en,Head of IT-Project Management Applications
7328,IT Management Strategic Market Development,Information Technology,en,IT Management Strategic Market Development
7329,IT Service Management: Erfolg durch Erfahrung,Information Technology,de,IT Service Management: Success through experience
7330,IT Specialist Data Management,Information Technology,en,IT Specialist Data Management
7331,IT Strategy and Management,Information Technology,en,IT Strategy and Management
7332,IT-Management,Information Technology,it,IT-Management
7333,IT-Systemberater Mobile Device Management,Information Technology,en,IT-Systemberater Mobile Device Management
7334,CRM Customer Relationship Management,Information Technology,en,CRM Customer Relationship Management
7335,CRM Portfolio Management / Gründerin CRM Einheit,Information Technology,de,CRM Portfolio Management / Founder CRM Unit
7336,CRM Project Management,Information Technology,en,CRM Project Management
7337,Customer Relationship Management (CRM),Information Technology,en,Customer Relationship Management (CRM)
7338,Customer Relationship Management (CRM) Specialist,Information Technology,en,Customer Relationship Management (CRM) Specialist
7339,Head of CRM & Channel-Management,Information Technology,en,Head of CRM & Channel-Management
7340,Head of CRM and Data Management,Information Technology,en,Head of CRM and Data Management
7341,Head of Customer Relationship Management (CRM),Information Technology,en,Head of Customer Relationship Management (CRM)
7342,Head of Digital Customer Management & CRM,Information Technology,en,Head of Digital Customer Management & CRM
7343,IT Project Management CRM international,Information Technology,en,IT Project Management CRM international
7344,Lead Management & CRM,Information Technology,en,Lead Management & CRM
7345,Lead-Management & CRM,Information Technology,en,Lead-Management & CRM
7346,Market Management / Head of CRM & Commercial Sy...,Information Technology,en,Market Management / Head of CRM & Commercial Sy...
7347,Office Management / CRM / sales / Standortverantwortung,Information Technology,de,Office Management / CRM / sales / location responsibility
7348,Team Lead CRM / Digital Product Management,Information Technology,en,Team Lead CRM / Digital Product Management
7349,Teamleader Data Management & CRM,Information Technology,en,Teamleader Data Management & CRM
7350,Unit Lead CRM & Campaign Management,Information Technology,en,Unit Lead CRM & Campaign Management
7351,Account Management & Event Marketing,Marketing,en,Account Management & Event Marketing
7352,Area Sales & Marketing Management,Marketing,en,Area Sales & Marketing Management
7353,Business Development Home & Interiors Marketing Management,Marketing,en,Business Development Home & Interiors Marketing Management
7354,Campaign Management &  Online Product Marketing,Marketing,en,Campaign Management &  Online Product Marketing
7355,Consultant Marketing und Sales Management,Marketing,de,Consultant Marketing and Sales Management
7356,CRM Project and Marketing Management,Marketing,en,CRM Project and Marketing Management
7357,Digital Marketing Data Management,Marketing,en,Digital Marketing Data Management
7358,Direct Sales Management & Marketing,Marketing,en,Direct Sales Management & Marketing
7359,Event & Customer Management / Marketing & Business Development,Marketing,en,Event & Customer Management / Marketing & Business Development
7360,Event Staffing Specialist/Internet Marketing & Website Management Consultant,Marketing,en,Event Staffing Specialist/Internet Marketing & Website Management Consultant
7361,Fair/Event Management & Digital Marketing,Marketing,en,Fair/Event Management & Digital Marketing
7362,Global Head of Marketing & Commercial Product Management,Marketing,en,Global Head of Marketing & Commercial Product Management
7363,Head of Global Industry Management (Strategisches Marketing),Marketing,en,Head of Global Industry Management (Strategisches Marketing)
7364,Head of Marketing & Lead Management,Marketing,en,Head of Marketing & Lead Management
7365,Head of Marketing & Partner Management,Marketing,en,Head of Marketing & Partner Management
7366,Head of Marketing & Product Management,Marketing,en,Head of Marketing & Product Management
7367,Head of Marketing Communications and Brand Management,Marketing,en,Head of Marketing Communications and Brand Management
7368,Head of Marketing Resource Management,Marketing,en,Head of Marketing Resource Management
7369,Head of Product Manag & Marketing,Marketing,en,Head of Product Manag & Marketing
7370,Head of Sales Management | Global Marketing & S...,Marketing,en,Head of Sales Management | Global Marketing & S...
7371,Head Product Management & Marketing,Marketing,en,Head Product Management & Marketing
7372,Innovation Management and Marketing,Marketing,en,Innovation Management and Marketing
7373,Int. Marketing & Congress Management,Marketing,en,Int. Marketing & Congress Management
7374,International Marketing Management,Marketing,en,International Marketing Management
7375,Internationales Management und Marketing,Marketing,de,International Management and Marketing
7376,Key Account Management & Marketing Services,Marketing,en,Key Account Management & Marketing Services
7377,Management des projets Marketing & Communication,Marketing,fr,Project Management Marketing & Communication
7378,Management Marketing,Marketing,en,Management Marketing
7379,Management Trainee - Marketing/Vertrieb,Marketing,de,Management Trainee - Marketing/Distribution
7380,Management-Assistentin - Marketing - Events,Marketing,tr,Management-Assistentin - Marketing - Events
7381,Management-Assistentin/ Marketing,Marketing,tr,Management Assistant/Marketing
7382,Managementassistenz & Marketing,Marketing,de,Management Assistance & Marketing
7383,Managing Partner globeone  -  Global Brand Management & Corporate Communication Expert,Marketing,en,Managing Partner globeone  -  Global Brand Management & Corporate Communication Expert
7384,Marketing & Business Management,Marketing,en,Marketing & Business Management
7385,Marketing & Event Management,Marketing,en,Marketing & Event Management
7386,Marketing & Management Professional,Marketing,en,Marketing & Management Professional
7387,Marketing & Project Management Coordinator,Marketing,en,Marketing & Project Management Coordinator
7388,Marketing & Sales Management,Marketing,en,Marketing & Sales Management
7389,Marketing / Events Management,Marketing,en,Marketing / Events Management
7390,Marketing / Qualitäts-Management-Beauftragte,Marketing,de,Marketing / Quality Management Officer
7391,Marketing | Customer Relationship Management,Marketing,en,Marketing | Customer Relationship Management
7392,Marketing Communication & Event Management,Marketing,en,Marketing Communication & Event Management
7393,Marketing Communications & Event Management,Marketing,en,Marketing Communications & Event Management
7394,Marketing Communications | Live Experience | Digital Event | Project Management | Strategy | Planning,Marketing,en,Marketing Communications | Live Experience | Digital Event | Project Management | Strategy | Planning
7395,Marketing Communications Management,Marketing,en,Marketing Communications Management
7396,Marketing Management,Marketing,en,Marketing Management
7397,Marketing Specialist Digital Innovation & Lead Management,Marketing,en,Marketing Specialist Digital Innovation & Lead Management
7398,Marketing Spezialist - Digitale Projekte und Event Management,Marketing,de,Marketing Specialist - Digital Projects and Event Management
7399,Marketing und Management,Marketing,de,Marketing and Management
7400,Marketing- und Managementassistentin,Marketing,de,Marketing and Management Assistant
7401,Marketingkommunikation / Event Management,Marketing,hi,Marketingkommunikation / Event Management
7402,Performance Marketing Professional Event Management DACH,Marketing,de,Performance Marketing Professional Event Management DACH
7403,Project Management & Marketing,Marketing,en,Project Management & Marketing
7404,Project Management Marketing,Marketing,en,Project Management Marketing
7405,Roadshow & Event Management - Identity & Communications,Marketing,en,Roadshow & Event Management - Identity & Communications
7406,Sales Management & Marketing Officer,Marketing,en,Sales Management & Marketing Officer
7407,Strategisches Marketing & Sales Management,Marketing,de,Strategic Marketing & Sales Management
7408,Teamleader Account Management - Marketing & Sales Services,Marketing,en,Teamleader Account Management - Marketing & Sales Services
7409,Account Management & Sales,Sales,en,Account Management & Sales
7410,Business Analyst / Sales & Partner Management,Sales,en,Business Analyst / Sales & Partner Management
7411,Business Process Management - Sales,Sales,en,Business Process Management - Sales
7412,CoE Customer Relationship Managment / Sales,Sales,en,CoE Customer Relationship Managment / Sales
7413,CRM & Sales Support Wealth and Asset Management,Sales,en,CRM & Sales Support Wealth and Asset Management
7414,Data Management / Administration CRM SalesForce / Chef de projet fonctionnel,Sales,fr,Data Management / Administration CRM SalesForce / Functional Project Manager
7415,Facility Management - Vertrieb und Kalkulation,Sales,de,Facility Management - Sales and Calculation
7416,Head of Area Sales Management,Sales,en,Head of Area Sales Management
7417,Head of Group Regional Sales Management,Sales,en,Head of Group Regional Sales Management
7418,Head of GSS Sales & Relationship Management,Sales,en,Head of GSS Sales & Relationship Management
7419,Head of Inhouse Sales Management,Sales,en,Head of Inhouse Sales Management
7420,Head of Order Management Sales & Service,Sales,en,Head of Order Management Sales & Service
7421,Head of Product Management | Head of Sales Processing,Sales,en,Head of Product Management | Head of Sales Processing
7422,Head of Product Management and PreSales,Sales,en,Head of Product Management and PreSales
7423,Head of Project Management & Project Sales,Sales,en,Head of Project Management & Project Sales
7424,Head of Sales - Partner & Keyaccount Management,Sales,en,Head of Sales - Partner & Keyaccount Management
7425,Head of Sales & Account Management,Sales,en,Head of Sales & Account Management
7426,Head of Sales & Account Management Frankfurt,Sales,en,Head of Sales & Account Management Frankfurt
7427,Head of Sales & Event Management,Sales,en,Head of Sales & Event Management
7428,Head of Sales & Key Account Management,Sales,en,Head of Sales & Key Account Management
7429,Head of Sales & Product Management,Sales,en,Head of Sales & Product Management
7430,Head of Sales & Project Management,Sales,en,Head of Sales & Project Management
7431,Head of Sales / Member of the Management Team,Sales,en,Head of Sales / Member of the Management Team
7432,Head of Sales and Account Management,Sales,en,Head of Sales and Account Management
7433,Head of Sales and Account Management Germany,Sales,en,Head of Sales and Account Management Germany
7434,Head of Sales and Key Account Management,Sales,en,Head of Sales and Key Account Management
7435,Head of Sales DACH & Account Management,Sales,en,Head of Sales DACH & Account Management
7436,Head of Sales Germany and Product Management,Sales,en,Head of Sales Germany and Product Management
7437,Head of Sales Management,Sales,en,Head of Sales Management
7438,Head of Sales Platforms & Customer Management,Sales,en,Head of Sales Platforms & Customer Management
7439,Head of Sales Systems / CRM & Campaign Management,Sales,en,Head of Sales Systems / CRM & Campaign Management
7440,Head of Strategic Sales Management,Sales,en,Head of Strategic Sales Management
7441,Head of Territory Sales Management,Sales,en,Head of Territory Sales Management
7442,Head Sales Management & Support,Sales,en,Head Sales Management & Support
7443,International Sales Management,Sales,en,International Sales Management
7444,IT Projekt Management / CRM Salesforce Admin / Trainings-Management SAP,Sales,en,IT Projekt Management / CRM Salesforce Admin / Trainings-Management SAP
7445,IT Vertrieb und Account Management/ Datacenter,Sales,de,IT Sales and Account Management / Datacenter
7446,Lead Sales Management,Sales,en,Lead Sales Management
7447,Management & Sales,Sales,en,Management & Sales
7448,Markt- und VertriebsManagement: Vertriebsmanage...,Sales,de,Market and Sales Management: Sales Management...
7449,Marktplatz Vertrieb und Key Account Management,Sales,de,Marketplace Sales and Key Account Management
7450,Order Management und Inside Sales,Sales,en,Order Management und Inside Sales
7451,Sales & Business Development Management,Sales,en,Sales & Business Development Management
7452,Sales Account Management,Sales,en,Sales Account Management
7453,Sales Address Management,Sales,en,Sales Address Management
7454,Sales Coach & Project Management,Sales,en,Sales Coach & Project Management
7455,Sales Coordinator and Operations Management,Sales,en,Sales Coordinator and Operations Management
7456,Sales director Germany / Head of Key Account Management Germany,Sales,en,Sales director Germany / Head of Key Account Management Germany
7457,Sales Excellence - Customer Experience Management,Sales,en,Sales Excellence - Customer Experience Management
7458,Sales Management,Sales,en,Sales Management
7459,Sales Management - Direktvertrieb,Sales,de,Sales Management - Direct Sales
7460,Sales Process Management,Sales,en,Sales Process Management
7461,Sales Support Key Account Management,Sales,en,Sales Support Key Account Management
7462,Specialist Inside Sales Management Europe & LAA,Sales,en,Specialist Inside Sales Management Europe & LAA
7463,Strategic Sales Management,Sales,en,Strategic Sales Management
7464,Team Lead Sales Strategy and Process Management,Sales,en,Team Lead Sales Strategy and Process Management
7465,Trainee Sales Management,Sales,en,Trainee Sales Management
7466,Vertrieb / Key Account Management,Sales,de,Sales / Key Account Management
7467,Vertrieb // Business Development Management,Sales,de,Sales // Business Development Management
7468,VertriebsKommunikation + -Management,Sales,de,SalesCommunication + Management
7469,Account Management Support,Customer Support,en,Account Management Support
7470,Interim CEO | MD | CSO - Sales & Performance Management Consultant,Sales,hi,Interim CEO | MD | CSO - Sales & Performance Management Consultant
7471,Abteilungsdirektor Sales & Relationship Managem...,Sales,nl,Department Director Sales & Relationship Management...
7472,Vertriebsdirektor Asset Management,Sales,de,Sales Director Asset Management
7473,Gruppenleiter Project Management Office & Proce...,Project Management,de,Group Leader Project Management Office & Proce...
7474,Teamleiter Business Prozess Management,Business Development,de,Team Leader Business Process Management
7475,Gruppenleiter Messe & Event Management,Marketing,de,Group Leader Fair & Event Management
7476,Bereichsleiter Vertrieb & Service Management,Sales,de,Head of Sales & Service Management
7477,Managing Consultant / Teamleiter Vertrieb / Büroleiter,Sales,de,Managing Consultant / Team Manager Sales / Office Manager
7478,Teamleiter Key Account Management Support,Customer Support,de,Team Leader Key Account Management Support
7479,Leiter Business Process Management,Business Development,de,Head of Business Process Management
7480,Leiter Business Process Management/Rekrutierung,Business Development,de,Head of Business Process Management/Recruitment
7481,Leiter IT Service Management,Information Technology,de,Head of IT Service Management
7482,Leiter IT-Management,Information Technology,de,Head of IT Management
7483,Bereichsleitung Key Account Management CRM,Information Technology,de,Key Account Management CRM
7484,Leiter Customer Relationship Management (CRM),Information Technology,en,Leiter Customer Relationship Management (CRM)
7485,AGV/IT Leiter Projekt-Management (Messe Kontakt),Marketing,de,AGV/IT Head of Project Management (Trade Fair Contact)
7486,Leiter Marketing / International Brand Management,Marketing,de,Head of Marketing / International Brand Management
7487,Leiter Marketing Management,Marketing,de,Head of Marketing Management
7488,Leiter Marketing und Managementsysteme,Marketing,de,Head of Marketing and Management Systems
7489,Leiter Social Media & Community Management / Kommunikation,Marketing,de,Head of Social Media & Community Management / Communication
7490,Leiterin Marketing / Produkt Management,Marketing,de,Head of Marketing / Product Management
7491,Leiter Operations Management,Other,en,Leiter Operations Management
7492,Leiter Area Sales Management D-A-CH,Sales,de,Head of Area Sales Management D-A-CH
7493,Leiter Regional Sales Management National,Sales,en,Leiter Regional Sales Management National
7494,Leiter Sales Systems & Process Management / Leiter VID/KD,Sales,de,Head of Sales Systems & Process Management / Head of VID/KD
7495,Leiter Vertrieb Consulting und Managed Services,Sales,de,Head of Sales Consulting and Managed Services
7496,Leiter Vertrieb Industrie und Key Account Management,Sales,de,Head of Sales Industry and Key Account Management
7497,Leiter Vertrieb Managed Services / IT-Strategie...,Sales,de,Head of Sales Managed Services / IT Strategy...
7498,Leiter Vertrieb und Key Account Management,Sales,de,Head of Sales and Key Account Management
7499,Leiter Vertriebssteuerung / Key Account Management,Sales,de,Head of Sales Management / Key Account Management
7500,Vertriebsleitung / Sales Management,Sales,de,Sales Management / Sales Management
7501,Business Development Account Executive,Business Development,en,Business Development Account Executive
7502,Business Development Executive,Business Development,en,Business Development Executive
7503,Business Development Executive Asset Management | Insurance,Business Development,en,Business Development Executive Asset Management | Insurance
7504,Business Development Executive DACH,Business Development,de,Business Development Executive DACH
7505,New Business Executive,Business Development,en,New Business Executive
7506,Executive Consultant,Consulting,en,Executive Consultant
7507,Business Development and Marketing Executive,Marketing,en,Business Development and Marketing Executive
7508,Customer Marketing Executive,Marketing,en,Customer Marketing Executive
7509,Digital Marketing Executive,Marketing,en,Digital Marketing Executive
7510,Head of Sales Executive and Sales & Marketing M...,Marketing,en,Head of Sales Executive and Sales & Marketing M...
7511,International Marketing Executive,Marketing,en,International Marketing Executive
7512,Marketing & Channel Sales Executive,Marketing,en,Marketing & Channel Sales Executive
7513,Marketing & Sales Executive,Marketing,en,Marketing & Sales Executive
7514,Marketing and Events Executive,Marketing,en,Marketing and Events Executive
7515,Marketing Executive,Marketing,en,Marketing Executive
7516,Marketing Executive - DACH,Marketing,hi,Marketing Executive - DACH
7517,Marketing Executive (Messe Kontakt),Marketing,ur,Marketing Executive (Exhibition Contact)
7518,Marketing Executive | CRM Marketing | B2B | Commercial Services | German Market at American Express,Marketing,en,Marketing Executive | CRM Marketing | B2B | Commercial Services | German Market at American Express
7519,Marketing Executive DACH,Marketing,hi,Marketing Executive DACH
7520,Marketing Executive Germany,Marketing,de,Marketing Executive Germany
7521,Nuvias Marketing Executive,Marketing,pt,Nuvias Marketing Executive
7522,PR & Marketing Executive,Marketing,en,PR & Marketing Executive
7523,Regional Marketing Executive DACH,Marketing,hi,Regional Marketing Executive DACH
7524,Sr. Marketing Operations Executive,Marketing,en,Sr. Marketing Operations Executive
7525,Trade Marketing Executive,Marketing,en,Trade Marketing Executive
7526,Vendor Marketing Executive & Events,Marketing,en,Vendor Marketing Executive & Events
7527,Channel Sales Executive,Sales,en,Channel Sales Executive
7528,Enterprise Sales Executive,Sales,en,Enterprise Sales Executive
7529,Export Sales Executive,Sales,en,Export Sales Executive
7530,External Sales Account Executive,Sales,en,External Sales Account Executive
7531,Global Executive Officer Global Sales Support,Sales,en,Global Executive Officer Global Sales Support
7532,Inside Sales Executive,Sales,en,Inside Sales Executive
7533,Sales Account Executive | I-Goal,Sales,en,Sales Account Executive | I-Goal
7534,Sales Executive,Sales,en,Sales Executive
7535,Sales Executive - Data Centre Services,Sales,en,Sales Executive - Data Centre Services
7536,Sales Executive - Eastern Europe,Sales,en,Sales Executive - Eastern Europe
7537,Sales Executive D/A/CH,Sales,pt,Sales Executive D/A/CH
7538,Sales Executive D-A-CH,Sales,pt,Sales Executive D-A-CH
7539,Sales Executive SE,Sales,en,Sales Executive SE
7540,Sales Leader| Qlik OEM | Executive Commercial Management| Speaker | Consultant | Healthcare IT & Life Sciences| IoT| Data Catalog | Data Literacy | Mensa,Sales,en,Sales Leader| Qlik OEM | Executive Commercial Management| Speaker | Consultant | Healthcare IT & Life Sciences| IoT| Data Catalog | Data Literacy | Mensa
7541,Solutions Executive - Enterprise Sales,Sales,en,Solutions Executive - Enterprise Sales
7542,Vertriebsinnendienst - Sales Support Executive,Sales,de,Internal Sales Service - Sales Support Executive
7543,Assistant marketing,Marketing,en,Assistant marketing
7544,Assistant Project Manager,Project Management,en,Assistant Project Manager
7545,Assistante commerciale et marketing,Marketing,fr,Sales and Marketing Assistant
7546,Assistante communication,Marketing,en,Assistante communication
7547,Assistante communication marketing,Marketing,en,Assistante communication marketing
7548,Assistante de direction et communication,Marketing,fr,Senior Management and Communications Assistant
7549,Assistante marketing et communication,Marketing,fr,Marketing and Communication Assistant
7550,Client Managerin / Project Managerin,Project Management,en,Client Managerin / Project Managerin
7551,Corporate Project Portfolio Manager,Project Management,en,Corporate Project Portfolio Manager
7552,Direktmarketing Manager,Marketing,ur,Direct Marketing Manager
7553,Direktmarketing Managerin,Marketing,de,Direct marketing manager
7554,Eventmarketing Manager,Marketing,en,Eventmarketing Manager
7555,Executive Assistant / Strategic Projects,Project Management,en,Executive Assistant / Strategic Projects
7556,Head of Product Management & Senior Project Man...,Project Management,en,Head of Product Management & Senior Project Man...
7557,International Project Manager,Project Management,en,International Project Manager
7558,Lead Project Manager,Project Management,en,Lead Project Manager
7559,Manager Dialogmarketing,Marketing,en,Manager Dialogmarketing
7560,Manager Event & Sportmarketing,Marketing,en,Manager Event & Sportmarketing
7561,Manager Produktmarketing  und -kommunikation,Marketing,de,Manager Product Marketing and Communication
7562,Manager Strategic Projects,Project Management,en,Manager Strategic Projects
7563,MarCom Project Manager,Project Management,en,MarCom Project Manager
7564,Onlinemarketing Manager,Marketing,en,Onlinemarketing Manager
7565,Post Merger Integration & Project Manager,Project Management,en,Post Merger Integration & Project Manager
7566,Produktmarketing Manager,Marketing,en,Produktmarketing Manager
7567,Produktmarketing Managerin,Marketing,de,Product Marketing Manager
7568,Project Assistant,Project Management,en,Project Assistant
7569,Project Manager,Project Management,en,Project Manager
7570,Project Manager / Data Scientist,Project Management,en,Project Manager / Data Scientist
7571,Project Manager Customer Relationship Managment,Project Management,en,Project Manager Customer Relationship Managment
7572,Project Manager Deutschland,Project Management,de,Project Manager Germany
7573,Project Manager ERP,Project Management,en,Project Manager ERP
7574,Project Manager Events,Project Management,en,Project Manager Events
7575,Project Manager Events & PR,Project Management,en,Project Manager Events & PR
7576,Project Manager Exhibitions/Events,Project Management,en,Project Manager Exhibitions/Events
7577,Project Manager Fairs & Events,Project Management,en,Project Manager Fairs & Events
7578,Project Manager Germany,Project Management,en,Project Manager Germany
7579,Project Manager International Motor Shows and Events for the global Volkswagen Group brands,Project Management,en,Project Manager International Motor Shows and Events for the global Volkswagen Group brands
7580,Project Manager Level C (IPMA),Project Management,en,Project Manager Level C (IPMA)
7581,Project Manager Market Intelligence & Exhibitions,Project Management,en,Project Manager Market Intelligence & Exhibitions
7582,Project Manager New Product Introduction,Project Management,en,Project Manager New Product Introduction
7583,Project Manager Non-Food Compounds,Project Management,it,Project Manager Non-Food Compounds
7584,Project Manager Product,Project Management,en,Project Manager Product
7585,Project Manager Trade Fairs,Project Management,en,Project Manager Trade Fairs
7586,Project Managerin,Project Management,en,Project Managerin
7587,Projekt- / Channel Manager,Project Management,en,Projekt- / Channel Manager
7588,Projekt Manager,Project Management,it,Project Manager
7589,Projektleiter & Application Manager,Project Management,de,Project Manager & Application Manager
7590,Prokurist / Senior Projektleiter,Project Management,de,Procurator / Senior Project Manager
7591,QR Project & Change Manager,Project Management,en,QR Project & Change Manager
7592,Rail Systems Engineer and Project Manager with global business development and proposal management expertise,Project Management,en,Rail Systems Engineer and Project Manager with global business development and proposal management expertise
7593,Regional Delivery Lead Northwest & Senior Project Manager,Project Management,en,Regional Delivery Lead Northwest & Senior Project Manager
7594,Responsable communications / logistique /Assistante commerciale,Marketing,it,Communications/Logistics Manager/Sales Assistant
7595,Sap Application Engineer SCM & Project Manager,Project Management,en,Sap Application Engineer SCM & Project Manager
7596,Senior Project- and Process Manager,Project Management,en,Senior Project- and Process Manager
7597,Senior Project Lead / Senior Projektleiter,Project Management,de,Senior Project Lead / Senior Project Leader
7598,Senior Project Manager,Project Management,en,Senior Project Manager
7599,Senior Project Manager / Fairs & Events,Project Management,en,Senior Project Manager / Fairs & Events
7600,Senior Project Manager Events,Project Management,en,Senior Project Manager Events
7601,Senior Project Manager Recruiting / Talent Acquisition,Project Management,en,Senior Project Manager Recruiting / Talent Acquisition
7602,Senior Projekt Manager,Project Management,en,Senior Projekt Manager
7603,Senior Projektleiter,Project Management,de,Senior Project Leader
7604,Senior Projektleiterin,Project Management,de,Senior Project Leader
7605,Senior Projektleitung,Project Management,de,Senior Project Management
7606,Senior Projektmanager,Project Management,en,Senior Projektmanager
7607,Senior Projektmanager Loyalty & Program,Project Management,it,Senior Project Manager Loyalty & Program
7608,Services Manager / Projektingenieur B2B Custome...,Project Management,nl,Services Manager / Projektingenieur B2B Custome...
7609,Software Developer / Project Manager,Project Management,en,Software Developer / Project Manager
7610,Team Manager Dialogmarketing,Marketing,en,Team Manager Dialogmarketing
7611,Technical Project Manager,Project Management,en,Technical Project Manager
7612,Assistentin / Assistant,Administrative,en,Assistentin / Assistant
7613,Assistentin Innendienstleitung / Assistant Office Manager,Administrative,de,Assistant Internal Service Manager / Assistant Office Manager
7614,Assistenz der Geschäftsleitung / Executive Assistant,Administrative,de,Assistant to the Executive Board / Executive Assistant
7615,Executive Assistant / Assistentin der Geschäftsführung,Administrative,de,Executive Assistant / Assistant to the Executive Board
7616,Office Manager/ Assistentin der Geschäftsführung,Administrative,de,Office Manager/Managing Assistant
7617,✔ Senior Business Development Professional ✔ all round e-enthusiast ✔ ecommerce & e-payments addicted,Business Development,en,✔ Senior Business Development Professional ✔ all round e-enthusiast ✔ ecommerce & e-payments addicted
7618,Account Manager I New Business Development,Business Development,en,Account Manager I New Business Development
7619,Account Manager New Business,Business Development,en,Account Manager New Business
7620,Account Manager und Business Development,Business Development,de,Account Manager and Business Development
7621,Assistant Manager- Business Development,Business Development,en,Assistant Manager- Business Development
7622,Assistant to CEO & Business Development,Business Development,en,Assistant to CEO & Business Development
7623,Business Administration Manager,Business Development,en,Business Administration Manager
7624,Business Alliance Manager,Business Development,en,Business Alliance Manager
7625,Business Analyst / Manager CRM,Business Development,en,Business Analyst / Manager CRM
7626,Business Application Manager,Business Development,en,Business Application Manager
7627,Business Application Manager Europe,Business Development,en,Business Application Manager Europe
7628,Business Customer Relationship Manager,Business Development,en,Business Customer Relationship Manager
7629,Business Development - Account Manager Inside S...,Business Development,en,Business Development - Account Manager Inside S...
7630,Business Development & Account Manager,Business Development,en,Business Development & Account Manager
7631,Business Development & Innovation Manager,Business Development,en,Business Development & Innovation Manager
7632,Business Development & Innovation Manager - Safety BU,Business Development,en,Business Development & Innovation Manager - Safety BU
7633,Business Development & Key Account Manager,Business Development,en,Business Development & Key Account Manager
7634,Business Development & Product Manager,Business Development,en,Business Development & Product Manager
7635,Business Development / Personal Assistant,Business Development,en,Business Development / Personal Assistant
7636,Business Development / Projekt Manager,Business Development,en,Business Development / Projekt Manager
7637,Business Development Assistant,Business Development,en,Business Development Assistant
7638,Business Development CRM/BI (Senior Consultant),Business Development,sw,Business Development CRM/BI (Senior Consultant)
7639,Business Development Manager,Business Development,en,Business Development Manager
7640,Business Development Manager - Enterprise Mobility,Business Development,en,Business Development Manager - Enterprise Mobility
7641,Business Development Manager - Truck & Trailer,Business Development,en,Business Development Manager - Truck & Trailer
7642,Business Development Manager - Verbruggen North America,Business Development,nl,Business Development Manager - Verbruggen North America
7643,Business Development Manager & Executive Assistant,Business Development,en,Business Development Manager & Executive Assistant
7644,Business Development Manager & Key Account Manager,Business Development,en,Business Development Manager & Key Account Manager
7645,Business Development Manager & Strategic Planning,Business Development,en,Business Development Manager & Strategic Planning
7646,Business Development Manager / Glass Complementary Products,Business Development,en,Business Development Manager / Glass Complementary Products
7647,Business Development Manager / Market Research ...,Business Development,en,Business Development Manager / Market Research ...
7648,Business Development Manager Asia-Pacific,Business Development,en,Business Development Manager Asia-Pacific
7649,Business Development Manager AV,Business Development,en,Business Development Manager AV
7650,Business Development Manager AV-Steuerungen & Signalmanagement,Business Development,de,Business Development Manager AV Controls & Signal Management
7651,Business Development Manager Capital/OEM,Business Development,en,Business Development Manager Capital/OEM
7652,Business Development Manager CEE,Business Development,en,Business Development Manager CEE
7653,Business Development Manager CIS,Business Development,en,Business Development Manager CIS
7654,Business Development Manager Customer Service,Business Development,en,Business Development Manager Customer Service
7655,Business Development Manager Cybersecurity,Business Development,en,Business Development Manager Cybersecurity
7656,Business Development Manager DACH,Business Development,de,Business Development Manager DACH
7657,Business Development Manager D-A-CH,Business Development,pt,Business Development Manager D-A-CH
7658,Business Development Manager Data Enabled Solutions / Alliance director FM companies,Business Development,en,Business Development Manager Data Enabled Solutions / Alliance director FM companies
7659,Business Development Manager Deutschland     Gebietsvertriebsleiter Mitte,Business Development,de,Business Development Manager Germany District Sales Manager Mitte
7660,Business Development Manager DMS/ECM,Business Development,en,Business Development Manager DMS/ECM
7661,Business Development Manager EMEA,Business Development,pt,Business Development Manager EMEA
7662,Business Development Manager EUROPE,Business Development,en,Business Development Manager EUROPE
7663,Business Development Manager F&B,Business Development,en,Business Development Manager F&B
7664,Business Development Manager Global,Business Development,en,Business Development Manager Global
7665,Business Development Manager Health Care International,Business Development,en,Business Development Manager Health Care International
7666,Business Development Manager Logistics,Business Development,en,Business Development Manager Logistics
7667,Business Development Manager Sensors,Business Development,en,Business Development Manager Sensors
7668,Business Development Manager USA,Business Development,en,Business Development Manager USA
7669,Business Development Manager Virtualisierung,Business Development,de,Business Development Manager Virtualization
7670,Business Development Managerin,Business Development,en,Business Development Managerin
7671,Business Development Project Manager EMEA,Business Development,pt,Business Development Project Manager EMEA
7672,Business Manager,Business Development,en,Business Manager
7673,Business Manager bei Baumer Management Services AG,Business Development,de,Business Manager at Baumer Management Services AG
7674,Business Manager CRM,Business Development,en,Business Manager CRM
7675,Business Manager DACH,Business Development,de,Business Manager DACH
7676,Business Manager ICT,Business Development,en,Business Manager ICT
7677,Business Manager Population Health Management DACH,Business Development,hi,Business Manager Population Health Management DACH
7678,Business Monitoring Manager B2B,Business Development,en,Business Monitoring Manager B2B
7679,Business Operations Manager,Business Development,en,Business Operations Manager
7680,Business Process & Systems Manager,Business Development,en,Business Process & Systems Manager
7681,Business Process Manager,Business Development,en,Business Process Manager
7682,Business Process Manager - Supply Chain Management,Business Development,en,Business Process Manager - Supply Chain Management
7683,Business Process Manager QA,Business Development,en,Business Process Manager QA
7684,Business Relationship Manager,Business Development,en,Business Relationship Manager
7685,Business Segment Manager,Business Development,en,Business Segment Manager
7686,Business Solution Manager,Business Development,en,Business Solution Manager
7687,Business Unit Manager,Business Development,en,Business Unit Manager
7688,Business Unit Manager - IT-Service-Management,Business Development,en,Business Unit Manager - IT-Service-Management
7689,Business Unit Manager Airport Technology,Business Development,en,Business Unit Manager Airport Technology
7690,Business Unit Manager Gaskets (ppa.),Business Development,it,Business Unit Manager Gaskets (ppa.)
7691,Business-Manager,Business Development,en,Business-Manager
7692,Cooperation & Business Development Manager,Business Development,en,Cooperation & Business Development Manager
7693,Corporate & Business Communication Manager Germany,Business Development,en,Corporate & Business Communication Manager Germany
7694,Corporate Business Process Manager,Business Development,en,Corporate Business Process Manager
7695,CRM / Business Development Manager (Clients & Industries),Business Development,en,CRM / Business Development Manager (Clients & Industries)
7696,CRM Application Manager (Business Support Appli...,Business Development,en,CRM Application Manager (Business Support Appli...
7697,CRM Business Analyst Senior,Business Development,en,CRM Business Analyst Senior
7698,CRM Business Development Manager,Business Development,en,CRM Business Development Manager
7699,CRM Business Process Manager,Business Development,en,CRM Business Process Manager
7700,CRM Business Solution Manager (Microsoft Dynamics 365),Business Development,en,CRM Business Solution Manager (Microsoft Dynamics 365)
7701,CRM Manager / Business Process Management,Business Development,en,CRM Manager / Business Process Management
7702,Customer Business Development Manager,Business Development,en,Customer Business Development Manager
7703,EMEA Business Manager,Business Development,pt,EMEA Business Manager
7704,European Business Development Manager HD,Business Development,en,European Business Development Manager HD
7705,Fachlicher Projektleiter / Business Project Manager,Business Development,de,Professional Project Manager / Business Project Manager
7706,Global Business & Digital Development Manager,Business Development,en,Global Business & Digital Development Manager
7707,Global Business Development | Digital Consulting Manager,Business Development,en,Global Business Development | Digital Consulting Manager
7708,Global Business Development Manager,Business Development,en,Global Business Development Manager
7709,Global Category and Business Development Manager (area Foodservice),Business Development,en,Global Category and Business Development Manager (area Foodservice)
7710,Globlal Business Development Manager,Business Development,hi,Globlal Business Development Manager
7711,Head of Business Development & Market Manager Building Services,Business Development,en,Head of Business Development & Market Manager Building Services
7712,Head of Business Development Manager,Business Development,en,Head of Business Development Manager
7713,HP Enterprise - EMEA Business Development Manager,Business Development,pt,HP Enterprise - EMEA Business Development Manager
7714,Int. Business Development Manager,Business Development,en,Int. Business Development Manager
7715,International Account Manager - New Business Development,Business Development,en,International Account Manager - New Business Development
7716,International Business Development Manager,Business Development,en,International Business Development Manager
7717,International Business Development Manager Communication Services,Business Development,en,International Business Development Manager Communication Services
7718,International Business Development Manager Digital Innovations,Business Development,en,International Business Development Manager Digital Innovations
7719,IT Business Development Manager,Business Development,en,IT Business Development Manager
7720,IT Business Manager,Business Development,en,IT Business Manager
7721,IT Business Process Manager EMEA – CRM & Retail,Business Development,pt,IT Business Process Manager EMEA – CRM & Retail
7722,Key Account & Business Development Manager,Business Development,en,Key Account & Business Development Manager
7723,Key Account Manager / Business Development,Business Development,en,Key Account Manager / Business Development
7724,Key Account Manager Bereich Business Solutions,Business Development,de,Key Account Manager Business Solutions
7725,Leiter Presales Consulting & Business Development Manager,Business Development,de,Head of Presales Consulting & Business Development Manager
7726,Manager (Head of) Business Solutions,Business Development,en,Manager (Head of) Business Solutions
7727,Manager Administration Business Excellence,Business Development,en,Manager Administration Business Excellence
7728,Manager Business Administration,Business Development,en,Manager Business Administration
7729,Manager Business and Product Development,Business Development,en,Manager Business and Product Development
7730,Manager Business Application,Business Development,en,Manager Business Application
7731,Manager Business Application Team,Business Development,en,Manager Business Application Team
7732,Manager Business Development,Business Development,en,Manager Business Development
7733,Manager Business Development & Digital,Business Development,en,Manager Business Development & Digital
7734,Manager Business Development / Key Account Management,Business Development,en,Manager Business Development / Key Account Management
7735,Manager Business Development and M&A,Business Development,en,Manager Business Development and M&A
7736,Manager Business Development CRM,Business Development,en,Manager Business Development CRM
7737,Manager Business IT,Business Development,en,Manager Business IT
7738,Manager CRM - Business Development,Business Development,en,Manager CRM - Business Development
7739,Manager CRM Business,Business Development,en,Manager CRM Business
7740,Manager Data Services & Business Development,Business Development,en,Manager Data Services & Business Development
7741,Manager Database / Business Analytics,Business Development,en,Manager Database / Business Analytics
7742,Manager Global Business Support,Business Development,en,Manager Global Business Support
7743,Manager IT & Business Process Automation,Business Development,en,Manager IT & Business Process Automation
7744,Manager IT Business & Services,Business Development,en,Manager IT Business & Services
7745,Manager New Business,Business Development,en,Manager New Business
7746,Manager of Business Affairs,Business Development,en,Manager of Business Affairs
7747,Manager Project Team Business Consulting xRM,Business Development,en,Manager Project Team Business Consulting xRM
7748,Manager Strategy & Business Development,Business Development,en,Manager Strategy & Business Development
7749,New Business Account Manager,Business Development,en,New Business Account Manager
7750,New Business Development & Innovation Manager,Business Development,en,New Business Development & Innovation Manager
7751,New Business Development Manager,Business Development,en,New Business Development Manager
7752,New Business Development Manager Dental,Business Development,en,New Business Development Manager Dental
7753,New Business Manager,Business Development,en,New Business Manager
7754,OEM Business Development Manager - Gebietsverkaufsleiter,Business Development,de,OEM Business Development Manager - Area Sales Manager
7755,Partner Business Manager,Business Development,en,Partner Business Manager
7756,Partner Manager / Business Development Manager,Business Development,en,Partner Manager / Business Development Manager
7757,Powertrain Actuators Systems Business Group Communication Manager,Business Development,en,Powertrain Actuators Systems Business Group Communication Manager
7758,PR- & Product Manager Home Electronics Business,Business Development,en,PR- & Product Manager Home Electronics Business
7759,Process Manager (Business Process Management),Business Development,en,Process Manager (Business Process Management)
7760,Produkt Managerin/Business Development Managerin - Europa,Business Development,de,Product Manager/Business Development Manager - Europe
7761,Produktmanager/Manager Business Development,Business Development,en,Produktmanager/Manager Business Development
7762,Program Manager and Business Analyst,Business Development,en,Program Manager and Business Analyst
7763,Program Manager Integrated Business Apps,Business Development,en,Program Manager Integrated Business Apps
7764,Project Manager / Business Process Improvement,Business Development,en,Project Manager / Business Process Improvement
7765,Project Manager Business Development,Business Development,en,Project Manager Business Development
7766,Project Manager Business Development International,Business Development,en,Project Manager Business Development International
7767,Project Manager Business Technology,Business Development,en,Project Manager Business Technology
7768,Project Manager CRM & Business Intelligence,Business Development,en,Project Manager CRM & Business Intelligence
7769,Project Manager Digitial Business Transformation | Head of Work Stream Customer Data & CRM,Business Development,en,Project Manager Digitial Business Transformation | Head of Work Stream Customer Data & CRM
7770,Project Manager IT Business Management,Business Development,en,Project Manager IT Business Management
7771,Project Manager Strategic Business Development,Business Development,en,Project Manager Strategic Business Development
7772,Projektleiter - Business Development Manager,Business Development,de,Project Manager - Business Development Manager
7773,Prokurist / Business Unit Manager,Business Development,ur,Prokurist / Business Unit Manager
7774,Regional Business Development Manager,Business Development,en,Regional Business Development Manager
7775,Risk Manager / Business Analyst,Business Development,en,Risk Manager / Business Analyst
7776,Senior Business Analyst,Business Development,en,Senior Business Analyst
7777,Senior Business Application Engineer,Business Development,en,Senior Business Application Engineer
7778,Senior Business Application Expert,Business Development,en,Senior Business Application Expert
7779,Senior Business Consultant,Business Development,en,Senior Business Consultant
7780,Senior Business Controller,Business Development,en,Senior Business Controller
7781,Senior Business Developer,Business Development,en,Senior Business Developer
7782,Senior Business Development,Business Development,en,Senior Business Development
7783,Senior Business Development Expert,Business Development,en,Senior Business Development Expert
7784,Senior Business Development Manager,Business Development,en,Senior Business Development Manager
7785,Senior Business Development Manager - Investment Products,Business Development,en,Senior Business Development Manager - Investment Products
7786,Senior Business Development Manager & Quality Management Representative,Business Development,en,Senior Business Development Manager & Quality Management Representative
7787,Senior Business Development Manager DACH,Business Development,de,Senior Business Development Manager DACH
7788,Senior Business Development Manager D-A-CH,Business Development,pt,Senior Business Development Manager D-A-CH
7789,Senior Business Development Manager Germany,Business Development,en,Senior Business Development Manager Germany
7790,Senior Business Development Manager Logistics,Business Development,en,Senior Business Development Manager Logistics
7791,Senior Business Development Manager Western Eur...,Business Development,en,Senior Business Development Manager Western Eur...
7792,Senior Business Development Representative,Business Development,en,Senior Business Development Representative
7793,Senior Business Improvement Manager,Business Development,en,Senior Business Improvement Manager
7794,Senior Business Intelligence & CRM Manager,Business Development,en,Senior Business Intelligence & CRM Manager
7795,Senior Business Manager,Business Development,en,Senior Business Manager
7796,Senior Business Partner CRM,Business Development,en,Senior Business Partner CRM
7797,Senior Consultant for Business Intelligence Sol...,Business Development,en,Senior Consultant for Business Intelligence Sol...
7798,Senior Coordinator Business Development and CRM,Business Development,en,Senior Coordinator Business Development and CRM
7799,Senior CRM & Data Business Transformation Manager,Business Development,en,Senior CRM & Data Business Transformation Manager
7800,Senior Data & Business Analyst,Business Development,en,Senior Data & Business Analyst
7801,Senior Digital Business Consultant / Strategist,Business Development,en,Senior Digital Business Consultant / Strategist
7802,Senior Events & Business associate,Business Development,it,Senior Events & Business associate
7803,Senior IT Business Analyst,Business Development,en,Senior IT Business Analyst
7804,Senior IT Project Manager Business Intelligence,Business Development,en,Senior IT Project Manager Business Intelligence
7805,Senior Key Account Manager - Business Solutions,Business Development,en,Senior Key Account Manager - Business Solutions
7806,Senior Manager - Business Development,Business Development,en,Senior Manager - Business Development
7807,Senior Manager - Business Development/ Business...,Business Development,en,Senior Manager - Business Development/ Business...
7808,Senior Manager Business & Innovation,Business Development,en,Senior Manager Business & Innovation
7809,Senior Manager Business Development,Business Development,en,Senior Manager Business Development
7810,Senior Manager Business Development & Strategy,Business Development,en,Senior Manager Business Development & Strategy
7811,Senior Manager Business Support,Business Development,en,Senior Manager Business Support
7812,Senior Manager Communications and Business Development CRM,Business Development,en,Senior Manager Communications and Business Development CRM
7813,Senior Manager CRM Business,Business Development,en,Senior Manager CRM Business
7814,Senior Manager of Local Business Outreach,Business Development,en,Senior Manager of Local Business Outreach
7815,Senior Manager Strategy &  Business Development,Business Development,en,Senior Manager Strategy &  Business Development
7816,Senior New Business Manager,Business Development,en,Senior New Business Manager
7817,Senior Specialist CRM Business Analysis,Business Development,en,Senior Specialist CRM Business Analysis
7818,Sr. Business Development Manager,Business Development,en,Sr. Business Development Manager
7819,Sr. Manager - Global Business Systems and CRM,Business Development,en,Sr. Manager - Global Business Systems and CRM
7820,Strategic Partner Business Manager,Business Development,en,Strategic Partner Business Manager
7821,Strategy & Business Development Manager,Business Development,en,Strategy & Business Development Manager
7822,Team Manager Business Solutions,Business Development,en,Team Manager Business Solutions
7823,Teamleiterin Manager Business Development,Business Development,de,Team leader Manager Business Development
7824,Tech Evangelist & Senior Business Development Analyst,Business Development,en,Tech Evangelist & Senior Business Development Analyst
7825,Technical Business Development Manager,Business Development,en,Technical Business Development Manager
7826,Technical Business Improvement Manager,Business Development,en,Technical Business Improvement Manager
7827,TM1-Teamleiterin und Senior Managerin Business Intelligence,Business Development,de,TM1 Team Leader and Senior Manager Business Intelligence
7828,Verkaufsleiter Geschäftsentwicklung - Chief Manager Business Development,Business Development,de,Sales Manager Business Development - Chief Manager Business Development
7829,Vielseitiger und versierter Business Development Manager mit zehn Jahren internationaler Berufserfahrung,Business Development,de,Versatile and experienced business development manager with ten years of international professional experience
7830,Berater & Interim Executive Manager,Consulting,de,Consultant & Interim Executive Manager
7831,Senior Berater,Consulting,tr,Senior Advisor
7832,Senior Berater / Projektleiter,Consulting,de,Senior Adviser / Project Manager
7833,Senior Berater | Mitglied der Geschäftsleitung,Consulting,de,Senior Adviser - Member of the Executive Board
7834,Senior-Beraterin Bürovermietung und Research,Consulting,de,Senior consultant Office rental and research
7835,Consultant and Project Manager,Consulting,en,Consultant and Project Manager
7836,Fachbereichsleiter SAP | Senior IT-Consultant | SAP-Basis,Consulting,de,"Head of the SAP Department of Business Administration, Senior IT Consultant, SAP Base"
7837,Finance Manager & ERP Consultant supporting your next business transformation | Odoo (OpenERP) | Sap | Oracle,Consulting,en,Finance Manager & ERP Consultant supporting your next business transformation | Odoo (OpenERP) | Sap | Oracle
7838,Functional Lead (Senior Consultant),Consulting,en,Functional Lead (Senior Consultant)
7839,Gründer und Senior Consultant,Consulting,de,Founder and Senior Consultant
7840,HR Consultant | HR Interim Manager | IT Recruit...,Consulting,hi,HR Consultant | HR Interim Manager | IT Recruit...
7841,IT Senior Consultant,Consulting,en,IT Senior Consultant
7842,Partner / Senior Recruitment Consultant,Consulting,en,Partner / Senior Recruitment Consultant
7843,Partner Service Manager/Recruitment Consultant,Consulting,en,Partner Service Manager/Recruitment Consultant
7844,Projektmanager / Senior Consultant,Consulting,it,Project Manager / Senior Consultant
7845,Senior Applications Consultant,Consulting,en,Senior Applications Consultant
7846,Senior Consultant,Consulting,en,Senior Consultant
7847,Senior Consultant - Digital & E-Commerce,Consulting,en,Senior Consultant - Digital & E-Commerce
7848,Senior Consultant & Head of Account Management,Consulting,en,Senior Consultant & Head of Account Management
7849,Senior Consultant & Senior Developer,Consulting,en,Senior Consultant & Senior Developer
7850,Senior Consultant / Projektmanager | Fachteamleiter,Consulting,de,Senior Consultant / Project Manager
7851,Senior Consultant Brand Partnerships DACH,Consulting,de,Senior Consultant Brand Partnerships DACH
7852,Senior Consultant Digital Transformation,Consulting,en,Senior Consultant Digital Transformation
7853,Senior Consultant IT,Consulting,en,Senior Consultant IT
7854,Senior Consultant -IT Services-,Consulting,en,Senior Consultant -IT Services-
7855,Senior Consultant IT-Lösungen,Consulting,de,Senior Consultant IT Solutions
7856,Senior Consultant NRW - Java Recruitment,Consulting,sw,Senior Consultant NRW - Java Recruitment
7857,Senior Consultant RFID-Systeme,Consulting,en,Senior Consultant RFID-Systeme
7858,Senior Consultant SAP BI,Consulting,pt,Senior Consultant SAP BI
7859,Senior Consultant SAP C/4HANA,Consulting,hi,Senior Consultant SAP C/4HANA
7860,Senior Consultant SAP HCM,Consulting,en,Senior Consultant SAP HCM
7861,Senior Conversion Consultant,Consulting,it,Senior Conversion Consultant
7862,Senior Customer Consultant,Consulting,en,Senior Customer Consultant
7863,Senior IT Consultant,Consulting,en,Senior IT Consultant
7864,Senior IT Consultant im Außendienst,Consulting,de,Senior IT consultant in field service
7865,Senior Management Consultant,Consulting,en,Senior Management Consultant
7866,Senior Managing Consultant,Consulting,en,Senior Managing Consultant
7867,Senior Presales Consultant,Consulting,it,Senior Presales Consultant
7868,Senior Programmatic Consultant,Consulting,en,Senior Programmatic Consultant
7869,Senior Recruitment Consultant,Consulting,en,Senior Recruitment Consultant
7870,Senior SAP Consultant,Consulting,en,Senior SAP Consultant
7871,Senior Software Consultant,Consulting,en,Senior Software Consultant
7872,Senior Strategic Services Consultant,Consulting,en,Senior Strategic Services Consultant
7873,Senior WordPress Coach & Consultant,Consulting,en,Senior WordPress Coach & Consultant
7874,Team Lead Consulting / Senior Consultant,Consulting,en,Team Lead Consulting / Senior Consultant
7875,Team Manager / Consultant Executive Search,Consulting,en,Team Manager / Consultant Executive Search
7876,Assistant to Head of Human Resources,Human Resources,en,Assistant to Head of Human Resources
7877,HR Assistant (compensation&evaluation specialist),Human Resources,en,HR Assistant (compensation&evaluation specialist)
7878,HR Manager,Human Resources,en,HR Manager
7879,HR Manager / Personalreferentin,Human Resources,en,HR Manager / Personalreferentin
7880,HR Manager Germany,Human Resources,de,HR Manager Germany
7881,HR Recruiting Manager,Human Resources,en,HR Recruiting Manager
7882,HR- und Event Manager / Qualitätsmanagement,Human Resources,de,HR and Event Manager / Quality Management
7883,Human Resources Manager,Human Resources,en,Human Resources Manager
7884,Manager HR Service & Recruiting,Human Resources,en,Manager HR Service & Recruiting
7885,Office Manager/HR & Payroll,Human Resources,en,Office Manager/HR & Payroll
7886,Assistante Commerciale et Administrative,Information Technology,fr,Commercial and Administrative Assistant
7887,Central Program Manager Digitalization,Information Technology,en,Central Program Manager Digitalization
7888,Corporate IT Infrastructure Manager,Information Technology,en,Corporate IT Infrastructure Manager
7889,Database- & IT-Manager,Information Technology,en,Database- & IT-Manager
7890,Digital & Innovation Project Manager,Information Technology,en,Digital & Innovation Project Manager
7891,Digital Content Manager,Information Technology,en,Digital Content Manager
7892,Digital Development Manager,Information Technology,en,Digital Development Manager
7893,Digital Evangelist & Project Manager,Information Technology,en,Digital Evangelist & Project Manager
7894,Digital Innovation Manager,Information Technology,en,Digital Innovation Manager
7895,Digital Manager,Information Technology,en,Digital Manager
7896,Digital Manager D-A-CH,Information Technology,hi,Digital Manager D-A-CH
7897,Digital Marcom Manager,Information Technology,en,Digital Marcom Manager
7898,Digital Media Manager,Information Technology,en,Digital Media Manager
7899,Digital Operations Manager,Information Technology,en,Digital Operations Manager
7900,Digital Project Manager,Information Technology,en,Digital Project Manager
7901,Digital Transformation Manager,Information Technology,en,Digital Transformation Manager
7902,Digitalization Manager Group,Information Technology,en,Digitalization Manager Group
7903,Event & Digital Manager,Information Technology,en,Event & Digital Manager
7904,Executive Administrative Assistant,Information Technology,en,Executive Administrative Assistant
7905,Global Category Manager IT - Digital Applications,Information Technology,en,Global Category Manager IT - Digital Applications
7906,Global Digital Manager,Information Technology,en,Global Digital Manager
7907,Global IT Application Manager (SAP),Information Technology,en,Global IT Application Manager (SAP)
7908,Global IT Demand Manager,Information Technology,en,Global IT Demand Manager
7909,Global IT Manager,Information Technology,en,Global IT Manager
7910,Global Manager IT,Information Technology,en,Global Manager IT
7911,Global Process Manager SAP S/4 Hana,Information Technology,ur,Global Process Manager SAP S/4 Hana
7912,Global Procurement Digital Solutions Deployment Manager,Information Technology,en,Global Procurement Digital Solutions Deployment Manager
7913,Group Digital Manager,Information Technology,en,Group Digital Manager
7914,Group IT Manager,Information Technology,en,Group IT Manager
7915,Group IT Manager DACH,Information Technology,en,Group IT Manager DACH
7916,Hauptabteilungsleiter IT / Senior Executive Manager IT,Information Technology,de,Head of IT / Senior Executive Manager IT
7917,Innovation Manager (Digital Innovation),Information Technology,en,Innovation Manager (Digital Innovation)
7918,International IT Demand Manager - Industrial,Information Technology,en,International IT Demand Manager - Industrial
7919,IT & Digital Manager,Information Technology,en,IT & Digital Manager
7920,IT & ERP Manager,Information Technology,en,IT & ERP Manager
7921,IT & System Manager,Information Technology,en,IT & System Manager
7922,IT Application Manager,Information Technology,en,IT Application Manager
7923,IT Application Project Manager,Information Technology,en,IT Application Project Manager
7924,IT Applications & Development Manager,Information Technology,en,IT Applications & Development Manager
7925,IT Configuration Manager & Service Now Administrator,Information Technology,en,IT Configuration Manager & Service Now Administrator
7926,IT Demand Manager,Information Technology,en,IT Demand Manager
7927,IT Infrastructure Manager,Information Technology,en,IT Infrastructure Manager
7928,IT Lead / Customer Solutions Manager,Information Technology,en,IT Lead / Customer Solutions Manager
7929,IT Manager,Information Technology,en,IT Manager
7930,IT Manager - Applications & Projects,Information Technology,en,IT Manager - Applications & Projects
7931,IT Manager & SAP Administrator,Information Technology,en,IT Manager & SAP Administrator
7932,IT Manager (IT Leiter SEE),Information Technology,ur,IT Manager (IT Leiter SEE)
7933,IT Manager / IT Leiter,Information Technology,de,IT Manager / IT Manager
7934,IT Manager / System Engineer,Information Technology,en,IT Manager / System Engineer
7935,IT Manager ESE Group,Information Technology,en,IT Manager ESE Group
7936,IT Manager France Air,Information Technology,en,IT Manager France Air
7937,IT Manager Germany / IT Leiter Deutschland,Information Technology,de,IT Manager Germany / IT Head of Germany
7938,IT Manager Infrastruktur,Information Technology,ur,IT Manager Infrastructure
7939,IT Manager Resopal GmbH / IT Infrastructure Leader EMEA at Wilsonart,Information Technology,nl,IT Manager Resopal GmbH / IT Infrastructure Leader EMEA at Wilsonart
7940,IT Manager SAP Mastére ME Management et stratégie d’entreprise,Information Technology,fr,IT Manager SAP Master ME Management and Business Strategy
7941,IT Product Manager,Information Technology,en,IT Product Manager
7942,IT Project and Process Manager,Information Technology,en,IT Project and Process Manager
7943,IT Project and Program Manager,Information Technology,en,IT Project and Program Manager
7944,IT Project Manager,Information Technology,en,IT Project Manager
7945,IT Project Manager Europe,Information Technology,en,IT Project Manager Europe
7946,IT Senior Projects Manager LKQ Europe,Information Technology,it,IT Senior Projects Manager LKQ Europe
7947,IT Service Manager,Information Technology,en,IT Service Manager
7948,IT Service Manager BMW,Information Technology,en,IT Service Manager BMW
7949,IT Solutions Manager,Information Technology,en,IT Solutions Manager
7950,IT Systems Manager,Information Technology,en,IT Systems Manager
7951,IT-Interim Manager,Information Technology,en,IT-Interim Manager
7952,IT-Manager,Information Technology,en,IT-Manager
7953,IT-Service Manager,Information Technology,en,IT-Service Manager
7954,IT-Systems Manager,Information Technology,en,IT-Systems Manager
7955,Manager / Digital Customer Management,Information Technology,en,Manager / Digital Customer Management
7956,Manager |  IT,Information Technology,hi,Manager |  IT
7957,Manager Digital & Compliance,Information Technology,en,Manager Digital & Compliance
7958,Manager Digital Innovation | Prokurist,Information Technology,hi,Manager Digital Innovation | Authorized signatory
7959,Manager Digital Services,Information Technology,en,Manager Digital Services
7960,Manager Digital Solutions,Information Technology,en,Manager Digital Solutions
7961,Manager Digital Strategy,Information Technology,en,Manager Digital Strategy
7962,Manager Digital Transformation,Information Technology,en,Manager Digital Transformation
7963,Manager Digitale Lösungen,Information Technology,de,Managers Digital Solutions
7964,Manager Digitale Transformation,Information Technology,en,Manager Digitale Transformation
7965,Manager Digitalization,Information Technology,en,Manager Digitalization
7966,Manager Global SAP Applications,Information Technology,en,Manager Global SAP Applications
7967,Manager IT,Information Technology,en,Manager IT
7968,Manager IT Services,Information Technology,en,Manager IT Services
7969,Manager IT Solutions Numériques ERAMET,Information Technology,fr,IT Manager Digital Solutions ERAMET
7970,Manager IT Systeme,Information Technology,en,Manager IT Systeme
7971,Manager IT- und Prozesssteuerung,Information Technology,de,Manager IT and process control
7972,Manager SAP,Information Technology,en,Manager SAP
7973,Manager SAP-Systeme/Konsolidierung,Information Technology,de,Manager SAP Systems/Consolidation
7974,Market Manager D/A/CH/IT,Information Technology,sw,Market Manager D/A/CH/IT
7975,New Digital Solutions Manager,Information Technology,en,New Digital Solutions Manager
7976,Product Manager Digital Solutions,Information Technology,en,Product Manager Digital Solutions
7977,Produktions Manager/ IT Experte,Information Technology,en,Produktions Manager/ IT Experte
7978,Program Manager / Senior IT Project Manager,Information Technology,en,Program Manager / Senior IT Project Manager
7979,Program Manager Digitalization,Information Technology,en,Program Manager Digitalization
7980,Program Manager IT Service Desk & Operations,Information Technology,en,Program Manager IT Service Desk & Operations
7981,Programm Manager Digitalisierung,Information Technology,de,Program Manager Digitization
7982,Project Manager Digitalisation,Information Technology,en,Project Manager Digitalisation
7983,Project Manager Group IT,Information Technology,en,Project Manager Group IT
7984,Project Manager IT - Digital Projects,Information Technology,en,Project Manager IT - Digital Projects
7985,Project Manager IT / IT Security Coordinator IHK,Information Technology,en,Project Manager IT / IT Security Coordinator IHK
7986,Project Manager SAP / ERP,Information Technology,en,Project Manager SAP / ERP
7987,Project Manager SAP GTS,Information Technology,en,Project Manager SAP GTS
7988,SAP Application Manager,Information Technology,en,SAP Application Manager
7989,SAP Application Manager FI,Information Technology,en,SAP Application Manager FI
7990,SAP Manager,Information Technology,en,SAP Manager
7991,SAP Project Manager,Information Technology,en,SAP Project Manager
7992,SAP-Senior Berater,Information Technology,tr,SAP senior consultant
7993,Senior Digital Manager,Information Technology,en,Senior Digital Manager
7994,Senior IT Architect,Information Technology,en,Senior IT Architect
7995,Senior IT Architekt und Mentor digitale Prozesse,Information Technology,de,Senior IT architect and mentor digital processes
7996,Senior IT Coordinator,Information Technology,en,Senior IT Coordinator
7997,Senior IT Manager Digitale Transformation,Information Technology,en,Senior IT Manager Digitale Transformation
7998,Senior IT Project Manager,Information Technology,en,Senior IT Project Manager
7999,Senior IT Specialist,Information Technology,en,Senior IT Specialist
8000,Senior Manager IT,Information Technology,en,Senior Manager IT
8001,Senior Manager IT- & Data Management,Information Technology,en,Senior Manager IT- & Data Management
8002,Senior Manager IT Innovations,Information Technology,en,Senior Manager IT Innovations
8003,Senior Project Manager DIGITAL,Information Technology,en,Senior Project Manager DIGITAL
8004,Senior Referent Strategie und Digitalisierung der Erdgas Südwest GmbH,Information Technology,de,Senior Speaker Strategy and Digitization of Gas Südwest GmbH
8005,Senior Vice President (SVP)  SAP Solutions,Information Technology,en,Senior Vice President (SVP)  SAP Solutions
8006,Senior Vice President IT & Prozesse - Mitglied der operativen Geschäftsleitung,Information Technology,de,Senior Vice President IT & Processes - Member of the operational management
8007,Service Team Manager - IT Operations,Information Technology,en,Service Team Manager - IT Operations
8008,Social  & Digital Media Manager,Information Technology,en,Social  & Digital Media Manager
8009,Stellv. Manager SAP Personalberatung,Information Technology,de,Stellv. Manager SAP Head Office
8010,Americas CRM Manager,Information Technology,en,Americas CRM Manager
8011,Application Manager CRM / DWH,Information Technology,ur,Application Manager CRM / DWH
8012,Application Manager ERP & CRM,Information Technology,en,Application Manager ERP & CRM
8013,Application Manager IT CRM,Information Technology,en,Application Manager IT CRM
8014,Application Manager Microsoft Dynamics CRM,Information Technology,en,Application Manager Microsoft Dynamics CRM
8015,Assistant Global CRM Team Leader,Information Technology,en,Assistant Global CRM Team Leader
8016,Assistant to Head of CRM,Information Technology,en,Assistant to Head of CRM
8017,Assistante de Direction Commerciale - Chef de projet CRM,Information Technology,fr,Sales Assistant - CRM Project Manager
8018,B2B CRM & Operations Manager EMEA,Information Technology,pt,B2B CRM & Operations Manager EMEA
8019,Brand Manager CRM/Digital,Information Technology,en,Brand Manager CRM/Digital
8020,Campaign Manager CRM SATURN,Information Technology,nl,Campaign Manager CRM SATURN
8021,Client Knowledge & CRM Manager,Information Technology,en,Client Knowledge & CRM Manager
8022,Corporate Online & CRM Manager Switzerland,Information Technology,en,Corporate Online & CRM Manager Switzerland
8023,CRM - Growth Managerin,Information Technology,en,CRM - Growth Managerin
8024,CRM & BI Product Manager ?,Information Technology,en,CRM & BI Product Manager ?
8025,CRM & communication Manager,Information Technology,en,CRM & communication Manager
8026,CRM & Content Manager,Information Technology,en,CRM & Content Manager
8027,CRM & Digital Manager,Information Technology,en,CRM & Digital Manager
8028,CRM & Direktmarketing Managerin,Information Technology,de,CRM & Direct Marketing Manager
8029,CRM & Lead Manager,Information Technology,en,CRM & Lead Manager
8030,CRM & Partner Manager,Information Technology,en,CRM & Partner Manager
8031,CRM & SFE Manager DACH,Information Technology,de,CRM & SFE Manager DACH
8032,CRM & Technical Project Manager,Information Technology,en,CRM & Technical Project Manager
8033,CRM / ERP IT Manager,Information Technology,en,CRM / ERP IT Manager
8034,CRM / Senior Manager Strategische Projekte,Information Technology,de,CRM / Senior Manager Strategic Projects
8035,CRM and analytics Manager @Flokk,Information Technology,en,CRM and analytics Manager @Flokk
8036,CRM Application Manager,Information Technology,en,CRM Application Manager
8037,CRM Application Manager / Global IT Baerlocher GmbH,Information Technology,de,CRM Application Manager / Global IT Baerlocher GmbH
8038,CRM Campaign and Content Manager,Information Technology,en,CRM Campaign and Content Manager
8039,CRM Group Manager,Information Technology,en,CRM Group Manager
8040,CRM Manager,Information Technology,en,CRM Manager
8041,CRM Manager - AG,Information Technology,ur,CRM Manager - AG
8042,CRM Manager - Group Commercial Excellence,Information Technology,en,CRM Manager - Group Commercial Excellence
8043,CRM Manager B2B,Information Technology,en,CRM Manager B2B
8044,CRM Manager bei Contorion,Information Technology,de,CRM Manager at Contorion
8045,CRM Manager Continental Europe,Information Technology,en,CRM Manager Continental Europe
8046,CRM Manager Customer Analytics,Information Technology,en,CRM Manager Customer Analytics
8047,CRM Manager D2C,Information Technology,en,CRM Manager D2C
8048,CRM Manager DACH,Information Technology,de,CRM Manager DACH
8049,CRM Manager EMEA,Information Technology,pt,CRM Manager EMEA
8050,CRM Manager EMEA (Europe Middle East & Africa),Information Technology,nl,CRM Manager EMEA (Europe Middle East & Africa)
8051,CRM Manager Homag Group,Information Technology,hi,CRM Manager Homag Group
8052,CRM Manager International,Information Technology,en,CRM Manager International
8053,CRM Manager Northern Europe,Information Technology,en,CRM Manager Northern Europe
8054,CRM Managerin,Information Technology,en,CRM Managerin
8055,CRM PRM Campaign Manager,Information Technology,en,CRM PRM Campaign Manager
8056,CRM Process Manager,Information Technology,en,CRM Process Manager
8057,CRM Product Manager,Information Technology,en,CRM Product Manager
8058,CRM Program Manager,Information Technology,en,CRM Program Manager
8059,CRM Project Manager,Information Technology,en,CRM Project Manager
8060,CRM Project Manager EMEA,Information Technology,en,CRM Project Manager EMEA
8061,CRM Project Manager EUN,Information Technology,en,CRM Project Manager EUN
8062,CRM Projekt Manager,Information Technology,en,CRM Projekt Manager
8063,CRM Solution Manager,Information Technology,en,CRM Solution Manager
8064,CRM Success Manager & Global Client Data Governor,Information Technology,en,CRM Success Manager & Global Client Data Governor
8065,CRM/ Online Fundraising Manager,Information Technology,en,CRM/ Online Fundraising Manager
8066,CRM-Implementation/Manager,Information Technology,en,CRM-Implementation/Manager
8067,CRM-Manager,Information Technology,en,CRM-Manager
8068,CRM-Managerin,Information Technology,en,CRM-Managerin
8069,CRM-Spezialist/Manager Microsoft Dynamics CRM,Information Technology,pt,CRM-Spezialist/Manager Microsoft Dynamics CRM
8070,Customer Experience & CRM Manager / Digital Channels,Information Technology,en,Customer Experience & CRM Manager / Digital Channels
8071,Customerservice Manager und CRM Systemmanager,Information Technology,de,Customerservice Manager and CRM System Manager
8072,Deputy Head of CRM / Senior Credit Officer (NPL...,Information Technology,en,Deputy Head of CRM / Senior Credit Officer (NPL...
8073,Digital & CRM Manager,Information Technology,en,Digital & CRM Manager
8074,Digital CRM Manager,Information Technology,en,Digital CRM Manager
8075,Field Force Effectiveness Manager/ Senior CRM Manager,Information Technology,en,Field Force Effectiveness Manager/ Senior CRM Manager
8076,Global CRM Manager,Information Technology,en,Global CRM Manager
8077,Global CRM Market Deployment Manager,Information Technology,en,Global CRM Market Deployment Manager
8078,Global CRM Project Management and Change Manager,Information Technology,en,Global CRM Project Management and Change Manager
8079,Global Digital CRM Manager,Information Technology,en,Global Digital CRM Manager
8080,Group CRM Manager,Information Technology,en,Group CRM Manager
8081,Group Manager CRM,Information Technology,en,Group Manager CRM
8082,Head of Lead Management/ CRM Manager,Information Technology,en,Head of Lead Management/ CRM Manager
8083,Inhaber/GL/CRM+CX Visionär/Senior Analyst/Trainer+Coach/Netzwerker,Information Technology,de,Owner/GL/CRM+CX Visionary/Senior Analyst/Trainer+Coach/Networker
8084,International CRM Manager,Information Technology,en,International CRM Manager
8085,IS Project Manager CRM,Information Technology,en,IS Project Manager CRM
8086,IT Application Manager CRM,Information Technology,en,IT Application Manager CRM
8087,IT CRM Service Manager,Information Technology,en,IT CRM Service Manager
8088,IT DIGITAL | RETAIL | CRM | ECOMMERCE Domain Manager,Information Technology,hi,IT DIGITAL | RETAIL | CRM | ECOMMERCE Domain Manager
8089,IT-Manager Digitalisierungsprojekte - Einführung CRM,Information Technology,de,IT Manager Digitization Projects - Introduction CRM
8090,Kampagnen Manager - CRM,Information Technology,en,Kampagnen Manager - CRM
8091,Lead CRM Manager,Information Technology,en,Lead CRM Manager
8092,Lead CRM Manager (Tchibo Community),Information Technology,sw,Lead CRM Manager (Tchibo Community)
8093,Manager / Expertise CRM - SI,Information Technology,en,Manager / Expertise CRM - SI
8094,Manager Campaing & CRM,Information Technology,en,Manager Campaing & CRM
8095,Manager Commercial Effectiveness (CRM),Information Technology,en,Manager Commercial Effectiveness (CRM)
8096,Manager Commercial Excellence Pricing & CRM - Continental Europe,Information Technology,en,Manager Commercial Excellence Pricing & CRM - Continental Europe
8097,Manager CRM,Information Technology,en,Manager CRM
8098,Manager CRM Online Retail,Information Technology,en,Manager CRM Online Retail
8099,Manager CRM Software,Information Technology,en,Manager CRM Software
8100,Manager CRM Solutions,Information Technology,en,Manager CRM Solutions
8101,Manager CRM Strategy & Operations,Information Technology,en,Manager CRM Strategy & Operations
8102,Manager CRM Systems,Information Technology,en,Manager CRM Systems
8103,Manager CRM/Media,Information Technology,en,Manager CRM/Media
8104,Manager Customer Relations / CRM,Information Technology,en,Manager Customer Relations / CRM
8105,Manager Direktmarketing & CRM,Information Technology,ur,Manager Direct Marketing & CRM
8106,Manager E-Solution & CRM,Information Technology,en,Manager E-Solution & CRM
8107,Manager Global CRM,Information Technology,en,Manager Global CRM
8108,Manager IT CRM,Information Technology,en,Manager IT CRM
8109,Manager Master Data Management SAP / CRM,Information Technology,en,Manager Master Data Management SAP / CRM
8110,Manager Offer Coordination & CRM,Information Technology,en,Manager Offer Coordination & CRM
8111,Manager SAP CRM,Information Technology,en,Manager SAP CRM
8112,Managerin für  CRM-Projekte,Information Technology,de,Manager for CRM projects
8113,nationaler Verkaufsleiter Industrie/Handel und CRM- Manager in Personalunion,Information Technology,de,National Sales Manager Industry/Trade and CRM Manager in Personnel Union
8114,Online CRM Manager,Information Technology,en,Online CRM Manager
8115,Pricing and CRM Manager EMEA Case IH and Steyr,Information Technology,en,Pricing and CRM Manager EMEA Case IH and Steyr
8116,Product Manager CRM & Customer Care,Information Technology,en,Product Manager CRM & Customer Care
8117,Product Managerin CRM,Information Technology,en,Product Managerin CRM
8118,Project Manager & Coordinator CRM Systems,Information Technology,en,Project Manager & Coordinator CRM Systems
8119,Project Manager & CRM Manager,Information Technology,en,Project Manager & CRM Manager
8120,Project Manager / CRM Consultant,Information Technology,en,Project Manager / CRM Consultant
8121,Project Manager CRM,Information Technology,en,Project Manager CRM
8122,Project Manager CRM Applications,Information Technology,en,Project Manager CRM Applications
8123,Project Manager CRM D.A.CH.,Information Technology,en,Project Manager CRM D.A.CH.
8124,Project Manager CRM/CBM,Information Technology,en,Project Manager CRM/CBM
8125,Project Manager Global CRM,Information Technology,en,Project Manager Global CRM
8126,Project Manager MS Dynamics CRM,Information Technology,en,Project Manager MS Dynamics CRM
8127,Project Manager SAP CRM y C4C,Information Technology,es,Project Manager SAP CRM y C4C
8128,Projekt Manager BI/CRM,Information Technology,en,Projekt Manager BI/CRM
8129,Prokurist / Leit. Senior Berater CRM  / IS-U,Information Technology,de,Senior Consultant CRM / IS-U
8130,SAP CRM Projekt Manager,Information Technology,en,SAP CRM Projekt Manager
8131,SAP Hybris CRM Senior Consultant,Information Technology,pt,SAP Hybris CRM Senior Consultant
8132,SAP-CRM Support Managerin,Information Technology,en,SAP-CRM Support Managerin
8133,Senior Application Manager CRM,Information Technology,en,Senior Application Manager CRM
8134,Senior Consultant SAP CRM,Information Technology,en,Senior Consultant SAP CRM
8135,Senior CRM / Email marketing Manager,Information Technology,en,Senior CRM / Email marketing Manager
8136,Senior CRM Analyst,Information Technology,en,Senior CRM Analyst
8137,Senior CRM and Data Analytics Manager,Information Technology,en,Senior CRM and Data Analytics Manager
8138,Senior CRM Consultant,Information Technology,en,Senior CRM Consultant
8139,Senior CRM Consultant (Inhouse),Information Technology,en,Senior CRM Consultant (Inhouse)
8140,Senior CRM Coordinator,Information Technology,en,Senior CRM Coordinator
8141,Senior CRM Manager,Information Technology,en,Senior CRM Manager
8142,Senior CRM Managerin,Information Technology,en,Senior CRM Managerin
8143,Senior CRM Planner // Teamlead,Information Technology,en,Senior CRM Planner // Teamlead
8144,Senior CRM Projektmanager,Information Technology,en,Senior CRM Projektmanager
8145,Senior CRM System Manager,Information Technology,en,Senior CRM System Manager
8146,Senior Digital CRM Manager,Information Technology,en,Senior Digital CRM Manager
8147,Senior Expert Global CRM,Information Technology,en,Senior Expert Global CRM
8148,Senior Global CRM Leader,Information Technology,en,Senior Global CRM Leader
8149,Senior Global CRM Manager,Information Technology,en,Senior Global CRM Manager
8150,Senior Information Technology Specialist for CRM application,Information Technology,en,Senior Information Technology Specialist for CRM application
8151,Senior Inhouse CRM Consultant,Information Technology,en,Senior Inhouse CRM Consultant
8152,Senior IT Consulting - Schwerpunkt MS Dynamics CRM,Information Technology,de,Senior IT Consulting - focus MS Dynamics CRM
8153,Senior IT Project Manager CRM,Information Technology,en,Senior IT Project Manager CRM
8154,Senior Manager CRM,Information Technology,en,Senior Manager CRM
8155,Senior Manager Interactive Media & CRM,Information Technology,en,Senior Manager Interactive Media & CRM
8156,Senior Manager Lead Generation & CRM,Information Technology,en,Senior Manager Lead Generation & CRM
8157,Senior Online marketing Manager /eCRM,Information Technology,en,Senior Online marketing Manager /eCRM
8158,Senior Product & Process Owner CRM,Information Technology,en,Senior Product & Process Owner CRM
8159,Senior Product Owner CRM,Information Technology,en,Senior Product Owner CRM
8160,Senior Projektmanager CRM,Information Technology,en,Senior Projektmanager CRM
8161,Senior Solution Specialist CRM,Information Technology,en,Senior Solution Specialist CRM
8162,Senior Specialist ERP & CRM,Information Technology,en,Senior Specialist ERP & CRM
8163,Senior System Manager CRM,Information Technology,en,Senior System Manager CRM
8164,Senior-Projektmanager CRM/Kommunikation,Information Technology,hi,Senior Project Manager CRM/Communications
8165,Solution Manager CRM/BI/Data,Information Technology,en,Solution Manager CRM/BI/Data
8166,Solution Manager IT CRM,Information Technology,en,Solution Manager IT CRM
8167,Solutions Manager CRM,Information Technology,en,Solutions Manager CRM
8168,Technischer Support & CRM Manager,Information Technology,de,Technical Support & CRM Manager
8169,Trainee CRM Manager,Information Technology,en,Trainee CRM Manager
8170,Verkaufsleiter Industrie/Handel und CRM- Manager in Personalunion,Information Technology,de,Sales Manager Industry/Trade and CRM Manager in Personalunion
8171,A&D Marketing Manager Germany & Switzerland,Marketing,it,A&D Marketing Manager Germany & Switzerland
8172,Academia Segment Marketing Manager Europe,Marketing,en,Academia Segment Marketing Manager Europe
8173,Account & Marketing Manager,Marketing,en,Account & Marketing Manager
8174,Account Manager – Werbung · Marketing · Messen · Ausstellungen · Veranstaltungen,Marketing,de,Account Manager – Advertising · Marketing · Fairs · Exhibitions · Events
8175,Account Manager (Messe Kontakt),Marketing,de,Account Manager (trade fair contact)
8176,Account Manager / HR Marketing,Marketing,en,Account Manager / HR Marketing
8177,Account Manager Marketing & Sales Germany,Marketing,en,Account Manager Marketing & Sales Germany
8178,Account Manager Online Marketing,Marketing,en,Account Manager Online Marketing
8179,Account Managerin Marketing & Kommunikation,Marketing,de,Account Manager Marketing & Communication
8180,Account-Managerin & Marketing,Marketing,en,Account-Managerin & Marketing
8181,Affiliate Marketing Manager,Marketing,en,Affiliate Marketing Manager
8182,Aftermarket Marketing Product Manager,Marketing,en,Aftermarket Marketing Product Manager
8183,Area Marketing Manager DACH,Marketing,hi,Area Marketing Manager DACH
8184,Area Sales Manager / Marketing Manager,Marketing,en,Area Sales Manager / Marketing Manager
8185,Assistant Achat & Marketing,Marketing,en,Assistant Achat & Marketing
8186,Assistant CSO / Marketing,Marketing,en,Assistant CSO / Marketing
8187,Assistant Manager Marketing,Marketing,en,Assistant Manager Marketing
8188,Assistant Marketing & Communication,Marketing,en,Assistant Marketing & Communication
8189,Assistant Marketing & Communications,Marketing,en,Assistant Marketing & Communications
8190,Assistant Marketing & Events,Marketing,en,Assistant Marketing & Events
8191,Assistant Marketing & Key Account Management,Marketing,en,Assistant Marketing & Key Account Management
8192,Assistant Marketing & PR,Marketing,en,Assistant Marketing & PR
8193,Assistant Marketing & Sales,Marketing,en,Assistant Marketing & Sales
8194,Assistant Marketing & Sales Corporate Communica...,Marketing,en,Assistant Marketing & Sales Corporate Communica...
8195,Assistant Marketing & Sales International,Marketing,en,Assistant Marketing & Sales International
8196,Assistant Marketing and Sales,Marketing,en,Assistant Marketing and Sales
8197,Assistant Marketing Business Unit Immunology,Marketing,en,Assistant Marketing Business Unit Immunology
8198,Assistant Marketing Digital,Marketing,en,Assistant Marketing Digital
8199,Assistant Marketing Manager,Marketing,en,Assistant Marketing Manager
8200,Assistant Marketing Product Management Diagnostics Division,Marketing,en,Assistant Marketing Product Management Diagnostics Division
8201,Assistant Marketing/Training/Sales,Marketing,en,Assistant Marketing/Training/Sales
8202,Assistant Sales & Marketing,Marketing,en,Assistant Sales & Marketing
8203,Assistant Sales and Marketing,Marketing,en,Assistant Sales and Marketing
8204,Assistant Technical Marketing,Marketing,en,Assistant Technical Marketing
8205,Assistant to Head of International Sales & Marketing / Regional Head of EMEA,Marketing,en,Assistant to Head of International Sales & Marketing / Regional Head of EMEA
8206,Assistant to Head of Organizational Development and Marketing,Marketing,en,Assistant to Head of Organizational Development and Marketing
8207,Assistant to head of Sales & Marketing,Marketing,en,Assistant to head of Sales & Marketing
8208,Assistant to Marketing,Marketing,en,Assistant to Marketing
8209,Assistant to Marketing Communication,Marketing,en,Assistant to Marketing Communication
8210,Assistante administrative et commerciale - Communication,Marketing,fr,Administrative and Commercial Assistant - Communication
8211,Assistante Marketing,Marketing,en,Assistante Marketing
8212,Assistante Marketing & Communication,Marketing,en,Assistante Marketing & Communication
8213,Assistantin Geschäftsführung / Kommunikation,Marketing,de,Assistant Management / Communication
8214,Associate Manager - Marketing Automation // Salesforce Business Group Competence and Innovation Center,Marketing,en,Associate Manager - Marketing Automation // Salesforce Business Group Competence and Innovation Center
8215,B2B Marketing Manager,Marketing,en,B2B Marketing Manager
8216,B2B Marketing Manager EMEA,Marketing,pt,B2B Marketing Manager EMEA
8217,B2B Marketing Managerin,Marketing,en,B2B Marketing Managerin
8218,B2B Online Marketing Manager Central Europe,Marketing,en,B2B Online Marketing Manager Central Europe
8219,B2B-Marketing-Manager,Marketing,en,B2B-Marketing-Manager
8220,B2C Product Marketing Partnership Manager,Marketing,en,B2C Product Marketing Partnership Manager
8221,Brand Manager Direct to Consumer Marketing/ CRM Leader DACH,Marketing,en,Brand Manager Direct to Consumer Marketing/ CRM Leader DACH
8222,Brand Marketing Communication Manager,Marketing,en,Brand Marketing Communication Manager
8223,Business Analyst Manager Marketing,Marketing,en,Business Analyst Manager Marketing
8224,Business Development & Marketing BtoB Assistant,Marketing,en,Business Development & Marketing BtoB Assistant
8225,Business Development & Marketing Manager,Marketing,en,Business Development & Marketing Manager
8226,Business Development Manager (Messe Kontakt),Marketing,ur,Business Development Manager (trade fair contact)
8227,Business Development Manager / Digitalization and Digital Transformation & Marketing & Communication,Marketing,en,Business Development Manager / Digitalization and Digital Transformation & Marketing & Communication
8228,Business Development Manager / Marketing & Communication,Marketing,en,Business Development Manager / Marketing & Communication
8229,Business Enablement Manager - Marketing & Sales,Marketing,en,Business Enablement Manager - Marketing & Sales
8230,Business Insurance Manager & Marketing Manager,Marketing,en,Business Insurance Manager & Marketing Manager
8231,Business Marketing Manager,Marketing,en,Business Marketing Manager
8232,Business Marketing Manager DACH,Marketing,de,Business Marketing Manager DACH
8233,Business Unit Manager Marketing,Marketing,en,Business Unit Manager Marketing
8234,Business Unit Manager Marketing Communications & Services,Marketing,en,Business Unit Manager Marketing Communications & Services
8235,Business Unit Marketing Manager,Marketing,en,Business Unit Marketing Manager
8236,Campaign Manager Marketing Automation,Marketing,en,Campaign Manager Marketing Automation
8237,Central Marketing Manager,Marketing,en,Central Marketing Manager
8238,Channel & Commercial Marketing Manager,Marketing,en,Channel & Commercial Marketing Manager
8239,Channel Marketing Manager,Marketing,en,Channel Marketing Manager
8240,Channel Marketing Manager (Messe Kontakt),Marketing,de,Channel Marketing Manager (trade fair contact)
8241,Channel Marketing Manager Central Europe,Marketing,en,Channel Marketing Manager Central Europe
8242,Channel Marketing Manager DACH,Marketing,hi,Channel Marketing Manager DACH
8243,Channel Marketing Manager DACH & Poland,Marketing,en,Channel Marketing Manager DACH & Poland
8244,Channel Marketing Manager EDU,Marketing,en,Channel Marketing Manager EDU
8245,Channel Marketing Manager Reseller (Messe Kontakt),Marketing,de,Channel Marketing Manager Reseller (Trade Fair Contact)
8246,Channel Sales & Marketing Manager,Marketing,en,Channel Sales & Marketing Manager
8247,Commercial Marketing Manager Particle Counting & Characterization EMEAI,Marketing,en,Commercial Marketing Manager Particle Counting & Characterization EMEAI
8248,Communication - Marketing Manager / IT solutions and services,Marketing,en,Communication - Marketing Manager / IT solutions and services
8249,Communication & Image Manager,Marketing,en,Communication & Image Manager
8250,Communication & Marketing Manager Road Logistics,Marketing,en,Communication & Marketing Manager Road Logistics
8251,Communication & Organizational Development Manager,Marketing,en,Communication & Organizational Development Manager
8252,Communication and Marketing Manager,Marketing,en,Communication and Marketing Manager
8253,Communication Manager,Marketing,en,Communication Manager
8254,Communication Manager Germany,Marketing,de,Communication Manager Germany
8255,Communication Project Manager,Marketing,en,Communication Project Manager
8256,Communications & Events Manager - Marine & Offshore,Marketing,en,Communications & Events Manager - Marine & Offshore
8257,Communications & Events Manager @ Plastic Omnium,Marketing,nl,Communications & Events Manager @ Plastic Omnium
8258,Communications Manager,Marketing,en,Communications Manager
8259,Communications Project Manager,Marketing,en,Communications Project Manager
8260,Community Manager & Marketing Support,Marketing,en,Community Manager & Marketing Support
8261,Consultant & Marketing Managerin,Marketing,en,Consultant & Marketing Managerin
8262,Consultant / Projekt Manager Marketing & Online...,Marketing,it,Consultant / Project Manager Marketing & Online...
8263,Content Marketing Manager,Marketing,en,Content Marketing Manager
8264,Content Marketing Manager On-/Offline,Marketing,en,Content Marketing Manager On-/Offline
8265,Content Marketing Managerin,Marketing,en,Content Marketing Managerin
8266,Corporate Affairs & Communication Manager,Marketing,en,Corporate Affairs & Communication Manager
8267,Corporate Communication Manager,Marketing,en,Corporate Communication Manager
8268,Corporate Communication Manager Germany,Marketing,de,Corporate Communication Manager Germany
8269,Corporate Communications Manager,Marketing,en,Corporate Communications Manager
8270,Corporate Manager Marketing Laboratory and Analytical Technology,Marketing,en,Corporate Manager Marketing Laboratory and Analytical Technology
8271,Corporate Marketing - Project Manager Exhibitions and Events,Marketing,en,Corporate Marketing - Project Manager Exhibitions and Events
8272,Corporate Marketing & Communications Manager,Marketing,en,Corporate Marketing & Communications Manager
8273,Corporate Marketing Event Manager,Marketing,en,Corporate Marketing Event Manager
8274,Corporate Marketing Manager,Marketing,en,Corporate Marketing Manager
8275,Corporate Marketing Manager - Messen/Werbung,Marketing,de,Corporate Marketing Manager - Fairs/Advertising
8276,Corporate Projects and Communication Manager,Marketing,en,Corporate Projects and Communication Manager
8277,Country Communication & Marketing Manager France,Marketing,en,Country Communication & Marketing Manager France
8278,Country Marketing Manager,Marketing,en,Country Marketing Manager
8279,Country Marketing Manager Germany & France,Marketing,en,Country Marketing Manager Germany & France
8280,Country Marketing Managerin DACH,Marketing,en,Country Marketing Managerin DACH
8281,CRM & Automation Marketing Manager,Marketing,en,CRM & Automation Marketing Manager
8282,CRM & Direct Marketing Manager,Marketing,en,CRM & Direct Marketing Manager
8283,CRM & Email-Marketing Manager,Marketing,en,CRM & Email-Marketing Manager
8284,CRM & Marketing Assistant,Marketing,en,CRM & Marketing Assistant
8285,CRM & Marketing Automation Manager,Marketing,en,CRM & Marketing Automation Manager
8286,CRM & Retention Marketing Managerin,Marketing,en,CRM & Retention Marketing Managerin
8287,CRM Manager / Marketing,Marketing,en,CRM Manager / Marketing
8288,CRM Marketing Manager,Marketing,en,CRM Marketing Manager
8289,CRM-Manager im Bereich Marketing,Marketing,de,CRM Manager in Marketing
8290,Customer Marketing Manager DACH,Marketing,de,Customer Marketing Manager DACH
8291,DACH Marketing Manager,Marketing,hi,DACH Marketing Manager
8292,Data / CRM Marketing Manager,Marketing,en,Data / CRM Marketing Manager
8293,Database Marketing Manager,Marketing,en,Database Marketing Manager
8294,Department Manager Marketing,Marketing,en,Department Manager Marketing
8295,Deputy Division Manager Sales & Marketing,Marketing,en,Deputy Division Manager Sales & Marketing
8296,Deputy Marketing Manager,Marketing,en,Deputy Marketing Manager
8297,Digital & Data Marketing Manager,Marketing,en,Digital & Data Marketing Manager
8298,Digital and Communication Manager - Valeo Service France,Marketing,en,Digital and Communication Manager - Valeo Service France
8299,Digital Communication Managerin,Marketing,en,Digital Communication Managerin
8300,Digital Marketing & Communication Manager,Marketing,en,Digital Marketing & Communication Manager
8301,Digital Marketing & Content Manager,Marketing,en,Digital Marketing & Content Manager
8302,Digital Marketing & CRM Manager,Marketing,en,Digital Marketing & CRM Manager
8303,Digital Marketing & Sales Manager,Marketing,en,Digital Marketing & Sales Manager
8304,Digital Marketing and Innovation Manager/ Automotive,Marketing,en,Digital Marketing and Innovation Manager/ Automotive
8305,Digital Marketing Manager,Marketing,en,Digital Marketing Manager
8306,Digital Marketing Manager (zone LAT),Marketing,tr,Digital Marketing Manager (zone LAT)
8307,Digital Marketing Manager B2B,Marketing,en,Digital Marketing Manager B2B
8308,Digital Marketing Manager EMEA,Marketing,pt,Digital Marketing Manager EMEA
8309,Digital Marketing Manager Global + EMEA,Marketing,pt,Digital Marketing Manager Global + EMEA
8310,Digital Marketing Project Manager,Marketing,en,Digital Marketing Project Manager
8311,Digital Offer Marketing Manager,Marketing,en,Digital Offer Marketing Manager
8312,Direct Marketing Manager,Marketing,en,Direct Marketing Manager
8313,Distribution Manager im GB Vertrieb & Marketing,Marketing,de,Distribution Manager in GB Sales & Marketing
8314,Division Manager Communication,Marketing,en,Division Manager Communication
8315,E-Commerce Marketing Manager,Marketing,en,E-Commerce Marketing Manager
8316,Ecommerce Sales & Marketing Manager,Marketing,en,Ecommerce Sales & Marketing Manager
8317,E-Mail-Marketing Manager,Marketing,en,E-Mail-Marketing Manager
8318,EMEA Field Marketing Manager,Marketing,pt,EMEA Field Marketing Manager
8319,EMEA Marketing Communications & Digital Marketing Manager,Marketing,pt,EMEA Marketing Communications & Digital Marketing Manager
8320,EMEA Marketing Communications & eCommerce Manager,Marketing,pt,EMEA Marketing Communications & eCommerce Manager
8321,EMEA Marketing Communications Manager,Marketing,pt,EMEA Marketing Communications Manager
8322,EMEA Marketing Manager,Marketing,pt,EMEA Marketing Manager
8323,EMEA Marketing Solutions Manager - Responsable Marketing EMEA,Marketing,pt,EMEA Marketing Solutions Manager - Responsable Marketing EMEA
8324,Engineering & Manager Marketing,Marketing,en,Engineering & Manager Marketing
8325,Enterprise Field Marketing Manager CE,Marketing,en,Enterprise Field Marketing Manager CE
8326,EuroCentral Event Manager & Transportation & Mobility Marketing Program Manager,Marketing,en,EuroCentral Event Manager & Transportation & Mobility Marketing Program Manager
8327,European Marketing and Communications Manager,Marketing,en,European Marketing and Communications Manager
8328,European Sales & Marketing Manager,Marketing,en,European Sales & Marketing Manager
8329,European Sales and Marketing Manager,Marketing,en,European Sales and Marketing Manager
8330,Event & Communication Manager,Marketing,en,Event & Communication Manager
8331,Event & Marketing Manager,Marketing,en,Event & Marketing Manager
8332,Event & Marketing Manager / Marketing / Werbung / PR,Marketing,de,Event & Marketing Manager / Marketing / Advertising / PR
8333,Event- & Online-Marketing Managering,Marketing,en,Event- & Online-Marketing Managering
8334,Event and Communications Manager,Marketing,en,Event and Communications Manager
8335,Event and Sports Communications - Manager Event Communication,Marketing,en,Event and Sports Communications - Manager Event Communication
8336,Event Manager - Marketing,Marketing,en,Event Manager - Marketing
8337,Event Manager | Marketing,Marketing,hi,Event Manager | Marketing
8338,Event Manager Marketing Communications,Marketing,en,Event Manager Marketing Communications
8339,Event Marketing Manager,Marketing,en,Event Marketing Manager
8340,Event Marketing Manager (Messe Ansprechpartner),Marketing,de,Event Marketing Manager (trade fair contact)
8341,Event- und Marketing-Manager,Marketing,de,Event and Marketing Manager
8342,Event- und Marketing-Managerin,Marketing,de,Event and Marketing Manager
8343,Event-Managerin / Kommunikation,Marketing,de,Event Manager / Communication
8344,Event-Marketing Manager,Marketing,en,Event-Marketing Manager
8345,Events & Digital Marketing Manager EMEA,Marketing,pt,Events & Digital Marketing Manager EMEA
8346,Executive & Marketing Assistant,Marketing,en,Executive & Marketing Assistant
8347,Executive Assistant Business Development & Marketing,Marketing,en,Executive Assistant Business Development & Marketing
8348,Executive Assistant Marketing,Marketing,en,Executive Assistant Marketing
8349,Executive Assistant Sales Marketing,Marketing,en,Executive Assistant Sales Marketing
8350,Executive Assistant to Head of Sales and Marketing Mercedes-Benz Vans,Marketing,en,Executive Assistant to Head of Sales and Marketing Mercedes-Benz Vans
8351,Executive Manager Sales & Marketing,Marketing,en,Executive Manager Sales & Marketing
8352,Exhibition Manager | Marketing | Design,Marketing,hi,Exhibition Manager | Marketing | Design
8353,Export Marketing & Sales Manager,Marketing,en,Export Marketing & Sales Manager
8354,Field Marketing Manager,Marketing,en,Field Marketing Manager
8355,Field Marketing Manager (Messe Kontakt),Marketing,ur,Field Marketing Manager (Exhibition Contact)
8356,Field Marketing Manager Central,Marketing,en,Field Marketing Manager Central
8357,Field Marketing Manager Central Europe,Marketing,en,Field Marketing Manager Central Europe
8358,Field Marketing Manager DACH,Marketing,de,Field Marketing Manager DACH
8359,Field Marketing Manager Europe,Marketing,en,Field Marketing Manager Europe
8360,Field Marketing-Manager,Marketing,en,Field Marketing-Manager
8361,Field Marketing-Manager DACH,Marketing,en,Field Marketing-Manager DACH
8362,Finance/Marketing & Sales Managerin,Marketing,en,Finance/Marketing & Sales Managerin
8363,France Field Marketing Manager,Marketing,en,France Field Marketing Manager
8364,General Manager (Messe Kontakt),Marketing,ur,General Manager (Exhibition Contact)
8365,General Manager Marketing & Sales,Marketing,en,General Manager Marketing & Sales
8366,General Manager Sales & Marketing,Marketing,en,General Manager Sales & Marketing
8367,Global Brand Communication Manager,Marketing,en,Global Brand Communication Manager
8368,Global Communication Manager,Marketing,en,Global Communication Manager
8369,Global Communications Manager,Marketing,en,Global Communications Manager
8370,Global CRM and Marketing Manager - Nespresso Professional,Marketing,en,Global CRM and Marketing Manager - Nespresso Professional
8371,Global Digital Marketing Manager,Marketing,en,Global Digital Marketing Manager
8372,Global Digital Marketing Senior Manager Customer Engagement | CRM | Loyalty | Acquisition,Marketing,en,Global Digital Marketing Senior Manager Customer Engagement | CRM | Loyalty | Acquisition
8373,Global Marketing & Business Development Manager – Infrastructure,Marketing,en,Global Marketing & Business Development Manager – Infrastructure
8374,Global Marketing Communications Manager,Marketing,en,Global Marketing Communications Manager
8375,Global Marketing Exhibition & Event Manager,Marketing,en,Global Marketing Exhibition & Event Manager
8376,Global Marketing Exhibition Manager,Marketing,en,Global Marketing Exhibition Manager
8377,Global Marketing Manager,Marketing,en,Global Marketing Manager
8378,Global Marketing Manager | Green Polymer Additives,Marketing,en,Global Marketing Manager | Green Polymer Additives
8379,Global Marketing Manager Automotive,Marketing,en,Global Marketing Manager Automotive
8380,Global Marketing Manager CRM,Marketing,en,Global Marketing Manager CRM
8381,Global Marketing Manager Exhibitions and Events,Marketing,en,Global Marketing Manager Exhibitions and Events
8382,Global Project Manager Marketing & Sales Solutions,Marketing,en,Global Project Manager Marketing & Sales Solutions
8383,Global Sales & Marketing Manager,Marketing,en,Global Sales & Marketing Manager
8384,Global Sales & Marketing Manager Linings,Marketing,en,Global Sales & Marketing Manager Linings
8385,Global Sales and Marketing Manager - Rack Mounting Solutions,Marketing,en,Global Sales and Marketing Manager - Rack Mounting Solutions
8386,Global Senior Marketing Manager - HID & Forensics,Marketing,en,Global Senior Marketing Manager - HID & Forensics
8387,Global Trade Show and Marketing Event Manager,Marketing,en,Global Trade Show and Marketing Event Manager
8388,Grafik-Designerin (B.A.) & Online-Marketing-Managerin,Marketing,tr,Graphic designer (B.A.) & online marketing manager
8389,Group Communication & Event Manager,Marketing,en,Group Communication & Event Manager
8390,Group Communications Manager,Marketing,en,Group Communications Manager
8391,Group Manager Communications,Marketing,en,Group Manager Communications
8392,Group Manager Marketing & Business Development (CMO),Marketing,en,Group Manager Marketing & Business Development (CMO)
8393,Group Manager Marketing Communications,Marketing,en,Group Manager Marketing Communications
8394,Group Manager Performance Marketing,Marketing,en,Group Manager Performance Marketing
8395,Group Marketing & Assistant to the Executive Board,Marketing,en,Group Marketing & Assistant to the Executive Board
8396,Group Marketing Communication Manager (Worldwide),Marketing,en,Group Marketing Communication Manager (Worldwide)
8397,Group Marketing Events Manager,Marketing,en,Group Marketing Events Manager
8398,Group Marketing Manager,Marketing,en,Group Marketing Manager
8399,Group Marketing Manager Aluminium Tubes,Marketing,en,Group Marketing Manager Aluminium Tubes
8400,Group Markets Clients Relationship Manager &  Group Markets Event Marketing Manager,Marketing,en,Group Markets Clients Relationship Manager &  Group Markets Event Marketing Manager
8401,Groupware/Kommunikation/Social Media Manager,Marketing,it,Groupware/Communication/Social Media Manager
8402,Head of Enterprise Marketing Manager,Marketing,en,Head of Enterprise Marketing Manager
8403,Head of Manager Marketing & Public Relations,Marketing,en,Head of Manager Marketing & Public Relations
8404,Head of Marketing - Marketing Manager,Marketing,en,Head of Marketing - Marketing Manager
8405,Head of Marketing & Innovations / Executive Assistant to the CEO,Marketing,en,Head of Marketing & Innovations / Executive Assistant to the CEO
8406,Head of Marketing / Sales Manager,Marketing,en,Head of Marketing / Sales Manager
8407,HR Marketing Manager,Marketing,en,HR Marketing Manager
8408,Human Resources & Marketing Manager,Marketing,en,Human Resources & Marketing Manager
8409,Industry Marketing & Business Development Manager,Marketing,en,Industry Marketing & Business Development Manager
8410,Influencer Marketing & Event Manager,Marketing,en,Influencer Marketing & Event Manager
8411,Innovation Manager - Events & Marketing,Marketing,en,Innovation Manager - Events & Marketing
8412,Inside Sales & Marketing Manager,Marketing,en,Inside Sales & Marketing Manager
8413,Int. Product Managerin & Marketing Managerin,Marketing,en,Int. Product Managerin & Marketing Managerin
8414,Interim Manager und Consultant Marketing (Selbstständig),Marketing,de,Interim Manager and Consultant Marketing (Self-employed)
8415,Internal Communication Manager,Marketing,en,Internal Communication Manager
8416,International Development Manager | Sales & Marketing,Marketing,en,International Development Manager | Sales & Marketing
8417,International Event Marketing Manager,Marketing,en,International Event Marketing Manager
8418,International Marketing & PR Manager,Marketing,en,International Marketing & PR Manager
8419,International Marketing & Product Manager ImuPro,Marketing,it,International Marketing & Product Manager ImuPro
8420,International Marketing Communications Manager,Marketing,en,International Marketing Communications Manager
8421,International Marketing Manager,Marketing,en,International Marketing Manager
8422,International Marketing Manager & Manager Messen und Events,Marketing,de,International Marketing Manager & Manager Trade Shows and Events
8423,International Marketing Manager (Messe Kontakt),Marketing,ur,International Marketing Manager (Exhibition Contact)
8424,International Marketing Manager for Transportation and Marketing Officer for Swiss Area,Marketing,en,International Marketing Manager for Transportation and Marketing Officer for Swiss Area
8425,International Sales & Marketing Manager,Marketing,en,International Sales & Marketing Manager
8426,International Sales & Marketing Manager Flexible Foams,Marketing,en,International Sales & Marketing Manager Flexible Foams
8427,International Sales and Marketing Assistant,Marketing,en,International Sales and Marketing Assistant
8428,IT Demand Manager Sales & Marketing,Marketing,en,IT Demand Manager Sales & Marketing
8429,IT Domain Manager for Sales and Marketing,Marketing,en,IT Domain Manager for Sales and Marketing
8430,IT-Manager & Marketing,Marketing,en,IT-Manager & Marketing
8431,Jr. Marketing Manager,Marketing,en,Jr. Marketing Manager
8432,Jr. Online-Marketing Manager,Marketing,en,Jr. Online-Marketing Manager
8433,Kauffrau für Bürokommunikation / Assistant Marketing,Marketing,de,Businesswoman for Office Communications / Assistant Marketing
8434,Key Account Manager (Messe Kontakt),Marketing,ur,Key Account Manager (trade fair contact)
8435,Key Account Manager / Marketing,Marketing,en,Key Account Manager / Marketing
8436,Key Account Manager / Messe Kontakt,Marketing,de,Key Account Manager / Trade Fair Contact
8437,Key Account Manager Convenience/Marketing Manager,Marketing,en,Key Account Manager Convenience/Marketing Manager
8438,Key Account Managerin (Sales & Marketing),Marketing,en,Key Account Managerin (Sales & Marketing)
8439,Kommunikation&PR Manager,Marketing,de,Communication & PR Manager
8440,Lead Generation Marketing Manager,Marketing,en,Lead Generation Marketing Manager
8441,Lead Marketing Assistant,Marketing,en,Lead Marketing Assistant
8442,Leadmanager / Senior Professional Marketing Man...,Marketing,en,Leadmanager / Senior Professional Marketing Man...
8443,Leiter Abteilung Marketing - Senior Manager Marketing,Marketing,de,Head of Marketing - Senior Manager Marketing
8444,Leiterin Marketing/PR (Communications Manager),Marketing,it,Head of Marketing/PR (Communications Manager)
8445,Leitung Messe und Marktforschung & Corporate Marketing | Senior Marketing Manager,Marketing,de,"Head of Trade Fair and Market Research & Corporate Marketing, Senior Marketing Manager"
8446,Lintex Industrial Ltd - Marketing Development Manager,Marketing,ur,Lintex Industrial Ltd - Marketing Development Manager
8447,Live Communications Manager,Marketing,en,Live Communications Manager
8448,Management and Marketing Assistant,Marketing,en,Management and Marketing Assistant
8449,Management Assistant & Marketing Services,Marketing,en,Management Assistant & Marketing Services
8450,Manager - Marketing & Unternehmenskommunikation,Marketing,de,Manager - Marketing & Corporate Communications
8451,Manager Account Based Marketing DACH/South Europe - ABM DACH AEC,Marketing,en,Manager Account Based Marketing DACH/South Europe - ABM DACH AEC
8452,Manager Advertising & Marketing,Marketing,en,Manager Advertising & Marketing
8453,Manager Akquisition & Marketing,Marketing,en,Manager Akquisition & Marketing
8454,Manager Backoffice / Technik / Marketing,Marketing,de,Manager Backoffice / Technology / Marketing
8455,Manager Brand Marketing,Marketing,en,Manager Brand Marketing
8456,Manager Business Development / Marketing,Marketing,en,Manager Business Development / Marketing
8457,Manager Business Marketing,Marketing,en,Manager Business Marketing
8458,Manager Communication,Marketing,en,Manager Communication
8459,Manager Communication & PR,Marketing,en,Manager Communication & PR
8460,Manager Communication / Messe Kontakt,Marketing,de,Manager Communication / Trade Fair Contact
8461,Manager Communications,Marketing,en,Manager Communications
8462,Manager Communications & Customer Relations,Marketing,en,Manager Communications & Customer Relations
8463,Manager Corporate & Marketing Communications,Marketing,en,Manager Corporate & Marketing Communications
8464,Manager Corporate Communications,Marketing,en,Manager Corporate Communications
8465,Manager Corporate Marketing&Communications,Marketing,en,Manager Corporate Marketing&Communications
8466,Manager CRM & Collaborative Solutions & BSA Sales & Marketing,Marketing,en,Manager CRM & Collaborative Solutions & BSA Sales & Marketing
8467,Manager CRM & Marketing Databases,Marketing,en,Manager CRM & Marketing Databases
8468,Manager Database Marketing,Marketing,en,Manager Database Marketing
8469,Manager Digital Marketing,Marketing,en,Manager Digital Marketing
8470,Manager Digital Marketing Platforms & Tools,Marketing,en,Manager Digital Marketing Platforms & Tools
8471,Manager Digital Sales & Marketing,Marketing,en,Manager Digital Sales & Marketing
8472,Manager DirectMarketing und CRM,Marketing,de,Manager DirectMarketing and CRM
8473,Manager Event Marketing,Marketing,en,Manager Event Marketing
8474,Manager Event Marketing - Corporate & Marketing Communications,Marketing,en,Manager Event Marketing - Corporate & Marketing Communications
8475,Manager Events & Kommunikation,Marketing,de,Manager Events & Communication
8476,Manager Fairs & Online Marketing,Marketing,en,Manager Fairs & Online Marketing
8477,Manager Field Marketing & Communications für Xerox GmbH,Marketing,de,Manager Field Marketing & Communications for Xerox GmbH
8478,Manager Global Marketing Communications,Marketing,en,Manager Global Marketing Communications
8479,Manager Group Communications DACH,Marketing,en,Manager Group Communications DACH
8480,Manager HR Marketing and Employer Branding,Marketing,en,Manager HR Marketing and Employer Branding
8481,Manager HSO CRM Solutions & Marketing,Marketing,en,Manager HSO CRM Solutions & Marketing
8482,Manager Integrated Marketing Europe,Marketing,en,Manager Integrated Marketing Europe
8483,Manager Internal Events Marketing Operations Western Europe,Marketing,en,Manager Internal Events Marketing Operations Western Europe
8484,Manager International Strategic Marketing,Marketing,en,Manager International Strategic Marketing
8485,Manager IT-Services Sales & Marketing Customer Integration,Marketing,en,Manager IT-Services Sales & Marketing Customer Integration
8486,Manager Kommunikation und Content Marketing,Marketing,de,Manager Communication and Content Marketing
8487,Manager Live-Kommunikation/ Marketing,Marketing,hi,Manager Live-Communication/ Marketing
8488,Manager Marketing,Marketing,en,Manager Marketing
8489,Manager Marketing & Administration / Prokurist,Marketing,ur,Manager Marketing & Administration / Prokurist
8490,Manager Marketing & Business Development,Marketing,en,Manager Marketing & Business Development
8491,Manager Marketing & Communication,Marketing,en,Manager Marketing & Communication
8492,Manager Marketing & Communications,Marketing,en,Manager Marketing & Communications
8493,Manager Marketing & Communications EMEA,Marketing,pt,Manager Marketing & Communications EMEA
8494,Manager Marketing & Corporate Communication,Marketing,en,Manager Marketing & Corporate Communication
8495,Manager Marketing & Corporate Communications,Marketing,en,Manager Marketing & Corporate Communications
8496,Manager Marketing & Event,Marketing,en,Manager Marketing & Event
8497,Manager Marketing & Events,Marketing,en,Manager Marketing & Events
8498,Manager Marketing & Kommunikation,Marketing,de,Manager Marketing & Communication
8499,Manager Marketing & PR,Marketing,en,Manager Marketing & PR
8500,Manager Marketing & Public Relations,Marketing,en,Manager Marketing & Public Relations
8501,Manager Marketing & Sales,Marketing,en,Manager Marketing & Sales
8502,Manager Marketing & Sales Development,Marketing,en,Manager Marketing & Sales Development
8503,Manager Marketing & Vertrieb,Marketing,de,Manager Marketing & Sales
8504,Manager Marketing (Messe Ansprechpartner),Marketing,de,Manager Marketing (trade fair contact)
8505,Manager Marketing and Communications,Marketing,en,Manager Marketing and Communications
8506,Manager Marketing and PR,Marketing,en,Manager Marketing and PR
8507,Manager Marketing Communication,Marketing,en,Manager Marketing Communication
8508,Manager Marketing Communications,Marketing,en,Manager Marketing Communications
8509,Manager Marketing Communications and Services EMEA,Marketing,en,Manager Marketing Communications and Services EMEA
8510,Manager Marketing Communications DACH,Marketing,de,Manager Marketing Communications DACH
8511,Manager Marketing Communications EMEA,Marketing,pt,Manager Marketing Communications EMEA
8512,Manager Marketing CRM & Communications,Marketing,en,Manager Marketing CRM & Communications
8513,Manager Marketing Intelligence,Marketing,en,Manager Marketing Intelligence
8514,Manager Marketing Kommunikation,Marketing,de,Manager Marketing Communication
8515,Manager Marketing Kommunikation Dacia DACH,Marketing,de,Manager Marketing Communication Dacia DACH
8516,Manager Marketing Performance & Customer Data Science,Marketing,en,Manager Marketing Performance & Customer Data Science
8517,Manager Marketing Process Technology,Marketing,en,Manager Marketing Process Technology
8518,Manager Marketing Robotics / PR,Marketing,en,Manager Marketing Robotics / PR
8519,Manager Marketing Service,Marketing,en,Manager Marketing Service
8520,Manager Marketing Services,Marketing,en,Manager Marketing Services
8521,Manager Marketing und Interne Kommunikation,Marketing,de,Manager Marketing and Internal Communication
8522,Manager Marketing und Kommunikation,Marketing,de,Manager Marketing and Communication
8523,Manager Marketing und Unternehmenskommunikation,Marketing,de,Manager Marketing and Corporate Communications
8524,Manager Marketing&Kommunikation,Marketing,hi,Manager Marketing&Communication
8525,Manager Marketing/Communication,Marketing,en,Manager Marketing/Communication
8526,Manager Marketing/PR,Marketing,en,Manager Marketing/PR
8527,Manager Marketing-Communication,Marketing,en,Manager Marketing-Communication
8528,Manager Marketing-Projekte,Marketing,de,Manager Marketing Projects
8529,Manager Media & Communications,Marketing,en,Manager Media & Communications
8530,Manager Messen & Events,Marketing,en,Manager Messen & Events
8531,Manager of Marketing & PR,Marketing,en,Manager of Marketing & PR
8532,Manager Online-Marketing,Marketing,en,Manager Online-Marketing
8533,Manager Outbound Marketing - Connected Home Division,Marketing,en,Manager Outbound Marketing - Connected Home Division
8534,Manager PR & Marketing (Cross-Border),Marketing,en,Manager PR & Marketing (Cross-Border)
8535,Manager PR und Kommunikation,Marketing,de,Manager PR and Communication
8536,Manager Process Digitalization Sales & Marketing,Marketing,en,Manager Process Digitalization Sales & Marketing
8537,Manager Sales & Marketing,Marketing,en,Manager Sales & Marketing
8538,Manager Sales & Marketing Development,Marketing,en,Manager Sales & Marketing Development
8539,Manager Sales & Marketing OTC,Marketing,en,Manager Sales & Marketing OTC
8540,Manager Sales and Marketing (Messe Kontakt),Marketing,ur,Manager Sales and Marketing (Exhibition Contact)
8541,Manager Sales and Marketing I SAP Gold Partner für den Mittelstand,Marketing,de,Manager Sales and Marketing I SAP Gold Partner for SMEs
8542,Manager Sales Coordination & Marketing,Marketing,en,Manager Sales Coordination & Marketing
8543,Manager Strategischer Vertrieb & Marketing,Marketing,de,Manager Strategic Sales & Marketing
8544,Manager Strategy & Marketing,Marketing,en,Manager Strategy & Marketing
8545,Manager Technical Marketing & IP,Marketing,en,Manager Technical Marketing & IP
8546,Manager Trade Fairs & Events / Brand & Customer Communications,Marketing,en,Manager Trade Fairs & Events / Brand & Customer Communications
8547,Manager Unternehmenskommunikation/Marketing,Marketing,de,Manager Corporate Communications/Marketing
8548,Manager Vertrieb und Marketing,Marketing,de,Manager Sales and Marketing
8549,Manager Vertrieb/Marketing,Marketing,de,Manager Sales/Marketing
8550,Managerin Corporate Marketing & Events,Marketing,en,Managerin Corporate Marketing & Events
8551,Managerin für Marketing & PR,Marketing,de,Manager for Marketing & PR
8552,Managerin Marketing &  Unternehmenskommunikation,Marketing,de,Manager Marketing & Corporate Communications
8553,Managerin Marketing & Events,Marketing,en,Managerin Marketing & Events
8554,Managerin Marketing & Kommunikation,Marketing,de,Manager Marketing & Communication
8555,Managerin Marketing Kommunikation,Marketing,de,Manager Marketing Communication
8556,Managerin Marketingkommunikation u. Events,Marketing,de,Manager Marketing Communication & Events
8557,Managerin Marketingprojekte,Marketing,de,Manager Marketing Projects
8558,Managerin Veranstaltungen & Netzwerke (Marke & Kommunikation),Marketing,de,Manager Events & Networks (brand & communication)
8559,Market Communication Manager,Marketing,en,Market Communication Manager
8560,Market Communications Manager,Marketing,en,Market Communications Manager
8561,Marketing  Communication Manager,Marketing,en,Marketing  Communication Manager
8562,Marketing  Communication Manager (w),Marketing,en,Marketing  Communication Manager (w)
8563,Marketing  Manager,Marketing,en,Marketing  Manager
8564,Marketing & Account Manager,Marketing,en,Marketing & Account Manager
8565,Marketing & Area Sales Manager,Marketing,en,Marketing & Area Sales Manager
8566,Marketing & Business Development Manager,Marketing,en,Marketing & Business Development Manager
8567,Marketing & Communication Manager,Marketing,en,Marketing & Communication Manager
8568,Marketing & Communication Manager @ ROCKWOOL Core Solutions,Marketing,en,Marketing & Communication Manager @ ROCKWOOL Core Solutions
8569,Marketing & Communication Manager France Benelux,Marketing,nl,Marketing & Communication Manager France Benelux
8570,Marketing & Communication Manager Germany,Marketing,en,Marketing & Communication Manager Germany
8571,Marketing & Communication Managerin,Marketing,en,Marketing & Communication Managerin
8572,Marketing & Communication/Social Media Manager/Exhibitions,Marketing,en,Marketing & Communication/Social Media Manager/Exhibitions
8573,Marketing & Communications Manager,Marketing,en,Marketing & Communications Manager
8574,Marketing & Communications Manager - Smart Automation Solutions Division,Marketing,en,Marketing & Communications Manager - Smart Automation Solutions Division
8575,Marketing & Communications Manager Online,Marketing,en,Marketing & Communications Manager Online
8576,Marketing & Communications Managerin,Marketing,en,Marketing & Communications Managerin
8577,Marketing & CRM Manager,Marketing,en,Marketing & CRM Manager
8578,Marketing & Database Manager,Marketing,en,Marketing & Database Manager
8579,Marketing & Digital Strategy Manager,Marketing,en,Marketing & Digital Strategy Manager
8580,Marketing & Event Manager,Marketing,en,Marketing & Event Manager
8581,Marketing & Event Manager & Technical Consultant,Marketing,en,Marketing & Event Manager & Technical Consultant
8582,Marketing & Events Manager,Marketing,en,Marketing & Events Manager
8583,Marketing & Events Manager EMEA,Marketing,en,Marketing & Events Manager EMEA
8584,Marketing & Growth Manager,Marketing,en,Marketing & Growth Manager
8585,Marketing & HR Manager,Marketing,en,Marketing & HR Manager
8586,Marketing & HR Managerin,Marketing,en,Marketing & HR Managerin
8587,Marketing & Key Account Manager,Marketing,en,Marketing & Key Account Manager
8588,Marketing & Loyalty Manager France,Marketing,en,Marketing & Loyalty Manager France
8589,Marketing & Operations Manager,Marketing,en,Marketing & Operations Manager
8590,Marketing & Partner Manager,Marketing,en,Marketing & Partner Manager
8591,Marketing & PR Manager,Marketing,en,Marketing & PR Manager
8592,Marketing & PR Manager D-A-CH,Marketing,hi,Marketing & PR Manager D-A-CH
8593,Marketing & Product Management Assistant,Marketing,en,Marketing & Product Management Assistant
8594,Marketing & Product Manager,Marketing,en,Marketing & Product Manager
8595,Marketing & Proposals Manager,Marketing,en,Marketing & Proposals Manager
8596,Marketing & Public Relations Manager,Marketing,en,Marketing & Public Relations Manager
8597,Marketing & Public Relations Managerin,Marketing,en,Marketing & Public Relations Managerin
8598,Marketing & Sales Assistant,Marketing,en,Marketing & Sales Assistant
8599,Marketing & Sales Management Assistant,Marketing,en,Marketing & Sales Management Assistant
8600,Marketing & Sales Manager,Marketing,en,Marketing & Sales Manager
8601,Marketing & Sales Manager Battery Management Systems,Marketing,en,Marketing & Sales Manager Battery Management Systems
8602,Marketing & Sales Managerin,Marketing,en,Marketing & Sales Managerin
8603,Marketing- & Sales-Manager,Marketing,en,Marketing- & Sales-Manager
8604,Marketing /  Sales Manager,Marketing,en,Marketing /  Sales Manager
8605,Marketing / Inside Sales Manager,Marketing,en,Marketing / Inside Sales Manager
8606,Marketing / Kommunikation Event Manager,Marketing,de,Marketing / Communication Event Manager
8607,Marketing / Online Marketing Manager,Marketing,en,Marketing / Online Marketing Manager
8608,Marketing / PR Manager,Marketing,en,Marketing / PR Manager
8609,Marketing / Public Relations Manager,Marketing,en,Marketing / Public Relations Manager
8610,Marketing / Sales Managerin,Marketing,en,Marketing / Sales Managerin
8611,Marketing / Senior Customer Events & Sponsoring Specialist,Marketing,en,Marketing / Senior Customer Events & Sponsoring Specialist
8612,Marketing Account Manager (Messe Kontakt),Marketing,de,Marketing Account Manager (trade fair contact)
8613,Marketing Activation Manager EMEA,Marketing,pt,Marketing Activation Manager EMEA
8614,Marketing Administrative Assistant,Marketing,en,Marketing Administrative Assistant
8615,Marketing and communication Manager,Marketing,en,Marketing and communication Manager
8616,Marketing and Communication Manager @VINCI Energies,Marketing,nl,Marketing and Communication Manager @VINCI Energies
8617,Marketing and Communications Manager,Marketing,en,Marketing and Communications Manager
8618,Marketing and Event Management Assistant,Marketing,en,Marketing and Event Management Assistant
8619,Marketing and Event Manager,Marketing,en,Marketing and Event Manager
8620,Marketing and People Development Managerin,Marketing,en,Marketing and People Development Managerin
8621,Marketing and Project Management / Executive Assistant,Marketing,en,Marketing and Project Management / Executive Assistant
8622,Marketing And Public Relations Manager,Marketing,en,Marketing And Public Relations Manager
8623,Marketing and Sales Manager,Marketing,en,Marketing and Sales Manager
8624,Marketing and Sales Manager Power transformers,Marketing,en,Marketing and Sales Manager Power transformers
8625,Marketing Assistant,Marketing,en,Marketing Assistant
8626,Marketing Assistant & Content Creator,Marketing,en,Marketing Assistant & Content Creator
8627,Marketing Assistant/ Dept.Internal Event Coordinator,Marketing,pt,Marketing Assistant/ Dept.Internal Event Coordinator
8628,Marketing Automation Manager,Marketing,en,Marketing Automation Manager
8629,Marketing Brand Manager,Marketing,en,Marketing Brand Manager
8630,Marketing Campaign Manager,Marketing,en,Marketing Campaign Manager
8631,Marketing Communication & Event Manager,Marketing,en,Marketing Communication & Event Manager
8632,Marketing Communication Assistant,Marketing,en,Marketing Communication Assistant
8633,Marketing Communication Manager,Marketing,en,Marketing Communication Manager
8634,Marketing Communication Manager (Europe) AES,Marketing,nl,Marketing Communication Manager (Europe) AES
8635,Marketing Communication Manager BWT France,Marketing,en,Marketing Communication Manager BWT France
8636,Marketing Communication Manager Continental Europe,Marketing,en,Marketing Communication Manager Continental Europe
8637,Marketing Communication Manager mit Führungsverantwortung,Marketing,de,Marketing Communication Manager with leadership responsibility
8638,Marketing Communication Managerin,Marketing,en,Marketing Communication Managerin
8639,Marketing Communications & Event Manager,Marketing,en,Marketing Communications & Event Manager
8640,Marketing Communications & Events Manager,Marketing,en,Marketing Communications & Events Manager
8641,Marketing Communications Assistant,Marketing,en,Marketing Communications Assistant
8642,Marketing Communications Assistant Europe,Marketing,en,Marketing Communications Assistant Europe
8643,Marketing Communications Manager,Marketing,en,Marketing Communications Manager
8644,Marketing Communications Manager (Europe),Marketing,en,Marketing Communications Manager (Europe)
8645,Marketing Communications Manager : International Events & Trade Shows,Marketing,en,Marketing Communications Manager : International Events & Trade Shows
8646,Marketing Communications Manager | Teamleiter EMEA,Marketing,de,Marketing Communications Manager 的 Team Leader EMEA
8647,Marketing Communications Manager EMEA,Marketing,pt,Marketing Communications Manager EMEA
8648,Marketing Communications Manager Europe & North America,Marketing,en,Marketing Communications Manager Europe & North America
8649,Marketing Communications Manager Healthcare,Marketing,en,Marketing Communications Manager Healthcare
8650,Marketing Communications Managerin,Marketing,en,Marketing Communications Managerin
8651,Marketing Communications Project Manager,Marketing,en,Marketing Communications Project Manager
8652,Marketing Content & Planning Manager,Marketing,en,Marketing Content & Planning Manager
8653,Marketing Data Manager Global P&S,Marketing,en,Marketing Data Manager Global P&S
8654,Marketing Database Manager,Marketing,en,Marketing Database Manager
8655,Marketing Department and Executive Assistant,Marketing,en,Marketing Department and Executive Assistant
8656,Marketing Development Manager Healthcare EMEA,Marketing,pt,Marketing Development Manager Healthcare EMEA
8657,Marketing Event & Agency Manager,Marketing,en,Marketing Event & Agency Manager
8658,Marketing Event & Asset Manager EMEA,Marketing,pt,Marketing Event & Asset Manager EMEA
8659,Marketing Event Manager,Marketing,en,Marketing Event Manager
8660,Marketing Event Manager - DACH,Marketing,de,Marketing Event Manager - DACH
8661,Marketing Event Manager EMEA / LATAM,Marketing,hi,Marketing Event Manager EMEA / LATAM
8662,Marketing Events Manager EMEA,Marketing,pt,Marketing Events Manager EMEA
8663,Marketing Events Manager Europe,Marketing,en,Marketing Events Manager Europe
8664,Marketing Intelligence Manager,Marketing,en,Marketing Intelligence Manager
8665,Marketing Leiterin/ E-Commerce-Managerin,Marketing,it,Marketing Manager/E-Commerce Manager
8666,Marketing Manager,Marketing,en,Marketing Manager
8667,Marketing Manager - Brand & Communications,Marketing,en,Marketing Manager - Brand & Communications
8668,Marketing Manager - Customer Success & CRM,Marketing,en,Marketing Manager - Customer Success & CRM
8669,Marketing Manager - Digital Marketing Cloud,Marketing,en,Marketing Manager - Digital Marketing Cloud
8670,Marketing Manager  Europe & DACH,Marketing,de,Marketing Manager Europe & DACH
8671,Marketing Manager - Events & operatives Marketing,Marketing,en,Marketing Manager - Events & operatives Marketing
8672,Marketing Manager - International,Marketing,en,Marketing Manager - International
8673,Marketing Manager - Messen & Events,Marketing,nl,Marketing Manager - Messen & Events
8674,Marketing Manager - Schwerpunkt Eventmanagement,Marketing,de,Marketing Manager - Focus Event Management
8675,Marketing Manager & Corporate Communications,Marketing,en,Marketing Manager & Corporate Communications
8676,Marketing Manager & Global Regulatory Strategist,Marketing,en,Marketing Manager & Global Regulatory Strategist
8677,Marketing Manager & Sales Back Office Manager @Tenax International Srl,Marketing,en,Marketing Manager & Sales Back Office Manager @Tenax International Srl
8678,Marketing Manager (Messe Ansprechpartner),Marketing,de,Marketing Manager (trade fair contact)
8679,Marketing Manager (Messe Kontakt),Marketing,ur,Marketing Manager (Exhibition Contact)
8680,Marketing Manager (PR & Marketing EMEA),Marketing,pt,Marketing Manager (PR & Marketing EMEA)
8681,Marketing Manager (Sales Marketing),Marketing,en,Marketing Manager (Sales Marketing)
8682,Marketing Manager (SDR/BDR),Marketing,en,Marketing Manager (SDR/BDR)
8683,Marketing Manager / Ausbildungsleiter / Produktmanager (Sensorik),Marketing,de,Marketing Manager / Training Manager / Product Manager (sensory)
8684,Marketing Manager / CRM,Marketing,en,Marketing Manager / CRM
8685,Marketing Manager / Dipl.- Ing.,Marketing,it,Marketing Manager / Dipl.- Ing.
8686,Marketing Manager / Fachpressesprecher,Marketing,de,Marketing Manager / Spokesperson
8687,Marketing Manager / Head of Human Resources,Marketing,en,Marketing Manager / Head of Human Resources
8688,Marketing Manager / International Sales Support,Marketing,en,Marketing Manager / International Sales Support
8689,Marketing Manager / Messe Kontakt,Marketing,de,Marketing Manager / Trade Fair Contact
8690,Marketing Manager / Messekontakt,Marketing,de,Marketing Manager / Trade Fair Contact
8691,Marketing Manager / Personal Assistant of CEO,Marketing,en,Marketing Manager / Personal Assistant of CEO
8692,Marketing Manager / Prokurist / Verkaufsleiter,Marketing,de,Marketing Manager / Procurator / Sales Manager
8693,Marketing Manager / Prokuristin,Marketing,ur,Marketing Manager / Prokuristin
8694,Marketing Manager / Strategic Project Development & Acquisition Germany,Marketing,en,Marketing Manager / Strategic Project Development & Acquisition Germany
8695,Marketing Manager / Werbung,Marketing,de,Marketing Manager / Advertising
8696,Marketing Manager | Business Development,Marketing,hi,Marketing Manager | Business Development
8697,Marketing Manager | Digital & Kommunikation,Marketing,de,Marketing Manager - Digital & Communication
8698,Marketing Manager | Fairs and Events,Marketing,en,Marketing Manager | Fairs and Events
8699,Marketing Manager | Marketing und Kommunikation,Marketing,de,Marketing Manager - Marketing and Communication
8700,Marketing Manager 2H Business,Marketing,en,Marketing Manager 2H Business
8701,Marketing Manager Ambient Media,Marketing,en,Marketing Manager Ambient Media
8702,Marketing Manager and Project Development Assistant -International,Marketing,en,Marketing Manager and Project Development Assistant -International
8703,Marketing Manager Application Technology,Marketing,en,Marketing Manager Application Technology
8704,Marketing Manager Architecture,Marketing,en,Marketing Manager Architecture
8705,Marketing Manager B2B,Marketing,en,Marketing Manager B2B
8706,Marketing Manager B2B / Digital Media,Marketing,en,Marketing Manager B2B / Digital Media
8707,Marketing Manager Business Intelligence,Marketing,en,Marketing Manager Business Intelligence
8708,Marketing Manager CEMEA,Marketing,hi,Marketing Manager CEMEA
8709,Marketing Manager Central & Eastern Europe,Marketing,en,Marketing Manager Central & Eastern Europe
8710,Marketing Manager Central Europe,Marketing,en,Marketing Manager Central Europe
8711,Marketing Manager Communications,Marketing,en,Marketing Manager Communications
8712,Marketing Manager Communications (Leiter Marketing DACH),Marketing,de,Marketing Manager Communications (Head of Marketing DACH)
8713,Marketing Manager Communications NWE,Marketing,en,Marketing Manager Communications NWE
8714,Marketing Manager Communities & Verticals CE,Marketing,en,Marketing Manager Communities & Verticals CE
8715,Marketing Manager Contruction,Marketing,en,Marketing Manager Contruction
8716,Marketing Manager Corporate Events & Sponsoring,Marketing,en,Marketing Manager Corporate Events & Sponsoring
8717,Marketing Manager Corporate Marketing,Marketing,en,Marketing Manager Corporate Marketing
8718,Marketing Manager CRM,Marketing,en,Marketing Manager CRM
8719,Marketing Manager CRM & Dialogmarketing,Marketing,en,Marketing Manager CRM & Dialogmarketing
8720,Marketing Manager DACH,Marketing,de,Marketing Manager DACH
8721,Marketing Manager DACH - FR,Marketing,de,Marketing Manager DACH - FR
8722,Marketing Manager DACH & NL,Marketing,hi,Marketing Manager DACH & NL
8723,Marketing Manager De'Longhi Brand,Marketing,nl,Marketing Manager De'Longhi Brand
8724,Marketing Manager Deutschland,Marketing,de,Marketing Manager Germany
8725,Marketing Manager Deutschland/Österreich,Marketing,de,Marketing Manager Germany/Austria
8726,Marketing Manager Digital,Marketing,en,Marketing Manager Digital
8727,Marketing Manager Digital Advertisement,Marketing,en,Marketing Manager Digital Advertisement
8728,Marketing Manager Digital Media,Marketing,en,Marketing Manager Digital Media
8729,Marketing Manager Digitale Services,Marketing,en,Marketing Manager Digitale Services
8730,Marketing Manager Eastern Europe,Marketing,en,Marketing Manager Eastern Europe
8731,Marketing Manager eCRM,Marketing,en,Marketing Manager eCRM
8732,Marketing Manager EMEA,Marketing,pt,Marketing Manager EMEA
8733,Marketing Manager EMEA & Russia,Marketing,pt,Marketing Manager EMEA & Russia
8734,Marketing Manager EMEA Central,Marketing,pt,Marketing Manager EMEA Central
8735,Marketing Manager EMEA Region,Marketing,pt,Marketing Manager EMEA Region
8736,Marketing Manager Europe,Marketing,en,Marketing Manager Europe
8737,Marketing Manager Europe East,Marketing,en,Marketing Manager Europe East
8738,Marketing Manager Event & Partnership,Marketing,en,Marketing Manager Event & Partnership
8739,Marketing Manager Events,Marketing,en,Marketing Manager Events
8740,Marketing Manager Events & Projekte,Marketing,de,Marketing Manager Events & Projects
8741,Marketing Manager Exhibitions & Events,Marketing,en,Marketing Manager Exhibitions & Events
8742,Marketing Manager Exteriors division France,Marketing,en,Marketing Manager Exteriors division France
8743,Marketing Manager Food Service,Marketing,en,Marketing Manager Food Service
8744,Marketing Manager France,Marketing,fr,Marketing Manager France
8745,Marketing Manager France & Export,Marketing,en,Marketing Manager France & Export
8746,Marketing Manager für den Bereich Security Cons...,Marketing,de,Marketing Manager for Security Cons...
8747,Marketing Manager Germany,Marketing,de,Marketing Manager Germany
8748,Marketing Manager Global Marketing Communication,Marketing,en,Marketing Manager Global Marketing Communication
8749,Marketing Manager HRSflow D-A-CH,Marketing,nl,Marketing Manager HRSflow D-A-CH
8750,Marketing Manager HVAC/R,Marketing,hi,Marketing Manager HVAC/R
8751,Marketing Manager I Global Communication and Brand Management,Marketing,en,Marketing Manager I Global Communication and Brand Management
8752,Marketing Manager IDEXX Companion Animal Group D/A/CH,Marketing,it,Marketing Manager IDEXX Companion Animal Group D/A/CH
8753,Marketing Manager Industrie,Marketing,en,Marketing Manager Industrie
8754,Marketing Manager Instruments & Hygiene,Marketing,en,Marketing Manager Instruments & Hygiene
8755,Marketing Manager Internal Communication,Marketing,en,Marketing Manager Internal Communication
8756,Marketing Manager International,Marketing,en,Marketing Manager International
8757,Marketing Manager International sales,Marketing,en,Marketing Manager International sales
8758,Marketing Manager Kommunikation,Marketing,de,Marketing Manager Communication
8759,Marketing Manager Messe,Marketing,de,Marketing Manager Fair
8760,Marketing Manager North Europe & Sales Manager Suisse,Marketing,nl,Marketing Manager North Europe & Sales Manager Suisse
8761,Marketing Manager Northern Europe,Marketing,en,Marketing Manager Northern Europe
8762,Marketing Manager online/offline,Marketing,en,Marketing Manager online/offline
8763,Marketing Manager Partnermarketing und Kommunikation,Marketing,de,Marketing Manager Partner Marketing and Communication
8764,Marketing Manager POS Display,Marketing,en,Marketing Manager POS Display
8765,Marketing Manager Process Control,Marketing,en,Marketing Manager Process Control
8766,Marketing Manager Retail,Marketing,en,Marketing Manager Retail
8767,Marketing Manager Retail EMEA,Marketing,pt,Marketing Manager Retail EMEA
8768,Marketing Manager Schweiz,Marketing,de,Marketing Manager Switzerland
8769,Marketing Manager Schwerpunkt Art Direction,Marketing,de,Marketing Manager Focus Art Direction
8770,Marketing Manager Shows & Events,Marketing,en,Marketing Manager Shows & Events
8771,Marketing Manager Shows and Events,Marketing,en,Marketing Manager Shows and Events
8772,Marketing Manager Strategie,Marketing,en,Marketing Manager Strategie
8773,Marketing Manager Strategy & Digitalization,Marketing,en,Marketing Manager Strategy & Digitalization
8774,Marketing Manager Strategy & Team Coordination,Marketing,en,Marketing Manager Strategy & Team Coordination
8775,Marketing Manager Technical Foams,Marketing,en,Marketing Manager Technical Foams
8776,Marketing Manager Trade Marketing,Marketing,en,Marketing Manager Trade Marketing
8777,Marketing Manager Trade Show & Events International,Marketing,en,Marketing Manager Trade Show & Events International
8778,Marketing Manager Trades Shows and Events,Marketing,en,Marketing Manager Trades Shows and Events
8779,Marketing Manager und Assistent der Geschäftsleitung,Marketing,de,Marketing Manager and Assistant to the Executive Board
8780,Marketing Manager und Assistenz der Geschäftsleitung,Marketing,de,Marketing Manager and Management Assistant
8781,Marketing Manager Vertrieb,Marketing,de,Marketing Manager Sales
8782,Marketing Manager/ Marketing Management,Marketing,en,Marketing Manager/ Marketing Management
8783,Marketing Managerin,Marketing,en,Marketing Managerin
8784,Marketing Managerin & Messeverantwortung,Marketing,de,Marketing Manager & Trade Fair Responsibility
8785,Marketing Managerin (Messe Kontakt),Marketing,de,Marketing Manager (trade fair contact)
8786,Marketing Managerin / Public Relations,Marketing,en,Marketing Managerin / Public Relations
8787,Marketing Managerin B2B Markt,Marketing,de,Marketing Manager B2B Market
8788,Marketing Managerin Brand Communications & Event,Marketing,en,Marketing Managerin Brand Communications & Event
8789,Marketing Managerin DACH,Marketing,de,Marketing Manager DACH
8790,Marketing Managerin Equipment,Marketing,en,Marketing Managerin Equipment
8791,Marketing Managerin Event & Trade Fair,Marketing,en,Marketing Managerin Event & Trade Fair
8792,Marketing Managerin Kommunikation,Marketing,de,Marketing Manager Communication
8793,Marketing Managerin Trade Shows,Marketing,en,Marketing Managerin Trade Shows
8794,Marketing Managerin/Teamleitung,Marketing,de,Marketing Manager/Team Leader
8795,Marketing Operations Manager,Marketing,en,Marketing Operations Manager
8796,Marketing Operations Manager EMEA,Marketing,pt,Marketing Operations Manager EMEA
8797,Marketing Operations Program Manager,Marketing,en,Marketing Operations Program Manager
8798,Marketing Process Manager Fairs & Events,Marketing,en,Marketing Process Manager Fairs & Events
8799,Marketing Process Managerin Fairs & Events,Marketing,en,Marketing Process Managerin Fairs & Events
8800,Marketing Professional / Event Manager,Marketing,en,Marketing Professional / Event Manager
8801,Marketing Program Manager,Marketing,en,Marketing Program Manager
8802,Marketing Program Manager - Liquid Phase separations & Lab Informatics,Marketing,en,Marketing Program Manager - Liquid Phase separations & Lab Informatics
8803,Marketing Programs Manager,Marketing,en,Marketing Programs Manager
8804,Marketing Project and Event Manager,Marketing,en,Marketing Project and Event Manager
8805,Marketing Project Manager,Marketing,en,Marketing Project Manager
8806,Marketing Project Manager i Glamox AS,Marketing,en,Marketing Project Manager i Glamox AS
8807,Marketing Sales Manager,Marketing,en,Marketing Sales Manager
8808,Marketing Sales Strategy Manager,Marketing,en,Marketing Sales Strategy Manager
8809,Marketing Service Manager,Marketing,en,Marketing Service Manager
8810,Marketing Services Manager,Marketing,en,Marketing Services Manager
8811,Marketing Services Project Manager,Marketing,en,Marketing Services Project Manager
8812,Marketing Technology Manager CRM,Marketing,en,Marketing Technology Manager CRM
8813,Marketing und Communications Manager Medical,Marketing,de,Marketing and Communications Manager Medical
8814,Marketing und Community Manager,Marketing,de,Marketing and Community Manager
8815,Marketing- und E-Commerce Manager,Marketing,de,Marketing and e-commerce manager
8816,Marketing und Event Manager,Marketing,de,Marketing and Event Manager
8817,Marketing und Event Manager DACH,Marketing,de,Marketing and Event Manager DACH
8818,Marketing und Event Managerin,Marketing,de,Marketing and Event Manager
8819,Marketing- und Kommunikations-Manager,Marketing,de,Marketing and Communication Manager
8820,Marketing- und Kommunikations-Managerin,Marketing,de,Marketing and Communication Manager
8821,Marketing und Management Assistant,Marketing,de,Marketing and Management Assistant
8822,Marketing und PR Manager,Marketing,de,Marketing and PR Manager
8823,Marketing und Produkt Manager,Marketing,de,Marketing and Product Manager
8824,Marketing und Sales Operations Manager,Marketing,de,Marketing and Sales Operations Manager
8825,Marketing- und Sales-Manager,Marketing,de,Marketing and Sales Managers
8826,Marketing und Vertriebs Managerin,Marketing,de,Marketing and Sales Manager
8827,Marketing-/ Kommunikations-Manager,Marketing,de,Marketing/Communication Manager
8828,Marketing/Business Development Manager,Marketing,en,Marketing/Business Development Manager
8829,Marketing/Communications Manager,Marketing,en,Marketing/Communications Manager
8830,Marketing/Event-Manager,Marketing,en,Marketing/Event-Manager
8831,Marketingkampagnen-Manager,Marketing,tr,The Marketing Campaign Manager
8832,Marketingleiterin / Marketing Manager,Marketing,de,Marketing Manager / Marketing Manager
8833,Marketingleitung / Marketing Manager,Marketing,de,Marketing Management / Marketing Manager
8834,Marketingleitung /Marketing Manager,Marketing,de,Marketing Management / Marketing Manager
8835,Marketing-Manager,Marketing,en,Marketing-Manager
8836,Marketing-Manager Online,Marketing,en,Marketing-Manager Online
8837,Marketing-Managerin,Marketing,en,Marketing-Managerin
8838,Marketing-Managerin (Media),Marketing,ur,Marketing Manager (Media)
8839,Marketing-Managerin Kommunikation/Werbung,Marketing,de,Marketing Manager Communication/Advertising
8840,Marketing-Referentin / Account Manager,Marketing,nl,Marketing Representative / Account Manager
8841,Medien & Marketing Manager,Marketing,en,Medien & Marketing Manager
8842,Messe & Event Manager,Marketing,de,Fair & Event Manager
8843,Messe Kontakt / Key Account Manager,Marketing,de,Trade Fair Contact / Key Account Manager
8844,Multi Channel Marketing Manager,Marketing,en,Multi Channel Marketing Manager
8845,Multichannel Communication Manager,Marketing,en,Multichannel Communication Manager
8846,National Marketing & Communication Manager,Marketing,en,National Marketing & Communication Manager
8847,National Marketing&Communication Manager,Marketing,en,National Marketing&Communication Manager
8848,National Partnership Manager - Sport & Event Marketing,Marketing,en,National Partnership Manager - Sport & Event Marketing
8849,National Sales Marketing Manager Solar Energy,Marketing,en,National Sales Marketing Manager Solar Energy
8850,New Business Development - Regional Marketing Manager,Marketing,en,New Business Development - Regional Marketing Manager
8851,Online- / Social Media Manager Marketing Deutschland,Marketing,de,Online / Social Media Manager Marketing Germany
8852,Online Marketing - Senior Key Account Managerin,Marketing,en,Online Marketing - Senior Key Account Managerin
8853,Online Marketing & Community Manager,Marketing,en,Online Marketing & Community Manager
8854,Online Marketing & E-Commerce Manager,Marketing,en,Online Marketing & E-Commerce Manager
8855,Online Marketing & Sales Manager,Marketing,en,Online Marketing & Sales Manager
8856,Online Marketing + Event Manager,Marketing,en,Online Marketing + Event Manager
8857,Online Marketing Assistant,Marketing,en,Online Marketing Assistant
8858,Online Marketing Manager,Marketing,en,Online Marketing Manager
8859,Online Marketing Manager & IT-Consultant,Marketing,en,Online Marketing Manager & IT-Consultant
8860,Online Marketing Manager / Leadmanagement,Marketing,en,Online Marketing Manager / Leadmanagement
8861,Online Marketing Manager | Google AdWords Specialist,Marketing,hi,Online Marketing Manager | Google AdWords Specialist
8862,Online Marketing Manager B2B,Marketing,en,Online Marketing Manager B2B
8863,Online Marketing Manager B2B D/A/CH,Marketing,sw,Online Marketing Manager B2B D/A/CH
8864,Online Marketing Managerin,Marketing,en,Online Marketing Managerin
8865,Online Marketing und Event Manager,Marketing,de,Online Marketing and Event Manager
8866,Online und Community Marketing Managerin,Marketing,de,Online and Community Marketing Manager
8867,Online-Marketing & eCommerce Managerin,Marketing,en,Online-Marketing & eCommerce Managerin
8868,Online-Marketing Manager,Marketing,en,Online-Marketing Manager
8869,Online-Marketing Managerin / Online marketing manager,Marketing,en,Online-Marketing Managerin / Online marketing manager
8870,Online-Marketing und Event Managerin,Marketing,de,Online Marketing and Event Manager
8871,Online-Marketing-Manager,Marketing,en,Online-Marketing-Manager
8872,Online-Marketing-Manager E-Mail & CRM,Marketing,en,Online-Marketing-Manager E-Mail & CRM
8873,Operational & Digital Marketing - Communication Project Manager,Marketing,en,Operational & Digital Marketing - Communication Project Manager
8874,Operational Marketing & Communications Manager - Group,Marketing,en,Operational Marketing & Communications Manager - Group
8875,Operational Marketing and Communication Manager,Marketing,en,Operational Marketing and Communication Manager
8876,Performance Marketing Manager,Marketing,en,Performance Marketing Manager
8877,Performance Marketing Manager - Affiliate & Native Display at Gorillas,Marketing,en,Performance Marketing Manager - Affiliate & Native Display at Gorillas
8878,PR & Communications Manager,Marketing,en,PR & Communications Manager
8879,PR & Content Marketing Managerin,Marketing,en,PR & Content Marketing Managerin
8880,PR & Marketing Communications Manager,Marketing,en,PR & Marketing Communications Manager
8881,PR & Marketing Manager,Marketing,en,PR & Marketing Manager
8882,PR / Communications Managerin,Marketing,en,PR / Communications Managerin
8883,PR und Marketing Manager,Marketing,de,PR and Marketing Manager
8884,PR/Marketing Manager,Marketing,en,PR/Marketing Manager
8885,PR-/Marketing Managerin,Marketing,en,PR-/Marketing Managerin
8886,Process- & Project Manager Sales Channel Management & Marketing,Marketing,en,Process- & Project Manager Sales Channel Management & Marketing
8887,Product & Campaign Marketing Manager,Marketing,en,Product & Campaign Marketing Manager
8888,Product & Marketing Manager,Marketing,en,Product & Marketing Manager
8889,Product & Sales Marketing Manager,Marketing,en,Product & Sales Marketing Manager
8890,Product and Marketing Manager,Marketing,en,Product and Marketing Manager
8891,Product Manager EMEA Platform & Solutions Marketing,Marketing,en,Product Manager EMEA Platform & Solutions Marketing
8892,Product Manager Trade Marketing,Marketing,en,Product Manager Trade Marketing
8893,Product Marketing Manager,Marketing,en,Product Marketing Manager
8894,Product Marketing Manager (CRM),Marketing,en,Product Marketing Manager (CRM)
8895,Product Marketing Manager B2B Health,Marketing,en,Product Marketing Manager B2B Health
8896,Produkt & Marketing Manager,Marketing,en,Produkt & Marketing Manager
8897,Produkt Marketing Manager,Marketing,de,Product Marketing Manager
8898,Produkt Marketing Manager / Vertriebsingenieur,Marketing,de,Product Marketing Manager / Sales Engineer
8899,Produkt Marketing Managerin,Marketing,de,Product Marketing Manager
8900,Produktentwickler/Marketing-Manager,Marketing,nl,Product Developer/Marketing Manager
8901,Project & Product Manager - CRM & Marketing automation,Marketing,en,Project & Product Manager - CRM & Marketing automation
8902,Project Manager - Marketing and Communication,Marketing,en,Project Manager - Marketing and Communication
8903,Project Manager Communication & PR,Marketing,en,Project Manager Communication & PR
8904,Project Manager Digital Marketing,Marketing,en,Project Manager Digital Marketing
8905,Project Manager E-Commerce & Digital Marketing,Marketing,en,Project Manager E-Commerce & Digital Marketing
8906,Project Manager Event & Partner Marketing,Marketing,en,Project Manager Event & Partner Marketing
8907,Project Manager External Communications,Marketing,en,Project Manager External Communications
8908,Project Manager Location Marketing,Marketing,en,Project Manager Location Marketing
8909,Project Manager Marketing,Marketing,en,Project Manager Marketing
8910,Project Manager Marketing & Communications,Marketing,en,Project Manager Marketing & Communications
8911,Project Manager Marketing & Corporate Communications,Marketing,en,Project Manager Marketing & Corporate Communications
8912,Project Manager Marketing & Fairs / Projektleiterin Marketing & Messen,Marketing,de,Project Manager Marketing & Fairs / Project Manager Marketing & Fairs
8913,Project Manager Marketing & Sales,Marketing,en,Project Manager Marketing & Sales
8914,Project Manager Marketing Communication,Marketing,en,Project Manager Marketing Communication
8915,Project Manager Marketing Communications,Marketing,en,Project Manager Marketing Communications
8916,Project Manager Technical Marketing and Business Development Tepex Automotive,Marketing,en,Project Manager Technical Marketing and Business Development Tepex Automotive
8917,Projekt Managerin | Marketing Events & Messen,Marketing,de,Project Manager 的 Marketing Events & Fairs
8918,Recruiting und Marketing Manager,Marketing,de,Recruiting and Marketing Manager
8919,Regional Communication Manager,Marketing,en,Regional Communication Manager
8920,Regional Communication Manager DACH,Marketing,de,Regional Communication Manager DACH
8921,Regional Field Marketing Manager,Marketing,en,Regional Field Marketing Manager
8922,Regional Marketing & Communications Manager,Marketing,en,Regional Marketing & Communications Manager
8923,Regional Marketing Manager,Marketing,en,Regional Marketing Manager
8924,Regional Marketing Manager - Sales Region,Marketing,en,Regional Marketing Manager - Sales Region
8925,Regional Marketing Manager | Europe Central,Marketing,en,Regional Marketing Manager | Europe Central
8926,Regional Marketing Manager DACH,Marketing,de,Regional Marketing Manager DACH
8927,Regional Sales & Marketing Operations Manager Europe Duty Free,Marketing,en,Regional Sales & Marketing Operations Manager Europe Duty Free
8928,Responsable Communication commerciale et Travel Manager,Marketing,fr,Sales Communications and Travel Manager
8929,Retail CRM & Marketing Manager,Marketing,en,Retail CRM & Marketing Manager
8930,Sales & Marketing Assistant,Marketing,en,Sales & Marketing Assistant
8931,Sales- & Marketing Assistant,Marketing,en,Sales- & Marketing Assistant
8932,Sales & Marketing Assistant Leadacquisition,Marketing,en,Sales & Marketing Assistant Leadacquisition
8933,Sales & Marketing Management Assistant,Marketing,en,Sales & Marketing Management Assistant
8934,Sales & Marketing Manager,Marketing,en,Sales & Marketing Manager
8935,Sales & Marketing Manager - Refining Division Switzerland,Marketing,en,Sales & Marketing Manager - Refining Division Switzerland
8936,Sales & Marketing Manager AGR Germany,Marketing,en,Sales & Marketing Manager AGR Germany
8937,Sales & Marketing Manager France Infrastruture sector,Marketing,fr,Sales & Marketing Manager France Infrastructure sector
8938,Sales & Marketing Manager HPW AG,Marketing,en,Sales & Marketing Manager HPW AG
8939,Sales & Marketing Manager Industry,Marketing,en,Sales & Marketing Manager Industry
8940,Sales & Marketing Manager Middle East,Marketing,en,Sales & Marketing Manager Middle East
8941,Sales & Marketing Manager South & West Europe Region & EMEA Luxury Segment BDM,Marketing,en,Sales & Marketing Manager South & West Europe Region & EMEA Luxury Segment BDM
8942,Sales & Marketing Manager Speedo Deutschland,Marketing,de,Sales & Marketing Manager Speedo Germany
8943,Sales & Marketing Managerin,Marketing,en,Sales & Marketing Managerin
8944,Sales & Marketing Operations Manager Truck & Trailer EMEAR,Marketing,en,Sales & Marketing Operations Manager Truck & Trailer EMEAR
8945,Sales & Marketing Operations Senior Manager,Marketing,en,Sales & Marketing Operations Senior Manager
8946,Sales & Marketing Team Manager,Marketing,en,Sales & Marketing Team Manager
8947,Sales & Marketing Transformation Manager,Marketing,en,Sales & Marketing Transformation Manager
8948,Sales- & Marketing-Manager,Marketing,en,Sales- & Marketing-Manager
8949,Sales- & Marketing-Manager LAC,Marketing,en,Sales- & Marketing-Manager LAC
8950,Sales- & Marketing-Managerin,Marketing,ur,Sales & Marketing Manager
8951,Sales / Marketing Manager,Marketing,en,Sales / Marketing Manager
8952,Sales and Marketing Assistant,Marketing,en,Sales and Marketing Assistant
8953,Sales and Marketing Manager,Marketing,en,Sales and Marketing Manager
8954,Sales and Marketing Manager (Social Media),Marketing,en,Sales and Marketing Manager (Social Media)
8955,Sales and Marketing Manager B2B,Marketing,en,Sales and Marketing Manager B2B
8956,Sales and Marketing Manager France,Marketing,en,Sales and Marketing Manager France
8957,Sales and Marketing Manager Vision division,Marketing,en,Sales and Marketing Manager Vision division
8958,Sales Manager & Marketing Manager / CRM & CSR Management,Marketing,en,Sales Manager & Marketing Manager / CRM & CSR Management
8959,Sales Manager Conferences & Online Marketing,Marketing,en,Sales Manager Conferences & Online Marketing
8960,Sales Manager Direct Marketing,Marketing,en,Sales Manager Direct Marketing
8961,Sales Marketing Assistant,Marketing,en,Sales Marketing Assistant
8962,Sales Marketing Manager,Marketing,en,Sales Marketing Manager
8963,Sales Representative & Marketing Manager,Marketing,en,Sales Representative & Marketing Manager
8964,Sales und Marketing Manager,Marketing,de,Sales and Marketing Manager
8965,Sales und Marketing Managerin,Marketing,de,Sales and Marketing Manager
8966,Salesforce Marketing Cloud Manager,Marketing,en,Salesforce Marketing Cloud Manager
8967,Sales-Marketing Manager,Marketing,en,Sales-Marketing Manager
8968,Section Manager Marketing,Marketing,en,Section Manager Marketing
8969,Sen.Marketing Manager,Marketing,en,Sen.Marketing Manager
8970,Senior Account Manager Digital- & Performance-Marketing,Marketing,en,Senior Account Manager Digital- & Performance-Marketing
8971,Senior Account Manager Marketing Automation & Lead Management,Marketing,en,Senior Account Manager Marketing Automation & Lead Management
8972,Senior B2B Digital Content Marketing Manager,Marketing,en,Senior B2B Digital Content Marketing Manager
8973,Senior B2B Marketing Manager,Marketing,en,Senior B2B Marketing Manager
8974,Senior Beraterin Business Development Performance Marketing,Marketing,tr,Senior Consultant Business Development Performance Marketing
8975,Senior Brand and Marketing Campaign Manager iTero EMEA,Marketing,en,Senior Brand and Marketing Campaign Manager iTero EMEA
8976,Senior Brand Marketing Manager,Marketing,en,Senior Brand Marketing Manager
8977,Senior Buyer Marketing and Travelmanagement,Marketing,en,Senior Buyer Marketing and Travelmanagement
8978,Senior Channel Marketing Manager,Marketing,en,Senior Channel Marketing Manager
8979,Senior Channel Marketing Manager Central Europe,Marketing,en,Senior Channel Marketing Manager Central Europe
8980,Senior Communication Manager,Marketing,en,Senior Communication Manager
8981,Senior Communications Specialist,Marketing,en,Senior Communications Specialist
8982,Senior Communications Specialist Central Europe,Marketing,en,Senior Communications Specialist Central Europe
8983,Senior Consultant Marketing & Communication,Marketing,en,Senior Consultant Marketing & Communication
8984,Senior Coordinator Marketing,Marketing,en,Senior Coordinator Marketing
8985,Senior Corporate Brand Communications,Marketing,en,Senior Corporate Brand Communications
8986,Senior Corporate Communication Manager,Marketing,en,Senior Corporate Communication Manager
8987,Senior CRM & Marketing Project Manager,Marketing,en,Senior CRM & Marketing Project Manager
8988,Senior CRM Manager - Unternehmensentwicklung & Marketing,Marketing,de,Senior CRM Manager - Corporate Development & Marketing
8989,Senior CRM Manager / Senior E-Mail Marketing Ma...,Marketing,it,Senior CRM Manager / Senior E-Mail Marketing Ma...
8990,Senior Customer Marketing Manager,Marketing,en,Senior Customer Marketing Manager
8991,Senior DACH Marketing Manager,Marketing,en,Senior DACH Marketing Manager
8992,Senior Developer Marketing Specialist,Marketing,en,Senior Developer Marketing Specialist
8993,Senior Digital Communication Managerin,Marketing,en,Senior Digital Communication Managerin
8994,Senior Digital Marketing Manager,Marketing,en,Senior Digital Marketing Manager
8995,Senior Direktor Marketing und Vertrieb (Messe Kontakt),Marketing,de,Senior Director Marketing and Sales (Trade Fair Contact)
8996,Senior eCommerce Marketing Manager,Marketing,en,Senior eCommerce Marketing Manager
8997,Senior Event Marketing Manager,Marketing,en,Senior Event Marketing Manager
8998,Senior Events and National Veterinary Schools Communication manager,Marketing,en,Senior Events and National Veterinary Schools Communication manager
8999,Senior Expert E-Business & Marketing,Marketing,en,Senior Expert E-Business & Marketing
9000,Senior Expert Software & Online Dialog Marketing,Marketing,en,Senior Expert Software & Online Dialog Marketing
9001,Senior Field Marketing Manager,Marketing,en,Senior Field Marketing Manager
9002,Senior Field Marketing Manager DACH,Marketing,de,Senior Field Marketing Manager DACH
9003,Senior Global Communications Manager,Marketing,en,Senior Global Communications Manager
9004,Senior Global Marketing Manager,Marketing,en,Senior Global Marketing Manager
9005,Senior Group Key Account & Marketing Manager,Marketing,en,Senior Group Key Account & Marketing Manager
9006,Senior Group Manager Central European and Nordics Marketing Programs and Communications at MathWorks,Marketing,en,Senior Group Manager Central European and Nordics Marketing Programs and Communications at MathWorks
9007,Senior HR Marketing Manager,Marketing,en,Senior HR Marketing Manager
9008,Senior International Marketing Manager,Marketing,en,Senior International Marketing Manager
9009,Senior Key Account Manager & Online Marketing Manager (IHK),Marketing,en,Senior Key Account Manager & Online Marketing Manager (IHK)
9010,Senior Manager - CRM & Digital Marketing,Marketing,en,Senior Manager - CRM & Digital Marketing
9011,Senior Manager - Global BMW Program- Sales&Marketing,Marketing,en,Senior Manager - Global BMW Program- Sales&Marketing
9012,Senior Manager – Product Marketing Scheer PAS,Marketing,nl,Senior Manager – Product Marketing Scheer PAS
9013,Senior Manager Application Development & Business Solution Management Sales and Marketing,Marketing,en,Senior Manager Application Development & Business Solution Management Sales and Marketing
9014,Senior Manager Brand & Communication,Marketing,en,Senior Manager Brand & Communication
9015,Senior Manager Communication,Marketing,en,Senior Manager Communication
9016,Senior Manager Communications at Magna Powertrain,Marketing,en,Senior Manager Communications at Magna Powertrain
9017,Senior Manager Corporate Communications,Marketing,en,Senior Manager Corporate Communications
9018,Senior Manager CRM / Team-Leader (Group Strategic Marketing),Marketing,en,Senior Manager CRM / Team-Leader (Group Strategic Marketing)
9019,Senior Manager Demand Generation & Marketing Operations,Marketing,en,Senior Manager Demand Generation & Marketing Operations
9020,Senior Manager Digital Marketing & Communication,Marketing,en,Senior Manager Digital Marketing & Communication
9021,Senior Manager EMEA Channel Marketing,Marketing,en,Senior Manager EMEA Channel Marketing
9022,Senior Manager EMEA Marketing,Marketing,en,Senior Manager EMEA Marketing
9023,Senior Manager Global Marketing,Marketing,en,Senior Manager Global Marketing
9024,Senior Manager Kommunikation & Marketing,Marketing,en,Senior Manager Kommunikation & Marketing
9025,Senior Manager Marketing,Marketing,en,Senior Manager Marketing
9026,Senior Manager Marketing - Digital Prosthetics,Marketing,en,Senior Manager Marketing - Digital Prosthetics
9027,Senior Manager Marketing & Communications,Marketing,en,Senior Manager Marketing & Communications
9028,Senior Manager Marketing & Inside Sales,Marketing,en,Senior Manager Marketing & Inside Sales
9029,Senior Manager Marketing & Sales,Marketing,en,Senior Manager Marketing & Sales
9030,Senior Manager Marketing & Sales Operations,Marketing,en,Senior Manager Marketing & Sales Operations
9031,Senior Manager Marketing / PR,Marketing,en,Senior Manager Marketing / PR
9032,Senior Manager Marketing and Online Communications,Marketing,en,Senior Manager Marketing and Online Communications
9033,Senior Manager Marketing Central Europe,Marketing,en,Senior Manager Marketing Central Europe
9034,Senior Manager Marketing Communications,Marketing,en,Senior Manager Marketing Communications
9035,Senior Manager Marketing Cyber Security DACH,Marketing,de,Senior Manager Marketing Cyber Security DACH
9036,Senior Manager Marketing Services / Corporate Communications,Marketing,en,Senior Manager Marketing Services / Corporate Communications
9037,Senior Manager Marketing Technology + Tools,Marketing,en,Senior Manager Marketing Technology + Tools
9038,Senior Manager Marketing/PR,Marketing,en,Senior Manager Marketing/PR
9039,Senior Manager Online-Marketing,Marketing,en,Senior Manager Online-Marketing
9040,Senior Manager Product & Program Marketing,Marketing,en,Senior Manager Product & Program Marketing
9041,Senior Marketing & Brand Manager,Marketing,en,Senior Marketing & Brand Manager
9042,Senior Marketing & Communications Manager,Marketing,en,Senior Marketing & Communications Manager
9043,Senior Marketing & Communications Specialist,Marketing,en,Senior Marketing & Communications Specialist
9044,Senior Marketing & Design Manager,Marketing,en,Senior Marketing & Design Manager
9045,Senior Marketing & Event Manager EMEIA,Marketing,it,Senior Marketing & Event Manager EMEIA
9046,Senior Marketing & Events Manager B2B DACH,Marketing,de,Senior Marketing & Events Manager B2B DACH
9047,Senior Marketing & PR Manager,Marketing,en,Senior Marketing & PR Manager
9048,Senior Marketing & Sales Manager,Marketing,en,Senior Marketing & Sales Manager
9049,Senior Marketing Analyst / Salesforce Administrator,Marketing,en,Senior Marketing Analyst / Salesforce Administrator
9050,Senior Marketing and Event Manager,Marketing,en,Senior Marketing and Event Manager
9051,Senior Marketing and Pricing Manager,Marketing,en,Senior Marketing and Pricing Manager
9052,Senior Marketing Communations Managerin,Marketing,en,Senior Marketing Communations Managerin
9053,Senior Marketing Communications Manager,Marketing,en,Senior Marketing Communications Manager
9054,Senior Marketing Communications Specialist,Marketing,en,Senior Marketing Communications Specialist
9055,Senior Marketing Consultant,Marketing,en,Senior Marketing Consultant
9056,Senior Marketing Coordinator,Marketing,en,Senior Marketing Coordinator
9057,Senior Marketing Event Manager,Marketing,en,Senior Marketing Event Manager
9058,Senior Marketing Event Specialist,Marketing,en,Senior Marketing Event Specialist
9059,Senior Marketing Executive ‑ Europe,Marketing,en,Senior Marketing Executive ‑ Europe
9060,Senior Marketing Manager,Marketing,en,Senior Marketing Manager
9061,Senior Marketing Manager - Corporate Marketing and Business Development,Marketing,en,Senior Marketing Manager - Corporate Marketing and Business Development
9062,Senior Marketing Manager – Demand Generation EMEA,Marketing,pt,Senior Marketing Manager – Demand Generation EMEA
9063,Senior Marketing Manager - Global Marketing,Marketing,en,Senior Marketing Manager - Global Marketing
9064,Senior Marketing Manager (Direct marketing),Marketing,en,Senior Marketing Manager (Direct marketing)
9065,Senior Marketing Manager / Team Leader,Marketing,en,Senior Marketing Manager / Team Leader
9066,Senior Marketing Manager Central + Eastern Europe,Marketing,en,Senior Marketing Manager Central + Eastern Europe
9067,Senior Marketing Manager CRM,Marketing,en,Senior Marketing Manager CRM
9068,Senior Marketing Manager CRM Retention,Marketing,en,Senior Marketing Manager CRM Retention
9069,Senior Marketing Manager DACH,Marketing,de,Senior Marketing Manager DACH
9070,Senior Marketing Manager Digital Experience - MAN Digital Solutions,Marketing,en,Senior Marketing Manager Digital Experience - MAN Digital Solutions
9071,Senior Marketing Manager EMEA,Marketing,pt,Senior Marketing Manager EMEA
9072,Senior Marketing Manager France at Celonis,Marketing,it,Senior Marketing Manager France at Celonis
9073,Senior Marketing Manager Southern Europe,Marketing,en,Senior Marketing Manager Southern Europe
9074,Senior Marketing Managerin,Marketing,en,Senior Marketing Managerin
9075,Senior Marketing Managerin | Teamlead,Marketing,en,Senior Marketing Managerin | Teamlead
9076,Senior Marketing Mitarbeiterin/Marketingmanagement,Marketing,de,Senior Marketing Employee/Marketing Management
9077,Senior Marketing Professional,Marketing,en,Senior Marketing Professional
9078,Senior Marketing Project Manager,Marketing,en,Senior Marketing Project Manager
9079,Senior Marketing Referent,Marketing,en,Senior Marketing Referent
9080,Senior Marketing Service & Event Specialist,Marketing,en,Senior Marketing Service & Event Specialist
9081,Senior Marketing Specialist,Marketing,en,Senior Marketing Specialist
9082,Senior Marketing Specialist - Central Europe,Marketing,en,Senior Marketing Specialist - Central Europe
9083,Senior Marketing Specialist (Event),Marketing,en,Senior Marketing Specialist (Event)
9084,Senior Marketing Specialist (高级营销专家),Marketing,zh,Senior Marketing Specialist
9085,Senior Marketing Specialist Central Europe,Marketing,en,Senior Marketing Specialist Central Europe
9086,Senior Marketing-Managerin Customer Communication & Digitization,Marketing,en,Senior Marketing-Managerin Customer Communication & Digitization
9087,Senior Marketingreferentin,Marketing,de,Senior Marketing Officer
9088,Senior Online Marketing CRM Manager,Marketing,en,Senior Online Marketing CRM Manager
9089,Senior Online Marketing Manager,Marketing,en,Senior Online Marketing Manager
9090,Senior Online Marketing Manager SEO,Marketing,en,Senior Online Marketing Manager SEO
9091,Senior Partner Manager | Marketing+Communication | Creative communication strategies + Definitive data analysis,Marketing,en,Senior Partner Manager | Marketing+Communication | Creative communication strategies + Definitive data analysis
9092,Senior Performance Marketing Manager,Marketing,en,Senior Performance Marketing Manager
9093,Senior PR & Marketing Manager,Marketing,en,Senior PR & Marketing Manager
9094,Senior Product Manager | Digital Marketing,Marketing,en,Senior Product Manager | Digital Marketing
9095,Senior Product Manager International Marketing,Marketing,en,Senior Product Manager International Marketing
9096,Senior Product Marketing Manager,Marketing,en,Senior Product Marketing Manager
9097,Senior Product Marketing Manager Cloud Solutions,Marketing,en,Senior Product Marketing Manager Cloud Solutions
9098,Senior Project Manager CRM & Digital Marketing,Marketing,en,Senior Project Manager CRM & Digital Marketing
9099,Senior Projektleitung Beratung/Marketing,Marketing,de,Senior Project Management Consulting/Marketing
9100,Senior Projektmanager Marketing / CRM,Marketing,en,Senior Projektmanager Marketing / CRM
9101,Senior Projektmanager Online Marketing,Marketing,en,Senior Projektmanager Online Marketing
9102,Senior Projektmanagerin Marketing und Kommunikation,Marketing,de,Senior Project Manager Marketing and Communication
9103,Senior Projektmanagerin Marketing-Kommunikation (B2B),Marketing,it,Senior Project Manager Marketing Communications (B2B)
9104,Senior Projektpartner (Messe Kontakt),Marketing,de,Senior project partner (trade fair contact)
9105,Senior Referent Online Marketing,Marketing,en,Senior Referent Online Marketing
9106,Senior Referentin Event Marketing,Marketing,tr,Senior Consultant Event Marketing
9107,Senior Referentin Kommunikation und Entwicklung und Eventmanagerin,Marketing,de,Senior Speaker Communication and Development and Event Manager
9108,Senior Referentin Marketing,Marketing,tr,Senior Marketing Officer
9109,Senior Regional Marketing Manager,Marketing,en,Senior Regional Marketing Manager
9110,Senior Regional Marketing Manager EMEA,Marketing,pt,Senior Regional Marketing Manager EMEA
9111,Senior Sales & Marketing Assistentin,Marketing,en,Senior Sales & Marketing Assistentin
9112,Senior Sales & Marketing Manager,Marketing,en,Senior Sales & Marketing Manager
9113,Senior Sales & Marketing Manager Europe/US/LA,Marketing,en,Senior Sales & Marketing Manager Europe/US/LA
9114,Senior Sales and Marketing Manager,Marketing,en,Senior Sales and Marketing Manager
9115,Senior Sales Manager - Sales & Marketing,Marketing,en,Senior Sales Manager - Sales & Marketing
9116,Senior Sales Manager & Marketing Industrial Cases,Marketing,en,Senior Sales Manager & Marketing Industrial Cases
9117,Senior Sales Manager Sales & Marketing,Marketing,en,Senior Sales Manager Sales & Marketing
9118,Senior Sales Marketing Manager,Marketing,en,Senior Sales Marketing Manager
9119,Senior Specialist Digital Marketing,Marketing,en,Senior Specialist Digital Marketing
9120,Senior Specialist Marketing & Business Development,Marketing,en,Senior Specialist Marketing & Business Development
9121,Senior Specialist Marketing global,Marketing,en,Senior Specialist Marketing global
9122,Senior Specialist Marketing Manager,Marketing,en,Senior Specialist Marketing Manager
9123,Senior Spezialist Digitale Kommunikation,Marketing,de,Senior Specialist Digital Communication
9124,Senior Team Assistant Sales & Marketing,Marketing,en,Senior Team Assistant Sales & Marketing
9125,Senior Trade Marketing Manager,Marketing,en,Senior Trade Marketing Manager
9126,Senior Vice President (Messe Kontakt),Marketing,ur,Senior Vice President (Exhibition Contact)
9127,Senior Vice President Marketing & Sales,Marketing,en,Senior Vice President Marketing & Sales
9128,Senior Vice President Sales & Marketing,Marketing,en,Senior Vice President Sales & Marketing
9129,Senior Vice President Strategic Marketing & Sales,Marketing,en,Senior Vice President Strategic Marketing & Sales
9130,Senior VP Sales & Marketing,Marketing,en,Senior VP Sales & Marketing
9131,Service Sales & Marketing Manager,Marketing,en,Service Sales & Marketing Manager
9132,Social Media Manager und Marketing/Kommunikation,Marketing,de,Social Media Manager and Marketing/Communication
9133,Software Marketing Manager - SAP PLM,Marketing,en,Software Marketing Manager - SAP PLM
9134,South Europe Marketing Manager,Marketing,en,South Europe Marketing Manager
9135,Sr. CRM Marketing Manager,Marketing,en,Sr. CRM Marketing Manager
9136,Sr. Event Marketing Manager,Marketing,en,Sr. Event Marketing Manager
9137,Sr. Manager EMEA Marketing,Marketing,en,Sr. Manager EMEA Marketing
9138,Sr. Marketing & Communications Manager,Marketing,en,Sr. Marketing & Communications Manager
9139,Sr. Marketing Manager,Marketing,en,Sr. Marketing Manager
9140,Sr. Regional Marketing Manager DACH,Marketing,hi,Sr. Regional Marketing Manager DACH
9141,Stellvertretender Marketing-Leiter & PR & Content Manager,Marketing,de,Deputy Marketing Manager & PR & Content Manager
9142,Strategic Marketing & Innovation Manager,Marketing,en,Strategic Marketing & Innovation Manager
9143,Strategic Marketing & PR Manager,Marketing,en,Strategic Marketing & PR Manager
9144,Strategic Marketing & Sales Manager,Marketing,en,Strategic Marketing & Sales Manager
9145,Strategic Marketing Manager,Marketing,en,Strategic Marketing Manager
9146,Strategic Sales & Marketing Manager Germany and Scandinavia,Marketing,en,Strategic Sales & Marketing Manager Germany and Scandinavia
9147,Strategy Implementation & Transformation Manager - Sales & Marketing,Marketing,en,Strategy Implementation & Transformation Manager - Sales & Marketing
9148,Team Assistant Marketing,Marketing,en,Team Assistant Marketing
9149,Team Assistant Sales & Marketing,Marketing,en,Team Assistant Sales & Marketing
9150,Team Manager Marketing,Marketing,en,Team Manager Marketing
9151,Team Manager Marketing & Branding,Marketing,en,Team Manager Marketing & Branding
9152,Team Manager Marketing | Product Manager,Marketing,en,Team Manager Marketing | Product Manager
9153,Team Manager PR & Communications,Marketing,en,Team Manager PR & Communications
9154,Teamleiter Marketing / Product Manager,Marketing,de,Team Leader Marketing / Product Manager
9155,Technical Marketing Manager,Marketing,en,Technical Marketing Manager
9156,Technical Marketing Operations Manager,Marketing,en,Technical Marketing Operations Manager
9157,Trade Marketing & Event Manager,Marketing,en,Trade Marketing & Event Manager
9158,Trade Marketing & PR Manager Europe,Marketing,en,Trade Marketing & PR Manager Europe
9159,Trade Marketing / Event Managerin,Marketing,en,Trade Marketing / Event Managerin
9160,Trade Marketing Manager,Marketing,en,Trade Marketing Manager
9161,Trade Marketing Manager Consumer Printing und Computing Portfolio,Marketing,de,Trade Marketing Manager Consumer Printing and Computing Portfolio
9162,Trade Marketing Manager Events,Marketing,en,Trade Marketing Manager Events
9163,Trade Marketing Managerin,Marketing,en,Trade Marketing Managerin
9164,Training Manager/ Messemanager,Marketing,de,Training Manager/Trade Fair Manager
9165,Unternehmensberater & Interim Manager für Marketing & Vertrieb,Marketing,de,Management Consultant & Interim Manager for Marketing & Sales
9166,Vertriebsassistentin/Marketing Assistant,Marketing,de,Sales Assistant/Marketing Assistant
9167,Vertriebsleiter & Marketing Manager,Marketing,de,Sales Manager & Marketing Manager
9168,Customer Operations Manager,Other,en,Customer Operations Manager
9169,DACH Operations Manager,Other,en,DACH Operations Manager
9170,Inter-Company Operations Manager,Other,en,Inter-Company Operations Manager
9171,Manager Customer Management Operations,Other,en,Manager Customer Management Operations
9172,Manager Operations,Other,en,Manager Operations
9173,Operations & Recruiting Manager,Other,en,Operations & Recruiting Manager
9174,Operations Manager,Other,en,Operations Manager
9175,Operations Manager / Prokuristin,Other,ur,Operations Manager / Prokuristin
9176,Operations Manager Berufung,Other,de,Operations Manager Appeal
9177,Operations Manager Central & Eastern Europe,Other,en,Operations Manager Central & Eastern Europe
9178,Revenue Operations Manager,Other,en,Revenue Operations Manager
9179,Service & Operations Manager,Other,en,Service & Operations Manager
9180,Assistant to Head of IT Services and Global Purchasing,Purchasing,en,Assistant to Head of IT Services and Global Purchasing
9181,IT Purchasing Manager,Purchasing,en,IT Purchasing Manager
9182,Purchasing Manager,Purchasing,en,Purchasing Manager
9183,☁️ Salesforce Manager,Sales,en,☁️ Salesforce Manager
9184,Account / Sales Manager,Sales,en,Account / Sales Manager
9185,Account Manager,Sales,en,Account Manager
9186,Account Manager - Industry Liaison,Sales,en,Account Manager - Industry Liaison
9187,Account Manager - Pipe Manufacturers & Yellow/Green Goods,Sales,en,Account Manager - Pipe Manufacturers & Yellow/Green Goods
9188,Account Manager - Sales Development,Sales,en,Account Manager - Sales Development
9189,Account Manager & Salesforce Admin,Sales,en,Account Manager & Salesforce Admin
9190,Account Manager / Digital Strategist,Sales,en,Account Manager / Digital Strategist
9191,Account Manager / IT Consultant,Sales,en,Account Manager / IT Consultant
9192,Account Manager / Leiter Vertrieb,Sales,de,Account Manager / Sales Manager
9193,Account Manager / Media Consultant,Sales,en,Account Manager / Media Consultant
9194,Account Manager / Teamleiter Vertriebsinnendienst,Sales,de,Account Manager / Team Manager Internal Sales Service
9195,Account Manager @UPTOO,Sales,sw,Account Manager @UPTOO
9196,Account Manager | CRM Consultant Mercedes-Benz,Sales,hi,Account Manager | CRM Consultant Mercedes-Benz
9197,Account Manager Automotive,Sales,en,Account Manager Automotive
9198,Account Manager bundesweit,Sales,de,Account Manager nationwide
9199,Account Manager CRM,Sales,en,Account Manager CRM
9200,Account Manager CRM / Client Service,Sales,en,Account Manager CRM / Client Service
9201,Account Manager D/A/CH,Sales,de,Account Manager D/A/CH
9202,Account Manager D-A-CH,Sales,de,Account Manager D-A-CH
9203,Account Manager Digital,Sales,en,Account Manager Digital
9204,Account Manager EMEA,Sales,pt,Account Manager EMEA
9205,Account Manager Events,Sales,en,Account Manager Events
9206,Account Manager Innendienst,Sales,de,Account Manager Internal Service
9207,Account Manager Inside Sales,Sales,en,Account Manager Inside Sales
9208,Account Manager International Sales (Messe Kontakt),Sales,ur,Account Manager International Sales (trade fair contact)
9209,Account Manager Investitionsgüter,Sales,de,Account Manager Capital goods
9210,Account Manager Schulungs- und Dienstleistungsvertrieb,Sales,de,Account Manager Training and service distribution
9211,Account Manager SME Pre-Sales DACH,Sales,de,Account Manager SME Pre-Sales DACH
9212,Account Manager Vertrieb,Sales,de,Account Manager Sales
9213,Account Manager Vertriebsprojekte,Sales,de,Account Manager Sales Projects
9214,Account Manager/ Technik_Vertrieb,Sales,de,Account Manager/ Technology_Sales
9215,Account Managerin,Sales,en,Account Managerin
9216,Account/ Sales Manager,Sales,en,Account/ Sales Manager
9217,Account-Manager,Sales,en,Account-Manager
9218,Account-Manager (B2B),Sales,en,Account-Manager (B2B)
9219,Account-Managerin,Sales,en,Account-Managerin
9220,Account-Managerin Migräne,Sales,de,Account manager Migraine
9221,Advantech Online Sales Manager Central Europe,Sales,en,Advantech Online Sales Manager Central Europe
9222,AEC Sales Manager,Sales,en,AEC Sales Manager
9223,Agency Sales Manager,Sales,en,Agency Sales Manager
9224,Application Manager Salesforce,Sales,en,Application Manager Salesforce
9225,Area Manager Sales,Sales,en,Area Manager Sales
9226,Area Sales & Business Development Manager,Sales,en,Area Sales & Business Development Manager
9227,Area Sales & Distributors Manager,Sales,en,Area Sales & Distributors Manager
9228,Area Sales Manager,Sales,en,Area Sales Manager
9229,Area Sales Manager - DACH,Sales,de,Area Sales Manager - DACH
9230,Area Sales Manager - Mobility Consultant,Sales,en,Area Sales Manager - Mobility Consultant
9231,Area Sales Manager - Skandinavien,Sales,nl,Area Sales Manager - Scandinavia
9232,Area Sales Manager & Key Account Manager,Sales,en,Area Sales Manager & Key Account Manager
9233,Area Sales Manager / Assistant of the devision management,Sales,en,Area Sales Manager / Assistant of the devision management
9234,Area Sales Manager / Marine and Generator Appli...,Sales,en,Area Sales Manager / Marine and Generator Appli...
9235,Area Sales Manager B2B Remmers Baustofftechnik GmbH,Sales,de,Area Sales Manager B2B Remmers Baustofftechnik GmbH
9236,Area Sales Manager BioLine for Germany and Austria,Sales,en,Area Sales Manager BioLine for Germany and Austria
9237,Area Sales Manager Coffee,Sales,en,Area Sales Manager Coffee
9238,Area Sales Manager DACH Süd,Sales,de,Area Sales Manager DACH South
9239,Area Sales Manager D-A-CH/DK/NOR/SE/FIN,Sales,nl,Area Sales Manager D-A-CH/DK/NOR/SE/FIN
9240,Area Sales Manager EMEA,Sales,pt,Area Sales Manager EMEA
9241,Area Sales Manager Germany,Sales,en,Area Sales Manager Germany
9242,Area Sales Manager International Sales,Sales,en,Area Sales Manager International Sales
9243,Area Sales Manager Japan,Sales,en,Area Sales Manager Japan
9244,Area Sales Manager Schweiz,Sales,de,Area Sales Manager Switzerland
9245,Area Sales Manager Süd,Sales,de,Area Sales Manager South
9246,Assistant CEO & Sales Management,Sales,en,Assistant CEO & Sales Management
9247,Assistant Sales and R&D,Sales,en,Assistant Sales and R&D
9248,Assistant Sales International,Sales,en,Assistant Sales International
9249,Assistant Sales Manager,Sales,en,Assistant Sales Manager
9250,Assistant to Head of Sales,Sales,en,Assistant to Head of Sales
9251,Assistant to Sales,Sales,en,Assistant to Sales
9252,Assistant to the Head of Sales,Sales,en,Assistant to the Head of Sales
9253,B2B Global Key Account Manager,Sales,en,B2B Global Key Account Manager
9254,B2B Regional Salesforce Manager West,Sales,en,B2B Regional Salesforce Manager West
9255,B2B Sales Manager,Sales,en,B2B Sales Manager
9256,B2B Sales Manager International,Sales,en,B2B Sales Manager International
9257,"B2B-Key Account Manager DACH ""Under Armour""",Sales,de,"B2B-Key Account Manager DACH ""Under Armour"""
9258,Business- & Sales Manager AT,Sales,en,Business- & Sales Manager AT
9259,Business Development & Sales Manager,Sales,en,Business Development & Sales Manager
9260,Business Development / Sales Manager,Sales,en,Business Development / Sales Manager
9261,Business Development and Sales Manager,Sales,en,Business Development and Sales Manager
9262,Business Development Manager - Inside Sales (Lead Gen. & Market Pen.),Sales,en,Business Development Manager - Inside Sales (Lead Gen. & Market Pen.)
9263,Business Development Manager - International Sales,Sales,en,Business Development Manager - International Sales
9264,Business Development Manager & Inside Sales,Sales,en,Business Development Manager & Inside Sales
9265,Business Development Manager / Deputy Head of Sales,Sales,en,Business Development Manager / Deputy Head of Sales
9266,Business Development Manager / Project Sales,Sales,en,Business Development Manager / Project Sales
9267,Business Development Managerin KYOCERA Sales Excellence,Sales,en,Business Development Managerin KYOCERA Sales Excellence
9268,Business Development Sales Manager,Sales,en,Business Development Sales Manager
9269,Business Manager (Business Development & Sales Control),Sales,en,Business Manager (Business Development & Sales Control)
9270,Business Unit Manager / Leiter Vertrieb,Sales,de,Business Unit Manager / Head of Sales
9271,Business Unit Manager Sales Nuclear Valves,Sales,en,Business Unit Manager Sales Nuclear Valves
9272,Category Manager Sales ERP,Sales,en,Category Manager Sales ERP
9273,Central & Eastern Europe Region Sales Manager,Sales,en,Central & Eastern Europe Region Sales Manager
9274,Channel Account Manager,Sales,en,Channel Account Manager
9275,Channel Manager & Inside Sales,Sales,en,Channel Manager & Inside Sales
9276,Channel Manager Online Sales B2B,Sales,en,Channel Manager Online Sales B2B
9277,Channel Sales Manager,Sales,en,Channel Sales Manager
9278,Channel Sales Manager DACH,Sales,en,Channel Sales Manager DACH
9279,Channel Sales und Partner Manager,Sales,de,Channel Sales and Partner Manager
9280,Chief Sales Manager,Sales,en,Chief Sales Manager
9281,Conference & Events Sales Manager,Sales,en,Conference & Events Sales Manager
9282,Corporate Regional Sales Manager,Sales,en,Corporate Regional Sales Manager
9283,Corporate Sales Management: Manager International Business Support Asia,Sales,en,Corporate Sales Management: Manager International Business Support Asia
9284,Country Sales Manager,Sales,en,Country Sales Manager
9285,Country Sales Manager & Teamlead ONLY,Sales,en,Country Sales Manager & Teamlead ONLY
9286,Country Sales Manager Austria,Sales,en,Country Sales Manager Austria
9287,Country Sales Manager New Business & Rental Ser...,Sales,en,Country Sales Manager New Business & Rental Ser...
9288,Country Sales Manager/Head of Retail D/A/CH,Sales,en,Country Sales Manager/Head of Retail D/A/CH
9289,CRM & After Sales Manager,Sales,en,CRM & After Sales Manager
9290,CRM Application Manager (Salesforce.com),Sales,en,CRM Application Manager (Salesforce.com)
9291,CRM Manager & InHouse Berater (Salesforce & Pardot),Sales,en,CRM Manager & InHouse Berater (Salesforce & Pardot)
9292,CRM Manager (Salesforce),Sales,en,CRM Manager (Salesforce)
9293,CRM Manager / Salesforce Engineer,Sales,en,CRM Manager / Salesforce Engineer
9294,CRM Manager Salesforce,Sales,en,CRM Manager Salesforce
9295,CRM Project & Governance Manager - Salesforce,Sales,en,CRM Project & Governance Manager - Salesforce
9296,CRM Project Manager - Original Equipment - Global Sales Excellence,Sales,en,CRM Project Manager - Original Equipment - Global Sales Excellence
9297,CRM/Salesforce Manager,Sales,en,CRM/Salesforce Manager
9298,Deparment Manager Sales Support,Sales,en,Deparment Manager Sales Support
9299,Deputy Sales Manager,Sales,en,Deputy Sales Manager
9300,Digital & IT - Sales / CRM Domain Manager /Digital & IT CMO,Sales,en,Digital & IT - Sales / CRM Domain Manager /Digital & IT CMO
9301,Digital Sales Manager,Sales,en,Digital Sales Manager
9302,dipl.-Ing. Regional Sales Manager,Sales,it,dipl.-Ing. Regional Sales Manager
9303,Direct Sales Manager,Sales,en,Direct Sales Manager
9304,Directeur Commercial Equipement et Services. Sales Manager Equipment and Services,Sales,fr,Sales Manager Equipment and Services Sales Manager Equipment and Services
9305,Divisional Sales Manager,Sales,en,Divisional Sales Manager
9306,Eastern Regional Sales Manager - Engineered Products,Sales,en,Eastern Regional Sales Manager - Engineered Products
9307,E-Commerce Consultant / Key Account Manager,Sales,en,E-Commerce Consultant / Key Account Manager
9308,EDI Senior Sales Executive DACH,Sales,de,EDI Senior Sales Executive DACH
9309,Enterprise Account Manager,Sales,en,Enterprise Account Manager
9310,Enterprise Inside Sales Account Manager,Sales,en,Enterprise Inside Sales Account Manager
9311,Enterprise Sales Manager,Sales,en,Enterprise Sales Manager
9312,Enterprise Sales Manager DACH,Sales,en,Enterprise Sales Manager DACH
9313,Enterprise Sales Manager Emea,Sales,pt,Enterprise Sales Manager Emea
9314,Enterprise-Sales Manager D-A-CH,Sales,en,Enterprise-Sales Manager D-A-CH
9315,Europe Sales Manager,Sales,en,Europe Sales Manager
9316,Europe Sales Manager / General Manager,Sales,en,Europe Sales Manager / General Manager
9317,European Aerospace Sales Manager,Sales,en,European Aerospace Sales Manager
9318,Executive Key Account Manager,Sales,en,Executive Key Account Manager
9319,Executive Manager  International Sales Processes,Sales,en,Executive Manager  International Sales Processes
9320,Executive Partner Account Manager - Deutsche Te...,Sales,de,Executive Partner Account Manager - Deutsche Te...
9321,Export Sales Assistant,Sales,en,Export Sales Assistant
9322,Export Sales Manager,Sales,en,Export Sales Manager
9323,Field & Digital Sales Manager,Sales,en,Field & Digital Sales Manager
9324,Focus Sales Manager,Sales,en,Focus Sales Manager
9325,Foreign Sales Manager,Sales,en,Foreign Sales Manager
9326,Freelance Business Developer (ex-Oracle) / Sales Manager @Inventiv-IT / Business Developer @Jahia,Sales,sw,Freelance Business Developer (ex-Oracle) / Sales Manager @Inventiv-IT / Business Developer @Jahia
9327,Gebietsverkaufsleiter / Area Sales Manager,Sales,de,Area Sales Manager / Area Sales Manager
9328,Gebietsverkaufsleiter | Area Sales Manager,Sales,de,Area Sales Manager
9329,Gebietsverkaufsleiter West-Deutschland / Area Sales Manager Scandinavia,Sales,de,Area Sales Manager West Germany / Area Sales Manager Scandinavia
9330,General Manager Direct Sales EMEA,Sales,pt,General Manager Direct Sales EMEA
9331,General Manager Sales & Key Accounts,Sales,en,General Manager Sales & Key Accounts
9332,General Manager Sales Germany,Sales,en,General Manager Sales Germany
9333,General Sales Manager,Sales,en,General Sales Manager
9334,General Sales Manager D|A|CH Region,Sales,it,General Sales Manager D|A|CH Region
9335,Geschäftsführer / Sales Manager,Sales,de,Managing Director / Sales Manager
9336,Global Account Manager,Sales,en,Global Account Manager
9337,Global CRM Project Manager | Sales Service & Startegy Manager,Sales,it,Global CRM Project Manager | Sales Service & Startegy Manager
9338,Global Key Account Manager,Sales,en,Global Key Account Manager
9339,Global Project Sales Manager,Sales,en,Global Project Sales Manager
9340,Global Sales - Process and Support Manager,Sales,en,Global Sales - Process and Support Manager
9341,Global Sales & Account Manager,Sales,en,Global Sales & Account Manager
9342,Global Sales Coordination Manager,Sales,en,Global Sales Coordination Manager
9343,Global Sales Excellence Manager / Reg. Coordinator CE Asia/Pacific,Sales,en,Global Sales Excellence Manager / Reg. Coordinator CE Asia/Pacific
9344,Global Sales Manager,Sales,en,Global Sales Manager
9345,Global Sales Manager & Sales Operations Leader,Sales,en,Global Sales Manager & Sales Operations Leader
9346,Global Sales Manager PVC,Sales,en,Global Sales Manager PVC
9347,Global Sales Operations Manager,Sales,en,Global Sales Operations Manager
9348,Global Sales Operations Manager - Partnerships,Sales,en,Global Sales Operations Manager - Partnerships
9349,Global Sales Process & Technology Manager,Sales,en,Global Sales Process & Technology Manager
9350,Global Sales Process Manager,Sales,en,Global Sales Process Manager
9351,Global Sales Training Manager,Sales,en,Global Sales Training Manager
9352,Global Strategic Account Manager,Sales,en,Global Strategic Account Manager
9353,Group Manager Commercial & Sales Solutions,Sales,en,Group Manager Commercial & Sales Solutions
9354,Group Manager Sales,Sales,en,Group Manager Sales
9355,Group Manager Sales Administration / Distribution DE,Sales,en,Group Manager Sales Administration / Distribution DE
9356,Group Sales Manager,Sales,en,Group Sales Manager
9357,Group Sales Operations Manager,Sales,en,Group Sales Operations Manager
9358,Group Senior Sales Analyst,Sales,en,Group Senior Sales Analyst
9359,Head of Field Sales & Key Account Manager,Sales,en,Head of Field Sales & Key Account Manager
9360,Head of Sales / Key Account Manager,Sales,en,Head of Sales / Key Account Manager
9361,Head of Sales CSO / Cooperation Manager Smart A...,Sales,en,Head of Sales CSO / Cooperation Manager Smart A...
9362,Head of Sales Europe & General Manager DACH,Sales,en,Head of Sales Europe & General Manager DACH
9363,Hybrid Sales Coordinator / Assistant Management...,Sales,en,Hybrid Sales Coordinator / Assistant Management...
9364,Inhouse Senior Consultant SAP Sales Cloud,Sales,en,Inhouse Senior Consultant SAP Sales Cloud
9365,Innovation Introducer - Sales Development Manager,Sales,en,Innovation Introducer - Sales Development Manager
9366,Inside Sales Account Manager,Sales,en,Inside Sales Account Manager
9367,Inside Sales Manager,Sales,en,Inside Sales Manager
9368,Inside Sales Manager / Consultant New Business / Salesforce Administration,Sales,en,Inside Sales Manager / Consultant New Business / Salesforce Administration
9369,Inside Sales Manager / Vertriebsleiter Innendienst,Sales,de,Inside Sales Manager / Internal Sales Manager
9370,Inside Sales Manager für Telefónica,Sales,de,Inside Sales Manager for Telefónica
9371,Inside Sales Manager/Kreditspezialist,Sales,nl,Inside Sales Manager/Credit Specialist
9372,Inside Sales Managerin,Sales,en,Inside Sales Managerin
9373,Inside Sales Senior Professional - Teamlead,Sales,en,Inside Sales Senior Professional - Teamlead
9374,Int. Sales Manager,Sales,en,Int. Sales Manager
9375,Internal Sales Manager,Sales,en,Internal Sales Manager
9376,International Sales & Business Development Manager,Sales,en,International Sales & Business Development Manager
9377,International Sales & Customer Service Manager,Sales,en,International Sales & Customer Service Manager
9378,International Sales & Expansion Manager,Sales,en,International Sales & Expansion Manager
9379,International Sales & Project Manager,Sales,en,International Sales & Project Manager
9380,International Sales Development Manager,Sales,en,International Sales Development Manager
9381,International Sales Manager,Sales,en,International Sales Manager
9382,International Sales Manager - Germany,Sales,de,International Sales Manager - Germany
9383,International Sales Manager / Vertrieb,Sales,de,International Sales Manager / Sales
9384,International Sales Project Manager,Sales,en,International Sales Project Manager
9385,International Senior Account Manager,Sales,en,International Senior Account Manager
9386,Internationaler Key Account Manager,Sales,en,Internationaler Key Account Manager
9387,Intl. Sales Manager,Sales,en,Intl. Sales Manager
9388,IT Product & Sales Manager,Sales,en,IT Product & Sales Manager
9389,IT Project Manager / Vertrieb,Sales,de,IT Project Manager / Sales
9390,IT Sales Manager (D-A-CH),Sales,ur,IT Sales Manager (D-A-CH)
9391,Jr. Account Manager CRM,Sales,en,Jr. Account Manager CRM
9392,Kay Account Manager,Sales,en,Kay Account Manager
9393,Key - Account Manager,Sales,en,Key - Account Manager
9394,Key Acccount Manager System-Geschäft / stv. Vertriebsleiter,Sales,de,Key Acccount Manager System Business / stv. Sales Manager
9395,Key Account Manager,Sales,en,Key Account Manager
9396,Key Account Manager - Business Partner Sales,Sales,en,Key Account Manager - Business Partner Sales
9397,Key Account Manager  DACH,Sales,hi,Key Account Manager  DACH
9398,Key Account Manager - Global Sales,Sales,en,Key Account Manager - Global Sales
9399,Key Account Manager  Vertrieb national / intern...,Sales,de,Key Account Manager Sales national / internal...
9400,Key Account Manager - Vertriebsleitung,Sales,de,Key Account Manager - Sales Manager
9401,Key Account Manager & Internal Sales Team Leader,Sales,en,Key Account Manager & Internal Sales Team Leader
9402,Key Account Manager & Sales Engineer,Sales,en,Key Account Manager & Sales Engineer
9403,Key Account Manager / Corporate Sales Manager (...,Sales,en,Key Account Manager / Corporate Sales Manager (...
9404,Key Account Manager / Group Head of Sales,Sales,en,Key Account Manager / Group Head of Sales
9405,Key Account Manager / OEM,Sales,en,Key Account Manager / OEM
9406,Key Account Manager / Projektleiter,Sales,de,Key Account Manager / Project Manager
9407,Key Account Manager / Projektmanager,Sales,en,Key Account Manager / Projektmanager
9408,Key Account Manager / Solution Architect,Sales,en,Key Account Manager / Solution Architect
9409,Key Account Manager / stellvertr.Abteilungsleitung Vertrieb Profi,Sales,de,Key Account Manager / Deputy Head of Department Sales Professional
9410,Key Account Manager Automotive,Sales,en,Key Account Manager Automotive
9411,Key Account Manager B2B,Sales,en,Key Account Manager B2B
9412,Key Account Manager B2B Enterprise,Sales,en,Key Account Manager B2B Enterprise
9413,Key Account Manager Coffee and Machine systems Retail and E-Tailer,Sales,en,Key Account Manager Coffee and Machine systems Retail and E-Tailer
9414,Key Account Manager Consumer Goods,Sales,en,Key Account Manager Consumer Goods
9415,Key Account Manager Corporate Accounts,Sales,en,Key Account Manager Corporate Accounts
9416,Key Account Manager DACH,Sales,hi,Key Account Manager DACH
9417,Key Account Manager D-A-CH,Sales,en,Key Account Manager D-A-CH
9418,Key Account Manager Deutschland,Sales,de,Key Account Manager Germany
9419,Key Account Manager E-Commerce,Sales,en,Key Account Manager E-Commerce
9420,Key Account Manager Europa/Südamerika,Sales,pt,Key Account Manager Europe/South America
9421,Key Account Manager Europe,Sales,en,Key Account Manager Europe
9422,Key Account Manager Global Accounts,Sales,en,Key Account Manager Global Accounts
9423,Key Account Manager Global Sales Industrial Solution,Sales,en,Key Account Manager Global Sales Industrial Solution
9424,Key Account Manager Government,Sales,en,Key Account Manager Government
9425,Key Account Manager Healthcare S-DACH,Sales,en,Key Account Manager Healthcare S-DACH
9426,Key Account Manager HUGO Menswear | Sales Germany & Austria,Sales,en,Key Account Manager HUGO Menswear | Sales Germany & Austria
9427,Key Account Manager Indirect Sales,Sales,en,Key Account Manager Indirect Sales
9428,Key Account Manager Industrial Engines,Sales,en,Key Account Manager Industrial Engines
9429,Key Account Manager Media,Sales,en,Key Account Manager Media
9430,Key Account Manager Medical Division,Sales,en,Key Account Manager Medical Division
9431,Key Account Manager Sales,Sales,en,Key Account Manager Sales
9432,Key Account Manager Solution,Sales,en,Key Account Manager Solution
9433,Key Account Manager Tobacco,Sales,en,Key Account Manager Tobacco
9434,Key Account Manager Vertrieb,Sales,de,Key Account Manager Sales
9435,Key Account Manager Vertrieb Non-Automotive,Sales,de,Key Account Manager Sales Non-Automotive
9436,Key Account Manager/ strategic sales and project management,Sales,en,Key Account Manager/ strategic sales and project management
9437,Key Account Manager/ Vertrieb,Sales,de,Key Account Manager/ Sales
9438,Key Account Manager/Verantwortlich Sales,Sales,de,Key Account Manager/Responsible Sales
9439,Key Account Managerin,Sales,en,Key Account Managerin
9440,Key Account Sales Manager,Sales,en,Key Account Sales Manager
9441,Key Account-/Sales Manager,Sales,en,Key Account-/Sales Manager
9442,Key-Account Manager,Sales,en,Key-Account Manager
9443,Key-Account Manager Automotive und Oberfläche,Sales,de,Key-Account Manager Automotive and Surface
9444,Key-Account Manager Vertrieb,Sales,en,Key-Account Manager Vertrieb
9445,Key-Account Managerin,Sales,en,Key-Account Managerin
9446,Key-Account-Manager,Sales,en,Key-Account-Manager
9447,Key-Account-Manager / Bereichsleiter,Sales,de,Key account manager / division manager
9448,Key-Account-Manager Coop/Retail,Sales,en,Key-Account-Manager Coop/Retail
9449,Key-Account-Manager Distribution Sales,Sales,en,Key-Account-Manager Distribution Sales
9450,Key-Account-Managerin Vertragsmanagement,Sales,de,Key account manager Contract management
9451,Kundenbetreuer / Key Account Manager,Sales,de,Customer Manager / Key Account Manager
9452,Kundenbetreuung / Account Manager,Sales,de,Customer support / Account Manager
9453,Lead Sales Manager,Sales,en,Lead Sales Manager
9454,Leitender Key Account Manager,Sales,en,Leitender Key Account Manager
9455,Leiter Vertrieb & Akademie/ Senior Consultant,Sales,de,Head of Sales & Academy/ Senior Consultant
9456,Leiter Vertrieb / Sales Manager,Sales,de,Head of Sales / Sales Manager
9457,Leiter Vertriebsaußendienst   -    Sales Manager,Sales,de,Head of Sales Department - Sales Manager
9458,Leiter Vertriebscenter BMW / Global Account Manager BMW,Sales,de,Head of Sales Center BMW / Global Account Manager BMW
9459,Leiter Vertriebsinnendienst D-A-CH - Manager Sa...,Sales,de,Head of Internal Sales Service D-A-CH - Manager Sa...
9460,Leitung Partnermanagement / Senior Sales Manager,Sales,de,Head of Partner Management / Senior Sales Manager
9461,Major Account Manager,Sales,en,Major Account Manager
9462,Manager  Sales & Customer Service,Sales,en,Manager  Sales & Customer Service
9463,Manager / Vertrieb,Sales,de,Manager / Sales
9464,Manager B2B Sales Development,Sales,en,Manager B2B Sales Development
9465,Manager Business Development and Sales,Sales,en,Manager Business Development and Sales
9466,Manager Channel & Small-Medium Enterprise Sales...,Sales,en,Manager Channel & Small-Medium Enterprise Sales...
9467,Manager Competence Groups and Sales,Sales,en,Manager Competence Groups and Sales
9468,Manager Coordination International Sales,Sales,en,Manager Coordination International Sales
9469,Manager CRM & Inside Sales,Sales,en,Manager CRM & Inside Sales
9470,Manager CRM & Sales Back Office,Sales,en,Manager CRM & Sales Back Office
9471,Manager CRM & Sales Enablement,Sales,en,Manager CRM & Sales Enablement
9472,Manager CRM (Salesforce) International,Sales,en,Manager CRM (Salesforce) International
9473,Manager CRM Sales - Quoting Solutions,Sales,en,Manager CRM Sales - Quoting Solutions
9474,Manager Digital Concepts & Sales,Sales,en,Manager Digital Concepts & Sales
9475,Manager Digital Sales,Sales,en,Manager Digital Sales
9476,Manager Europe Sales & Recruiting,Sales,en,Manager Europe Sales & Recruiting
9477,Manager Field Sales Force,Sales,en,Manager Field Sales Force
9478,Manager Global Business Processes Sales,Sales,en,Manager Global Business Processes Sales
9479,Manager Global Corporate Sales,Sales,en,Manager Global Corporate Sales
9480,Manager International Sales | Team Lead,Sales,en,Manager International Sales | Team Lead
9481,Manager National OnSite Sales und Business Development,Sales,en,Manager National OnSite Sales und Business Development
9482,Manager of Sales,Sales,en,Manager of Sales
9483,Manager of Sales Service,Sales,en,Manager of Sales Service
9484,Manager Online-Vertrieb,Sales,en,Manager Online-Vertrieb
9485,Manager Products and Sales,Sales,en,Manager Products and Sales
9486,Manager Regional Sales,Sales,en,Manager Regional Sales
9487,Manager Renewal Sales,Sales,en,Manager Renewal Sales
9488,Manager Sales & Account Management,Sales,en,Manager Sales & Account Management
9489,Manager Sales & Alliances,Sales,en,Manager Sales & Alliances
9490,Manager Sales & Business Consulting,Sales,en,Manager Sales & Business Consulting
9491,Manager Sales & Business Development E-Commerce,Sales,en,Manager Sales & Business Development E-Commerce
9492,Manager Sales & Business Relations,Sales,en,Manager Sales & Business Relations
9493,Manager Sales / Head of Recruitment,Sales,en,Manager Sales / Head of Recruitment
9494,Manager Sales / Vertriebsleitung,Sales,de,Manager Sales / Sales Management
9495,Manager Sales Administration,Sales,en,Manager Sales Administration
9496,Manager Sales Administration D/A/CH,Sales,pt,Manager Sales Administration D/A/CH
9497,Manager Sales and Business Development,Sales,en,Manager Sales and Business Development
9498,Manager Sales API,Sales,en,Manager Sales API
9499,Manager Sales Central Europe,Sales,en,Manager Sales Central Europe
9500,Manager Sales Controlling Germany,Sales,en,Manager Sales Controlling Germany
9501,Manager Sales Deutschland,Sales,de,Manager Sales Germany
9502,Manager Sales Germany,Sales,en,Manager Sales Germany
9503,Manager Sales Intelligence,Sales,en,Manager Sales Intelligence
9504,Manager Sales Operations,Sales,en,Manager Sales Operations
9505,Manager Sales Processes,Sales,en,Manager Sales Processes
9506,Manager Sales Services,Sales,en,Manager Sales Services
9507,Manager Sales South Central Europe & Strategic Distribution,Sales,en,Manager Sales South Central Europe & Strategic Distribution
9508,Manager Sales Steering & Process Optimization,Sales,en,Manager Sales Steering & Process Optimization
9509,Manager Sales Strategy,Sales,en,Manager Sales Strategy
9510,Manager Sales Support,Sales,en,Manager Sales Support
9511,Manager Sales Support & Projects - Laser,Sales,en,Manager Sales Support & Projects - Laser
9512,Manager Sales Support valantic Supply Chain Excellence GmbH,Sales,ur,Manager Sales Support valantic Supply Chain Excellence GmbH
9513,Manager Sales Support/ B2B Indirect Sales,Sales,en,Manager Sales Support/ B2B Indirect Sales
9514,Manager Sales und Business Development,Sales,de,Manager Sales and Business Development
9515,Manager Service Sales,Sales,en,Manager Service Sales
9516,Manager Strategic Sales,Sales,en,Manager Strategic Sales
9517,Manager Strategischer Vertrieb,Sales,de,Strategic Sales Manager
9518,Manager Vertrieb und Geschäftsentwicklung,Sales,de,Manager Sales and Business Development
9519,Manager Vertriebsentwicklung & -controlling,Sales,de,Manager Sales Development & Controlling
9520,Manager Vertriebsmarketing & Kundenkommunikation,Sales,de,Manager Sales Marketing & Customer Communication
9521,Manager Vertriebssteuerung & Vertriebsservice,Sales,de,Manager Sales Control & Sales Service
9522,Managing Partner - FotoWare Sales Manager,Sales,en,Managing Partner - FotoWare Sales Manager
9523,Market Intelligence Sales Manager,Sales,en,Market Intelligence Sales Manager
9524,Market Manager / Key Account Manager,Sales,en,Market Manager / Key Account Manager
9525,National Account Manager,Sales,en,National Account Manager
9526,National Key Account Manager,Sales,en,National Key Account Manager
9527,National Key Account Manager FS,Sales,en,National Key Account Manager FS
9528,National Sales Manager,Sales,en,National Sales Manager
9529,National Sales Manager Germany& Austria,Sales,de,National Sales Manager Germany& Austria
9530,Nationaler Key Account Manager,Sales,en,Nationaler Key Account Manager
9531,Nationaler Key-Account-Manager - Bereich Digitalisierung,Sales,de,National Key Account Manager - Digitalization
9532,Network Sales & Operations Manager,Sales,en,Network Sales & Operations Manager
9533,NLWC Sales Development Manager,Sales,en,NLWC Sales Development Manager
9534,North America Sales Manager,Sales,en,North America Sales Manager
9535,Office & Sales Assistant,Sales,en,Office & Sales Assistant
9536,Online Sales Manager,Sales,en,Online Sales Manager
9537,Online Sales Manager Europe,Sales,en,Online Sales Manager Europe
9538,Operations and Sales Manager,Sales,en,Operations and Sales Manager
9539,Operations Manager (Customer Service & Sales) - Special Accounts & Tankcontainer,Sales,en,Operations Manager (Customer Service & Sales) - Special Accounts & Tankcontainer
9540,Operations Manager Corporate Sales,Sales,en,Operations Manager Corporate Sales
9541,Operations Manager Sales,Sales,en,Operations Manager Sales
9542,Partner Account Manager,Sales,en,Partner Account Manager
9543,Partner Channel Sales Manager,Sales,en,Partner Channel Sales Manager
9544,Partner Manager & Head of Sales/Inside Sales,Sales,en,Partner Manager & Head of Sales/Inside Sales
9545,Partner Manager & Vertriebsbeauftragter,Sales,de,Partner Manager & Sales Representative
9546,Pre Sales Manager,Sales,en,Pre Sales Manager
9547,Pre-Sales Manager,Sales,en,Pre-Sales Manager
9548,President und Sales Manager,Sales,de,President and Sales Manager
9549,Process Manager Sales Operations,Sales,en,Process Manager Sales Operations
9550,Process Optimisation Manager - Sales Service International,Sales,en,Process Optimisation Manager - Sales Service International
9551,Product and Sales Manager,Sales,en,Product and Sales Manager
9552,Product Group Manager / Head Of Sales Flexible ...,Sales,en,Product Group Manager / Head Of Sales Flexible ...
9553,Product Manager Salesforce Implementation,Sales,en,Product Manager Salesforce Implementation
9554,Product Sales Manager Wet Cooling,Sales,en,Product Sales Manager Wet Cooling
9555,Program Manager Salesforce,Sales,en,Program Manager Salesforce
9556,Program Manager TeleSales Kampagnen,Sales,pt,Program Manager TeleSales Campaign
9557,Project & Sales Manager,Sales,en,Project & Sales Manager
9558,Project Manager & Sales Engineer,Sales,en,Project Manager & Sales Engineer
9559,Project Manager | Digital Sales Development & Product Communication | B2B,Sales,en,Project Manager | Digital Sales Development & Product Communication | B2B
9560,Project Manager After Sales (Customer Service Dep),Sales,en,Project Manager After Sales (Customer Service Dep)
9561,Project Manager and Salesforce Business Analyst,Sales,en,Project Manager and Salesforce Business Analyst
9562,Project Manager CRM - Salesforce,Sales,en,Project Manager CRM - Salesforce
9563,Project Manager Sales Excellence,Sales,en,Project Manager Sales Excellence
9564,Projekt Manager / Vertrieb,Sales,de,Project Manager / Sales
9565,Projekt Manager Sales,Sales,en,Projekt Manager Sales
9566,Projekt-/ Account Manager Digital & Mobile,Sales,en,Projekt-/ Account Manager Digital & Mobile
9567,Projektmanager / Key Account Manager / Vertrieb,Sales,de,Project Manager / Key Account Manager / Sales
9568,Projektvertrieb / Key Account Manager,Sales,de,Project Distribution / Key Account Manager
9569,Publisher Sales Manager DACH,Sales,de,Publisher Sales Manager DACH
9570,Referent Vertrieb / Key Account Manager,Sales,de,Speaker Sales / Key Account Manager
9571,Regional Account Manager,Sales,en,Regional Account Manager
9572,Regional Account Manager EMEA,Sales,pt,Regional Account Manager EMEA
9573,Regional Account Manager Public Safety,Sales,en,Regional Account Manager Public Safety
9574,Regional Key Account Manager ve společnosti Bossard Group,Sales,tr,Regional Key Account Manager at Bossard Group
9575,Regional Sales Manager,Sales,en,Regional Sales Manager
9576,Regional Sales Manager / Business Development,Sales,en,Regional Sales Manager / Business Development
9577,Regional Sales Manager Central Europe,Sales,en,Regional Sales Manager Central Europe
9578,Regional Sales Manager DACH,Sales,de,Regional Sales Manager DACH
9579,Regional Sales Manager D-A-CH Datacenter Business,Sales,pt,Regional Sales Manager D-A-CH Datacenter Business
9580,Regional Sales Manager Deutschland,Sales,de,Regional Sales Manager Germany
9581,Regional Sales Manager Europe,Sales,en,Regional Sales Manager Europe
9582,Regional Sales Manager Germany,Sales,de,Regional Sales Manager Germany
9583,Regional Sales Manager Germany & Switzerland,Sales,de,Regional Sales Manager Germany & Switzerland
9584,Regional Sales Manager Germany / Benelux,Sales,en,Regional Sales Manager Germany / Benelux
9585,Regional Sales Manager I Teamleiter,Sales,de,Regional Sales Manager I Team Leader
9586,Regional Sales Manager International Central,Sales,en,Regional Sales Manager International Central
9587,Regional Sales Manager Middle East,Sales,en,Regional Sales Manager Middle East
9588,Regional Sales Manager NRW / Vertriebsleitung,Sales,de,Regional Sales Manager NRW / Sales Manager
9589,Regional Sales Manager South,Sales,en,Regional Sales Manager South
9590,Regional Sales Manager South Germany,Sales,en,Regional Sales Manager South Germany
9591,Regional Sales Manager West,Sales,en,Regional Sales Manager West
9592,Regional Sales Operations Manager,Sales,en,Regional Sales Operations Manager
9593,Relationship Manager Sales,Sales,en,Relationship Manager Sales
9594,Responsable Opérationnelle Data Ventes / Sales Operations Data Manager,Sales,fr,Operations Manager Data Sales / Sales Operations Data Manager
9595,Retail Sales Manager - McKesson,Sales,en,Retail Sales Manager - McKesson
9596,Sales & Account Manager,Sales,en,Sales & Account Manager
9597,Sales & Acquisition Manager Theatrical,Sales,en,Sales & Acquisition Manager Theatrical
9598,Sales & Business Development Manager,Sales,en,Sales & Business Development Manager
9599,Sales- & Business Development Manager,Sales,en,Sales- & Business Development Manager
9600,Sales & Customer Success Manager,Sales,en,Sales & Customer Success Manager
9601,Sales & Franchise Manager,Sales,en,Sales & Franchise Manager
9602,Sales & HR Manager,Sales,en,Sales & HR Manager
9603,Sales- & IT-Manager,Sales,en,Sales- & IT-Manager
9604,Sales & Key Account Manager DACH,Sales,en,Sales & Key Account Manager DACH
9605,Sales & New Business Manager,Sales,en,Sales & New Business Manager
9606,Sales & Partner Manager,Sales,en,Sales & Partner Manager
9607,Sales & Performance Managerin / Preismanagement,Sales,de,Sales & Performance Manager / Price Management
9608,Sales & Product Manager,Sales,en,Sales & Product Manager
9609,Sales & Product Manager Techmaflex,Sales,en,Sales & Product Manager Techmaflex
9610,Sales & Project Manager,Sales,en,Sales & Project Manager
9611,Sales & Project Manager Digital Transformation,Sales,en,Sales & Project Manager Digital Transformation
9612,Sales & Purchase Assistant,Sales,en,Sales & Purchase Assistant
9613,Sales & Quality Manager,Sales,en,Sales & Quality Manager
9614,Sales Account & Business Development Manager After-Sales,Sales,en,Sales Account & Business Development Manager After-Sales
9615,Sales Account Manager,Sales,en,Sales Account Manager
9616,Sales Account Manager DACH & BENELUX,Sales,de,Sales Account Manager DACH & BENELUX
9617,Sales Administration Assistant,Sales,en,Sales Administration Assistant
9618,Sales Administration Manager,Sales,en,Sales Administration Manager
9619,Sales and Application Manager,Sales,en,Sales and Application Manager
9620,Sales and Business Development Manager,Sales,en,Sales and Business Development Manager
9621,Sales and Business Development Managerin,Sales,en,Sales and Business Development Managerin
9622,Sales and Poject Manager,Sales,en,Sales and Poject Manager
9623,Sales and Product Manager Europe,Sales,en,Sales and Product Manager Europe
9624,Sales and Project Manager,Sales,en,Sales and Project Manager
9625,Sales and Project Manager Fuel Gas Systems,Sales,en,Sales and Project Manager Fuel Gas Systems
9626,Sales and Service Business Manager,Sales,en,Sales and Service Business Manager
9627,Sales Assistant,Sales,en,Sales Assistant
9628,Sales Assistant DACH,Sales,en,Sales Assistant DACH
9629,Sales Assistante,Sales,en,Sales Assistante
9630,Sales Business Process Manager,Sales,en,Sales Business Process Manager
9631,Sales Coordinator & Distribution Manager  EMEA,Sales,en,Sales Coordinator & Distribution Manager  EMEA
9632,Sales Country Manager Germany and Austria,Sales,en,Sales Country Manager Germany and Austria
9633,Sales Data Integration Manager,Sales,en,Sales Data Integration Manager
9634,Sales Development Manager,Sales,en,Sales Development Manager
9635,Sales Development Manager - Aeronautical Equipment,Sales,en,Sales Development Manager - Aeronautical Equipment
9636,Sales Development Manager EPS,Sales,en,Sales Development Manager EPS
9637,Sales Development Manager for DACH + Central Eastern Europe,Sales,en,Sales Development Manager for DACH + Central Eastern Europe
9638,Sales Development Manager Solvair Solutions Central Europe,Sales,en,Sales Development Manager Solvair Solutions Central Europe
9639,Sales Division Manager | Gebietsleiter | Prokurist,Sales,de,Sales Division Manager - Area Manager - Procurist
9640,Sales Effectiveness Manager EMEA,Sales,en,Sales Effectiveness Manager EMEA
9641,Sales Enablement Manager,Sales,en,Sales Enablement Manager
9642,Sales Excellence Manager,Sales,en,Sales Excellence Manager
9643,Sales Executive / Business Development Manager,Sales,en,Sales Executive / Business Development Manager
9644,Sales Executive Manager,Sales,en,Sales Executive Manager
9645,Sales Executive Manager | Teamleitung,Sales,de,Sales Executive Manager
9646,Sales Force Effectiveness and Business Insights Manager DACH,Sales,en,Sales Force Effectiveness and Business Insights Manager DACH
9647,Sales Intelligence Managerin,Sales,en,Sales Intelligence Managerin
9648,Sales Leader & Key Account Manager Healthcare,Sales,en,Sales Leader & Key Account Manager Healthcare
9649,Sales Management Assistant,Sales,en,Sales Management Assistant
9650,Sales Manager,Sales,en,Sales Manager
9651,Sales Manager - B2B & eCommerce,Sales,en,Sales Manager - B2B & eCommerce
9652,Sales Manager  Europe,Sales,en,Sales Manager  Europe
9653,Sales Manager - Europe,Sales,en,Sales Manager - Europe
9654,Sales Manager - New Accounts,Sales,en,Sales Manager - New Accounts
9655,Sales Manager - Team Key Account & Systemhaus,Sales,en,Sales Manager - Team Key Account & Systemhaus
9656,Sales Manager - Vertrieb,Sales,de,Sales Manager - Sales
9657,Sales Manager & Controller,Sales,en,Sales Manager & Controller
9658,Sales Manager & CS-Agent,Sales,en,Sales Manager & CS-Agent
9659,Sales Manager & e-Commerce Projektleiter,Sales,de,Sales Manager & e-Commerce Project Manager
9660,Sales Manager (Elektronische Medien),Sales,de,Sales Manager (electronic media)
9661,Sales Manager (Vertriebsleiter),Sales,de,Sales Manager (Sales Manager)
9662,Sales Manager / Büroleiter Köln,Sales,de,Sales Manager / Office Manager Cologne
9663,Sales Manager / Business Development,Sales,en,Sales Manager / Business Development
9664,Sales Manager / Business Development Manager,Sales,en,Sales Manager / Business Development Manager
9665,Sales Manager / Customer Consultant,Sales,en,Sales Manager / Customer Consultant
9666,Sales Manager / Head of Sales,Sales,en,Sales Manager / Head of Sales
9667,Sales Manager / Key Account Manager DACH,Sales,de,Sales Manager / Key Account Manager DACH
9668,Sales Manager / Licensing Sales Specialist,Sales,en,Sales Manager / Licensing Sales Specialist
9669,Sales Manager / Prokurist,Sales,ur,Sales Manager / Authorized Signatory
9670,Sales Manager / Vertrieb (Messe Kontakt),Sales,de,Sales Manager / Sales (trade fair contact)
9671,Sales Manager / Vertriebsleiter,Sales,de,Sales Manager / Sales Manager
9672,Sales Manager / Vertriebsleiter (IATD Germany),Sales,de,Sales Manager / Sales Manager (IATD Germany)
9673,Sales Manager Agency,Sales,en,Sales Manager Agency
9674,Sales Manager and  Business Development,Sales,en,Sales Manager and  Business Development
9675,Sales Manager and Account Manager IC,Sales,en,Sales Manager and Account Manager IC
9676,Sales Manager Business Analytics,Sales,en,Sales Manager Business Analytics
9677,Sales Manager Business Solutions,Sales,en,Sales Manager Business Solutions
9678,Sales Manager Business Unit LAB,Sales,en,Sales Manager Business Unit LAB
9679,Sales Manager BY,Sales,en,Sales Manager BY
9680,Sales Manager Central Europe,Sales,en,Sales Manager Central Europe
9681,Sales Manager Conferences & Onlinemarketing,Sales,en,Sales Manager Conferences & Onlinemarketing
9682,Sales Manager Consulting,Sales,en,Sales Manager Consulting
9683,Sales Manager Corporate Sales B2B,Sales,en,Sales Manager Corporate Sales B2B
9684,Sales Manager Country Board Germany,Sales,en,Sales Manager Country Board Germany
9685,Sales Manager Customer Care,Sales,en,Sales Manager Customer Care
9686,Sales Manager D/A/CH,Sales,hi,Sales Manager D/A/CH
9687,Sales Manager DACH,Sales,de,Sales Manager DACH
9688,Sales Manager D-A-CH,Sales,hi,Sales Manager D-A-CH
9689,Sales Manager D-A-CH+NL,Sales,sw,Sales Manager D-A-CH+NL
9690,Sales Manager Deutschland,Sales,de,Sales Manager Germany
9691,Sales Manager Digital Retail,Sales,en,Sales Manager Digital Retail
9692,Sales Manager Division Paper,Sales,en,Sales Manager Division Paper
9693,Sales Manager EMEA,Sales,pt,Sales Manager EMEA
9694,Sales Manager Enterprise & Global International Accounts,Sales,en,Sales Manager Enterprise & Global International Accounts
9695,Sales Manager Europe,Sales,en,Sales Manager Europe
9696,Sales Manager Europe (HVOR) ( Vertriebsleitung),Sales,de,Sales Manager Europe (HVOR) (Sales Manager)
9697,Sales Manager Europe ?,Sales,en,Sales Manager Europe ?
9698,Sales Manager Export,Sales,en,Sales Manager Export
9699,Sales Manager Food Manufacturers Switzerland,Sales,en,Sales Manager Food Manufacturers Switzerland
9700,Sales Manager France,Sales,fr,Sales Manager France
9701,Sales Manager Germany,Sales,en,Sales Manager Germany
9702,Sales Manager Germany - BU General Purpose Vinyls,Sales,en,Sales Manager Germany - BU General Purpose Vinyls
9703,Sales Manager Germany - Leiter Vertrieb Deutschland,Sales,de,Sales Manager Germany - Head of Sales Germany
9704,Sales Manager I Global Sales Excellence,Sales,en,Sales Manager I Global Sales Excellence
9705,Sales Manager Inside Sales - General Sales,Sales,en,Sales Manager Inside Sales - General Sales
9706,Sales Manager International,Sales,en,Sales Manager International
9707,Sales Manager IT-Service,Sales,en,Sales Manager IT-Service
9708,Sales Manager Key Account Bund & Region Berlin,Sales,en,Sales Manager Key Account Bund & Region Berlin
9709,Sales Manager MEKRA Retrofit and MEKRAtronics,Sales,en,Sales Manager MEKRA Retrofit and MEKRAtronics
9710,Sales Manager Microsoft Dynamics 365 (CRM),Sales,en,Sales Manager Microsoft Dynamics 365 (CRM)
9711,Sales Manager Nederland,Sales,nl,Sales Manager Nederland
9712,Sales Manager Northern/Southern Region,Sales,en,Sales Manager Northern/Southern Region
9713,Sales Manager OEM,Sales,en,Sales Manager OEM
9714,Sales Manager Oncology & Urology / Top Executive,Sales,en,Sales Manager Oncology & Urology / Top Executive
9715,Sales Manager Online/Print,Sales,en,Sales Manager Online/Print
9716,Sales Manager Public,Sales,en,Sales Manager Public
9717,Sales Manager Retail Deutschland,Sales,de,Sales Manager Retail Germany
9718,Sales Manager Retail Lighting,Sales,en,Sales Manager Retail Lighting
9719,Sales Manager South Europe 1 - Applied Research,Sales,en,Sales Manager South Europe 1 - Applied Research
9720,Sales Manager Strategic Sales Digital Products,Sales,en,Sales Manager Strategic Sales Digital Products
9721,Sales Manager Systeme,Sales,en,Sales Manager Systeme
9722,Sales Manager Systems DACH,Sales,de,Sales Manager Systems DACH
9723,Sales Manager Teamleiter,Sales,en,Sales Manager Teamleiter
9724,Sales Manager und ISMS Lead Auditor,Sales,de,Sales Manager and ISMS Lead Auditor
9725,Sales Manager/ stv. Vertriebsleitung,Sales,de,Sales Manager/Stv. Sales Manager
9726,Sales Manager/ Verkaufsleiter (Werk Berlin,Sales,de,Sales Manager/ Sales Manager (Werk Berlin)
9727,Sales Manager/Congress Manager,Sales,en,Sales Manager/Congress Manager
9728,Sales Manager/International HR,Sales,en,Sales Manager/International HR
9729,Sales ManagerGeneral Manager,Sales,en,Sales ManagerGeneral Manager
9730,Sales Managerin,Sales,en,Sales Managerin
9731,Sales Managerin Export,Sales,en,Sales Managerin Export
9732,Sales Managerin Immobiliendienstleistungen,Sales,de,Sales Manager Real Estate Services
9733,Sales Office & Business Development Manager,Sales,en,Sales Office & Business Development Manager
9734,Sales Office Manager,Sales,en,Sales Office Manager
9735,Sales Operation Manager OEM,Sales,en,Sales Operation Manager OEM
9736,Sales Operations and Process Manager,Sales,en,Sales Operations and Process Manager
9737,Sales Operations and Supply Chain Manager,Sales,en,Sales Operations and Supply Chain Manager
9738,Sales Operations Manager,Sales,en,Sales Operations Manager
9739,Sales Operations Manager & Salesforce CRM Administrator,Sales,en,Sales Operations Manager & Salesforce CRM Administrator
9740,Sales Operations Manager / Client Services Manager/ CRM,Sales,en,Sales Operations Manager / Client Services Manager/ CRM
9741,Sales Operations Managerin,Sales,en,Sales Operations Managerin
9742,Sales Performance and Controlling Manager,Sales,en,Sales Performance and Controlling Manager
9743,Sales Process Manager,Sales,en,Sales Process Manager
9744,Sales Project Manager,Sales,en,Sales Project Manager
9745,Sales Quality Manager,Sales,en,Sales Quality Manager
9746,Sales Solution Manager,Sales,en,Sales Solution Manager
9747,Sales Support Manager,Sales,en,Sales Support Manager
9748,Sales Support Specialist & CRM Manager,Sales,en,Sales Support Specialist & CRM Manager
9749,Sales System Manager D/A/CH,Sales,en,Sales System Manager D/A/CH
9750,Sales Systems Manager DACH,Sales,de,Sales Systems Manager DACH
9751,Salesforce CRM Business Process Manager,Sales,en,Salesforce CRM Business Process Manager
9752,Salesforce CRM Solution Manager,Sales,en,Salesforce CRM Solution Manager
9753,Salesforce Manager,Sales,en,Salesforce Manager
9754,Salesforce Practice Manager,Sales,en,Salesforce Practice Manager
9755,Salesforce Product Manager,Sales,en,Salesforce Product Manager
9756,Salesforce Project Manager & Senior Consultant,Sales,en,Salesforce Project Manager & Senior Consultant
9757,Salesforce Project Manager and Administrator,Sales,en,Salesforce Project Manager and Administrator
9758,Salesforce Senior Manager,Sales,en,Salesforce Senior Manager
9759,Salesforce/Veeva CRM Manager,Sales,tr,Salesforce/Veeva CRM Manager
9760,Sales-Manager,Sales,en,Sales-Manager
9761,Sales-Manager in Internal Sales Export,Sales,en,Sales-Manager in Internal Sales Export
9762,Senior Account Manager,Sales,en,Senior Account Manager
9763,Senior Account Manager - Direct Sales,Sales,en,Senior Account Manager - Direct Sales
9764,Senior Account Manager - Vertrieb,Sales,de,Senior Account Manager - Sales
9765,Senior Account Manager & Account Supervisor,Sales,en,Senior Account Manager & Account Supervisor
9766,Senior Account Manager & Digital Strategist,Sales,en,Senior Account Manager & Digital Strategist
9767,Senior Account Manager Partnership Sales,Sales,en,Senior Account Manager Partnership Sales
9768,Senior Account Manager Sales & Solutions,Sales,en,Senior Account Manager Sales & Solutions
9769,Senior Account Managerin,Sales,en,Senior Account Managerin
9770,Senior Applicaton Engineer/ Vertrieb,Sales,de,Senior Applicaton Engineer/ Sales
9771,Senior Area Sales Manager,Sales,en,Senior Area Sales Manager
9772,Senior Assistenz Vorstand & Vertrieb,Sales,de,Senior Assistant Management & Sales
9773,Senior Associate Consultant - Technical Sales,Sales,en,Senior Associate Consultant - Technical Sales
9774,Senior Bewerter & Vertriebskoordinator,Sales,de,Senior evaluator & sales coordinator
9775,Senior Bid Manager Technical Sales,Sales,en,Senior Bid Manager Technical Sales
9776,Senior Client Consultant - Sales Effectiveness,Sales,en,Senior Client Consultant - Sales Effectiveness
9777,Senior Client/Sales Executive,Sales,en,Senior Client/Sales Executive
9778,Senior Consultant / Teamleiter Vertrieb und Tes...,Sales,de,Senior Consultant / Team Leader Sales and Tes...
9779,Senior Consultant Sales Management,Sales,en,Senior Consultant Sales Management
9780,Senior Customer Success Manager & Sales Consultant,Sales,en,Senior Customer Success Manager & Sales Consultant
9781,Senior District Sales Manager,Sales,en,Senior District Sales Manager
9782,Senior Enterprise Sales Executive,Sales,en,Senior Enterprise Sales Executive
9783,Senior Inside Sales,Sales,en,Senior Inside Sales
9784,Senior Inside Sales & CRM Administrator,Sales,en,Senior Inside Sales & CRM Administrator
9785,Senior Inside Sales Consultant / Anzeigenberater,Sales,de,Senior Inside Sales Consultant / Ad Consultant
9786,Senior Inside Sales Expert,Sales,en,Senior Inside Sales Expert
9787,Senior Inside Sales Manager,Sales,en,Senior Inside Sales Manager
9788,Senior Inside Sales Professional,Sales,en,Senior Inside Sales Professional
9789,Senior IT Project Manager Vertrieb Produktentwicklung B2B,Sales,de,Senior IT Project Manager Sales Product Development B2B
9790,Senior IT Sales Manager,Sales,en,Senior IT Sales Manager
9791,Senior Key Account Manager,Sales,en,Senior Key Account Manager
9792,Senior Key Account Manager & CRM Coordinator (D...,Sales,en,Senior Key Account Manager & CRM Coordinator (D...
9793,Senior Key Account Manager & CRM Coordinator (Drives & Motion Division),Sales,en,Senior Key Account Manager & CRM Coordinator (Drives & Motion Division)
9794,Senior Key Account Manager Lead-Generierung & P...,Sales,de,Senior Key Account Manager Lead Generation & P...
9795,Senior Key Account Manager SAP Customer Engagem...,Sales,pt,Senior Key Account Manager SAP Customer Engagem...
9796,Senior Key Account Manager Versorgungsunternehmen,Sales,de,Senior Key Account Manager Utilities
9797,Senior Manager / Head of Sales Germany & Benelux,Sales,en,Senior Manager / Head of Sales Germany & Benelux
9798,Senior Manager Advisory & Sales,Sales,en,Senior Manager Advisory & Sales
9799,Senior Manager Business Development Solution Sales,Sales,en,Senior Manager Business Development Solution Sales
9800,Senior Manager Channel Sales,Sales,en,Senior Manager Channel Sales
9801,Senior Manager Events und Vertriebsmarketing,Sales,de,Senior Manager Events and Sales Marketing
9802,Senior Manager Field Sales Germany,Sales,en,Senior Manager Field Sales Germany
9803,Senior Manager Sales,Sales,en,Senior Manager Sales
9804,Senior Manager Sales &  Business Development,Sales,en,Senior Manager Sales &  Business Development
9805,Senior Manager Sales & Business Consulting,Sales,en,Senior Manager Sales & Business Consulting
9806,Senior Manager Sales Europe,Sales,en,Senior Manager Sales Europe
9807,Senior Manager Sales Operations & CRM,Sales,en,Senior Manager Sales Operations & CRM
9808,Senior Manager Sales Operations & Enablement,Sales,en,Senior Manager Sales Operations & Enablement
9809,Senior Manager Salesforce,Sales,en,Senior Manager Salesforce
9810,Senior Manager Vertrieb,Sales,de,Senior Manager Sales
9811,Senior Manager Vertriebsmarketing,Sales,de,Senior Manager Sales Marketing
9812,Senior Managerin Inside Sales,Sales,en,Senior Managerin Inside Sales
9813,Senior PreSales Engineer,Sales,en,Senior PreSales Engineer
9814,Senior Product Manager CRM & Sales Products,Sales,en,Senior Product Manager CRM & Sales Products
9815,Senior Project Manager Program Acquisitions & Sales,Sales,en,Senior Project Manager Program Acquisitions & Sales
9816,Senior Regional Sales Manager CSEE & Maghreb,Sales,nl,Senior Regional Sales Manager CSEE & Maghreb
9817,Senior Retail Consultant Salesforce,Sales,en,Senior Retail Consultant Salesforce
9818,Senior Sales,Sales,en,Senior Sales
9819,Senior Sales  Account Manager,Sales,en,Senior Sales  Account Manager
9820,Senior Sales  Consultant CRM,Sales,en,Senior Sales  Consultant CRM
9821,Senior Sales - Professional Services,Sales,en,Senior Sales - Professional Services
9822,Senior Sales & Advisory,Sales,en,Senior Sales & Advisory
9823,Senior Sales & Business Development Manager,Sales,en,Senior Sales & Business Development Manager
9824,Senior Sales & Business Development Manager E-C...,Sales,en,Senior Sales & Business Development Manager E-C...
9825,Senior Sales & Consulting,Sales,en,Senior Sales & Consulting
9826,Senior Sales Account Executive,Sales,en,Senior Sales Account Executive
9827,Senior Sales Account Manager,Sales,en,Senior Sales Account Manager
9828,Senior Sales and Business Development Manager,Sales,en,Senior Sales and Business Development Manager
9829,Senior Sales Assistant -  Infotainment und CRM ...,Sales,de,Senior Sales Assistant - Infotainment and CRM ...
9830,Senior Sales Consultant,Sales,en,Senior Sales Consultant
9831,Senior Sales Consultant (Messe Kontakt),Sales,ur,Senior Sales Consultant (Exhibition Contact)
9832,Senior Sales Consultant SAP Practice,Sales,en,Senior Sales Consultant SAP Practice
9833,Senior Sales Coordinator,Sales,en,Senior Sales Coordinator
9834,Senior Sales Engineer,Sales,en,Senior Sales Engineer
9835,Senior Sales Executive,Sales,en,Senior Sales Executive
9836,Senior Sales Executive (Messe Kontakt),Sales,ur,Senior Sales Executive (Exhibition Contact)
9837,Senior Sales Manager,Sales,en,Senior Sales Manager
9838,Senior Sales Manager - Enterprise Strategic Ver...,Sales,en,Senior Sales Manager - Enterprise Strategic Ver...
9839,Senior Sales Manager - Geschäftsstellenleiter,Sales,de,Senior Sales Manager - Head of Office
9840,Senior Sales Manager & Consulting,Sales,en,Senior Sales Manager & Consulting
9841,Senior Sales Manager (Messe Kontakt),Sales,de,Senior Sales Manager (trade fair contact)
9842,Senior Sales Manager / Branch Manager Wallerstein,Sales,de,Senior Sales Manager / Branch Manager Wallerstein
9843,Senior Sales Manager / Key Account Manager,Sales,en,Senior Sales Manager / Key Account Manager
9844,Senior Sales Manager B2C Finance DACH,Sales,de,Senior Sales Manager B2C Finance DACH
9845,Senior Sales Manager Central and Northern Europe,Sales,en,Senior Sales Manager Central and Northern Europe
9846,Senior Sales Manager Compliance Solutions,Sales,en,Senior Sales Manager Compliance Solutions
9847,Senior Sales Manager Concept Sales,Sales,en,Senior Sales Manager Concept Sales
9848,Senior Sales Manager D/A/CH,Sales,en,Senior Sales Manager D/A/CH
9849,Senior Sales Manager D-A-CH,Sales,en,Senior Sales Manager D-A-CH
9850,Senior Sales Manager EMEA,Sales,pt,Senior Sales Manager EMEA
9851,Senior Sales Manager HCM/SaaS,Sales,en,Senior Sales Manager HCM/SaaS
9852,Senior Sales Manager Industrial Applications,Sales,en,Senior Sales Manager Industrial Applications
9853,Senior Sales Manager Managed Services,Sales,en,Senior Sales Manager Managed Services
9854,Senior Sales Manager New Business & Account Management,Sales,en,Senior Sales Manager New Business & Account Management
9855,Senior Sales Manager Postal Solutions,Sales,en,Senior Sales Manager Postal Solutions
9856,Senior Sales Manager Pre Sales,Sales,en,Senior Sales Manager Pre Sales
9857,Senior Sales Manager Privatisierung Hamburg,Sales,de,Senior Sales Manager Privatization Hamburg
9858,Senior Sales Manager Public,Sales,en,Senior Sales Manager Public
9859,Senior Sales Manager Strategischer Vertrieb,Sales,de,Senior Sales Manager Strategic Sales
9860,Senior Sales Managerin,Sales,en,Senior Sales Managerin
9861,Senior Sales Manger,Sales,en,Senior Sales Manger
9862,Senior Sales Operations - Territory Manager,Sales,en,Senior Sales Operations - Territory Manager
9863,Senior Sales Recruiter Central Europe,Sales,en,Senior Sales Recruiter Central Europe
9864,Senior Sales Solutions Specialist/DE Sales Integration Lead,Sales,en,Senior Sales Solutions Specialist/DE Sales Integration Lead
9865,Senior Sales Strategist and Business Developer,Sales,en,Senior Sales Strategist and Business Developer
9866,Senior Sales Support Manager,Sales,en,Senior Sales Support Manager
9867,Senior Sales Team Manager,Sales,en,Senior Sales Team Manager
9868,Senior Salesforce Administrator,Sales,en,Senior Salesforce Administrator
9869,Senior Salesforce Consultant,Sales,en,Senior Salesforce Consultant
9870,Senior Solution Sales Manager,Sales,en,Senior Solution Sales Manager
9871,Senior Specialist Sales,Sales,en,Senior Specialist Sales
9872,Senior Specialist Sales Support & Reporting,Sales,en,Senior Specialist Sales Support & Reporting
9873,Senior Strategic Sales Manager,Sales,en,Senior Strategic Sales Manager
9874,Senior Team Lead Sales,Sales,en,Senior Team Lead Sales
9875,Senior Technical Sales Engineer,Sales,en,Senior Technical Sales Engineer
9876,Senior Vice President | Sales & Recruiting,Sales,en,Senior Vice President | Sales & Recruiting
9877,Senior Vice President Head of Sales,Sales,en,Senior Vice President Head of Sales
9878,Senior Vice President International Sales Tulip Food Company,Sales,en,Senior Vice President International Sales Tulip Food Company
9879,Senior Vice President Sales,Sales,en,Senior Vice President Sales
9880,Senior Vice President Sales & CMO EMEA,Sales,pt,Senior Vice President Sales & CMO EMEA
9881,Senior VP Corporate Sales,Sales,en,Senior VP Corporate Sales
9882,Senior-Vertriebsbeauftragter IT-Services,Sales,de,Senior Sales Officer IT Services
9883,Senoir Account Manager,Sales,en,Senoir Account Manager
9884,Software Internal Account Manager,Sales,en,Software Internal Account Manager
9885,Solution Manager CRM/Salesforce,Sales,en,Solution Manager CRM/Salesforce
9886,Solution Manager Salesforce/CRM,Sales,en,Solution Manager Salesforce/CRM
9887,Solution Sales Manager,Sales,en,Solution Sales Manager
9888,Southeast Senior Regional Sales Manager,Sales,en,Southeast Senior Regional Sales Manager
9889,Specialised Sales / Project Manager,Sales,en,Specialised Sales / Project Manager
9890,Sr Manager Sales Force Automation / Sales Process,Sales,en,Sr Manager Sales Force Automation / Sales Process
9891,Sr. Account Manager,Sales,en,Sr. Account Manager
9892,Sr. Area Sales Manager DACH at HID Global (EAT) Extended Access Technologies,Sales,en,Sr. Area Sales Manager DACH at HID Global (EAT) Extended Access Technologies
9893,Sr. Key Account Manager,Sales,en,Sr. Key Account Manager
9894,Sr. Manager Sales & Business Development,Sales,en,Sr. Manager Sales & Business Development
9895,Sr. Manager Sales Ops,Sales,en,Sr. Manager Sales Ops
9896,Sr. Salesforce Administrator and Systems Manager,Sales,en,Sr. Salesforce Administrator and Systems Manager
9897,Stellvertretender Leiter Vertrieb Office & Lounge / Key Account Manager,Sales,de,Deputy Head of Sales Office & Lounge / Key Account Manager
9898,Strategic Account Manager,Sales,en,Strategic Account Manager
9899,Strategic Key Account Manager,Sales,en,Strategic Key Account Manager
9900,Strategic Large Account Manager Western Europe,Sales,en,Strategic Large Account Manager Western Europe
9901,Strategic Sales Manager B2B,Sales,en,Strategic Sales Manager B2B
9902,Strategic Sales-Manager,Sales,en,Strategic Sales-Manager
9903,Stv. Leiter Vertrieb / Senior Key Account Manager,Sales,de,Deputy Head of Sales / Senior Key Account Manager
9904,Supply Chain Manager Sales,Sales,en,Supply Chain Manager Sales
9905,Team Lead Program Management Sales Processes / Program Manager,Sales,en,Team Lead Program Management Sales Processes / Program Manager
9906,Team Leader Internal Sales / Export Manager,Sales,en,Team Leader Internal Sales / Export Manager
9907,Team Leader Sales Assistant,Sales,en,Team Leader Sales Assistant
9908,Team Manager Sales,Sales,en,Team Manager Sales
9909,Team Manager Sales - Pharma & Lab Division,Sales,en,Team Manager Sales - Pharma & Lab Division
9910,Team Manager Sales &  Reservation,Sales,en,Team Manager Sales &  Reservation
9911,Team Manager Sales DACH,Sales,en,Team Manager Sales DACH
9912,Team Manager Sales Germany & CEE Acceptance & Acquiring,Sales,en,Team Manager Sales Germany & CEE Acceptance & Acquiring
9913,Teamleiter Außendienst / Key Account Manager D-A-CH,Sales,de,Team Manager Field Office / Key Account Manager D-A-CH
9914,Teamleiter Costumer Service / Key Account Manager,Sales,de,Team Leader Costumer Service / Key Account Manager
9915,Teamleiter Verkauf / Export / Key-Account-Manager,Sales,de,Team Manager Sales / Export / Key Account Manager
9916,Teamleiter Vertrieb - Key Account Manager Automotive,Sales,de,Team Manager Sales - Key Account Manager Automotive
9917,Teamleiter Vertrieb (Export) / Sales Team Manager (Export),Sales,de,Sales Team Manager (Export) / Sales Team Manager (Export)
9918,Tech Sales Manager,Sales,en,Tech Sales Manager
9919,Tech. Sales Manager Aerospace,Sales,en,Tech. Sales Manager Aerospace
9920,Technical Sales & Key Account Manager - SW-Germany,Sales,en,Technical Sales & Key Account Manager - SW-Germany
9921,Technical Sales Manager,Sales,en,Technical Sales Manager
9922,Technical Sales Manager - Just ask Purolite - We are more than a resin manufacturer - We are your solution company,Sales,en,Technical Sales Manager - Just ask Purolite - We are more than a resin manufacturer - We are your solution company
9923,Technical Sales Manager - Northern California - Major Accounts,Sales,en,Technical Sales Manager - Northern California - Major Accounts
9924,Technical Sales Manager (Hydromet),Sales,en,Technical Sales Manager (Hydromet)
9925,Technical Sales Manager D/,Sales,en,Technical Sales Manager D/
9926,Technischer Verkaufsleiter / Technical Sales Manager,Sales,de,Technical Sales Manager / Technical Sales Manager
9927,Technischer Vertrieb / Inside Sales Manager,Sales,de,Technical Sales / Inside Sales Manager
9928,Technischer Vertrieb / Project Manager,Sales,de,Technical Sales / Project Manager
9929,Territory Manager Sales,Sales,en,Territory Manager Sales
9930,Territory Sales Account Manager DACH,Sales,de,Territory Sales Account Manager DACH
9931,Territory Sales Manager,Sales,en,Territory Sales Manager
9932,Territory Sales Manager DACH/UK,Sales,de,Territory Sales Manager DACH/UK
9933,Territory Sales Manager Iberia & LatAm,Sales,en,Territory Sales Manager Iberia & LatAm
9934,Verkaufsleiter / Sales Manager Fassade Cedral,Sales,de,Sales Manager / Sales Manager Facade Cedral
9935,Verkaufsleiter / Sales Manager freistil Rolf Benz,Sales,de,Sales Manager / Sales Manager freistil Rolf Benz
9936,Verkaufsleiter | Sales Manager,Sales,de,Sales Manager - Sales Manager
9937,Verkaufsleiter Sales Manager,Sales,de,Sales Manager Sales Manager
9938,Verkaufsleiter Zentraleuropa / Sales Manager Central Europe,Sales,de,Sales Manager Central Europe / Sales Manager Central Europe
9939,Verkaufsleiterin / Sales Manager,Sales,de,Sales Manager / Sales Manager
9940,Vertrieb - Account Manager,Sales,de,Sales - Account Manager
9941,Vertrieb & Neukundenaquise - Key Account Manager,Sales,de,Sales & New Customer Aquise - Key Account Manager
9942,Vertrieb & Senior Partner,Sales,de,Sales & Senior Partner
9943,Vertrieb / Sales Manager,Sales,de,Sales / Sales Manager
9944,Vertrieb Deutschland (Sales Manager) - Süd-West-Deutschland,Sales,de,Sales Germany (Sales Manager) - South-West Germany
9945,Vertrieb StoreManager für Verbrauchsmaterialien,Sales,de,Sales StoreManager for Consumables
9946,Vertrieb Süddeutschland und Global Key Account Manager für Retail Kunden,Sales,de,Sales Southern Germany and Global Key Account Manager for Retail Customers
9947,Vertrieb und Kundenservice Managerin,Sales,de,Sales and Customer Service Manager
9948,Vertriebs - Manager,Sales,de,Sales - Managers
9949,Vertriebs Manager,Sales,de,Sales Manager
9950,Vertriebsassistenz / Sales Assistant,Sales,de,Sales Assistant / Sales Assistant
9951,Vertriebsinnendienst / Sales Area Manager,Sales,de,Internal Sales Service / Sales Area Manager
9952,Vertriebsleiter & Business Development Manager,Sales,de,Sales Manager & Business Development Manager
9953,Vertriebsleiter & Senior Consultant,Sales,de,Sales Manager & Senior Consultant
9954,Vertriebsleiter / Prokurist / Senior Consultant,Sales,de,Sales Manager / Procurator / Senior Consultant
9955,Vertriebsleiter / Sales Manager,Sales,de,Sales Manager / Sales Manager
9956,Vertriebsleiter Deutschland & Schweiz / Key Segment Manager Trade,Sales,de,Sales Manager Germany & Switzerland / Key Segment Manager Trade
9957,Vertriebsleiter Deutschland / Sales Manager,Sales,de,Sales Manager Germany / Sales Manager
9958,Vertriebsleiter Deutschland Nord & Senior Key Account Manager D / FR (B2B),Sales,de,Sales Manager Germany Nord & Senior Key Account Manager D / FR (B2B)
9959,Vertriebsleiter Key Account Manager,Sales,de,Sales Manager Key Account Manager
9960,Vertriebsleitung / Sales Manager,Sales,de,Sales Manager / Sales Manager
9961,Vertriebsleitung/Sales Manager,Sales,de,Sales Manager/Sales Manager
9962,Vertriebsmanager / Sales Manager,Sales,de,Sales Manager / Sales Manager
9963,Vertriebsmanagerin/Sales Manager,Sales,de,Sales Manager/Sales Manager
9964,Zone Manager Sales,Sales,en,Zone Manager Sales
9965,Country Manager (Germany/Spain/UK/Italy) - Global Support Clients Operations (B2B),Customer Support,en,Country Manager (Germany/Spain/UK/Italy) - Global Support Clients Operations (B2B)
9966,Customer Support Manager,Customer Support,en,Customer Support Manager
9967,Digital Customer Support Manager EMEA,Customer Support,en,Digital Customer Support Manager EMEA
9968,IT Support Manager,Customer Support,en,IT Support Manager
9969,Lead Generation Manager & Customer Support,Customer Support,en,Lead Generation Manager & Customer Support
9970,Manager IT & Technical Support NCE - Customer Service & Satisfaction,Customer Support,en,Manager IT & Technical Support NCE - Customer Service & Satisfaction
9971,Project Manager / Technical Support / Developer,Customer Support,en,Project Manager / Technical Support / Developer
9972,Senior Officer Technical Support | Quickwork | Democratizing Automation,Customer Support,en,Senior Officer Technical Support | Quickwork | Democratizing Automation
9973,Bachelor Marketing Management,Marketing,en,Bachelor Marketing Management
9974,Master of Business Administration,Business Development,en,Master of Business Administration
9975,Master of Business Adminstration,Business Development,en,Master of Business Adminstration
9976,Talentfinder | Recruiting Coach | Master-Sourcer |Consultant | GF intercessio.de,Consulting,en,Talentfinder | Recruiting Coach | Master-Sourcer |Consultant | GF intercessio.de
9977,Project Lead & Scrum Master CRM,Information Technology,en,Project Lead & Scrum Master CRM
9978,Bachelorandin Strategic Marketing,Marketing,it,Bachelorandin Strategic Marketing
9979,Head of Marketing / Scrum Master Trainer / Agil...,Marketing,en,Head of Marketing / Scrum Master Trainer / Agil...
9980,Praktikantin Business Development,Business Development,de,Intern Business Development
9981,Praktikantin B2B Marketing,Marketing,ur,B2B Marketing Intern
9982,Vice President Spezialvertrieb & Projekte,Project Management,de,Vice President Special Sales & Projects
9983,VP sales and marketing,Marketing,en,VP sales and marketing
9984,Assistant to SVP Business Development & Event Specialist,Business Development,en,Assistant to SVP Business Development & Event Specialist
9985,Executive Vice President Global Strategy & Business Development,Business Development,en,Executive Vice President Global Strategy & Business Development
9986,Leiter (VP) Business Development / Leiter (VP) ...,Business Development,de,Head (VP) Business Development / Head (VP) ...
9987,Sr. Vice President Global Business Development & Delivery,Business Development,en,Sr. Vice President Global Business Development & Delivery
9988,Vice President Business Development,Business Development,en,Vice President Business Development
9989,Vice President Digital Business Relationship Management,Business Development,en,Vice President Digital Business Relationship Management
9990,Vice President Global Business Development,Business Development,en,Vice President Global Business Development
9991,Vice President Global Customer Business Unit,Business Development,en,Vice President Global Customer Business Unit
9992,Vice President International Business Development,Business Development,en,Vice President International Business Development
9993,Vice President Of Business Development,Business Development,en,Vice President Of Business Development
9994,Vice President Strategic Business Development &...,Business Development,en,Vice President Strategic Business Development &...
9995,VP Business  Development & Partnering,Business Development,en,VP Business  Development & Partnering
9996,VP Business Development,Business Development,en,VP Business Development
9997,VP Business Development & Advertising Solutions,Business Development,en,VP Business Development & Advertising Solutions
9998,VP Business Development APAC,Business Development,en,VP Business Development APAC
9999,VP Business Operations,Business Development,en,VP Business Operations
10000,VP Business Operations & Transformation,Business Development,en,VP Business Operations & Transformation
10001,VP Growth & Business Development,Business Development,en,VP Growth & Business Development
10002,Chief Information Officer & VP Global SAP,Information Technology,en,Chief Information Officer & VP Global SAP
10003,Executive Vice President Global IT Land & Digital Solutions,Information Technology,en,Executive Vice President Global IT Land & Digital Solutions
10004,IT Vice-President,Information Technology,en,IT Vice-President
10005,Vice President Digital Transformation,Information Technology,en,Vice President Digital Transformation
10006,Vice President Digitalisierung / Automatisierung,Information Technology,de,Vice President Digitization / Automation
10007,Vice President Finance & IT System Integration,Information Technology,en,Vice President Finance & IT System Integration
10008,Vice President Group Digital & Innovation,Information Technology,en,Vice President Group Digital & Innovation
10009,Vice President Group IT,Information Technology,en,Vice President Group IT
10010,Vice President IT,Information Technology,en,Vice President IT
10011,Vice President Organisation & IT,Information Technology,en,Vice President Organisation & IT
10012,VP IT & Services HOCHDORF Swiss Nutrition AG,Information Technology,de,VP IT & Services HOCHDORF Swiss Nutrition AG
10013,VP IT Customer Engagement Domain,Information Technology,en,VP IT Customer Engagement Domain
10014,Vice President Customer / CRM,Information Technology,en,Vice President Customer / CRM
10015,Assistant to Vice President Marketing & Sales,Marketing,en,Assistant to Vice President Marketing & Sales
10016,Assistant to Vice President Marketing & Service,Marketing,en,Assistant to Vice President Marketing & Service
10017,Assistant VP Global Marketing and Technology IWT,Marketing,en,Assistant VP Global Marketing and Technology IWT
10018,Corporate VP - Global Head of Marketing & Sales...,Marketing,en,Corporate VP - Global Head of Marketing & Sales...
10019,Executive Vice President Marketing,Marketing,en,Executive Vice President Marketing
10020,Executive Vice President Sales & Marketing,Marketing,en,Executive Vice President Sales & Marketing
10021,Founder | Vice President of Marketing,Marketing,en,Founder | Vice President of Marketing
10022,Leiter Vertrieb & Marketing / Vice President Sa...,Marketing,de,Head of Sales & Marketing / Vice President Sa...
10023,Leiter Vertrieb und Marketing / Vice President ...,Marketing,de,Head of Sales and Marketing / Vice President ...
10024,Mitgründer / VP Marketing,Marketing,de,Co-founder / VP Marketing
10025,SVP Global Sales & Marketing,Marketing,en,SVP Global Sales & Marketing
10026,SVP Strategic Marketing (Messe Kontakt),Marketing,ur,SVP Strategic Marketing (Exhibition Contact)
10027,SVP Vertrieb und Marketing/Mitglied der Geschäftsleitung,Marketing,de,SVP Sales and Marketing/Member of the Management Board
10028,Vice President - Chief Marketing & Sales Officer,Marketing,en,Vice President - Chief Marketing & Sales Officer
10029,Vice President Business Development/Strategic Marketing,Marketing,pt,Vice President Business Development/Strategic Marketing
10030,Vice President Communications/Marketing,Marketing,en,Vice President Communications/Marketing
10031,Vice President Digital Marketing,Marketing,en,Vice President Digital Marketing
10032,Vice President Global Communications,Marketing,en,Vice President Global Communications
10033,Vice President Group Communications & Marketing,Marketing,en,Vice President Group Communications & Marketing
10034,Vice President Head of Sales & Marketing,Marketing,en,Vice President Head of Sales & Marketing
10035,Vice President Marketing,Marketing,en,Vice President Marketing
10036,Vice President Marketing & Produktmanagement,Marketing,en,Vice President Marketing & Produktmanagement
10037,Vice President Marketing & Sales,Marketing,en,Vice President Marketing & Sales
10038,Vice President Marketing & Sales (Isobuten & De...,Marketing,pt,Vice President Marketing & Sales (Isobuten & De...
10039,Vice President Marketing Communications & Services,Marketing,en,Vice President Marketing Communications & Services
10040,Vice President Marketing IONOS cloud (interimsweise),Marketing,de,Vice President Marketing IONOS cloud (interim)
10041,Vice President Operations & Marketing Communica...,Marketing,en,Vice President Operations & Marketing Communica...
10042,Vice President Product Sales & Marketing,Marketing,en,Vice President Product Sales & Marketing
10043,Vice President Sales & Marketing,Marketing,en,Vice President Sales & Marketing
10044,Vice President Sales & Marketing - DACH & CEE,Marketing,de,Vice President Sales & Marketing - DACH & CEE
10045,Vice President Sales & Marketing & Member of Ma...,Marketing,en,Vice President Sales & Marketing & Member of Ma...
10046,Vice President Sales & Marketing Global,Marketing,en,Vice President Sales & Marketing Global
10047,Vice President Sales and Marketing,Marketing,en,Vice President Sales and Marketing
10048,Vice President Sales and Marketing EMEA,Marketing,en,Vice President Sales and Marketing EMEA
10049,VP Corporate Communications & Marketing,Marketing,en,VP Corporate Communications & Marketing
10050,VP International Marketing,Marketing,en,VP International Marketing
10051,VP Marketing,Marketing,en,VP Marketing
10052,VP Marketing & Communications,Marketing,en,VP Marketing & Communications
10053,VP Marketing & PR,Marketing,en,VP Marketing & PR
10054,VP Marketing and Sales,Marketing,en,VP Marketing and Sales
10055,VP Marketing Communication,Marketing,en,VP Marketing Communication
10056,VP of Marketing,Marketing,en,VP of Marketing
10057,VP of Marketing und Communications,Marketing,en,VP of Marketing und Communications
10058,VP of Sales & Marketing Division,Marketing,en,VP of Sales & Marketing Division
10059,VP Product Marketing,Marketing,en,VP Product Marketing
10060,VP Product Marketing & Marketing Automation,Marketing,en,VP Product Marketing & Marketing Automation
10061,VP Sales & Marketing,Marketing,en,VP Sales & Marketing
10062,VP Sales & Marketing / Leiter Vertrieb und Mark...,Marketing,de,VP Sales & Marketing / Head of Sales and Mark...
10063,VP Sales&Marketing,Marketing,en,VP Sales&Marketing
10064,Vice President Of Commercial Operations,Other,en,Vice President Of Commercial Operations
10065,Vice President Strategy and Operations,Other,en,Vice President Strategy and Operations
10066,VP of Operations,Other,en,VP of Operations
10067,VP Operations,Other,en,VP Operations
10068,Associate Vice President Sales,Sales,en,Associate Vice President Sales
10069,Chief Sales Officer - VP Sales,Sales,en,Chief Sales Officer - VP Sales
10070,Country Manager / VP Global Sales & Services,Sales,en,Country Manager / VP Global Sales & Services
10071,Executive Vice President Sales,Sales,en,Executive Vice President Sales
10072,Executive Vice President Sales & Business Devel...,Sales,nl,Executive Vice President Sales & Business Devel...
10073,GCT Sales/ Vice President Sales Customer Group,Sales,en,GCT Sales/ Vice President Sales Customer Group
10074,Geschäftsleiter Vertrieb weltweit / Vice President Global Sales,Sales,de,Sales Manager Worldwide / Vice President Global Sales
10075,Regional Vice President Sales Germany,Sales,en,Regional Vice President Sales Germany
10076,Regional Vice President Sales Large Enterprise ...,Sales,en,Regional Vice President Sales Large Enterprise ...
10077,Ressortleiter Vertrieb  //  Vice President Sales,Sales,de,Head of Sales // Vice President Sales
10078,Sales Vice President,Sales,en,Sales Vice President
10079,SVP Sales,Sales,en,SVP Sales
10080,SVP: Global Sales and Business Development,Sales,en,SVP: Global Sales and Business Development
10081,Vertriebsleiter Deutschland/ Vice President Sales,Sales,de,Sales Manager Germany/ Vice President Sales
10082,Vice President - Sales,Sales,en,Vice President - Sales
10083,Vice President  Sales Europe,Sales,en,Vice President  Sales Europe
10084,Vice President (VP) Sales DACH,Sales,hi,Vice President (VP) Sales DACH
10085,Vice President Distribution Sales & Commercial ...,Sales,en,Vice President Distribution Sales & Commercial ...
10086,Vice President EMEA Sales and Business Management,Sales,en,Vice President EMEA Sales and Business Management
10087,Vice President Global Sales,Sales,en,Vice President Global Sales
10088,Vice President Global Sales and Service FRS,Sales,en,Vice President Global Sales and Service FRS
10089,Vice President- Head of Sales EMEA,Sales,en,Vice President- Head of Sales EMEA
10090,Vice President Internation Sales,Sales,en,Vice President Internation Sales
10091,Vice President IT Sales & CRM,Sales,en,Vice President IT Sales & CRM
10092,Vice President of Sales,Sales,en,Vice President of Sales
10093,Vice President of Sales & Business Development,Sales,en,Vice President of Sales & Business Development
10094,Vice President Regional Sales Germany & North-East Europe,Sales,en,Vice President Regional Sales Germany & North-East Europe
10095,Vice President Sales,Sales,en,Vice President Sales
10096,Vice President Sales - Head of Consumer Services,Sales,en,Vice President Sales - Head of Consumer Services
10097,Vice President Sales & Account Management DACH,Sales,en,Vice President Sales & Account Management DACH
10098,Vice President Sales & Commercial Excellence,Sales,en,Vice President Sales & Commercial Excellence
10099,Vice President Sales & Corporate Product Management,Sales,en,Vice President Sales & Corporate Product Management
10100,Vice President Sales & Innovation,Sales,en,Vice President Sales & Innovation
10101,Vice President Sales & Products,Sales,en,Vice President Sales & Products
10102,Vice President Sales & Professional Services,Sales,en,Vice President Sales & Professional Services
10103,Vice President Sales & Technical Service,Sales,en,Vice President Sales & Technical Service
10104,Vice President Sales / Prokurist,Sales,pt,Vice President Sales / Prokurist
10105,Vice President Sales Automotive,Sales,en,Vice President Sales Automotive
10106,Vice President Sales Central Europe,Sales,en,Vice President Sales Central Europe
10107,Vice President Sales Commercial Trailer,Sales,en,Vice President Sales Commercial Trailer
10108,Vice President Sales Consumer Goods,Sales,en,Vice President Sales Consumer Goods
10109,Vice President Sales DACH & Italien,Sales,it,Vice President Sales DACH & Italy
10110,Vice President Sales EMEA,Sales,pt,Vice President Sales EMEA
10111,Vice President Sales EMEA / Vertrieb,Sales,pt,Vice President Sales EMEA / Sales
10112,Vice President Sales EMEAI,Sales,en,Vice President Sales EMEAI
10113,Vice President Sales Europe,Sales,en,Vice President Sales Europe
10114,Vice President Sales Germany,Sales,en,Vice President Sales Germany
10115,Vice President Sales Germany - Industrial Automation,Sales,en,Vice President Sales Germany - Industrial Automation
10116,Vice President Sales Operations,Sales,en,Vice President Sales Operations
10117,Vice President Sales South/ Sales Excellence,Sales,en,Vice President Sales South/ Sales Excellence
10118,Vice President Sales Trading,Sales,en,Vice President Sales Trading
10119,Vice President Solutions Sales Germany,Sales,en,Vice President Solutions Sales Germany
10120,Vice President Vertrieb,Sales,de,Vice President Sales
10121,VP EMEA Sales & Business Develpment,Sales,pt,VP EMEA Sales & Business Develpment
10122,VP European Sales / Messe Kontakt,Sales,de,VP European Sales / Fair Contact
10123,VP Global Sales,Sales,en,VP Global Sales
10124,VP Global Sales & Alliances,Sales,en,VP Global Sales & Alliances
10125,VP Global Sales Excellence,Sales,en,VP Global Sales Excellence
10126,VP International Sales,Sales,en,VP International Sales
10127,VP Mid-Market Sales EMEA,Sales,ur,VP Mid-Market Sales EMEA
10128,VP of Sales,Sales,en,VP of Sales
10129,VP of Sales - JAF Global,Sales,en,VP of Sales - JAF Global
10130,VP of Worldwide Sales,Sales,en,VP of Worldwide Sales
10131,VP Partner Sales,Sales,en,VP Partner Sales
10132,VP Sales,Sales,en,VP Sales
10133,VP Sales - Alpha Europe,Sales,en,VP Sales - Alpha Europe
10134,VP Sales - Industry -,Sales,en,VP Sales - Industry -
10135,VP Sales & Business Development,Sales,en,VP Sales & Business Development
10136,VP Sales & Business Development LEO Germany,Sales,en,VP Sales & Business Development LEO Germany
10137,VP Sales & Partnerships,Sales,en,VP Sales & Partnerships
10138,VP Sales and Operations,Sales,en,VP Sales and Operations
10139,VP Sales CEMEA,Sales,hi,VP Sales CEMEA
10140,VP Sales D.A.CH.,Sales,en,VP Sales D.A.CH.
10141,VP Sales DACH,Sales,de,VP Sales DACH
10142,VP Sales Development & Strategy,Sales,en,VP Sales Development & Strategy
10143,VP Sales Germany,Sales,en,VP Sales Germany
10144,VP Sales Processes,Sales,en,VP Sales Processes
