,text,label,language,text_en
0,Analyst,Junior,en,Analyst
1,Analyste financier,Junior,nl,Financial analyst
2,Anwendungstechnischer Mitarbeiter,Junior,de,Application of technical staff
3,Application Engineer,Senior,en,Application Engineer
4,Applications Engineer,Senior,en,Applications Engineer
5,Architecte SI - Chef de projet Applicatif,Lead,fr,Architecte SI - Application Project Manager
6,Associate,Junior,en,Associate
7,Associate - Research,Junior,en,Associate - Research
8,Associate Partner,Junior,en,Associate Partner
9,Associate Recruiter,Junior,en,Associate Recruiter
10,Associated Partner,Junior,en,Associated Partner
11,BI Analyst,Junior,pt,BI Analyst
12,Call-Center-Agent- Service - Mitarbeiter,Junior,de,Call Center Agent Service - Employees
13,Chargée de communication / Chef de projet événementiel,Lead,fr,Communications Officer / Event Project Manager
14,Chef de marché Résidences services senior - Solutions logicielles métier,Lead,fr,Senior Services Residences Market Manager - Business Software Solutions
15,Chef de projet,Lead,fr,Project Manager
16,Chef de projet communication et marketing,Lead,fr,Communication and Marketing Project Manager
17,Chef de projet ERP,Lead,fr,ERP Project Manager
18,Chef de projet Évènementiel,Lead,fr,Event Project Manager
19,Chef de Projet Événementiel / Event Coordinator,Lead,nl,Event Project Manager / Event Coordinator
20,Chef de projet marketing,Lead,fr,Marketing Project Manager
21,Chef de projet marketing digital,Lead,fr,Digital Marketing Project Manager
22,Chef de projet marketing digital senior,Lead,fr,Senior Digital Marketing Project Manager
23,Chef de projet marketing et communication,Lead,fr,Marketing and communication project manager
24,Chef de Projet Systèmes et Services,Lead,fr,Systems and Services Project Manager
25,Chef de projets marketing,Lead,fr,Marketing Project Manager
26,Chef des ventes,Lead,fr,Head of Sales
27,Chef des Ventes France,Lead,fr,Head of Sales France
28,Chef des ventes Ouest,Lead,fr,Head of Sales West
29,Chef des Ventes SM3 CLAAS,Lead,fr,Head of Sales SM3 CLAAS
30,Clinical Research Associate II,Junior,en,Clinical Research Associate II
31,Cloud Systems Analyst,Junior,en,Cloud Systems Analyst
32,Commercial team leader sales and marketing europe,Lead,en,Commercial team leader sales and marketing europe
33,Data Analyst,Junior,en,Data Analyst
34,Data Analyst - Monetization and Payment,Junior,en,Data Analyst - Monetization and Payment
35,Data Engineering & visualization,Senior,en,Data Engineering & visualization
36,DevOps as a Service. We're hiring Engineers in North America,Senior,en,DevOps as a Service. We're hiring Engineers in North America
37,Directeur Commercial - Responsable Filiale Europe du Sud / Groupe EControls,Senior,fr,Sales Manager - Head of Southern Europe Subsidiary / EControls Group
38,Directeur de projets et Responsable des infrastructures informatiques,Senior,fr,Project Manager and IT Infrastructure Manager
39,Engineer,Senior,en,Engineer
40,Group leader in Energy Impact Research,Lead,en,Group leader in Energy Impact Research
41,Investment Analyst,Junior,en,Investment Analyst
42,Lead Engineer,Senior,en,Lead Engineer
43,Lead Solution Engineer,Senior,en,Lead Solution Engineer
44,Market- and Customer Analyst,Junior,en,Market- and Customer Analyst
45,Market Research Analyst,Junior,en,Market Research Analyst
46,Microsoft System Engineering,Senior,en,Microsoft System Engineering
47,Mitarbeiter,Junior,de,Staff
48,Mitarbeiter Auftragsabwicklung,Junior,de,Employees Order processing
49,Mitarbeiter Customer Service,Junior,de,Employee Customer Service
50,Mitarbeiter Datenmanagement,Junior,de,Employees Data management
51,Mitarbeiter Projektmanagement,Junior,de,Staff Project management
52,Mitarbeiter Verkaufsinnendienst,Junior,de,Staff Internal Sales Service
53,Mitarbeiterin Event- und Kundenmanagement,Junior,de,Employee Event and Customer Management
54,Mitarbeiterin in der Verwaltung,Junior,de,Employee in administration
55,Mitarbeiterin Presse- und Öffentlichkeitsarbeit,Junior,de,Staff member Press and Public Relations
56,Presales Associate,Junior,en,Presales Associate
57,Principal Cloud Engineer,Senior,en,Principal Cloud Engineer
58,Project Engineer,Senior,en,Project Engineer
59,PR-Referent,Junior,nl,PR-Referent
60,PR-Referentin,Junior,tr,PR representative
61,Recruiting Analyst,Junior,en,Recruiting Analyst
62,Referent,Junior,ur,Referent
63,Referent (Projektmanager),Junior,de,Speaker (project manager)
64,Referent CAFM / Sharepoint,Junior,en,Referent CAFM / Sharepoint
65,Referent Grundsatzfragen,Junior,de,Key issues
66,Referent Kompetenzfeld Erzeugung & Infrastruktur,Junior,de,Speaker Competence Field of Production & Infrastructure
67,Referent Öffentlichkeitsarbeit,Junior,de,Public Relations Officer
68,Referent Unternehmenskommunikation,Junior,de,Head of Corporate Communications
69,Referent Werbung & Veranstaltung,Junior,de,Speaker Advertising & Event
70,Referentin Abteilung Ausstellungen,Junior,de,Lecturer Department Exhibitions
71,Referentin Eventmanagement,Junior,nl,Event management speaker
72,Referentin für Prozess- und Projektmanagement,Junior,de,Speaker for Process and Project Management
73,Referentin für Unternehmensentwicklung und Vert...,Junior,de,Consultant for Corporate Development and...
74,Referentin für Unternehmenskommunikation,Junior,de,Consultant for Corporate Communications
75,Referentin für Veranstaltungsmanagement,Junior,de,Lecturer for event management
76,Referentin Öffentlichkeitsarbeit,Junior,de,Public Relations Officer
77,Referentin Onlinemarketing,Junior,tr,Online Marketing Consultant
78,Referentin PR und Unternehmenskommunikation DACH,Junior,de,Speaker PR and Corporate Communications DACH
79,Referentin Presse- und Öffentlichkeitsarbeit,Junior,de,Speaker Press and Public Relations
80,Referentin Qualitätssicherung,Junior,de,Quality assurance officer
81,Referentin Recruiting / Specialist Recruiting,Junior,en,Referentin Recruiting / Specialist Recruiting
82,Referentin Unternehmenskommunikation,Junior,de,Corporate Communications Officer
83,Research Analyst,Junior,en,Research Analyst
84,Research Associate | Ph.D. Candidate,Junior,en,Research Associate | Ph.D. Candidate
85,Responsable Achats Segment Logistique et Achats Generaux,Senior,fr,Head of Purchasing Logistics and General Purchasing
86,Responsable Activité Equipements de Production et Machinerie - Site de Cholet,Senior,fr,Production Equipment and Machinery Business Manager - Site de Cholet
87,Responsable administration des ventes,Senior,fr,Sales Administration Manager
88,Responsable administrative Direction Cemmerciale France,Senior,fr,Administrative Manager Management Cemmerciale France
89,Responsable Commercial,Senior,en,Responsable Commercial
90,Responsable Commercial - Ingénierie & Intégration,Senior,it,Sales Manager - Engineering & Integration
91,Responsable commercial et développement,Senior,fr,Sales and Development Manager
92,Responsable Commercial France,Senior,fr,Sales Manager France
93,Responsable Commercial Grands Comptes,Senior,en,Responsable Commercial Grands Comptes
94,Responsable Commercial Groupe,Senior,en,Responsable Commercial Groupe
95,Responsable Commercial ZEISS Industrial Quality Solutions,Senior,en,Responsable Commercial ZEISS Industrial Quality Solutions
96,Responsable commerciale & partenariats  - BeMove,Senior,fr,Sales Manager & Partnerships - BeMove
97,Responsable commerciale à Vivoka,Senior,fr,Sales Manager in Vivoka
98,Responsable communication - Sapa France,Senior,fr,Communication Manager - Sapa France
99,Responsable communication & marketing digital,Senior,en,Responsable communication & marketing digital
100,Responsable communication et trade marketing,Senior,en,Responsable communication et trade marketing
101,Responsable communication marketing,Senior,en,Responsable communication marketing
102,Responsable communications,Senior,en,Responsable communications
103,Responsable communications marketing,Senior,en,Responsable communications marketing
104,Responsable comptabilité et contrôle de gestion,Senior,fr,Accounting and management control manager
105,Responsable coordination commerciale & fidélisation clients,Senior,en,Responsable coordination commerciale & fidélisation clients
106,Responsable d'Agence,Senior,fr,Agency Manager
107,Responsable de Agencias,Senior,pt,Agency Manager
108,Responsable de département Infrastructure & Projet,Senior,fr,Head of Infrastructure & Project Department
109,Responsable de Tesorería,Senior,pt,Treasury Manager
110,Responsable Département INDUSTRIE (Robotique et Machine Spéciale),Senior,fr,Head of INDUSTRY Department (Robotics and Special Machine)
111,Responsable des opérations,Senior,fr,Head of Operations
112,Responsable des Systèmes d'Information,Senior,fr,Head of Information Systems
113,Responsable des Systèmes d'Information Groupe,Senior,fr,Head of Information Systems Group
114,Responsable des ventes,Senior,fr,Sales Manager
115,Responsable des ventes DECIP MACHINES  OUTILS,Senior,fr,Sales Manager DECIP MACHINES TOOLS
116,Responsable Développement,Senior,en,Responsable Développement
117,Responsable développement commercial,Senior,fr,Business Development Manager
118,Responsable Développement Commercial Batiments Industriels,Senior,de,Responsible Développement Commercial Batiments Industriels
119,Responsable développement commercial chez Arès business & consulting,Senior,fr,Business Development Manager at Arès business & consulting
120,Responsable Développement Commercial -Zone Europe chez Petercem Sonsors,Senior,fr,Business Development Manager -Zone Europe at Petercem Sonsors
121,Responsable Développement nouveaux marchés,Senior,fr,Head of New Market Development
122,Responsable développement Santé Hôpitaux et Cliniques,Senior,fr,Head of Health Development Hospitals and Clinics
123,Responsable Développements Informatiques,Senior,fr,Head of IT Developments
124,Responsable d'Exploitation du Système d'Information,Senior,fr,Responsible for the operation of the information system
125,Responsable digital et e-commerce groupe,Senior,fr,Digital and e-commerce group manager
126,Responsable digitale,Senior,it,Digital manager
127,Responsable distribution France,Senior,en,Responsable distribution France
128,Responsable du développement d’activité Navale et Défense,Senior,fr,Responsible for the development of Naval and Defense activities
129,Responsable du développement de la communication digitale,Senior,fr,Responsible for the development of digital communication
130,Responsable du service marketing & communication externe,Senior,fr,Head of Marketing & External Communication
131,Responsable Equipe base de données client,Senior,fr,Customer Database Team Manager
132,Responsable événementiel,Senior,fr,Event Manager
133,Responsable Informatique - France,Senior,fr,IT Manager - France
134,Responsable Informatique décisionnelle,Senior,fr,Head of Business Intelligence
135,Responsable informatique groupe,Senior,fr,Group IT Manager
136,Responsable infrastructure informatique,Senior,en,Responsable infrastructure informatique
137,Responsable Lean Manufacturing,Senior,en,Responsable Lean Manufacturing
138,Responsable marketing - pôle marché bâtiments,Senior,fr,Marketing Manager - Buildings Market
139,Responsable marketing & communication marques FCA et Activité Moto,Senior,fr,FCA Brand Marketing & Communication Manager and Motorcycle Activity
140,Responsable marketing B2B,Senior,en,Responsable marketing B2B
141,Responsable marketing communication,Senior,en,Responsable marketing communication
142,Responsable marketing et communications,Senior,fr,Marketing and Communications Manager
143,Responsable marketing international,Senior,en,Responsable marketing international
144,Responsable marketing opérationnel,Senior,fr,Operational Marketing Manager
145,Responsable marketing produits,Senior,fr,Product Marketing Manager
146,Responsable marketing produits Supply Chain,Senior,fr,Product Marketing Manager Supply Chain
147,Responsable marketing stratégique,Senior,fr,Strategic Marketing Manager
148,Responsable marketing stratégique et stratégie internationale,Senior,fr,Head of Strategic Marketing and International Strategy
149,Responsable National des Ventes France,Senior,fr,National Sales Manager France
150,Responsable Nouvelle-Aquitaine,Senior,fr,Responsable Nouvelle-Aquitaine
151,Responsable Pôle Relation Clients,Senior,en,Responsable Pôle Relation Clients
152,Responsable Prescription,Senior,en,Responsable Prescription
153,Responsable presse et événementiel,Senior,fr,Press and events manager
154,Responsable Produits,Senior,en,Responsable Produits
155,Responsable Projets Informatiques,Senior,nl,IT Project Manager
156,Responsable Ressources Humaines,Senior,en,Responsable Ressources Humaines
157,Responsable Secteur,Senior,fr,Sector Manager
158,Responsable Service Commercial France,Senior,fr,Head of Sales France
159,Responsable Services Généraux,Senior,fr,Head of General Services
160,Responsable Système d'information et méthodes,Senior,fr,Information System and Methods Manager
161,Responsable systèmes informatiques,Senior,fr,IT Systems Manager
162,Security + Netzwerk Engineer,Senior,de,Security + Network Engineer
163,Service Desk Analyst,Junior,en,Service Desk Analyst
164,Social Media Referent,Junior,ur,Social Media Referent
165,Software Engineer,Senior,en,Software Engineer
166,Solution Engineer,Senior,en,Solution Engineer
167,Solution Engineer Professional,Senior,en,Solution Engineer Professional
168,Specialty Gases Applications Engineer,Senior,en,Specialty Gases Applications Engineer
169,Studentischer Mitarbeiter nextMedia.Hamburg,Junior,de,Student employee nextMedia.Hamburg
170,System Engineer,Senior,en,System Engineer
171,Systems Analyst,Junior,en,Systems Analyst
172,Systems Engineer,Senior,en,Systems Engineer
173,Team leader,Lead,en,Team leader
174,team leader pre and after sales support,Lead,en,team leader pre and after sales support
175,Teamlead Cross Industries,Lead,en,Teamlead Cross Industries
176,Teamlead Customer Engagement,Lead,en,Teamlead Customer Engagement
177,Teamlead email marketing,Lead,en,Teamlead email marketing
178,Teamlead Events,Lead,en,Teamlead Events
179,Teamlead Key Account,Lead,en,Teamlead Key Account
180,Teamlead Strategy,Lead,en,Teamlead Strategy
181,Teamleader,Lead,en,Teamleader
182,Teamleader BI Systems @ H.C. Starck Tantalum and Niobium GmbH,Lead,nl,Teamleader bi systems @ H.C. Starck Tantalum and niobium GMBH
183,Teamleader Front and Back Office Services,Lead,en,Teamleader Front and Back Office Services
184,Teamleader Resourcing Center Berlin,Lead,en,Teamleader Resourcing Center Berlin
185,Teamleader Telemarketing,Lead,it,Team Leader Telemarketing
186,techn. kaufm. Mitarbeiter,Junior,de,Technical staff
187,Underwriter Analyst II,Junior,en,Underwriter Analyst II
188,Vétérinaire Responsable Technique de la gamme Volaille,Senior,fr,Veterinarian Technical Manager of the Poultry range
189,Vorsitz,Management,de,Chair
190,Vorsitzende,Management,de,President
191,Vorsitzende des Aufsichtsrates,Management,de,Chairman of the Supervisory Board
192,Vorsitzender,Management,de,Chairman
193,Vorsitzender Aufsichtsrat,Management,de,Chairman of the Supervisory Board
194,Vorsitzender des Aufsichtsrates,Management,de,Chairman of the Supervisory Board
195,Vorsitzender des Aufsichtsrates: Arno Walter,Management,de,Chairman of the Supervisory Board: Arno Walter
196,Vorsitzender des Aufsichtsrates: Dr. Henning Prüß,Management,de,Chairman of the Supervisory Board: Dr. Henning Prüß
197,Vorsitzender des Aufsichtsrates: Jean-Marie Dayre,Management,de,Chairman of the Supervisory Board: Jean-Marie Dayre
198,Vorsitzender des Aufsichtsrats,Management,de,Chairman of the Supervisory Board
199,Vorsitzender des Beirats,Management,de,Chairman of the Advisory Council
200,Vorsitzender des Präsidiums,Management,de,Chairman of the Bureau
201,Vorsitzender des Vorstands,Management,de,Chairman of the Executive Board
202,Vorstands-Vorsitzender,Management,de,Chairman of the Bureau
203,Wissenschaftlicher Mitarbeiter,Junior,de,Scientific staff
204,Assistent,Junior,ur,Assistant
205,Assistent Projektmanagement,Junior,de,Project Management Assistant
206,Assistentin,Junior,tr,assistant
207,Assistentin / Sekretärin der GL,Junior,de,Assistant / Secretary of the GL
208,Assistentin der GF,Junior,de,Assistant to the GF
209,Assistentin der GL,Junior,de,Assistant to the GL
210,Assistentin der Institutsdirektion,Junior,de,Assistant to the Institute Directorate
211,Assistentin des Vorstandes,Junior,de,Assistant to the Executive Board
212,Assistentin des Vorstandsvorsitzenden,Junior,de,Assistant to the Chairman of the Executive Board
213,Assistentin GF (Hr. Rummel),Junior,hi,Assistant Managing Director (Mr. Rummel)
214,Assistentin Produktentwicklung,Junior,de,Assistant Product Development
215,Assistentin Technologien & Märkte,Junior,nl,Assistant Technologies & Markets
216,Assistentin Verkauf & Personalrekrutierung,Junior,de,Assistant Sales & Personnel Recruitment
217,Assistentin von Frau Özkazanc,Junior,de,Assistant to Mrs Özkazanc
218,Assistentin von Meyer-Voigtländer,Junior,de,Assistant to Meyer-Voigtländer
219,Assistentin Vorstand,Junior,de,Assistant to the Executive Board
220,Kaufmännische Assistentin,Junior,de,Commercial assistant
221,Sekretärin / Assistentin,Junior,de,Secretary/assistant
222,Team-Assistentin,Junior,tr,Team assistant
223,Analyst Strategy & Business Development,Junior,en,Analyst Strategy & Business Development
224,Business | Technology Consultant,Senior,hi,Business | Technology Consultant
225,Business Analyst,Junior,en,Business Analyst
226,Business Analyst (SugarCRM/SuiteCRM),Junior,en,Business Analyst (SugarCRM/SuiteCRM)
227,Business Analyst / Commercial Controller,Junior,en,Business Analyst / Commercial Controller
228,Business Analyst CRM,Junior,en,Business Analyst CRM
229,Business Analyst CRM & Digital,Junior,en,Business Analyst CRM & Digital
230,Business Analyst IT,Junior,en,Business Analyst IT
231,Business Assistent / Key Account Support,Junior,en,Business Assistent / Key Account Support
232,Business Consultant,Senior,en,Business Consultant
233,Business Consultant - Digital Transformation Bu...,Senior,en,Business Consultant - Digital Transformation Bu...
234,Business Consultant CRM - Systeme,Senior,en,Business Consultant CRM - Systeme
235,Business Consultant Industry,Senior,en,Business Consultant Industry
236,Business Data Analyst – SEHNER - International,Junior,ur,Business Data Analyst – SEHNER - International
237,Business Development & Consultant Lead,Senior,en,Business Development & Consultant Lead
238,Business Development Analyst,Junior,en,Business Development Analyst
239,Business Development Associate,Junior,en,Business Development Associate
240,Business Development Consultant,Senior,en,Business Development Consultant
241,Business Development Engineer,Senior,en,Business Development Engineer
242,Business Engineer,Senior,en,Business Engineer
243,Business Intelligence & Dynamics 365 (CRM) Consultant,Senior,en,Business Intelligence & Dynamics 365 (CRM) Consultant
244,Business Intelligence Analyst,Junior,en,Business Intelligence Analyst
245,Business IT Consultant,Senior,en,Business IT Consultant
246,Business Process Analyst,Junior,en,Business Process Analyst
247,Business Solutions Analyst,Junior,en,Business Solutions Analyst
248,Business Systems Analyst - Operations,Junior,en,Business Systems Analyst - Operations
249,Business Systems Analyst/Developer (CRM),Junior,nl,Business Systems Analyst/Developer (CRM)
250,Consultant SAP Business ByDesign,Senior,en,Consultant SAP Business ByDesign
251,CRM Business Analyst,Junior,en,CRM Business Analyst
252,CRM Business Consultant,Senior,en,CRM Business Consultant
253,CRM/SAP ICT Business Analyst,Junior,en,CRM/SAP ICT Business Analyst
254,Global Business Process Analyst - CRM Strategy/Demand Mgt.,Junior,en,Global Business Process Analyst - CRM Strategy/Demand Mgt.
255,Inhouse Consultant ERP / Business Systems,Senior,en,Inhouse Consultant ERP / Business Systems
256,IT Business Analyst - CRM,Junior,en,IT Business Analyst - CRM
257,IT Business Analyst & SAP CRM Consultant,Senior,nl,IT Business Analyst & SAP CRM Consultant
258,IT Business Analyst CRM,Junior,en,IT Business Analyst CRM
259,IT Business Analyst SAP CRM,Junior,en,IT Business Analyst SAP CRM
260,IT Business Application Analyst,Junior,en,IT Business Application Analyst
261,IT Business Application Analyst CRM,Junior,en,IT Business Application Analyst CRM
262,IT Business Process Analystin / Projektmanagement,Junior,tr,IT Business Process Analystin / Projektmanagement
263,IT Team leader Business Applications,Lead,en,IT Team leader Business Applications
264,IT-Projektmanager / Business Process Analyst,Junior,en,IT-Projektmanager / Business Process Analyst
265,Lead Business Analyst,Junior,en,Lead Business Analyst
266,Lead Business Consultant,Senior,en,Lead Business Consultant
267,Lead Business Operations Analyst,Junior,en,Lead Business Operations Analyst
268,Teamleader Business Contact Centre DACH bei Farnell GmbH,Lead,de,Teamleader Business Contact Centre DACH bei Farnell GmbH
269,Teamleader System Support Business Controlling,Lead,en,Teamleader System Support Business Controlling
270,Zelfstandig IT Business Analyst,Junior,nl,Independent IT Business Analyst
271,Analytics Consultant,Senior,en,Analytics Consultant
272,Application Consultant,Senior,en,Application Consultant
273,Application Consultant WMS,Senior,en,Application Consultant WMS
274,Application Services Consultant (MCP / MCSE),Senior,en,Application Services Consultant (MCP / MCSE)
275,Associate Consultant,Senior,en,Associate Consultant
276,Client Strategy Consultant,Senior,en,Client Strategy Consultant
277,Consultant,Senior,it,Consultant
278,Consultant /System-u. Netzwerkadministration,Senior,de,Consultant /System- & Network Administration
279,Consultant and Administrator,Senior,en,Consultant and Administrator
280,Consultant Digital Learning Solutions,Senior,en,Consultant Digital Learning Solutions
281,Consultant Digital Signage,Senior,en,Consultant Digital Signage
282,Consultant für prozessorientiertes Wissensmanag...,Senior,de,Consultant for process-oriented knowledge management...
283,Consultant Microsoft Dynamics AX,Senior,pt,Consultant Microsoft Dynamics AX
284,Consultant Research & Media Innovation,Senior,en,Consultant Research & Media Innovation
285,Consultant SAP Logistics/ IT Group,Senior,en,Consultant SAP Logistics/ IT Group
286,Consultant System- und Prozessentwicklung,Senior,de,Consultant System and Process Development
287,Consultant/ Customer Service Advisor,Senior,en,Consultant/ Customer Service Advisor
288,Customer Success Consultant,Senior,en,Customer Success Consultant
289,D365 / Power Platform Technical Consultant,Senior,en,D365 / Power Platform Technical Consultant
290,Data Analyst & Consultant,Senior,en,Data Analyst & Consultant
291,Development Consultant,Senior,en,Development Consultant
292,Digital Consultant,Senior,en,Digital Consultant
293,Digital Transformation Consultant,Senior,en,Digital Transformation Consultant
294,Digitalization Consultant,Senior,en,Digitalization Consultant
295,eDiscovery Consultant,Senior,en,eDiscovery Consultant
296,Engineering Consultant,Senior,en,Engineering Consultant
297,Entrepreneur & Consultant,Senior,fr,Entrepreneur & Consultant
298,ERP Consultant,Senior,en,ERP Consultant
299,HR Consultant,Senior,en,HR Consultant
300,Inhouse BI Consultant,Senior,en,Inhouse BI Consultant
301,Inhouse Consultant ERP,Senior,en,Inhouse Consultant ERP
302,Inhouse ERP Consultant,Senior,en,Inhouse ERP Consultant
303,Internal SharePoint Consultant - IT-Admin,Senior,ur,Internal SharePoint Consultant - IT-Admin
304,International Consultant Online Recruitment,Senior,en,International Consultant Online Recruitment
305,IT Consultant,Senior,en,IT Consultant
306,IT Consultant - PMO,Senior,hi,IT Consultant - PMO
307,IT-Consultant,Senior,en,IT-Consultant
308,IT-Consultant / Systembetreuer Microsoft Dynamics NAV,Senior,de,IT consultant/system maintainer Microsoft Dynamics NAV
309,IT-Services Consultant,Senior,en,IT-Services Consultant
310,Leading Consultant,Senior,en,Leading Consultant
311,Meetings & Events Consultant,Senior,en,Meetings & Events Consultant
312,Mergers and Acquisitions Consultant,Senior,en,Mergers and Acquisitions Consultant
313,Microsoft Dynamics NAV - Consultant & Microsoft Certified Trainer,Senior,en,Microsoft Dynamics NAV - Consultant & Microsoft Certified Trainer
314,Microsoft Dynamics NAV Consultant & Trainer,Senior,ur,Microsoft Dynamics NAV Consultant & Trainer
315,Microsoft Dynamics NAV Entwicklung/ Consultant,Senior,de,Microsoft Dynamics NAV Development/ Consultant
316,MS Dynamics Consultant,Senior,en,MS Dynamics Consultant
317,Online Reputation Consultant @ ProvenExpert,Senior,en,Online Reputation Consultant @ ProvenExpert
318,PR Consultant,Senior,en,PR Consultant
319,Presales Consultant,Senior,it,Presales Consultant
320,Principal Consultant,Senior,en,Principal Consultant
321,Principal Solutions Consultant EMEA,Senior,pt,Principal Solutions Consultant EMEA
322,Project Consultant,Senior,en,Project Consultant
323,Projektmanager / Consultant,Senior,it,Project manager / consultant
324,Real Estate Consultant,Senior,en,Real Estate Consultant
325,Recruitment Consultant,Senior,en,Recruitment Consultant
326,Recruitment Consultant & Social Media Planer,Senior,en,Recruitment Consultant & Social Media Planer
327,Recruitment von IT Consultants und Professionals,Senior,de,Recruitment of IT Consultants and Professionals
328,Research Consultant,Senior,en,Research Consultant
329,SAP Applications Consultant SD/MM,Senior,en,SAP Applications Consultant SD/MM
330,SAP Beraterin / SAP Consultant,Senior,tr,SAP consultant / SAP consultant
331,SAP BI/BW Inhouse Consultant,Senior,en,SAP BI/BW Inhouse Consultant
332,SAP BW Inhouse Consultant,Senior,en,SAP BW Inhouse Consultant
333,SAP C4C Consultant,Senior,en,SAP C4C Consultant
334,SAP Consultant,Senior,hi,SAP Consultant
335,SAP Consultant SD,Senior,hi,SAP Consultant SD
336,Sap IT Consultant,Senior,hi,Sap IT Consultant
337,SAP SD Consultant,Senior,hi,SAP SD Consultant
338,SAP SD/CS/CEM Inhouse Consultant,Senior,nl,SAP SD/CS/CEM Inhouse Consultant
339,SAP Technology Consultant,Senior,en,SAP Technology Consultant
340,SAP-Consultant,Senior,en,SAP-Consultant
341,Search Consultant,Senior,en,Search Consultant
342,Social Media & Web2.0 Consultant,Senior,it,Social Media & Web2.0 Consultant
343,Solution Consultant,Senior,en,Solution Consultant
344,Solutions Consultant,Senior,en,Solutions Consultant
345,Talent Consultant,Senior,en,Talent Consultant
346,Technical Consultant,Senior,en,Technical Consultant
347,Technologie Services Consultant,Senior,en,Technologie Services Consultant
348,Technology Consultant,Senior,en,Technology Consultant
349,Trainer / Consultant,Senior,en,Trainer / Consultant
350,User Experience & Creative Recruitment Consultant,Senior,en,User Experience & Creative Recruitment Consultant
351,Zertifizierter ITSM Consultant,Senior,de,Certified ITSM Consultant
352,GL und HR Assistentin,Junior,de,GL and HR Assistant
353,HR Assistentin,Junior,tr,HR assistant
354,3rd Level IT Engineer,Senior,en,3rd Level IT Engineer
355,Associate Distribution Administration Germany and Austria,Junior,en,Associate Distribution Administration Germany and Austria
356,Chef de Projet Digital Client,Lead,pt,Digital Client Project Manager
357,Chef de projet IT MOE,Lead,fr,IT MOE Project Manager
358,Digital Data Analyst,Junior,en,Digital Data Analyst
359,Digital Process Engineer,Senior,en,Digital Process Engineer
360,Engineer / Systems Administrator,Senior,en,Engineer / Systems Administrator
361,Ingénieur Webmarketing et Responsable Administration des Ventes,Senior,fr,Webmarketing Engineer and Sales Administration Manager
362,IT Analyst,Junior,en,IT Analyst
363,IT Assistent,Junior,ur,IT Assistent
364,IT Lead Engineer,Senior,en,IT Lead Engineer
365,IT Mitarbeiter,Junior,de,IT staff
366,IT Solution Analyst,Junior,en,IT Solution Analyst
367,IT System Engineer,Senior,en,IT System Engineer
368,IT System Engineer Mobility,Senior,en,IT System Engineer Mobility
369,IT Teamleader,Lead,en,IT Teamleader
370,IT-System Engineer,Senior,en,IT-System Engineer
371,Mitarbeiter IT Infrastructure,Junior,de,Staff IT Infrastructure
372,Referent Digital & Innovation,Junior,en,Referent Digital & Innovation
373,Referentin IT Solutions,Junior,ur,IT Solutions Consultant
374,Responsable application Dynamics 365 / Reporting Power BI - SAP/BO,Senior,en,Responsable application Dynamics 365 / Reporting Power BI - SAP/BO
375,Responsable commercial & marketing Solutions Digitales,Senior,en,Responsable commercial & marketing Solutions Digitales
376,Responsable IT groupe,Senior,en,Responsable IT groupe
377,Teamlead Digital Platform,Lead,en,Teamlead Digital Platform
378,Teamlead IT-Services,Lead,en,Teamlead IT-Services
379,Teamleader Group IT - Shared Technology Services,Lead,en,Teamleader Group IT - Shared Technology Services
380,Teamleader IT Applications,Lead,en,Teamleader IT Applications
381,Teamleader IT Connectivity,Lead,en,Teamleader IT Connectivity
382,B2B CRM Consultant,Senior,en,B2B CRM Consultant
383,Chef de Projet Commerce / CRM,Lead,pt,Commerce / CRM Project Manager
384,Chef de projet CRM,Lead,fr,CRM Project Manager
385,Chef de projet CRM & Retention,Lead,fr,Project Manager CRM & Retention
386,Chef de projet CRM et performance commerciale (Réseau Agents Généraux),Lead,fr,CRM Project Manager and Sales Performance (Agents General Network)
387,Chef de Projet CRM Fidélisation,Lead,fr,Project Manager CRM Loyalty
388,Chef de projet CRM senior,Lead,fr,Senior CRM Project Manager
389,Chef de Projet Digital & CRM,Lead,pt,Digital & CRM Project Manager
390,Chef de projet Digital/CRM,Lead,fr,Digital/CRM Project Manager
391,Chef de projet informatique - Responsable applicatif outils CRM,Senior,fr,IT Project Manager - Application Manager CRM Tools
392,Chef de Projet MOA SAP - CRM Cloud for Customer,Lead,pt,SAP MOA Project Manager - CRM Cloud for Customer
393,Chef de projets CRM,Lead,fr,CRM Project Manager
394,Consultant (Data Scientist/CRM),Senior,it,Consultant (Data Scientist/CRM)
395,Consultant CRM & WEB,Senior,en,Consultant CRM & WEB
396,Consultant IT Corporate Applications CRM,Senior,en,Consultant IT Corporate Applications CRM
397,CRM & BI Consultant,Senior,it,CRM & BI Consultant
398,CRM Analyst,Junior,ur,CRM Analyst
399,CRM Application Consultant International,Senior,en,CRM Application Consultant International
400,CRM Applications Analyst,Junior,en,CRM Applications Analyst
401,CRM Consultant,Senior,en,CRM Consultant
402,CRM Consultant/Analyst,Senior,en,CRM Consultant/Analyst
403,CRM Data & Process Engineer,Senior,en,CRM Data & Process Engineer
404,CRM Engagement lead,Lead,en,CRM Engagement lead
405,CRM Global Project leader,Lead,en,CRM Global Project leader
406,CRM Inhouse Consultant,Senior,en,CRM Inhouse Consultant
407,CRM IT Consultant,Senior,en,CRM IT Consultant
408,CRM-/ BPM - Consultant,Senior,en,CRM-/ BPM - Consultant
409,CRM-Analystin,Junior,en,CRM-Analystin
410,Domainlead IT CRM,Lead,en,Domainlead IT CRM
411,Functional Analyst SAP CRM,Junior,en,Functional Analyst SAP CRM
412,Inhouse Consultant Dynamics CRM,Senior,en,Inhouse Consultant Dynamics CRM
413,Inhouse Consultant SAP CRM,Senior,en,Inhouse Consultant SAP CRM
414,Inhouse Consultant SD/CRM,Senior,en,Inhouse Consultant SD/CRM
415,Inhouse CRM Consultant,Senior,en,Inhouse CRM Consultant
416,Insightly CRM Expert - Consultant,Senior,en,Insightly CRM Expert - Consultant
417,IT Analyst CRM,Junior,en,IT Analyst CRM
418,IT Inhouse Consultant CRM,Senior,en,IT Inhouse Consultant CRM
419,IT-Consultant CRM-Solutions,Senior,ur,IT-Consultant CRM-Solutions
420,IT-System Analyst - CRM / Innovationsexperte,Junior,en,IT-System Analyst - CRM / Innovationsexperte
421,Microsoft Dynamics CRM Inhouse Consultant,Senior,en,Microsoft Dynamics CRM Inhouse Consultant
422,Package Solution Consultant (CRM),Senior,en,Package Solution Consultant (CRM)
423,Referent CRM,Junior,ur,Referent CRM
424,Referent CRM / Network Development,Junior,en,Referent CRM / Network Development
425,Referent CRM-System,Junior,en,Referent CRM-System
426,Responsable animation commerciale/ CRM,Senior,en,Responsable animation commerciale/ CRM
427,Responsable CRM,Senior,en,Responsable CRM
428,Responsable CRM & Back Office France,Senior,en,Responsable CRM & Back Office France
429,Responsable CRM & E-Commerce,Senior,en,Responsable CRM & E-Commerce
430,Responsable CRM chez CRM Services - SNCF Voyages,Senior,fr,CRM Manager at CRM Services - SNCF Voyages
431,Responsable CRM et Fidélisation,Senior,fr,CRM and Loyalty Manager
432,Responsable CRM groupe ISALTIS,Senior,en,Responsable CRM groupe ISALTIS
433,Responsable CRM Maximizer,Senior,en,Responsable CRM Maximizer
434,Responsable d’application CRM et Clients,Senior,fr,CRM and Customer Application Manager
435,Responsable Data & CRM,Senior,en,Responsable Data & CRM
436,Responsable data client & CRM,Senior,en,Responsable data client & CRM
437,Responsable data management et CRM,Senior,en,Responsable data management et CRM
438,Responsable des ventes - BU CRM,Senior,fr,Sales Manager - BU CRM
439,Responsable Domaine CRM,Senior,en,Responsable Domaine CRM
440,Responsable formation et Referent CRM,Junior,fr,Head of Training and Referent CRM
441,Responsable projet et communauté CRM,Senior,fr,Project manager and CRM community
442,Responsable projets CRM,Senior,fr,Project Manager CRM
443,Responsable SFE et CRM- France,Senior,fr,SFE and CRM Manager - France
444,Responsable SI outils (CRM),Senior,fr,SI Tools Manager (CRM)
445,SAP and CRM Solutions Consultant - Customer Relations,Senior,en,SAP and CRM Solutions Consultant - Customer Relations
446,SAP Consultant - CRM & SD (Implementation project),Senior,en,SAP Consultant - CRM & SD (Implementation project)
447,SAP Consultant CRM,Senior,en,SAP Consultant CRM
448,SAP CRM & CEC Consultant,Senior,it,SAP CRM & CEC Consultant
449,SAP CRM Consultant,Senior,pt,SAP CRM Consultant
450,SAP CRM Inhouse Consultant,Senior,en,SAP CRM Inhouse Consultant
451,Teamlead CRM,Lead,en,Teamlead CRM
452,Teamlead CRM & Design,Lead,en,Teamlead CRM & Design
453,Teamlead CRM & Loyalty,Lead,it,Teamlead CRM & Loyalty
454,Teamleader CRM,Lead,en,Teamleader CRM
455,Teamleader CRM & Cloud App,Lead,en,Teamleader CRM & Cloud App
456,Teamleader IT Solutions / SAP Consultant SD/CRM,Senior,en,Teamleader IT Solutions / SAP Consultant SD/CRM
457,Assistent Marketing & Events,Junior,en,Assistent Marketing & Events
458,Assistent Marketing and Sales,Junior,en,Assistent Marketing and Sales
459,Assistent Marketing und Sales,Junior,de,Assistant Marketing and Sales
460,Assistent Produktentwicklung und Marketing,Junior,de,Assistant Product Development and Marketing
461,Assistentin des Vorstands Marketing & Vertrieb,Junior,de,Assistant to the Marketing & Sales Board
462,Assistentin Direktor Marketing & Vertrieb,Junior,de,Assistant Director Marketing & Sales
463,Assistentin für Messe,Junior,de,Assistant for Fair
464,Assistentin GF/ Marketing,Junior,en,Assistentin GF/ Marketing
465,Assistentin Global Marketing,Junior,en,Assistentin Global Marketing
466,Assistentin Internationales Marketing,Junior,en,Assistentin Internationales Marketing
467,Assistentin Marketing,Junior,tr,Marketing Assistant
468,Assistentin Marketing & Sales,Junior,en,Assistentin Marketing & Sales
469,Assistentin Marketing & Unternehmenskommunikation,Junior,de,Assistant Marketing & Corporate Communications
470,Assistentin Marketing & Vertrieb,Junior,de,Assistant Marketing & Sales
471,Assistentin Marketing / Vertrieb,Junior,de,Assistant Marketing / Sales
472,Assistentin Marketing Services,Junior,en,Assistentin Marketing Services
473,Assistentin Marketing- und Unternehmenskommunikation,Junior,de,Assistant Marketing and Corporate Communications
474,Assistentin Marketing und Verkauf,Junior,de,Assistant Marketing and Sales
475,Assistentin Marketing- und Vertriebsdirektion,Junior,de,Assistant Marketing and Sales Director
476,Assistentin Marketing/Vertrieb,Junior,de,Assistant Marketing/Distribution
477,Assistentin Sales & Marketing,Junior,en,Assistentin Sales & Marketing
478,Assistentin Sales&Marketing,Junior,en,Assistentin Sales&Marketing
479,Assistentin Technisches Marketing,Junior,de,Assistant Technical Marketing
480,Assistentin Vertrieb & Marketing,Junior,de,Assistant Sales & Marketing
481,Assistentin Vertrieb / Marketing,Junior,de,Assistant Sales / Marketing
482,Associate | Customer Centric Transformation - Digital & Data-Driven Marketing,Junior,en,Associate | Customer Centric Transformation - Digital & Data-Driven Marketing
483,Business Analyst Recruiting/Marketing,Junior,en,Business Analyst Recruiting/Marketing
484,Business Applications Consultant Sales/Marketing,Senior,en,Business Applications Consultant Sales/Marketing
485,Business Consultant Marketing & CRM,Senior,en,Business Consultant Marketing & CRM
486,Business Engineer (Messe Kontakt),Senior,de,Business Engineer (trade fair contact)
487,Business Process Analyst Sales & Marketing,Junior,en,Business Process Analyst Sales & Marketing
488,Chef de Groupe Marketing,Lead,pt,Marketing Group Manager
489,Chef de projet CRM | Marketing relationnel,Lead,fr,CRM Project Manager  Relationship Marketing
490,Chef de projet CRM Marketing,Lead,fr,Project Manager CRM Marketing
491,Chef de projet junior digital - Communication,Lead,fr,Junior Digital Project Manager - Communication
492,Chef de projets Communication et Marketing Digital,Lead,fr,Project Manager Communication and Digital Marketing
493,Chef de Projets Trade Marketing,Lead,nl,Trade Marketing Project Manager
494,Chef de service Marketing  Communication base de données,Lead,fr,Head of Marketing Communication Database
495,Communication Consultant,Senior,en,Communication Consultant
496,Consultant - Marketing Automation (Like Reply),Senior,en,Consultant - Marketing Automation (Like Reply)
497,Consultant senior CRM Marketing Automation,Senior,en,Consultant senior CRM Marketing Automation
498,Corporate Communications Consultant,Senior,en,Corporate Communications Consultant
499,CRM & Marketing Consultant,Senior,en,CRM & Marketing Consultant
500,CRM/Marketing Mitarbeiter,Junior,de,CRM/Marketing Employees
501,CRM-Referent / Strategisches Marketing,Junior,nl,CRM speaker / strategic marketing
502,Database Marketing Analyst,Junior,en,Database Marketing Analyst
503,Digital Marketing Consultant,Senior,en,Digital Marketing Consultant
504,Directrice Marketing et Responsable Grands Comptes,Senior,fr,Marketing Director and Account Manager
505,Expert IT Consultant SAP Marketing,Senior,en,Expert IT Consultant SAP Marketing
506,Fachteamlead Event Marketing & Standortmanager,Lead,de,Teamlead Event Marketing & Location Manager
507,Inside Sales & Marketing Engineer,Senior,en,Inside Sales & Marketing Engineer
508,Inside Sales and Marketing Associate,Junior,en,Inside Sales and Marketing Associate
509,IT Business Analyst für HR Marketing & Recruiting,Junior,de,IT Business Analyst for HR Marketing & Recruiting
510,Kaufmännische Mitarbeiterin/ Marketing,Junior,de,Commercial employee/marketing
511,Lead Marketing Consultant,Senior,en,Lead Marketing Consultant
512,Marketing & Vertriebs Assistentin,Junior,de,Marketing & Sales Assistant
513,Marketing Analyst,Junior,en,Marketing Analyst
514,Marketing Analyst & Internal Communication Leader,Junior,en,Marketing Analyst & Internal Communication Leader
515,Marketing Assistent,Junior,ur,Marketing Assistent
516,Marketing Assistentin,Junior,tr,Marketing assistant
517,Marketing Assistentin - Dipl. Betriebswirtin (BA),Junior,de,Marketing Assistant - Dipl. Betriebswirtin (BA)
518,Marketing Associate,Junior,en,Marketing Associate
519,Marketing Business Development Associate,Junior,en,Marketing Business Development Associate
520,Marketing Communication Engineer,Senior,en,Marketing Communication Engineer
521,Marketing Consultant,Senior,en,Marketing Consultant
522,Marketing Consultant B2B,Senior,en,Marketing Consultant B2B
523,Marketing Data Analyst,Junior,en,Marketing Data Analyst
524,Marketing Engineer,Senior,en,Marketing Engineer
525,Marketing Kommunikation Mitarbeiter,Junior,de,Marketing Communication Employees
526,Marketing Mitarbeiter,Junior,de,Marketing staff
527,Marketing Mitarbeiter in Karenz,Junior,de,Marketing staff in Karenz
528,Marketing Mitarbeiterin,Junior,de,Marketing employee
529,Marketing Mitarbeiterin / Messen & Veranstaltungen,Junior,de,Marketing employee / trade fairs & events
530,Marketing Referent,Junior,ur,Marketing Referent
531,Marketing Referentin,Junior,tr,Marketing speaker
532,Marketing Referentin Messe- & Eventorganisation,Junior,de,Marketing Speaker Trade Fair & Event Organisation
533,Marketing Services Consultant,Senior,en,Marketing Services Consultant
534,Marketing und Sales Assistent,Junior,de,Marketing and Sales Assistant
535,Marketing und Sales Associate,Junior,de,Marketing and Sales Associate
536,Marketing-Assistent,Junior,tr,Marketing-Assistent
537,Marketing-Assistentin,Junior,tr,Marketing Assistant
538,Marketing-Mitarbeiterin,Junior,de,Marketing employee
539,Marketing-Referent,Junior,nl,Marketing-Referent
540,Marketing-Referentin,Junior,nl,Marketing representative
541,Marketing-Referentin international,Junior,nl,International marketing representative
542,Mediengestalter und Marketing Assistent,Junior,de,Media Designer and Marketing Assistant
543,Mediengestalterin / Mitarbeiterin Marketing,Junior,de,Media designer / employee Marketing
544,Mediengestalterin / Teamleader Marketing,Lead,de,Media designer / team leader marketing
545,Messe - freie/externe Mitarbeiterin,Junior,de,Fair - free/external employee
546,Mitarbeiter im Marketing,Junior,de,Marketing staff
547,Mitarbeiter im Vertrieb / Marketing / Auszubildendenverantwortlicher,Junior,de,Sales / Marketing / Trainee Manager
548,Mitarbeiter IT / Marketing,Junior,de,Staff IT / Marketing
549,Mitarbeiter Marketing,Junior,de,Employees Marketing
550,Mitarbeiter Marketing & Kommunikation,Junior,de,Employees Marketing & Communication
551,Mitarbeiter Marketing & Sales,Junior,de,Employees Marketing & Sales
552,Mitarbeiter Marketing (Internet / Social Media / Multimedia),Junior,de,Employees Marketing (Internet / Social Media / Multimedia)
553,Mitarbeiter Marketing Kommunikation,Junior,de,Employees Marketing Communication
554,Mitarbeiter Marketing/Kommunikation,Junior,de,Employees Marketing/Communication
555,Mitarbeiter Marketing/Werbung,Junior,de,Employees Marketing/Advertising
556,Mitarbeiter Online-Marketing,Junior,de,Employees Online Marketing
557,Mitarbeiter Sales & Marketing/CRM Keyuser,Junior,de,Employees Sales & Marketing/CRM Keyuser
558,Mitarbeiterin Abteilung Marketingkommunikation,Junior,de,Employee Department of Marketing Communication
559,Mitarbeiterin Corporate Communication/EB11-6,Junior,de,Employee Corporate Communication/EB11-6
560,Mitarbeiterin für Marketing und Kommunikation,Junior,de,Employee for Marketing and Communication
561,Mitarbeiterin im Marketing,Junior,de,Employee in Marketing
562,Mitarbeiterin im Marketing - PR und Öffentlichkeitsarbeit,Junior,de,Employee in Marketing - PR and Public Relations
563,Mitarbeiterin im Produktmanagement/Marketing,Junior,de,Employee in Product Management/Marketing
564,Mitarbeiterin Interne Kommunikation & Marketing,Junior,de,Employee Internal Communication & Marketing
565,Mitarbeiterin Konzerncontrolling & Zentrales Marketing,Junior,de,Employee Group Controlling & Central Marketing
566,Mitarbeiterin Marketing,Junior,de,Employee Marketing
567,Mitarbeiterin Marketing & Kommunikation,Junior,de,Employee Marketing & Communication
568,Mitarbeiterin Marketing & Unternehmenskommunikation,Junior,de,Employee Marketing & Corporate Communications
569,Mitarbeiterin Marketing & Vertriebsinnendienst,Junior,de,Employee Marketing & Sales Service
570,Mitarbeiterin Marketing / Eventmanagement,Junior,de,Employee Marketing / Event Management
571,Mitarbeiterin Marketing / Vertrieb,Junior,de,Employee Marketing / Sales
572,Mitarbeiterin Marketing Kommunikation,Junior,de,Employee Marketing Communication
573,Mitarbeiterin Marketing- Medien & Events,Junior,de,Employee Marketing Media & Events
574,Mitarbeiterin Marketing und Kommunikation,Junior,de,Employee Marketing and Communication
575,Mitarbeiterin Marketing und Öffentlichkeitsarbeit,Junior,de,Employee Marketing and Public Relations
576,Mitarbeiterin Marketing und Vertrieb,Junior,de,Employee Marketing and Sales
577,Mitarbeiterin Marketing/Kommunikation,Junior,de,Employee Marketing/Communication
578,Mitarbeiterin Marketing-Kommunikation,Junior,de,Employee Marketing Communication
579,Mitarbeiterin Marketing-Kommunikation/Empfang,Junior,de,Employee Marketing Communication/Receipt
580,Mitarbeiterin PR & Marketing,Junior,de,Employee PR & Marketing
581,Mitarbeiterin Vertieb / Marketing,Junior,de,Employee Vertieb / Marketing
582,Mitarbeiterin Vertrieb Marketing,Junior,de,Employee Sales Marketing
583,OEM Marketing and Application Engineering,Senior,en,OEM Marketing and Application Engineering
584,Online Marketing Consultant,Senior,en,Online Marketing Consultant
585,Online-Marketing Analyst,Junior,en,Online-Marketing Analyst
586,Projekt-Assistentin/Marketing,Junior,it,Project Assistant/Marketing
587,Referent Business Development & Marketing,Junior,en,Referent Business Development & Marketing
588,Referent Event Marketing,Junior,ur,Referent Event Marketing
589,Referent für Kommunikation und Öffentlichkeitsarbeit,Junior,de,Speaker for Communication and Public Relations
590,Referent Kommunikation – Online & Events,Junior,de,Speaker Communication – Online & Events
591,Referent Marketing,Junior,ur,Referent Marketing
592,Referent Marketing- & Kundenkommunikation,Junior,de,Speaker Marketing & Customer Communication
593,Referent Marketing & Messen / Veranstaltungen,Junior,de,Speaker Marketing & Fairs / Events
594,Referent Marketing Communications,Junior,en,Referent Marketing Communications
595,Referent Marketing und Kommunikation,Junior,de,Speaker Marketing and Communication
596,Referent Messen und Events,Junior,de,Speaker Fairs and Events
597,Referent Politische Kommunikation,Junior,de,Head of Political Communication
598,Referent Produktmanagement & Marketing,Junior,de,Speaker Product Management & Marketing
599,Referent Unternehmenskommunikation & Marketing,Junior,de,Speaker Corporate Communications & Marketing
600,Referentin für Kundenservice und Marketing,Junior,de,Consultant for customer service and marketing
601,Referentin für Marketing und interne Kommunikation,Junior,de,Speaker for Marketing and Internal Communication
602,Referentin für Marketing und Kommunikation,Junior,de,Speaker for Marketing and Communication
603,Referentin für Marketing und Öffentlichkeitsarbeit,Junior,de,Speaker for Marketing and Public Relations
604,Referentin für Marketingkommunikation,Junior,de,Marketing Communication Officer
605,Referentin Global Marketing,Junior,tr,Global Marketing Consultant
606,Referentin Internationale Kommunikation & Marketing,Junior,de,Speaker International Communication & Marketing
607,Referentin Kommunikation & Energiepolitik,Junior,de,Speaker Communication & Energy Policy
608,Referentin Kommunikation-Marketing,Junior,de,Speaker Communication Marketing
609,Referentin Marketing,Junior,tr,Marketing Consultant
610,Referentin Marketing & Kommunikation,Junior,de,Speaker Marketing & Communication
611,Referentin Marketing & Unternehmenskommunikation,Junior,de,Speaker Marketing & Corporate Communications
612,Referentin Marketing & Vertrieb,Junior,de,Speaker Marketing & Sales
613,Referentin Marketing / Eventmanagement,Junior,nl,Marketing/Event Management Consultant
614,Referentin Marketing Communication,Junior,tr,Marketing Communication Consultant
615,Referentin Marketing Communications,Junior,en,Referentin Marketing Communications
616,Referentin Marketing Export,Junior,tr,Marketing Export Consultant
617,Referentin Marketing und Kommunikation,Junior,de,Speaker Marketing and Communication
618,Referentin Marketing und PR,Junior,de,Speaker Marketing and PR
619,Referentin Marketing und Vertrieb,Junior,de,Head of Marketing and Sales
620,Referentin Marketing/Produktmanagement,Junior,nl,Marketing/Product Management Consultant
621,Referentin Messen & Unternehmerreisen,Junior,de,Speaker Trade fairs & business trips
622,Referentin Öffentlichkeitsarbeit und Marketing,Junior,de,Speaker Public Relations and Marketing
623,Referentin Online-Marketing & PR,Junior,en,Referentin Online-Marketing & PR
624,Referentin PR & Marketing,Junior,tr,PR & Marketing Consultant
625,Referentin PR + Marketing,Junior,tr,PR + Marketing Consultant
626,Referentin PR und Marketing,Junior,de,Speaker PR and Marketing
627,Referentin Produktmanagement & Marketing,Junior,de,Speaker Product Management & Marketing
628,Referentin Unternehmenskommunikation & Marketing,Junior,de,Speaker Corporate Communications & Marketing
629,Referentin Unternehmenskommunikation (Messen & ...,Junior,de,Speaker Corporate Communications (Measurements & ...
630,Referentin Unternehmenskommunikation und Marketing,Junior,de,Speaker Corporate Communications and Marketing
631,Referentin Unternehmenskommunikation/Digital Communication Specialist,Junior,de,Speaker Corporate Communications/Digital Communication Specialist
632,Referentin Unternehmenskommunikation/Marketing,Junior,de,Consultant Corporate Communications/Marketing
633,Referentin Vertrieb & Marketing,Junior,de,Speaker Sales & Marketing
634,Responsable Communication,Senior,en,Responsable Communication
635,Responsable Communication - communication manager,Senior,en,Responsable Communication - communication manager
636,Responsable Communication /Events / Salons,Senior,en,Responsable Communication /Events / Salons
637,Responsable Communication Clients et Marketing Digital,Senior,en,Responsable Communication Clients et Marketing Digital
638,Responsable Communication commerciale BtoB,Senior,it,BtoB Commercial Communication Manager
639,Responsable Communication et Marketing,Senior,en,Responsable Communication et Marketing
640,Responsable Communication et Ventes Web,Senior,ur,Web Communication and Sales Manager
641,Responsable Communication Événementielle,Senior,fr,Event Communication Manager
642,Responsable Communication Evènementielle & RP,Senior,nl,Event Communication & PR Manager
643,Responsable Communication Événementielle et Interne,Senior,fr,Event and Internal Communications Manager
644,Responsable Communication Externe,Senior,en,Responsable Communication Externe
645,Responsable Communication Groupe,Senior,en,Responsable Communication Groupe
646,Responsable Communication Institutionnelle & Relations Presse,Senior,it,Institutional Communication & Press Relations Manager
647,Responsable Communication SEW USOCOME,Senior,en,Responsable Communication SEW USOCOME
648,Responsable CRM & Marketing Client,Senior,en,Responsable CRM & Marketing Client
649,Responsable de Communication-Marketing chez JELD-WEN France,Senior,fr,Head of Communication-Marketing at JELD-WEN France
650,Responsable de Département Marketing et Communication,Senior,fr,Head of Marketing and Communication Department
651,Responsable de gamme ClearLine - Coordinatrice Marketing,Senior,fr,ClearLine Product Manager - Marketing Coordinator
652,Responsable de la Communication Événementielle et Digitale,Senior,fr,Responsible for Event and Digital Communication
653,Responsable de projet Marketing Digital,Senior,fr,Digital Marketing Project Manager
654,Responsable des Événements Marketing,Senior,fr,Head of Marketing Events
655,Responsable des Programmes de Communication Marketing,Senior,fr,Head of Marketing Communication Programs
656,Responsable Marketing,Senior,en,Responsable Marketing
657,Responsable Marketing & Commercial,Senior,en,Responsable Marketing & Commercial
658,Responsable Marketing & Communication,Senior,en,Responsable Marketing & Communication
659,Responsable Marketing / CRM,Senior,en,Responsable Marketing / CRM
660,Responsable Marketing Accompagnement,Senior,en,Responsable Marketing Accompagnement
661,Responsable Marketing B to B,Senior,en,Responsable Marketing B to B
662,Responsable Marketing Communication #Robotique,Senior,nl,Marketing Communication Manager #Robotics
663,Responsable Marketing CRM,Senior,en,Responsable Marketing CRM
664,Responsable Marketing Digital,Senior,en,Responsable Marketing Digital
665,Responsable Marketing Digital & Acquisition B2B,Senior,en,Responsable Marketing Digital & Acquisition B2B
666,Responsable Marketing et Communication,Senior,en,Responsable Marketing et Communication
667,Responsable Marketing et Communication salons B2B,Senior,fr,Head of Marketing and Communication at B2B
668,Responsable Marketing et IT,Senior,en,Responsable Marketing et IT
669,Responsable Marketing Menuiserie Bois,Senior,it,Wood Carpentry Marketing Manager
670,Responsable Marketing opérationnel chez AFNOR Compétences,Senior,fr,Operational Marketing Manager at AFNOR Skills
671,Responsable Marketing Opérationnel et Communication B to B / B to C,Senior,fr,Head of Operational Marketing and Communication B to B / B to C
672,Responsable Marketing Opérationnel et Produit,Senior,fr,Head of Operational and Product Marketing
673,Responsable Marketing Polyrey - Wilsonart Group,Senior,en,Responsable Marketing Polyrey - Wilsonart Group
674,Responsable Marketing promotion des ventes,Senior,fr,Sales Promotion Marketing Manager
675,Responsable Marketing Relationnel & CRM Europe,Senior,en,Responsable Marketing Relationnel & CRM Europe
676,Responsable Pôle Marketing Digital et Relationnel,Senior,fr,Head of Digital and Relational Marketing
677,Responsable Relation Client et Marketing - Direction de la Communication,Senior,fr,Head of Customer Relations and Marketing - Communication Department
678,Responsable Ventes & Marketing,Senior,it,Sales & Marketing Manager
679,Sales & Marketing Analyst,Junior,en,Sales & Marketing Analyst
680,Sales and Marketing Assistent,Junior,en,Sales and Marketing Assistent
681,Security Marketing Teamlead,Lead,en,Security Marketing Teamlead
682,Teamlead B2B & Pro Marketing - DACH,Lead,sw,Teamlead B2B & Pro Marketing - DACH
683,Teamlead Corporate Communications & Marketing,Lead,en,Teamlead Corporate Communications & Marketing
684,Teamlead Digital Marketing,Lead,en,Teamlead Digital Marketing
685,Teamlead Marketing,Lead,en,Teamlead Marketing
686,Teamlead Marketing & Communications,Lead,en,Teamlead Marketing & Communications
687,Teamlead Marketing Communications EMEA Telecommunications,Lead,pt,Teamlead Marketing Communications EMEA Telecommunications
688,Teamlead Marketing D/A/CH,Lead,en,Teamlead Marketing D/A/CH
689,Teamlead Marketing/Sales Support,Lead,en,Teamlead Marketing/Sales Support
690,Teamleader Business Analysts Sales and Marketing,Junior,en,Teamleader Business Analysts Sales and Marketing
691,Teamleader Marketing & Communication,Lead,en,Teamleader Marketing & Communication
692,Teamleader Marketing Communication - Living Environment Systems,Lead,en,Teamleader Marketing Communication - Living Environment Systems
693,Teamleader Marketing Trade Shows & Events,Lead,en,Teamleader Marketing Trade Shows & Events
694,Teamleader Online / Marketing,Lead,en,Teamleader Online / Marketing
695,Teamleader Online Marketing & Sales,Lead,en,Teamleader Online Marketing & Sales
696,Technical Tool Analyst in Sales & Marketing,Junior,en,Technical Tool Analyst in Sales & Marketing
697,Technische Redakteurin / Mitarbeiterin im Marketing,Junior,de,Technical editor/employee in marketing
698,UX-Designer / Online Marketing Consultant,Senior,en,UX-Designer / Online Marketing Consultant
699,Vertriebs- und Marketing Assistentin,Junior,de,Sales and Marketing Assistant
700,Vertriebs- und Marketing-Mitarbeiter,Junior,de,Sales and marketing staff
701,Revenue Operations Analyst,Junior,en,Revenue Operations Analyst
702,Application Consultant | Salesforce Administrator,Senior,en,Application Consultant | Salesforce Administrator
703,Application Sales Engineer,Senior,en,Application Sales Engineer
704,Assistent Vertrieb,Junior,de,Sales Assistant
705,Assistentin des Vertriebs,Junior,de,Sales assistant
706,Assistentin Direktor Vertrieb,Junior,de,Assistant Director Sales
707,Assistentin Internationaler Vertrieb,Junior,de,Assistant International Sales
708,Assistentin Sales Intelligence,Junior,en,Assistentin Sales Intelligence
709,Assistentin Vertrieb,Junior,de,Sales assistant
710,Assistentin Vertrieb / Messen und Ausstellungen,Junior,de,Assistant Sales / Fairs and Exhibitions
711,Assistentin Vertrieb / Projektierung,Junior,de,Assistant Sales / Projecting
712,Assistentin Vertrieb / Technical Sales,Junior,de,Assistant Sales / Technical Sales
713,Assistentin Vertrieb D-A-CH,Junior,de,Assistant Sales D-A-CH
714,Business Analyst Vertrieb,Junior,de,Business Analyst Sales
715,Business Development Analyst - Sales and Market...,Junior,en,Business Development Analyst - Sales and Market...
716,Business Operations Analyst - Global Business Analytics & Sales Insights,Junior,en,Business Operations Analyst - Global Business Analytics & Sales Insights
717,Chef de Projet CRM - Administrateur Salesforce,Lead,fr,CRM Project Manager - Salesforce Administrator
718,Chef de projet CRM Salesforce,Lead,fr,Salesforce CRM Project Manager
719,Chef de projet déploiement & formateur de Salesforce pour les managers opérationnels,Lead,fr,Deployment Project Manager & Salesforce Trainer for Operational Managers
720,Chef de projet IT CRM Salesforce chez Volkswagen France,Lead,fr,Salesforce IT CRM Project Manager at Volkswagen France
721,Chef de projet Salesforce,Lead,fr,Salesforce Project Manager
722,Consultant for Creative Solutions (Vertrieb),Senior,en,Consultant for Creative Solutions (Vertrieb)
723,Consultant Sales Demands,Senior,en,Consultant Sales Demands
724,Consultant Salesforce & SAP,Senior,en,Consultant Salesforce & SAP
725,Consultant Vertrieb,Senior,de,Consultant Sales
726,Consultante en gestion de projet & spécialisée CRM Salesforce,Senior,fr,Project Management Consultant & CRM Specialist Salesforce
727,CRM / xRM Sales Consultant,Senior,en,CRM / xRM Sales Consultant
728,CRM Consultant / Vertrieb,Senior,de,CRM Consultant / Sales
729,CRM Lead Solution Consultant - Salesforce@TietoEVRY,Senior,en,CRM Lead Solution Consultant - Salesforce@TietoEVRY
730,CRM project leader & IT/Sales solutions,Lead,en,CRM project leader & IT/Sales solutions
731,Digital Sales Lead - Teamlead,Lead,en,Digital Sales Lead - Teamlead
732,Expert Consultant CRM/Sales/Logistics,Senior,en,Expert Consultant CRM/Sales/Logistics
733,Independant Sales Consultant,Senior,en,Independant Sales Consultant
734,Inside Sales Consultant,Senior,en,Inside Sales Consultant
735,International Salesforce Consultant (Inhouse),Senior,en,International Salesforce Consultant (Inhouse)
736,IT Sales Consultant,Senior,en,IT Sales Consultant
737,IT Teamlead CRM and Sales,Lead,en,IT Teamlead CRM and Sales
738,IT-Consultant Salesforce,Senior,en,IT-Consultant Salesforce
739,Key Account Assistent Vertrieb,Junior,de,Key Account Assistant Sales
740,Mitarbeiter strategische Vertriebsprojekte,Junior,de,Employees strategic sales projects
741,Mitarbeiter Vertrieb,Junior,de,Sales staff
742,Mitarbeiter Vertriebsinnendienst,Junior,de,Staff Internal Sales Service
743,Mitarbeiter Vertriebssupport,Junior,de,Employee sales support
744,Mitarbeiterin im Vertrieb (B2B),Junior,de,Employee in sales (B2B)
745,Mitarbeiterin Vertrieb,Junior,de,Employee in Sales
746,Mitarbeiterin Vertriebsinnendienst,Junior,de,Employee in Internal Sales Service
747,Pre Sales Consultant,Senior,en,Pre Sales Consultant
748,Pre-Sales Consultant,Senior,en,Pre-Sales Consultant
749,Referent Business Development Vertrieb,Junior,de,Speaker Business Development Sales
750,Referent Direkt- und Vertriebsmarketing,Junior,de,Speaker Direct and Sales Marketing
751,Referent für Vertriebssteuerung,Junior,de,Speaker for Sales Control
752,Referent Vertrieb,Junior,de,Head of Sales
753,Referent Vertrieb und Logistik,Junior,de,Speaker Sales and Logistics
754,Referent Vertriebsinnendienst,Junior,de,Speaker Internal Sales Service
755,Referent Vertriebssteuerung,Junior,de,Speaker Sales Control
756,Referentin Vertriebssteuerung,Junior,de,Head of Sales Management
757,Responsable Application Métier / Salesforce,Senior,en,Responsable Application Métier / Salesforce
758,Responsable BU Microsoft BI et Salesforce,Senior,nl,Microsoft BI and Salesforce BU Manager
759,Responsable projet Salesforce chez Stanley Black & Decker France,Senior,fr,Salesforce Project Manager at Stanley Black & Decker UK
760,Sales Analyst,Junior,en,Sales Analyst
761,Sales Analyst & Administration,Junior,en,Sales Analyst & Administration
762,Sales and Project Engineer PSA account,Senior,en,Sales and Project Engineer PSA account
763,Sales Associate,Junior,en,Sales Associate
764,Sales Business Analyst DACH / CRM Analyst Europe,Junior,en,Sales Business Analyst DACH / CRM Analyst Europe
765,Sales Consultant,Senior,en,Sales Consultant
766,Sales Consultant & Coordinator,Senior,en,Sales Consultant & Coordinator
767,Sales Consultant Digital Platforms,Senior,en,Sales Consultant Digital Platforms
768,Sales Consultant Microsoft CRM/Office 365,Senior,en,Sales Consultant Microsoft CRM/Office 365
769,Sales Engineer,Senior,en,Sales Engineer
770,Sales Engineer / Sr. Pre-Sales Consultant,Senior,en,Sales Engineer / Sr. Pre-Sales Consultant
771,Sales Engineer for  heating segment and district energy at Danfoss GmbH,Senior,en,Sales Engineer for  heating segment and district energy at Danfoss GmbH
772,Sales Engineer Logistic Solutions,Senior,en,Sales Engineer Logistic Solutions
773,Sales Engineer Spain & Portugal,Senior,en,Sales Engineer Spain & Portugal
774,Sales Excellence Consultant,Senior,en,Sales Excellence Consultant
775,Sales Support Engineer,Senior,en,Sales Support Engineer
776,Sales und Projekt Consultant,Senior,de,Sales and Project Consultant
777,Sales-Consultant,Senior,en,Sales-Consultant
778,Salesforce Consultant,Senior,en,Salesforce Consultant
779,Salesforce Consultant - Salesforce Practice,Senior,en,Salesforce Consultant - Salesforce Practice
780,Salesforce Consultant / Administrator,Senior,en,Salesforce Consultant / Administrator
781,Salesforce Consultant | Deloitte Digital,Senior,hi,Salesforce Consultant | Deloitte Digital
782,SalesForce.com Engineer/Administrator,Senior,en,SalesForce.com Engineer/Administrator
783,Sales-Lab Engineer,Senior,en,Sales-Lab Engineer
784,SAP Sales & Service Cloud Consultant,Senior,en,SAP Sales & Service Cloud Consultant
785,SAP Sales Consultant,Senior,en,SAP Sales Consultant
786,SAP/Salesforce Inhouse Consultant Sales and Service,Senior,en,SAP/Salesforce Inhouse Consultant Sales and Service
787,System Consultant - Application Center Sales,Senior,en,System Consultant - Application Center Sales
788,Teamlead Consulting & Pre-Sales,Lead,en,Teamlead Consulting & Pre-Sales
789,Teamlead Enterprise Sales / Pre Sales,Lead,en,Teamlead Enterprise Sales / Pre Sales
790,Teamlead Inside Sales,Lead,en,Teamlead Inside Sales
791,Teamlead Inside Sales DACH,Lead,en,Teamlead Inside Sales DACH
792,Teamlead Sales,Lead,en,Teamlead Sales
793,Teamlead Sales & Accountmanagement,Lead,en,Teamlead Sales & Accountmanagement
794,Teamlead Sales @ Zollern GmbH & Co. KG,Lead,de,Teamlead Sales @ Zollern GmbH & Co. KG
795,Teamlead Sales Back Office,Lead,en,Teamlead Sales Back Office
796,Teamlead Sales DACH,Lead,en,Teamlead Sales DACH
797,Teamlead Sales Development DACH,Lead,en,Teamlead Sales Development DACH
798,Teamlead Sales Support at Cargill Cocoa and Chocolate,Lead,en,Teamlead Sales Support at Cargill Cocoa and Chocolate
799,Teamleader - Salesmanager - CRM,Lead,en,Teamleader - Salesmanager - CRM
800,Teamleader Channel Sales Systems,Lead,en,Teamleader Channel Sales Systems
801,Teamleader Inside Sales,Lead,en,Teamleader Inside Sales
802,Teamleader International Sales Eastern Europe / CIS,Lead,en,Teamleader International Sales Eastern Europe / CIS
803,Teamleader Sales,Lead,en,Teamleader Sales
804,Teamleader Sales Administration,Lead,en,Teamleader Sales Administration
805,Teamleader Sales Back Office & Aftermarket,Lead,en,Teamleader Sales Back Office & Aftermarket
806,Teamleader Sales Controlling,Lead,en,Teamleader Sales Controlling
807,Technical Sales & Support Engineer,Senior,en,Technical Sales & Support Engineer
808,Technical Sales Consultant,Senior,en,Technical Sales Consultant
809,Technical Sales Engineer,Senior,en,Technical Sales Engineer
810,Technical Sales Engineer | Grundfos Portugal,Senior,ur,Technical Sales Engineer | Grundfos Portugal
811,Vertrieb / Mitarbeiter/in Vertriebsinnendienst,Junior,de,Sales / Employee/Internal Sales Service
812,Vertrieb/Consultant,Senior,de,Sales/Consultant
813,Vertriebsingenieur - BK Mikro / Sales Engineer ...,Senior,nl,Sales Engineer - BK Mikro / Sales Engineer ...
814,Vertriebsinnendienst (Inside Sales Associate),Junior,de,Internal Sales Associate (Inside Sales Associate)
815,Mitarbeiter Interne Dienste und Projekte & IT-Supporter,Junior,de,Staff Internal Services and Projects & IT Supporters
816,Technical Support Engineer,Senior,en,Technical Support Engineer
817,(Sohn vom Geschäftsführer),Management,de,(Son of the managing director)
818,Designer und Geschäftsführer,Management,de,Designer and Managing Director
819,Geschäftsfeldkaufmann Rohbau,Management,de,Business unit salesman Rohbau
820,Geschäftsfüher,Management,de,Business manager
821,Geschäftsführende Gesellschafter,Management,de,Managing partners
822,Geschäftsführende Gesellschafterin,Management,de,Managing Partner
823,Geschäftsführenden Gesellschafter,Management,de,Managing partners
824,Geschäftsführender Gesellschafter,Management,de,Managing Partner
825,Geschäftsführender Gesellschafter / Inhaber,Management,de,Managing partner/holder
826,Geschäftsführender Gesellschafter D-A-CH,Management,de,Managing Partner D-A-CH
827,Geschäftsführender Inhaber,Management,de,Managing holder
828,Geschäftsführender Partner,Management,de,Managing Partner
829,Geschäftsführender Vorstand,Management,de,Managing Board
830,Geschäftsführer,Management,de,Managing Director
831,Geschäftsführer - Dolmetscheragentur24 GmbH,Management,de,Managing Director - Interpreteragentur24 GmbH
832,Geschäftsführer & Countrymanager German Network,Management,de,Managing Director & Countrymanager German Network
833,Geschäftsführer & Gründer,Management,de,Managing Director & Founder
834,Geschäftsführer & Mitgründer,Management,de,Managing Director & Co-Founder
835,Geschäftsführer & VR-Präsident,Management,de,Managing Director & VR President
836,Geschäftsführer (Beratung),Management,de,Managing Director (consultation)
837,Geschäftsführer (CFO),Management,de,Managing Director (CFO)
838,Geschäftsführer (COO),Management,de,Managing Director (COO)
839,Geschäftsführer (Gewerberechtlich),Management,de,Managing Director (commercial law)
840,Geschäftsführer (Osnabrück),Management,de,Managing Director (Osnabrück)
841,Geschäftsführer / Ausbilder (IHK),Management,de,Managing Director / Instructor (IHK)
842,Geschäftsführer / CCO,Management,de,Managing Director / CCO
843,Geschäftsführer / Chefredakteur,Management,de,Managing Director / Editor-in-Chief
844,Geschäftsführer / COO,Management,de,Managing Director / COO
845,Geschäftsführer / Electric Monk,Management,de,Managing Director / Electric Monk
846,Geschäftsführer / Forschung / (Produkt-) Entwicklung / Konstruktion,Management,de,Managing Director / Research / (product-) Development / Design
847,Geschäftsführer / Gesellschafter,Management,de,Managing Director / Partner
848,Geschäftsführer / Gründer,Management,de,Managing Director / Founder
849,Geschäftsführer / Head of global purchasing,Management,en,Geschäftsführer / Head of global purchasing
850,Geschäftsführer / Inhaber,Management,de,Managing Director/holder
851,Geschäftsführer / Partner,Management,de,Managing Director / Partner
852,Geschäftsführer / President,Management,de,Managing Director / President
853,Geschäftsführer :,Management,de,Managing Director :
854,Geschäftsführer _ Direktor,Management,de,Managing Director _ Director
855,Geschäftsführer | COO,Management,de,Managing Director -------------------------------------------------------------------------------------------------------------------------------------------------------------------------------------------------------------------------------------------------------
856,Geschäftsführer Bereich Technik,Management,de,Managing Director Technology
857,Geschäftsführer Customer Services,Management,de,Managing Director Customer Services
858,Geschäftsführer DACH,Management,de,Managing Director DACH
859,Geschäftsführer der fox-COURIER GmbH Leipzig,Management,de,Managing Director of fox-COURIER GmbH Leipzig
860,Geschäftsführer der Kreitzberg Normalien GmbH,Management,de,Managing Director of Kreitzberg Normalien GmbH
861,Geschäftsführer der quantified markets GmbH,Management,de,Managing Director of quantified markets GmbH
862,Geschäftsführer Deutschland,Management,de,Managing Director Germany
863,Geschäftsführer DiniTech GmbH,Management,de,Managing Director DiniTech GmbH
864,Geschäftsführer Frank Sebastian Weber,Management,de,Managing Director Frank Sebastian Weber
865,Geschäftsführer German Division,Management,de,Managing Director German Division
866,Geschäftsführer Gesellschafter,Management,de,Managing Director
867,Geschäftsführer GV,Management,de,Managing Director GV
868,Geschäftsführer I Head of Industrial & Logistic...,Management,en,Geschäftsführer I Head of Industrial & Logistic...
869,Geschäftsführer LiveSteil GmbH,Management,de,Managing Director LiveSteil GmbH
870,Geschäftsführer Personalberatung Xenagos - Pers...,Management,de,Managing Director Head Office Xenagos - Pers...
871,Geschäftsführer Qualität,Management,de,Managing Director Quality
872,Geschäftsführer Stefan Lapenat,Management,de,Managing Director Stefan Lapenat
873,Geschäftsführer Strategie,Management,de,Managing Director Strategy
874,Geschäftsführer und Gesellschafter,Management,de,Managing Director and Partner
875,Geschäftsführer und Gründer,Management,de,Managing Director and Founder
876,Geschäftsführer und Inhaber,Management,de,Managing Director and Owner
877,Geschäftsführer und Inhaber - Renego,Management,de,Managing Director and Owner - Renego
878,Geschäftsführer und Partner,Management,de,Managing Director and Partner
879,Geschäftsführer VdK Kreisverband München,Management,de,Managing Director VdK Kreisverband München
880,Geschäftsführer Verkauf,Management,de,Managing Director Sales
881,Geschäftsführer Vet-Team GmbH,Management,de,Managing Director Vet-Team GmbH
882,Geschäftsführer/ Gesellschafter,Management,de,Managing Director/Shareholder
883,Geschäftsführer/ Gründer,Management,de,Managing Director/Founders
884,Geschäftsführer/ Inhaber,Management,de,Managing Director/holder
885,Geschäftsführer/Gesellschafter,Management,de,Managing Director/Shareholder
886,Geschäftsführer/Gründer/Gesellschafter,Management,de,Managing Director/Founder/Shareholder
887,Geschäftsführer/Inhaber,Management,de,Managing Director/owner
888,Geschäftsführer: ​Dr.,Management,de,Managing Director: Dr.
889,Geschäftsführer: Folke Mühlhölzer (Vorsitzender),Management,de,Managing Director: Folke Mühlhölzer (Chairman)
890,Geschäftsführer: INTEGRATION mit BIZTALK & BUSI...,Management,de,Managing Director: INTEGRATION with BIZTALK & BUSI...
891,Geschäftsführerin,Management,de,Managing Director
892,Geschäftsführerin (COO),Management,de,Managing Director (COO)
893,Geschäftsführerin Strategie/Partner,Management,de,Managing Director Strategy/Partner
894,Geschäftsführerin und Eigentümerin,Management,de,Managing Director and Owner
895,Geschäftsführerin/Geselllschafterin,Management,de,Managing Director/same-same-same-same-same-same-same-same-same-same-same-same-same-same-same-same-same-same-same-same-same-same-same-same-same-same-same-same-same-same
896,Geschäftsführerin/Partner,Management,de,Managing Director/Partner
897,Geschäftsführung,Management,de,Management
898,Geschäftsführung / Inhaber,Management,de,Management / Owner
899,Geschäftsführung / Prokurist,Management,de,Management / Procurator
900,Geschäftsführung Beratung,Management,de,Management Consulting
901,Geschäftsführung des Unternehmens,Management,de,Management of the company
902,Geschäftsführung für Unternehmensentwicklung un...,Management,de,Management for Corporate Development and...
903,Geschäftsführung Nord,Management,de,Management North
904,Geschäftsführung UEBEX GmbH,Management,de,Management Board UEBEX GmbH
905,Geschäftsführung und Projektmanagement,Management,de,Management and project management
906,Geschäftsführung: Pieter Vullinghs (Vorsitzender),Management,de,Management: Pieter Vullinghs (Chairman)
907,Geschäftsführungsreferentin,Management,de,Executive Officer
908,Gesellschafter - Geschäftsführer,Management,de,Partner - Managing Director
909,Gesellschafter / Geschäftsführer,Management,de,Partner / Managing Director
910,Gesellschafter Geschäftsführer,Management,de,Managing Director
911,Gesellschafter/Geschäftsführer,Management,de,Shareholder/Managing Director
912,Gesellschafter/Geschäftsführung,Management,de,Shareholder/Management
913,Gesellschafter-Geschäftsführer,Management,de,Shareholder Managing Director
914,Gesellschafter-Geschäftsführer / Steuerberater,Management,de,Managing Director / Tax Advisor
915,Gewerberechtlicher Geschäftsführer,Management,de,Managing Director of Trade Law
916,Gründer & Geschäftsführer,Management,de,Founder & Managing Director
917,Gründer / Geschäftsführer,Management,de,Founder / Managing Director
918,Gründer und Geschäftsführender Gesellschafter (...,Management,de,Founder and Managing Partner (...
919,Gründer und Geschäftsführer,Management,de,Founder and Managing Director
920,Gründer und Geschäftsführer impulsmedia GmbH & Co KG,Management,de,Founder and Managing Director impulsemedia GmbH & Co KG
921,Gründerin und Geschäftsführende Gesellschafterin,Management,de,Founder and Managing Partner
922,I Geschäftsführender Gesellschafter,Management,de,I Managing Partner
923,Inhaber & Geschäftsführer,Management,de,Owner & Managing Director
924,Inhaber / Geschäftsführer,Management,de,Owner/Managing Director
925,Inhaber u. Geschäftsführer,Management,de,Owner and Managing Director
926,Inhaber und Geschäftsführer,Management,de,Owner and Managing Director
927,Inhaber/Geschäftsführer,Management,de,Holder/Managing Director
928,kaufmännische Geschäftsführerin,Management,de,Commercial manager
929,Kaufmännischer Geschäftsführer,Management,de,Commercial Manager
930,Kaufmännischer Geschäftsführer/Direktor,Management,de,Commercial Managing Director/Director
931,Kfm. Geschäftsführer,Management,de,Kfm. Managing Director
932,Konrektorin & Geschäftsführerin,Management,de,Vice-Rector & Managing Director
933,Marktassistenz Geschäftsführung,Management,de,Market Assistance Management
934,Mitglied der Geschäftsführung,Management,de,Member of the Management Board
935,Mitglied der Geschäftsführung | Prokurist,Management,de,Member of the Board of Management
936,Mitglied der Geschäftsführung und Gesellschafterin der Mestemacher-Gruppe,Management,de,Member of the management and shareholder of the Mestemacher Group
937,Operative Geschäftsführung,Management,de,Operational management
938,Partner / kein Geschäftsführer,Management,de,Partner / no managing director
939,Prokurist und Geschäftsführer,Management,de,Procurator and Managing Director
940,Referent der Geschäftsführung,Management,de,Chief Executive Officer
941,RWE: Geschäftsführer RWE Consulting GmbH,Management,de,RWE: Managing Director RWE Consulting GmbH
942,Sekretariat der Geschäftsführung,Management,de,Management Secretariat
943,Sprecher der Geschäftsführung / Wirtschaftsprüfer,Management,de,Spokesperson of the Management / Auditor
944,stellv. Geschäftsführer,Management,de,Deputy Managing Director
945,Stellvertretender Geschäftsführer,Management,de,Deputy Managing Director
946,Strategie- und Geschäftsfeldentwicklung / Busin...,Management,de,Strategy and Business Segment Development / Busin...
947,Stv. Vorsitzender / Geschäftsführer,Management,de,Stv. Chairman / Managing Director
948,Techn. Geschäftsführer,Management,de,Technical Director
949,Technischer Geschäftsführer,Management,de,Technical manager
950,Tochter Geschäftsführer,Management,de,Subsidiary Managing Director
951,Unternehmer / Geschäftsführer,Management,de,Entrepreneur / Managing Director
952,Vertreten durch den Geschäftsführer,Management,de,Represented by the Managing Director
953,Vertretungsberechtiger Geschäftsführer,Management,de,Managing Director with right of representation
954,Vertretungsberechtigte Geschäftsführer,Management,de,Authorised Managing Directors
955,Vertretungsberechtigter Geschäftsführer,Management,de,Authorised Managing Director
956,Vertretungsberichtigter Geschäftsführer,Management,de,Representing Reported Managing Director
957,Vorsitzende der Geschäftsführung,Management,de,Chairman of the Management Board
958,Vorsitzender der Geschäftsführung,Management,de,Chairman of the Management Board
959,Vorsitzender Geschäftsführer,Management,de,Chairman Managing Director
960,Vorstand / Geschäftsführer,Management,de,Management Board / Managing Director
961,Wirtschaftsprüfer / Geschäftsführer,Management,de,Auditor / Managing Director
962,Assistent der Geschäftsführung,Management,de,Assistant to the Executive Board
963,Assistentin der Geschäftsführung,Management,de,Assistant to the Executive Board
964,Assistentin des Geschäftsführers,Management,de,Assistant to the Managing Director
965,Assistenz der Geschäftsführung,Management,de,Assistant to the management
966,Assistenz der Geschäftsführung / Sekretariat,Management,de,Assistant to the management / secretariat
967,Assistenz der Techn. Geschäftsführung,Management,de,Assistant to the Technical Management
968,Assistenz für die Geschäftsführung,Management,de,Assistance for the management
969,Assistenz Geschäftsführung,Management,de,Assistance Management
970,Eventmanager und Assistenz der Geschäftsführung,Management,de,Event Manager and Management Assistant
971,Persönliche Assistenz der Geschäftsführung & Projektmanagement,Management,de,Personal assistance of the management & project management
972,Gründer und Geschäftsführer / Business Development,Management,de,Founder and Managing Director / Business Development
973,Consultant / Geschäftsführerin,Management,de,Consultant / Managing Director
974,Geschäftsführer / Recruitment Consultant,Management,de,Managing Director / Recruitment Consultant
975,Geschäftsführer IT Security,Management,de,Managing Director IT Security
976,Geschäftsführer 42he - Einfache Online CRM Lösu...,Management,de,Managing Director 42he - Simple Online CRM Lösu...
977,Assistent der Geschäftsführung mit Schwerpunkt Marketing,Management,de,Assistant to the management with focus on marketing
978,Assistentin der Geschäftsführung - Marketing & New Business Development/PR,Management,de,Management Assistant - Marketing & New Business Development/PR
979,Assistentin der Geschäftsführung - Schwerpunkt Marketing,Management,de,Assistant to the management - focus on marketing
980,Assistentin der Geschäftsführung & Corporate Marketing,Management,de,Assistant to Management & Corporate Marketing
981,Assistentin der Geschäftsführung & Verantwortliche Marketing und Kommunikation,Management,de,Assistant to the Management & Responsible Marketing and Communication
982,Assistentin der Geschäftsführung / Koordination Marketing & Kommunikation,Management,de,Assistant to the Executive Board / Coordination Marketing & Communication
983,Assistentin der Geschäftsführung / Marketing,Management,de,Assistant to the Management / Marketing
984,Assistentin der Geschäftsführung / Sales & Marketing,Management,de,Assistant to the Executive Board / Sales & Marketing
985,Assistentin der Geschäftsführung Marketing und Sales,Management,de,Assistant to Marketing and Sales Management
986,Assistentin der Geschäftsführung Vertrieb & Marketing,Management,de,Assistant to Sales & Marketing Management
987,Assistentin der Geschäftsführung/ Marketing/ PR,Management,de,Assistant to the Management Board/ Marketing/ PR
988,Assistentin Geschäftsführung / Marketing,Management,de,Assistant Management / Marketing
989,Assistentin Geschäftsführung / Marketing / Vertrieb,Management,de,Assistant Management / Marketing / Sales
990,Assistenz der Geschäftsführung / Marketing,Management,de,Assistant to the management / marketing
991,Assistenz der Geschäftsführung / Marketing / Organisation Flächenvertrieb,Management,de,Assistant to the management / Marketing / Organization Area Sales
992,Assistenz der Geschäftsführung Marketing & Vertrieb,Management,de,Assistant to the Management Marketing & Sales
993,Assistenz der Geschäftsführung Marketing und Vertrieb,Management,de,Assistant to the Marketing and Sales Board
994,Assistenz der Geschäftsführung Vertrieb und Marketing,Management,de,Assistant to the management of Sales and Marketing
995,Assistenz der Geschäftsführung/Marketing,Management,de,Assistant to the management/marketing
996,Assistenz der Geschäftsführung/Marketing Koordinatorin,Management,de,Assistant to the Management/Marketing Coordinator
997,Assistenz der Geschäftsführung/Marketingmanager,Management,de,Assistant to the management/marketing manager
998,Assistenz Geschäftsführung + Marketing/PR,Management,de,Assistance Management + Marketing/PR
999,Geschäftsführer (Messe Kontakt),Management,de,Managing Director (trade fair contact)
1000,Geschäftsführer D/A/CH  Sales & Marketing,Management,de,Managing Director D/A/CH Sales & Marketing
1001,Geschäftsführer Marketing,Management,de,Managing Director Marketing
1002,Geschäftsführer Marketing & Vertrie,Management,de,Managing Director Marketing & Vertrie
1003,Geschäftsführer Marketing & Vertrieb,Management,de,Managing Director Marketing & Sales
1004,Geschäftsführer Marketing / Vertrieb,Management,de,Managing Director Marketing / Sales
1005,Geschäftsführer Marketing + Vertrieb,Management,de,Managing Director Marketing + Sales
1006,Geschäftsführer Marketing und Vertrieb,Management,de,Managing Director Marketing and Sales
1007,Geschäftsführer Marketing/Vertrieb,Management,de,Managing Director Marketing/Sales
1008,Geschäftsführer Sales & Marketing,Management,de,Managing Director Sales & Marketing
1009,Geschäftsführer Strategie & Kommunikation,Management,de,Managing Director Strategy & Communication
1010,Geschäftsführer Verkauf und Marketing,Management,de,Managing Director Sales and Marketing
1011,Geschäftsführer Vertrieb & Marketing,Management,de,Managing Director Sales & Marketing
1012,Geschäftsführer Vertrieb / Marketing / Einkauf,Management,de,Managing Director Sales / Marketing / Purchasing
1013,Geschäftsführer Vertrieb und Marketing,Management,de,Managing Director Sales and Marketing
1014,Geschäftsführer Vertrieb&Marketing,Management,de,Managing Director Sales & Marketing
1015,Geschäftsführer Vertrieb/Marketing,Management,de,Managing Director Sales/Marketing
1016,Geschäftsführerin - Marketing & Vertrieb,Management,de,Managing Director - Marketing & Sales
1017,Geschäftsführerin (Messe Kontakt),Management,de,Managing Director (trade fair contact)
1018,Geschäftsführerin / Ltg Marketing&Vertrieb,Management,de,Managing Director / Ltg Marketing & Sales
1019,Geschäftsführerin Marketing,Management,de,Managing Director Marketing
1020,Geschäftsführung (Messe Kontakt),Management,de,Management (trade fair contact)
1021,Marketing & Assistenz Geschäftsführung,Management,de,Marketing & Assistance Management
1022,Marketing & Neue Geschäftsfelder,Management,de,Marketing & New Business Areas
1023,Marketing/Geschäftsführer,Management,de,Marketing/Managing Director
1024,Marketing-Allrounder  / Assistenz der Geschäftsführung,Management,de,Marketing-Allrounder / Assistant to the Management Board
1025,Messe Kontakt Geschäftsführer,Management,de,Fair Contact Managing Director
1026,Mitarbeiterin Marketing & Assistenz der Geschäftsführung,Management,de,Employee Marketing & Assistant to the Executive Board
1027,Vertrieb & Marketing / Geschäftsführende Gesellschafterin,Management,de,Sales & Marketing / Managing Partner
1028,Vertriebsassistentin der Geschäftsführung Vertrieb/Marketing,Management,de,Sales Assistant of the Management Sales/Marketing
1029,Geschäftsführer Operations,Management,de,Managing Director Operations
1030,Assistentin der Geschäftsführung im Vertrieb,Management,de,Assistant to the management in sales
1031,Assistentin der Geschäftsführung und des Vertriebs,Management,de,Assistant to Management and Sales
1032,Assistentin der Geschäftsführung Vertrieb und M...,Management,de,Assistant to the Sales and M...
1033,Assistenz der Geschäftsführung - Vertrieb,Management,de,Assistant to the management - Sales
1034,Assistenz der Geschäftsführung (U-Serv) | Backoffice Vertrieb,Management,de,Assistant to the management (U-Serv)
1035,Geschäftsfeldmanager Vertrieb/Erzeugung,Management,de,Business unit manager sales/production
1036,Geschäftsführer - Vertrieb,Management,de,Managing Director - Sales
1037,Geschäftsführer  Vertrieb & Spritzgußproduktion,Management,de,Managing Director Sales & Injection Casting Production
1038,Geschäftsführer & Head of Sales,Management,en,Geschäftsführer & Head of Sales
1039,Geschäftsführer / Akquisition und Vertrieb,Management,de,Managing Director / Acquisition and Sales
1040,Geschäftsführer / Vertrieb,Management,de,Managing Director / Sales
1041,Geschäftsführer für Vertrieb,Management,de,Managing Director for Sales
1042,Geschäftsführer und Vertrieb,Management,de,Managing Director and Sales
1043,Geschäftsführer Vertrieb,Management,de,Managing Director Sales
1044,Geschäftsführer Vertrieb & Innovation,Management,de,Managing Director Sales & Innovation
1045,Geschäftsführer Vertrieb Deutschland & Österreich,Management,de,Managing Director Sales Germany & Austria
1046,Geschäftsführer Vertriebsconsulting,Management,de,Managing Director Sales consulting
1047,Geschäftsführer. Client Sales,Management,de,Managing Director. Client Sales
1048,Geschäftsführer/Vertrieb,Management,de,Managing Director/Sales
1049,Geschäftsführung  - Vertrieb,Management,de,Management - Sales
1050,Geschäftsführung / Business Development / Sales,Management,de,Management / Business Development / Sales
1051,Geschäftsführung und Vertrieb,Management,de,Management and sales
1052,Geschäftsführung Vertrieb & Finanz,Management,de,Management Sales & Finance
1053,Geschäftsführung Vertrieb & Technik,Management,de,Management Sales & Technology
1054,Geschäftsführung Vertrieb / Solution Consulting,Management,de,Management Sales / Solution Consulting
1055,Geschäftsführung Vertrieb und kfm. Geschäftsführung,Management,de,Management Sales and Kfm. Management
1056,Technischer Vertrieb / Geschäftsführer,Management,de,Technical Sales / Managing Director
1057,Vertrieb & Assistenz der Geschäftsführung,Management,de,Sales & assistance of the management
1058,Vertriebs Geschäftsführer,Management,de,Sales Manager
1059,CCO (Chief Customer Care and Channel Officer),Management,en,CCO (Chief Customer Care and Channel Officer)
1060,CCO Chief Commercial Officer,Management,en,CCO Chief Commercial Officer
1061,Chief,Management,en,Chief
1062,Chief Commercial Officer,Management,en,Chief Commercial Officer
1063,Chief Corporate Officer,Management,en,Chief Corporate Officer
1064,Chief Customer Officer (CCO),Management,en,Chief Customer Officer (CCO)
1065,Chief Customer Officer CCO,Management,en,Chief Customer Officer CCO
1066,Chief Development Officer,Management,en,Chief Development Officer
1067,Chief executive officier,Management,nl,Chief executive officier
1068,Chief Financial Officer,Management,en,Chief Financial Officer
1069,Chief Financial Officer (Group CFO),Management,en,Chief Financial Officer (Group CFO)
1070,Chief Information Officer,Management,en,Chief Information Officer
1071,Chief Information Officer - Member of KNF Group Board,Management,en,Chief Information Officer - Member of KNF Group Board
1072,Chief Information Officer (DSI),Management,en,Chief Information Officer (DSI)
1073,Chief International Officer,Management,en,Chief International Officer
1074,Chief Operating Officer,Management,en,Chief Operating Officer
1075,Chief Operating Officer  (COO),Management,en,Chief Operating Officer  (COO)
1076,Chief Operating Officer (COO),Management,en,Chief Operating Officer (COO)
1077,Chief Operating Officer (COO) @ VNR AG,Management,nl,Chief Operating Officer (COO) @ VNR AG
1078,Chief Operating Officer (International),Management,en,Chief Operating Officer (International)
1079,Chief Operating Officer Deutschland,Management,de,Chief Operating Officer Germany
1080,Chief Product Officer,Management,en,Chief Product Officer
1081,Chief Revenue Officer (CRO),Management,en,Chief Revenue Officer (CRO)
1082,Chief Solution Architect,Management,en,Chief Solution Architect
1083,Chief Stakeholder Officer,Management,en,Chief Stakeholder Officer
1084,Chief Strategy Officer,Management,en,Chief Strategy Officer
1085,Chief Strategy Officer / MD,Management,en,Chief Strategy Officer / MD
1086,Chief Technical Officer,Management,en,Chief Technical Officer
1087,Chief Technology Officer,Management,en,Chief Technology Officer
1088,COO / Chief Operating Officer,Management,en,COO / Chief Operating Officer
1089,CQO (Chief Quality Officer),Management,en,CQO (Chief Quality Officer)
1090,Editor in Chief,Management,en,Editor in Chief
1091,Geschäftsführer - Chief Operating Officer,Management,de,Managing Director - Chief Operating Officer
1092,Geschäftsführer - COO Chief operating officer,Management,ru,Managing Director - COO Chief operating officer
1093,Geschäftsführer / Chief Operating Officer,Management,de,Managing Director / Chief Operating Officer
1094,Group Chief Data Officer,Management,en,Group Chief Data Officer
1095,President & Chief Experience Officer,Management,en,President & Chief Experience Officer
1096,Chief Business Development Officer,Management,en,Chief Business Development Officer
1097,Chief Business Transformation Officer,Management,en,Chief Business Transformation Officer
1098,Global Chief Business Development Officer,Management,en,Global Chief Business Development Officer
1099,Chief Digital Officer,Management,en,Chief Digital Officer
1100,Chief Communication Officer,Management,en,Chief Communication Officer
1101,Chief Communications Officer CCO,Management,en,Chief Communications Officer CCO
1102,Chief Marketing,Management,en,Chief Marketing
1103,Chief Marketing and Communications Officer,Management,en,Chief Marketing and Communications Officer
1104,Chief Marketing Officer,Management,en,Chief Marketing Officer
1105,Chief Marketing Officer - ExCo Member,Management,en,Chief Marketing Officer - ExCo Member
1106,Chief Marketing Officer Germany,Management,de,Chief Marketing Officer Germany
1107,Chief Sales & Marketing Officer,Management,en,Chief Sales & Marketing Officer
1108,Chief Sales and Marketing Officer,Management,en,Chief Sales and Marketing Officer
1109,Chief Sales Officer & Chief Marketing Officer,Management,en,Chief Sales Officer & Chief Marketing Officer
1110,Chief Strategy Officer I Head of Sales & Marketing,Management,en,Chief Strategy Officer I Head of Sales & Marketing
1111,Deputy Chief Marketing & Sales Officer,Management,en,Deputy Chief Marketing & Sales Officer
1112,Group Chief Marketing,Management,en,Group Chief Marketing
1113,Marketing & Communications Chief Operations Officer,Management,en,Marketing & Communications Chief Operations Officer
1114,Chief Operations Officer,Management,en,Chief Operations Officer
1115,Vorstand / Chief Operations Officer,Management,de,Executive Board / Chief Operations Officer
1116,Chief Sales Officer,Management,en,Chief Sales Officer
1117,Chief Sales Officer (DACHF),Management,en,Chief Sales Officer (DACHF)
1118,PA to Chief Human Resource Officer Headoffice & Sales,Management,en,PA to Chief Human Resource Officer Headoffice & Sales
1119,​Direktor | CIO | CMO,Management,it,​Director | CIO | CMO
1120,CDO,Management,pt,CDO
1121,CEO,Management,en,CEO
1122,CEO - VRP,Management,hi,CEO - VRP
1123,CEO & Geschäftsführender Gesellschafter,Management,de,CEO & Managing Partner
1124,CEO & Partner,Management,en,CEO & Partner
1125,CEO / Directeur Général,Management,fr,CEO / General Manager
1126,CEO / Geschäftsführender Gesellschafter,Management,de,CEO / Managing Partner
1127,CEO / Geschäftsführer,Management,de,CEO / Managing Director
1128,CEO / Geschäftsführung,Management,de,CEO / Management
1129,CEO / Inhaber,Management,ur,CEO/Owner
1130,CEO / Rekrutteringskonsulent | Specialist i industrien & byggebranchen | Headhunt & Performance baseret rekruttering,Management,tr,CEO / Recruitment Consultant | Specialist in the industry & construction industry | Headhunt & Performance based recruitment
1131,CEO / Vorstand,Management,de,CEO / Executive Board
1132,CEO | Founding Partner,Management,en,CEO | Founding Partner
1133,CEO | ogun.io | Helping construction sites save money through digitalisation,Management,en,CEO | ogun.io | Helping construction sites save money through digitalisation
1134,CEO | Recruiting Professional,Management,en,CEO | Recruiting Professional
1135,CEO and CCTV specialist,Management,en,CEO and CCTV specialist
1136,CEO Comlab Group,Management,en,CEO Comlab Group
1137,CEO Engineering,Management,en,CEO Engineering
1138,CEO FIWARE Foundation,Management,ur,CEO FIWARE Foundation
1139,CEO Geschäftsführer,Management,de,CEO Managing Director
1140,CEO Negociatis Optimisation de l'action commerciale,Management,fr,CEO Negociatis Optimization of commercial action
1141,CEO Piwik PRO,Management,it,Ceo pinkic ex
1142,CEO Siebeck GmbH,Management,de,CEO Siebeck GmbH
1143,CEO Trendcommerce Dialog AG,Management,de,CEO Trendcommerce Dialog AG
1144,CEO und Gründer,Management,de,CEO and Founder
1145,CEO& Inhaber,Management,de,CEO & owner
1146,CEO/ Geschäftsführer,Management,de,CEO/Managing Director
1147,CEO/GF,Management,ur,CEO/GF
1148,CEO/President,Management,en,CEO/President
1149,Chairman & CEO,Management,hi,Chairman & CEO
1150,Chief Executive Officer (CEO),Management,en,Chief Executive Officer (CEO)
1151,Chief Information Officer (CIO),Management,en,Chief Information Officer (CIO)
1152,Chief Operative Officer | Deputy CEO,Management,en,Chief Operative Officer | Deputy CEO
1153,Chief Strategy Officer (CSO) & Member of the Board,Management,en,Chief Strategy Officer (CSO) & Member of the Board
1154,Chief Technology Officer (CTO),Management,en,Chief Technology Officer (CTO)
1155,CIO,Management,it,CIO
1156,CIO/ Prokurist,Management,ur,CIO/Procurator
1157,CIO/CDO,Management,it,CIO/CDO
1158,CMO,Management,hi,CMO
1159,CMO ViveLaCar,Management,pt,CMO ViveLaCar
1160,Co-founder / CEO,Management,ru,Co-founder / CEO
1161,Construction safety officer (CSO),Management,en,Construction safety officer (CSO)
1162,COO/CMO,Management,pt,COO/CMO
1163,CPO/CEO,Management,ur,CPO/CEO
1164,CSO,Management,pt,CSO
1165,CSO & Geschäftsführer D-A-CH,Management,de,CSO & Managing Director D-A-CH
1166,CTO,Management,ur,CTO
1167,CTO & Principal Solution Architect,Management,en,CTO & Principal Solution Architect
1168,CTO (Chief Technology Officer),Management,en,CTO (Chief Technology Officer)
1169,CTO | Gesellschafter,Management,de,CTO
1170,Deputy CEO,Management,en,Deputy CEO
1171,Directeur des Systèmes d'Information (DSI / CIO),Management,fr,Director of Information Systems (DSI / CIO)
1172,DIRECTOR OF ADVERTISING,Management,en,DIRECTOR OF ADVERTISING
1173,DIRECTOR OF BUSINESS DESIGNS,Management,en,DIRECTOR OF BUSINESS DESIGNS
1174,Geschäftsfüher / CEO,Management,de,Head of Business / CEO
1175,Geschäftsführender Gesellschafter (CEO),Management,de,Managing Partner (CEO)
1176,Geschäftsführender Gesellschafter / CEO,Management,de,Managing Partner / CEO
1177,Geschäftsführer & CEO,Management,de,Managing Director & CEO
1178,Geschäftsführer & CTO,Management,de,Managing Director & CTO
1179,Geschäftsführer (CEO),Management,de,Managing Director (CEO)
1180,Geschäftsführer (CSO),Management,de,Managing Director (CSO)
1181,Geschäftsführer / CEO,Management,de,Managing Director / CEO
1182,Geschäftsführer / CTO,Management,de,Managing Director / CTO
1183,Geschäftsführer | CEO,Management,de,"Managing Director, CEO"
1184,Geschäftsführer CSO,Management,de,Managing Director CSO
1185,Geschäftsführer I CEO,Management,de,Managing Director I CEO
1186,Geschäftsführer. CEO,Management,de,CEO.
1187,Geschäftsführer/ CEO,Management,de,Managing Director/ CEO
1188,Geschäftsführer/CEO,Management,de,Managing Director/CEO
1189,Geschäftsführerin (CMO),Management,de,Managing Director (CMO)
1190,Geschäftsführerin CEO,Management,de,CEO
1191,Geschäftsführung & Gründer [CEO],Management,de,Management & Founder [CEO]
1192,Geschäftsführung (CTO),Management,de,Management (CTO)
1193,Geschäftsführung / CEO,Management,de,Management / CEO
1194,Geschäftsführung CTO / CSO,Management,de,Management CTO / CSO
1195,Geschäftsführung/CEO,Management,de,Management/CEO
1196,Global CEO,Management,en,Global CEO
1197,Global CIO,Management,en,Global CIO
1198,Group CIO,Management,en,Group CIO
1199,Gründer & CEO,Management,de,Founder & CEO
1200,Gründer / Geschäftsführender Gesellschafter / CEO,Management,de,Founder / Managing Partner / CEO
1201,Gründer und CEO,Management,de,Founder and CEO
1202,Handlungsbevollmächtigter CEO,Management,de,Acting CEO
1203,Inhaber / CEO,Management,ur,Owner/CEO
1204,MANAGING DIRECTOR UK,Management,en,MANAGING DIRECTOR UK
1205,Mit-Inhaber und CTO,Management,de,Co-owner and CTO
1206,Partner & CSO,Management,en,Partner & CSO
1207,President & CEO,Management,en,President & CEO
1208,President and CEO,Management,en,President and CEO
1209,Projektassistentin CIO,Management,de,Project Assistant CIO
1210,Responsable des Systèmes d'Information (RSI/CIO),Management,fr,Head of Information Systems (RSI/CIO)
1211,Team Leader Development & vice CTO,Management,en,Team Leader Development & vice CTO
1212,Technology Leader • CIO • CTO • Software Architecture • Cloud Architecture,Management,en,Technology Leader • CIO • CTO • Software Architecture • Cloud Architecture
1213,Vorsitzender der Geschäftsführung/CEO,Management,de,Chairman of the Management Board/CEO
1214,Vorstand - CEO,Management,de,Executive Board - CEO
1215,Vorstand / CEO,Management,de,Executive Board / CEO
1216,Vorstand Technologie (CTO),Management,de,Chief Technology Officer (CTO)
1217,Vorstand/CEO,Management,ur,Board of Directors/CEO
1218,Vorstandsvorsitzender / CEO,Management,de,Chairman of the Board / CEO
1219,Assistentin CEO,Management,en,Assistentin CEO
1220,CEO Assistentin,Management,tr,CEO assistant
1221,Business Development / CMO,Management,en,Business Development / CMO
1222,CDO E-Business / Digitalisierung,Management,de,CDO E-Business / Digitalisation
1223,CEO & Business Development,Management,en,CEO & Business Development
1224,CEO/Digital Worker,Management,en,CEO/Digital Worker
1225,CEO: hunting expert for IT,Management,en,CEO: hunting expert for IT
1226,Chief Digital & Media Officer (CDO),Management,en,Chief Digital & Media Officer (CDO)
1227,Chief Digital Officer (CDO),Management,en,Chief Digital Officer (CDO)
1228,Head of Group IT / CIO,Management,en,Head of Group IT / CIO
1229,Head of IT & Digitization / CIO,Management,en,Head of IT & Digitization / CIO
1230,Head of IT&C / CIO / Information Security Offic...,Management,en,Head of IT&C / CIO / Information Security Offic...
1231,BtoB CRM PROGRAM DIRECTOR,Management,en,BtoB CRM PROGRAM DIRECTOR
1232,CEO (Messe Kontakt),Management,ur,CEO (trade fair contact)
1233,CEO Marketing & Sales TÜV Süd AG,Management,de,CEO Marketing & Sales TÜV Süd AG
1234,Chief Marketing Officer (CMO),Management,en,Chief Marketing Officer (CMO)
1235,CMO (Messe Kontakt),Management,ur,CMO (Messe Kontakt)
1236,CSO (Chief Sales and Marketing Officer),Management,en,CSO (Chief Sales and Marketing Officer)
1237,CSO (Messe Kontakt),Management,ur,CSO (Exhibition Contact)
1238,CSO/CMO - Chief Executive Sales & Marketing,Management,pt,CSO/CMO - Chief Executive Sales & Marketing
1239,CTO (Messe Kontakt),Management,ur,CTO (Exhibition Contact)
1240,CEO / Sales Engineer,Management,en,CEO / Sales Engineer
1241,Chief Sales Officer (CSO),Management,en,Chief Sales Officer (CSO)
1242,CSO Chief Sales Officer,Management,en,CSO Chief Sales Officer
1243,GESCHÄFTSFÜHRUNG / CEO / VERTRIEB & MARKETING ALLGEMEINER HANDEL / FIRMENKUNDENGESCHÄFT,Management,de,BUSINESS MANAGEMENT / CEO / DISTRIBUTION & MARKETING GENERAL TRADE / FEEDING BUSINESS
1244,Head of Sales & CIO,Management,en,Head of Sales & CIO
1245,Head Sales & CMO,Management,en,Head Sales & CMO
1246,Ltg Vertrieb/CSO/Prokurist,Management,de,Ltg Sales/CSO/Procurer
1247,Vorstand Sales / CSO,Management,de,Management Board Sales / CSO
1248,Chief Executive Officer,Management,en,Chief Executive Officer
1249,Chief Executive Officer:,Management,en,Chief Executive Officer:
1250,Abteilungsdirektor,Director,de,Director of Division
1251,Abteilungsdirektor Vermögensverwalter Office,Director,de,Divisional Director Asset Managers Office
1252,Account Director,Director,en,Account Director
1253,Area Director & General Manager EMEA Central,Director,en,Area Director & General Manager EMEA Central
1254,Art Director,Director,en,Art Director
1255,Assistance Managing Director,Director,en,Assistance Managing Director
1256,Associate Director,Director,en,Associate Director
1257,Board of Directors,Director,en,Board of Directors
1258,Branch Director France,Director,en,Branch Director France
1259,CEO - Director,Director,en,CEO - Director
1260,CEO/Managing Director,Director,en,CEO/Managing Director
1261,Client Director,Director,en,Client Director
1262,Client Service Director,Director,en,Client Service Director
1263,Co-Founder & Managing Director,Director,en,Co-Founder & Managing Director
1264,Co-founder / Managing Director,Director,en,Co-founder / Managing Director
1265,Co-founder and Managing Director,Director,en,Co-founder and Managing Director
1266,Co-Founder and Research Director,Director,en,Co-Founder and Research Director
1267,Commercial Director,Director,en,Commercial Director
1268,Commercial Director Central Europe,Director,en,Commercial Director Central Europe
1269,Commercial Director Industrial BU (Civil & Defence),Director,en,Commercial Director Industrial BU (Civil & Defence)
1270,Company Director,Director,en,Company Director
1271,Consulting Director,Director,en,Consulting Director
1272,Country Director D A CH,Director,hi,Country Director D A CH
1273,Creative Director,Director,en,Creative Director
1274,Creative Director – Teamleiter Kreation,Director,de,Creative Director – Team Leader Creation
1275,Customer Management & Engagement Director,Director,en,Customer Management & Engagement Director
1276,Data & AI for Growth Director,Director,en,Data & AI for Growth Director
1277,Deputy Area Director Europe Central,Director,en,Deputy Area Director Europe Central
1278,Deputy Managing Director,Director,en,Deputy Managing Director
1279,Director,Director,en,Director
1280,Director - CEO,Director,en,Director - CEO
1281,Director / Head of Fairs,Director,en,Director / Head of Fairs
1282,Director / Head of Unit Media,Director,en,Director / Head of Unit Media
1283,Director Account B2B München,Director,de,Director Account B2B Munich
1284,Director After sales Solutions,Director,en,Director After sales Solutions
1285,Director Alumni Affairs,Director,en,Director Alumni Affairs
1286,Director and General Manager,Director,en,Director and General Manager
1287,Director Application & Product Management,Director,en,Director Application & Product Management
1288,Director Banca Empresas,Director,pt,Corporate Banking Director
1289,Director Client Development,Director,en,Director Client Development
1290,Director Client Relations,Director,en,Director Client Relations
1291,Director Client Service,Director,en,Director Client Service
1292,Director Cloud Technology,Director,en,Director Cloud Technology
1293,Director comercial,Director,en,Director comercial
1294,Director Commercial Excellence EMEA,Director,pt,Director Commercial Excellence EMEA
1295,Director Consulting & Web Solutions,Director,en,Director Consulting & Web Solutions
1296,Director Cooperations DACH,Director,en,Director Cooperations DACH
1297,Director Corporate Development,Director,en,Director Corporate Development
1298,Director Corporate Development / Leiter Unterne...,Director,de,Director Corporate Development / Head of Unterne...
1299,Director Customer and Employee Engagement,Director,en,Director Customer and Employee Engagement
1300,Director Customer Briefing Center & User Groups,Director,en,Director Customer Briefing Center & User Groups
1301,Director Customer Experience,Director,en,Director Customer Experience
1302,Director Customer Journey Intelligence,Director,en,Director Customer Journey Intelligence
1303,Director Customer Process & Quotation Management,Director,en,Director Customer Process & Quotation Management
1304,Director Customer Relationship Excellence,Director,en,Director Customer Relationship Excellence
1305,Director Customer Success - Europe,Director,en,Director Customer Success - Europe
1306,Director Customer Success DACH,Director,en,Director Customer Success DACH
1307,Director DACH,Director,en,Director DACH
1308,Director Data & Technology,Director,en,Director Data & Technology
1309,Director Data Analytics & Customer Insights,Director,en,Director Data Analytics & Customer Insights
1310,Director Data Integration,Director,en,Director Data Integration
1311,Director del departamento de marketing,Director,es,Director of the marketing department
1312,Director Engineering Brakes,Director,en,Director Engineering Brakes
1313,Director Enterprise Management,Director,en,Director Enterprise Management
1314,Director Global Logistics Semiconductor & Storage Products,Director,en,Director Global Logistics Semiconductor & Storage Products
1315,Director Group Development,Director,en,Director Group Development
1316,Director Growth D.A.CH.,Director,en,Director Growth D.A.CH.
1317,Director Information Management,Director,en,Director Information Management
1318,Director Information Services,Director,en,Director Information Services
1319,Director International Key Accounts,Director,en,Director International Key Accounts
1320,Director IoT,Director,en,Director IoT
1321,Director Key Account Management,Director,en,Director Key Account Management
1322,Director Market Relations,Director,en,Director Market Relations
1323,Director Network Development,Director,en,Director Network Development
1324,Director of administration,Director,en,Director of administration
1325,Director of Client Development,Director,en,Director of Client Development
1326,Director of Finance,Director,en,Director of Finance
1327,Director of Global Service Partner Management,Director,en,Director of Global Service Partner Management
1328,Director of Growth,Director,en,Director of Growth
1329,Director of Information Technology EMEA / APAC,Director,en,Director of Information Technology EMEA / APAC
1330,Director of Investor Relations,Director,en,Director of Investor Relations
1331,Director of IPO Access,Director,en,Director of IPO Access
1332,Director of Partner Management,Director,en,Director of Partner Management
1333,Director of Presales - DACH,Director,en,Director of Presales - DACH
1334,Director of Publisher Relations,Director,en,Director of Publisher Relations
1335,Director of Research,Director,en,Director of Research
1336,Director of Strategy and Expansion,Director,en,Director of Strategy and Expansion
1337,Director Partner Development,Director,en,Director Partner Development
1338,Director Partnerships & Merchant Success,Director,en,Director Partnerships & Merchant Success
1339,Director Process Management,Director,en,Director Process Management
1340,Director Products & Markets,Director,en,Director Products & Markets
1341,Director Professional (Head of Germany) B2B,Director,en,Director Professional (Head of Germany) B2B
1342,Director Professional Services,Director,en,Director Professional Services
1343,Director Program Management,Director,en,Director Program Management
1344,Director Projects & Organizational Effectiveness,Director,en,Director Projects & Organizational Effectiveness
1345,Director R&D,Director,en,Director R&D
1346,Director Service,Director,en,Director Service
1347,Director Software Solutions,Director,en,Director Software Solutions
1348,Director Solutions,Director,en,Director Solutions
1349,Director Solutions & Services,Director,en,Director Solutions & Services
1350,Director Strategic Accounts MBS,Director,en,Director Strategic Accounts MBS
1351,Director Strategic PMO,Director,en,Director Strategic PMO
1352,Director Strategic Projects,Director,en,Director Strategic Projects
1353,Director Strategy & Customer Experience,Director,en,Director Strategy & Customer Experience
1354,Director Supplier Development international,Director,en,Director Supplier Development international
1355,Director Supply Chain Management,Director,en,Director Supply Chain Management
1356,Directors,Director,en,Directors
1357,Divisional Director,Director,en,Divisional Director
1358,EMEA Director Channel & Strategic Enterprise Cu...,Director,ur,EMEA Director Channel & Strategic Enterprise Cu...
1359,Etat Director,Director,en,Etat Director
1360,Executive & Non-executive Director I Strategy & Governance I Finance I International Energy Industry,Director,en,Executive & Non-executive Director I Strategy & Governance I Finance I International Energy Industry
1361,Executive Director,Director,en,Executive Director
1362,Executive Director D-A-CH,Director,en,Executive Director D-A-CH
1363,Expert Director,Director,en,Expert Director
1364,Founder & Director,Director,en,Founder & Director
1365,Founder & Managing Director,Director,en,Founder & Managing Director
1366,Founder / Managing Director,Director,en,Founder / Managing Director
1367,Founder and Managing Director - McMakler,Director,en,Founder and Managing Director - McMakler
1368,Founding Director,Director,en,Founding Director
1369,General Director,Director,en,General Director
1370,Geschäftsführender Gesellschafter / Managing Director,Director,de,Managing Partner / Managing Director
1371,Geschäftsführer  /  Managing Director,Director,de,Managing Director / Managing Director
1372,Geschäftsführer - Managing Director,Director,de,Managing Director - Managing Director
1373,Geschäftsführer / Director,Director,de,Managing Director / Director
1374,Geschäftsführer / Managing Director,Director,de,Managing Director / Managing Director
1375,Geschäftsführer / Managing Director and CDO,Director,de,Managing Director / Managing Director and CDO
1376,Geschäftsführer / Managing Directors,Director,de,Managing Director / Managing Directors
1377,Geschäftsführer Managing Director,Director,de,Managing Director
1378,Geschäftsführer/ Managing Director,Director,en,Geschäftsführer/ Managing Director
1379,Geschäftsführung / Managing Directors,Director,de,Management / Managing Directors
1380,Global Account Director,Director,en,Global Account Director
1381,Global Channel and Partner Director | Engineering,Director,en,Global Channel and Partner Director | Engineering
1382,Global Strategic Alliances Director,Director,en,Global Strategic Alliances Director
1383,Group E-commerce Industry Director,Director,en,Group E-commerce Industry Director
1384,Group Managing Director,Director,en,Group Managing Director
1385,Groupe Director,Director,en,Groupe Director
1386,Gründer & Managing Director,Director,de,Founder & Managing Director
1387,Head Office Director,Director,en,Head Office Director
1388,HEC Executive Coach - Associate Director,Director,en,HEC Executive Coach - Associate Director
1389,Housing Directorate,Director,en,Housing Directorate
1390,International Account Director,Director,en,International Account Director
1391,Investment Director,Director,en,Investment Director
1392,Key Account Director,Director,en,Key Account Director
1393,Kfm. Geschäftsführer | Managing Director Commer...,Director,de,Kfm. Managing Director Commer...
1394,Management Director,Director,en,Management Director
1395,Manager & Director,Director,en,Manager & Director
1396,Managing Director,Director,en,Managing Director
1397,Managing Director -,Director,en,Managing Director -
1398,Managing Director - Central Eastern Europe,Director,en,Managing Director - Central Eastern Europe
1399,Managing Director - DACH,Director,en,Managing Director - DACH
1400,Managing Director & Co-Founder,Director,en,Managing Director & Co-Founder
1401,Managing Director (Geschäftsführer),Director,de,Managing Director (Managing Director)
1402,Managing Director / Co-Founder,Director,en,Managing Director / Co-Founder
1403,Managing Director / Geschäftsführer,Director,en,Managing Director / Geschäftsführer
1404,Managing Director / GF,Director,en,Managing Director / GF
1405,Managing Director | Geschäftsführer,Director,de,"Managing Director, Managing Director, Managing Director"
1406,Managing Director and Partner,Director,en,Managing Director and Partner
1407,Managing Director Cologne,Director,en,Managing Director Cologne
1408,Managing Director D/A/CH,Director,en,Managing Director D/A/CH
1409,Managing Director DELTACON Executive Search & Consulting,Director,it,Managing Director DELTACON Executive Search & Consulting
1410,Managing Director ELEKS GmbH DACH & Nordics | Member of the Executive Committee,Director,en,Managing Director ELEKS GmbH DACH & Nordics | Member of the Executive Committee
1411,Managing Director EUROGLAS  Germany,Director,en,Managing Director EUROGLAS  Germany
1412,Managing Director Europe,Director,en,Managing Director Europe
1413,Managing Director Germany,Director,en,Managing Director Germany
1414,Managing Director Germany & Austria,Director,en,Managing Director Germany & Austria
1415,Managing Director Partner,Director,en,Managing Director Partner
1416,Managing Director Platforms Hamburg,Director,en,Managing Director Platforms Hamburg
1417,Managing Director Pryor Technologie,Director,en,Managing Director Pryor Technologie
1418,Managing Director REC,Director,en,Managing Director REC
1419,Managing Director Starcom Mediavest Group Germany,Director,en,Managing Director Starcom Mediavest Group Germany
1420,Managing Director Strategic B...,Director,en,Managing Director Strategic B...
1421,Managing Director Strategic Consulting & Softwa...,Director,it,Managing Director Strategic Consulting & Softwa...
1422,Managing Director ve společnosti TM Technik s.r.o.,Director,tr,Managing Director at TM Technik s.r.o.
1423,Managing Director:,Director,en,Managing Director:
1424,Managing Directors,Director,en,Managing Directors
1425,Managing Directors:,Director,en,Managing Directors:
1426,Market Development Director,Director,en,Market Development Director
1427,Market Director Life Sciences,Director,en,Market Director Life Sciences
1428,Media Product Director,Director,en,Media Product Director
1429,Member Board Of Directors,Director,en,Member Board Of Directors
1430,Member of the Board of Directors,Director,en,Member of the Board of Directors
1431,MIS Director,Director,en,MIS Director
1432,Owner and Managing Director,Director,en,Owner and Managing Director
1433,Partner & Managing Director,Director,en,Partner & Managing Director
1434,Partnerships Director,Director,en,Partnerships Director
1435,President/Managing Director,Director,en,President/Managing Director
1436,Principal/Managing Director,Director,en,Principal/Managing Director
1437,Project and Market Director Wind Energy and Renewables,Director,en,Project and Market Director Wind Energy and Renewables
1438,Project Director,Director,en,Project Director
1439,Project DirectorW3+ Fair/Convention,Director,en,Project DirectorW3+ Fair/Convention
1440,Project Manager Media Conferences & In-House Art Director,Director,en,Project Manager Media Conferences & In-House Art Director
1441,Projektdirektor,Director,nl,Project Director
1442,Regional Director,Director,en,Regional Director
1443,Regional Director D-A-CH,Director,en,Regional Director D-A-CH
1444,Regional Managing Director Continental Europe (DACH),Director,en,Regional Managing Director Continental Europe (DACH)
1445,Regionaldirektor Nord / Regional Director North,Director,nl,Regionaldirektor Nord / Regional Director North
1446,Senior Art Director,Director,en,Senior Art Director
1447,Senior Client Partner | Client Service Director | Ext. Management,Director,en,Senior Client Partner | Client Service Director | Ext. Management
1448,Senior Director,Director,en,Senior Director
1449,Senior Director Corporate Strategy & Development,Director,en,Senior Director Corporate Strategy & Development
1450,Senior Director Customer Care DACH,Director,en,Senior Director Customer Care DACH
1451,Senior Director Information Technology,Director,en,Senior Director Information Technology
1452,Senior Director MDM & SEO,Director,en,Senior Director MDM & SEO
1453,Senior Director Of Technology,Director,en,Senior Director Of Technology
1454,Senior Director Strategic Accounts,Director,en,Senior Director Strategic Accounts
1455,Senior Partner & Director,Director,en,Senior Partner & Director
1456,Senior Project Director,Director,en,Senior Project Director
1457,Senior Vice President and Managing Director EMEA & APAC,Director,en,Senior Vice President and Managing Director EMEA & APAC
1458,Technical Director,Director,en,Technical Director
1459,Technical Service Director EMEA,Director,en,Technical Service Director EMEA
1460,Technischer Leiter / Technical Director,Director,de,Technical Director / Technical Director
1461,Verkaufsdirektor,Director,de,Sales Director
1462,Account Director / Director New Business,Director,en,Account Director / Director New Business
1463,Associate Director Business Develoment,Director,en,Associate Director Business Develoment
1464,Automotive Business Unit Director,Director,en,Automotive Business Unit Director
1465,Business Development Director,Director,en,Business Development Director
1466,Business Development Director - Microsoft Strategic Relationships,Director,en,Business Development Director - Microsoft Strategic Relationships
1467,Business Development Director DACH,Director,en,Business Development Director DACH
1468,Business Development Director D-A-CH,Director,pt,Business Development Director D-A-CH
1469,Business Director,Director,en,Business Director
1470,Business Director D/A/CH - Philips Professional Display Solutions,Director,en,Business Director D/A/CH - Philips Professional Display Solutions
1471,Business Line Director,Director,en,Business Line Director
1472,Business Unit Director,Director,en,Business Unit Director
1473,Director - Head of Business Development CM-CRM,Director,en,Director - Head of Business Development CM-CRM
1474,Director Business Consulting,Director,en,Director Business Consulting
1475,Director Business Development,Director,en,Director Business Development
1476,Director Business Development - AD Architectural Digest,Director,nl,Director Business Development - AD Architectural Digest
1477,Director Business Development & CIO,Director,en,Director Business Development & CIO
1478,Director Business Development & Operations,Director,en,Director Business Development & Operations
1479,Director Business Development and Project Management // Project Manager ERP,Director,en,Director Business Development and Project Management // Project Manager ERP
1480,Director Business Development Aviation,Director,en,Director Business Development Aviation
1481,Director Business Development DACH,Director,en,Director Business Development DACH
1482,Director Business Development D-A-CH,Director,pt,Director Business Development D-A-CH
1483,Director Business Development Department (EEMEA),Director,en,Director Business Development Department (EEMEA)
1484,Director Business Development EMEA,Director,pt,Director Business Development EMEA
1485,Director Business Development Industrie 4.0,Director,en,Director Business Development Industrie 4.0
1486,Director Business Transformation,Director,en,Director Business Transformation
1487,Director Business Unit,Director,en,Director Business Unit
1488,Director Business Unit UCC,Director,en,Director Business Unit UCC
1489,Director Consulting & Business Development,Director,en,Director Consulting & Business Development
1490,Director Digital Business,Director,en,Director Digital Business
1491,Director Digital Business Development,Director,en,Director Digital Business Development
1492,Director Global Business Development,Director,en,Director Global Business Development
1493,Director Global Strategic Alliances & Business Development,Director,en,Director Global Strategic Alliances & Business Development
1494,Director International Business Development,Director,en,Director International Business Development
1495,Director International Business Development & Partnermanagement,Director,en,Director International Business Development & Partnermanagement
1496,Director New Business,Director,en,Director New Business
1497,Director New Business & Business Development,Director,en,Director New Business & Business Development
1498,Director Of Business Development,Director,en,Director Of Business Development
1499,Director of Business Development & Partnerships,Director,en,Director of Business Development & Partnerships
1500,Director of Business Development & Programmatic,Director,en,Director of Business Development & Programmatic
1501,Director of Business Intelligence,Director,en,Director of Business Intelligence
1502,Director of IT & Business Processes,Director,en,Director of IT & Business Processes
1503,Director Strategy & Business Development,Director,en,Director Strategy & Business Development
1504,Director Strategy and  Business Development,Director,en,Director Strategy and  Business Development
1505,European Business Strategy Director,Director,en,European Business Strategy Director
1506,Executive Director Business Development,Director,en,Executive Director Business Development
1507,Global Business Development Director,Director,en,Global Business Development Director
1508,Global Business Director,Director,en,Global Business Director
1509,Global Director Business Development Automotive,Director,en,Global Director Business Development Automotive
1510,Global Director Strategy & New Business Development,Director,en,Global Director Strategy & New Business Development
1511,Global IT Senior Director Business Development,Director,en,Global IT Senior Director Business Development
1512,Group Director Business Development,Director,en,Group Director Business Development
1513,Group Director Corporate Strategy & Business Development,Director,en,Group Director Corporate Strategy & Business Development
1514,Senior Director Business Development,Director,en,Senior Director Business Development
1515,Senior Director Business Development Europe,Director,en,Senior Director Business Development Europe
1516,Senior Director IT & Business Solutions,Director,en,Senior Director IT & Business Solutions
1517,st. Business Director,Director,en,st. Business Director
1518,Strategy and Business Development Director,Director,en,Strategy and Business Development Director
1519,Director HR & Interim Management,Director,en,Director HR & Interim Management
1520,Director Human Resources & Procurement,Director,en,Director Human Resources & Procurement
1521,Project Director - Digital marketing and HR,Director,en,Project Director - Digital marketing and HR
1522,Account Director DACHIT,Director,en,Account Director DACHIT
1523,Account Director Digital,Director,en,Account Director Digital
1524,Associate Director IT,Director,en,Associate Director IT
1525,Associate Director IT Projects & Architecture,Director,en,Associate Director IT Projects & Architecture
1526,CIO / Global IT Director,Director,en,CIO / Global IT Director
1527,Digital & Technology Director,Director,en,Digital & Technology Director
1528,Digital Director,Director,en,Digital Director
1529,Digital Transformation & ICT Applications Director,Director,en,Digital Transformation & ICT Applications Director
1530,Director - Digital Transformation & Value Engineering,Director,en,Director - Digital Transformation & Value Engineering
1531,Director Administration & Corporate Services,Director,en,Director Administration & Corporate Services
1532,Director Corporate IT Infrastructure,Director,en,Director Corporate IT Infrastructure
1533,Director Deloitte Digital,Director,en,Director Deloitte Digital
1534,Director Digital,Director,en,Director Digital
1535,Director Digital Directmarketing,Director,en,Director Digital Directmarketing
1536,Director Digital Strategy,Director,en,Director Digital Strategy
1537,Director Digital Transformation and Strategy,Director,en,Director Digital Transformation and Strategy
1538,Director Digitalisierung & Innovation,Director,de,Director Digitalization & Innovation
1539,Director Group IT,Director,en,Director Group IT
1540,Director IT,Director,en,Director IT
1541,Director IT Infrastructure,Director,en,Director IT Infrastructure
1542,Director IT Project Management,Director,en,Director IT Project Management
1543,Director IT-Koordination,Director,en,Director IT-Koordination
1544,Director IT-Services,Director,en,Director IT-Services
1545,Director New Digital Solutions,Director,en,Director New Digital Solutions
1546,Director Online / E-commerce / Digitalisation,Director,en,Director Online / E-commerce / Digitalisation
1547,Director SAP,Director,en,Director SAP
1548,Director SAP Programme,Director,en,Director SAP Programme
1549,Executive Director Head of IT,Director,en,Executive Director Head of IT
1550,Global Director IT - IT Application,Director,en,Global Director IT - IT Application
1551,Global Director IT Infrastructure,Director,en,Global Director IT Infrastructure
1552,Global IT Applications and Operations Management Director,Director,en,Global IT Applications and Operations Management Director
1553,Global IT Director,Director,en,Global IT Director
1554,Group IT Director,Director,en,Group IT Director
1555,IT Director,Director,en,IT Director
1556,IT Director - ERP Program Director,Director,en,IT Director - ERP Program Director
1557,IT Operations Director,Director,en,IT Operations Director
1558,IT Operations Director EMEA & India,Director,en,IT Operations Director EMEA & India
1559,IT Technology Director,Director,en,IT Technology Director
1560,Media Director Digital,Director,en,Media Director Digital
1561,Director CRM,Director,en,Director CRM
1562,Director CRM & Customer Service,Director,en,Director CRM & Customer Service
1563,Director CRM Center of Excellence,Director,en,Director CRM Center of Excellence
1564,Director CRM Consulting,Director,en,Director CRM Consulting
1565,Director Data Intelligence & CRM,Director,en,Director Data Intelligence & CRM
1566,Director Global CRM,Director,en,Director Global CRM
1567,Director International CRM,Director,en,Director International CRM
1568,Director IT Consulting & CRM,Director,en,Director IT Consulting & CRM
1569,eCommerce & CRM Director,Director,en,eCommerce & CRM Director
1570,Global CRM Director,Director,en,Global CRM Director
1571,Global Director -Consumer Engagement(CRM) Membership Growth,Director,en,Global Director -Consumer Engagement(CRM) Membership Growth
1572,Global Director of CRM / Head of CRM,Director,en,Global Director of CRM / Head of CRM
1573,Group CRM Program Director / Directeur du programme CRM Groupe,Director,fr,Group CRM Program Director / Director of the Group CRM Program
1574,Group Omnichannel CRM Director,Director,en,Group Omnichannel CRM Director
1575,Leiter Customer Relationship Management / Director CRM,Director,en,Leiter Customer Relationship Management / Director CRM
1576,Senior Director CRM,Director,en,Senior Director CRM
1577,Senior Director Digital Strategy & CRM,Director,en,Senior Director Digital Strategy & CRM
1578,ANDRITZ Pulp & Paper Service and Units - Director Marketing,Director,en,ANDRITZ Pulp & Paper Service and Units - Director Marketing
1579,Art Director & Projektmanager Marketing,Director,en,Art Director & Projektmanager Marketing
1580,Assistant to Director Marketing,Director,en,Assistant to Director Marketing
1581,Assistant to Director Sales & Marketing,Director,en,Assistant to Director Sales & Marketing
1582,Associate Director - Marketing Experte,Director,en,Associate Director - Marketing Experte
1583,Associate Director Marketing & Competitive Inte...,Director,it,Associate Director Marketing & Competitive Inte...
1584,Associate Marketing Director,Director,en,Associate Marketing Director
1585,B2B Marketing Director I Demand Generation I Management I Digital Marketing I EMEA Field Marketing I Data Strategy,Director,sw,B2B Marketing Director I Demand Generation I Management I Digital Marketing I EMEA Field Marketing I Data Strategy
1586,Branding and Marketing Director,Director,en,Branding and Marketing Director
1587,Business Unit Director Sales & Marketing,Director,en,Business Unit Director Sales & Marketing
1588,Channel Marketing Director,Director,en,Channel Marketing Director
1589,Commercial & Marketing Director,Director,en,Commercial & Marketing Director
1590,Commercial and Marketing Director,Director,en,Commercial and Marketing Director
1591,Commercial Director | Responsible for Customer Success | Cobwebb Communications,Director,en,Commercial Director | Responsible for Customer Success | Cobwebb Communications
1592,Commercial Vehicles Sales and Marketing Director,Director,en,Commercial Vehicles Sales and Marketing Director
1593,Communication Director,Director,en,Communication Director
1594,Communications and Marketing Director,Director,en,Communications and Marketing Director
1595,Communications Director - Oaklins France,Director,en,Communications Director - Oaklins France
1596,Creative Director / Marketing Manager,Director,en,Creative Director / Marketing Manager
1597,Customer Experience & Digital Marketing Director,Director,en,Customer Experience & Digital Marketing Director
1598,Digital Marketing and Communication Director,Director,en,Digital Marketing and Communication Director
1599,Digital Marketing Director,Director,en,Digital Marketing Director
1600,Director - Gerente de Marketing y Comunicación | RSE | Gestión y experiencia,Director,es,Director - Marketing and Communication Manager | CSR | Management and experience
1601,Director / Global Head of Marketing and Communications,Director,en,Director / Global Head of Marketing and Communications
1602,Director / Sales&Marketing,Director,en,Director / Sales&Marketing
1603,Director Business Development & Marketing,Director,en,Director Business Development & Marketing
1604,Director Business Development & Marketing D-A-CH,Director,pt,Director Business Development & Marketing D-A-CH
1605,Director Business Development & Marketing Europe,Director,en,Director Business Development & Marketing Europe
1606,Director Business Process Management & Online Marketing,Director,en,Director Business Process Management & Online Marketing
1607,Director Business Unit Sales & Marketing,Director,en,Director Business Unit Sales & Marketing
1608,Director Communications,Director,en,Director Communications
1609,Director Communications Projects,Director,en,Director Communications Projects
1610,Director Corporate & Marketing Communications,Director,en,Director Corporate & Marketing Communications
1611,Director Corporate Communications & Marketing,Director,en,Director Corporate Communications & Marketing
1612,Director Corporate Marketing,Director,en,Director Corporate Marketing
1613,Director Corporate Marketing & Communication,Director,en,Director Corporate Marketing & Communication
1614,Director Corporate Marketing & Communications,Director,en,Director Corporate Marketing & Communications
1615,Director Corporate Marketing and Communications,Director,en,Director Corporate Marketing and Communications
1616,Director D-A-CH / Sales & Marketing Solutions,Director,en,Director D-A-CH / Sales & Marketing Solutions
1617,Director Data Driven Marketing,Director,en,Director Data Driven Marketing
1618,Director de Marketing,Director,pt,Director de Marketing
1619,Director de Marketing y Comunicación,Director,es,Marketing and Communication Director
1620,Director Digital & Online Marketing,Director,en,Director Digital & Online Marketing
1621,Director Digital Marketing,Director,en,Director Digital Marketing
1622,Director Digital Marketing & CRM,Director,en,Director Digital Marketing & CRM
1623,Director Digital Marketing & Media,Director,en,Director Digital Marketing & Media
1624,Director Digital Marketing Automation,Director,en,Director Digital Marketing Automation
1625,Director Germany | Marketing & Sales,Director,en,Director Germany | Marketing & Sales
1626,Director Global Digital Marketing,Director,en,Director Global Digital Marketing
1627,Director Global Marketing,Director,en,Director Global Marketing
1628,Director Global Marketing & Communications,Director,en,Director Global Marketing & Communications
1629,Director Global Marketing & Power Plant Solutions,Director,en,Director Global Marketing & Power Plant Solutions
1630,Director Global Marketing & Product Management,Director,en,Director Global Marketing & Product Management
1631,Director Global Marketing and Innovation,Director,en,Director Global Marketing and Innovation
1632,Director Global Marketing Communication/ Prima Vista Academy,Director,en,Director Global Marketing Communication/ Prima Vista Academy
1633,Director Global Marketing Communications,Director,en,Director Global Marketing Communications
1634,Director Global Product Management and Marketing,Director,en,Director Global Product Management and Marketing
1635,Director Global Sales & Marketing,Director,en,Director Global Sales & Marketing
1636,Director Global Sales & Marketing CV (IAM),Director,en,Director Global Sales & Marketing CV (IAM)
1637,Director Global Sales & Marketing Imaging,Director,en,Director Global Sales & Marketing Imaging
1638,Director Global Sales and Marketing - Controls,Director,en,Director Global Sales and Marketing - Controls
1639,Director Group Controlling Sales & Marketing,Director,en,Director Group Controlling Sales & Marketing
1640,Director Group Marketing and Business Development,Director,en,Director Group Marketing and Business Development
1641,Director International Business Development & Marketing,Director,en,Director International Business Development & Marketing
1642,Director International Marketing,Director,en,Director International Marketing
1643,Director Lead Management / Performance Marketing,Director,en,Director Lead Management / Performance Marketing
1644,Director Leadership Communications,Director,en,Director Leadership Communications
1645,Director Live Marketing,Director,en,Director Live Marketing
1646,Director Marketing,Director,en,Director Marketing
1647,Director Marketing - Brand & Communications,Director,en,Director Marketing - Brand & Communications
1648,Director Marketing - Manufacturing,Director,en,Director Marketing - Manufacturing
1649,Director Marketing & Aftermarket,Director,en,Director Marketing & Aftermarket
1650,Director Marketing & Applications,Director,en,Director Marketing & Applications
1651,Director Marketing & Business Development,Director,en,Director Marketing & Business Development
1652,Director Marketing & Business Development Strategy DACH,Director,en,Director Marketing & Business Development Strategy DACH
1653,Director Marketing & Chief Digital Officer DACH,Director,en,Director Marketing & Chief Digital Officer DACH
1654,Director Marketing & Communication | Member of the Board,Director,en,Director Marketing & Communication | Member of the Board
1655,Director Marketing & Communications,Director,en,Director Marketing & Communications
1656,Director Marketing & Communications | Mitglied der Geschäftsleitung,Director,de,Director Marketing & Communications -- Member of the Executive Board
1657,Director Marketing & Communications DACH,Director,en,Director Marketing & Communications DACH
1658,Director Marketing & Content,Director,en,Director Marketing & Content
1659,Director Marketing & Corporate Communications,Director,en,Director Marketing & Corporate Communications
1660,Director Marketing & Digital,Director,en,Director Marketing & Digital
1661,Director Marketing & E-Commerce,Director,en,Director Marketing & E-Commerce
1662,Director Marketing & IT D-A-CH,Director,pt,Director Marketing & IT D-A-CH
1663,Director Marketing & Leadmanagement DACH & EE,Director,de,Director Marketing & Lead Management DACH & EE
1664,Director Marketing & PR,Director,en,Director Marketing & PR
1665,Director Marketing & Sales,Director,en,Director Marketing & Sales
1666,Director Marketing & Sales Business,Director,en,Director Marketing & Sales Business
1667,Director Marketing & Sales Operations,Director,en,Director Marketing & Sales Operations
1668,Director Marketing / Business Development (OJOM...,Director,en,Director Marketing / Business Development (OJOM...
1669,Director Marketing and Advertising Vehicle Heaters,Director,en,Director Marketing and Advertising Vehicle Heaters
1670,Director Marketing and Application Manager,Director,en,Director Marketing and Application Manager
1671,Director Marketing and Business,Director,en,Director Marketing and Business
1672,Director Marketing and Communication,Director,en,Director Marketing and Communication
1673,Director Marketing and Communications,Director,en,Director Marketing and Communications
1674,Director Marketing and Sales,Director,en,Director Marketing and Sales
1675,Director Marketing Cloud Solutions,Director,en,Director Marketing Cloud Solutions
1676,Director Marketing Communications,Director,en,Director Marketing Communications
1677,Director Marketing Communications & Digitalization Marketing and Sales,Director,en,Director Marketing Communications & Digitalization Marketing and Sales
1678,Director Marketing Communications & PR,Director,en,Director Marketing Communications & PR
1679,Director Marketing Continental Europe,Director,en,Director Marketing Continental Europe
1680,Director Marketing DACH,Director,hi,Director Marketing DACH
1681,Director Marketing EMEA,Director,pt,Director Marketing EMEA
1682,Director Marketing EMEA DS,Director,pt,Director Marketing EMEA DS
1683,Director Marketing Europe,Director,en,Director Marketing Europe
1684,Director Marketing Germany & Austria,Director,de,Director Marketing Germany & Austria
1685,Director Marketing Service & Digital Systems \ Cutting Tools,Director,en,Director Marketing Service & Digital Systems \ Cutting Tools
1686,Director Marketing Service & Digital Systems \\ Cutting Tools,Director,en,Director Marketing Service & Digital Systems \\ Cutting Tools
1687,Director Marketing Sonepar Germany,Director,de,Director Marketing Sonepar Germany
1688,Director Marketing und Sales,Director,de,Director Marketing and Sales
1689,Director Marketing und Vertrieb,Director,de,Director Marketing and Sales
1690,Director New Business & Marketing,Director,en,Director New Business & Marketing
1691,Director of Communications and Public Relations,Director,en,Director of Communications and Public Relations
1692,Director of Corporate Communications,Director,en,Director of Corporate Communications
1693,Director of Corporate Marketing,Director,en,Director of Corporate Marketing
1694,Director of EMEA Marketing,Director,en,Director of EMEA Marketing
1695,Director of External Communications,Director,en,Director of External Communications
1696,Director of Global Marketing,Director,en,Director of Global Marketing
1697,Director of Marketing,Director,en,Director of Marketing
1698,Director of Marketing  Germany & Poland,Director,en,Director of Marketing  Germany & Poland
1699,Director of Marketing & formitas Akademie,Director,it,Director of Marketing & Academic Formity
1700,Director of Marketing and Communications,Director,en,Director of Marketing and Communications
1701,Director of Marketing and Communictaions (B2B) // Berlin,Director,en,Director of Marketing and Communictaions (B2B) // Berlin
1702,Director of Marketing and Sales,Director,en,Director of Marketing and Sales
1703,Director of Marketing and Sales (Messe Kontakt),Director,en,Director of Marketing and Sales (Messe Kontakt)
1704,Director of Marketing CE&EE,Director,en,Director of Marketing CE&EE
1705,Director of Sales & Marketing,Director,en,Director of Sales & Marketing
1706,Director of Sales & Marketing / Area Director o...,Director,pt,Director of Sales & Marketing / Area Director o...
1707,Director of Sales and Marketing,Director,en,Director of Sales and Marketing
1708,Director of Sales and Marketing - Prokurist,Director,en,Director of Sales and Marketing - Prokurist
1709,Director of Sales and Marketing Central Europe,Director,en,Director of Sales and Marketing Central Europe
1710,Director of Strategic Marketing,Director,en,Director of Strategic Marketing
1711,Director Online Marketing & Marketing Intelligence,Director,en,Director Online Marketing & Marketing Intelligence
1712,Director Online-Marketing,Director,en,Director Online-Marketing
1713,Director Operational Marketing,Director,en,Director Operational Marketing
1714,Director Partnership Marketing,Director,en,Director Partnership Marketing
1715,Director Perfect Execution & Strategic Programs (Messe Kontakt),Director,it,Director Perfect Execution & Strategic Programs (Messe Kontakt)
1716,Director PR & Marketing,Director,en,Director PR & Marketing
1717,Director Product & Marketing,Director,en,Director Product & Marketing
1718,Director Product Marketing,Director,en,Director Product Marketing
1719,Director Product Marketing & Sales Project Management,Director,en,Director Product Marketing & Sales Project Management
1720,Director Products & Marketing,Director,en,Director Products & Marketing
1721,Director Produktmanagement & Marketing Tooth Chain,Director,it,Director Produktmanagement & Marketing Tooth Chain
1722,Director Regional Marketing (Messe Kontakt),Director,ur,Director Regional Marketing (Exhibition Contact)
1723,Director Sales & Marketing,Director,en,Director Sales & Marketing
1724,Director Sales & Marketing - Prokurist,Director,hi,Director Sales & Marketing - Prokurist
1725,Director Sales & Marketing / Global Lead,Director,en,Director Sales & Marketing / Global Lead
1726,Director Sales & Marketing • OEM,Director,en,Director Sales & Marketing • OEM
1727,Director Sales & Marketing Altran Digital,Director,tr,Director Sales & Marketing Altran Digital
1728,Director Sales & Marketing CE South East,Director,en,Director Sales & Marketing CE South East
1729,Director Sales & Marketing Central Europe East,Director,en,Director Sales & Marketing Central Europe East
1730,Director Sales & Marketing DACH,Director,en,Director Sales & Marketing DACH
1731,Director Sales & Marketing Europe OEM Instrumentation,Director,en,Director Sales & Marketing Europe OEM Instrumentation
1732,Director Sales & Marketing Intercoat,Director,en,Director Sales & Marketing Intercoat
1733,Director Sales & Marketing Liquid Flow Sensors,Director,en,Director Sales & Marketing Liquid Flow Sensors
1734,Director Sales & Marketing MSK Covertech,Director,en,Director Sales & Marketing MSK Covertech
1735,Director Sales & Marketing Transportation,Director,en,Director Sales & Marketing Transportation
1736,Director Sales & Marketing/ Prokurist,Director,hi,Director Sales & Marketing/ Prokurist
1737,Director Sales Aircraft Conversion and Product Marketing,Director,en,Director Sales Aircraft Conversion and Product Marketing
1738,Director Sales and Marketing,Director,en,Director Sales and Marketing
1739,Director Sales and Marketing / Vorstand,Director,de,Director Sales and Marketing / Executive Board
1740,Director Sales and Marketing International  AVIAREPS,Director,en,Director Sales and Marketing International  AVIAREPS
1741,Director Sales and Marketing Life Sciences,Director,en,Director Sales and Marketing Life Sciences
1742,Director Sales I Marketing I Business Development,Director,en,Director Sales I Marketing I Business Development
1743,Director Solution Sales & Marketing - Prokurist,Director,en,Director Solution Sales & Marketing - Prokurist
1744,Director Strategic Marketing,Director,en,Director Strategic Marketing
1745,Director Strategic Marketing & Business Development Central Europe,Director,en,Director Strategic Marketing & Business Development Central Europe
1746,Director Strategy & Marketing,Director,en,Director Strategy & Marketing
1747,Divisional Director ECM (Messe Kontakt),Director,nl,Divisional Director ECM (Exhibition Contact)
1748,Divisional Marketing Director,Director,en,Divisional Marketing Director
1749,EMEA Director of Field & Channel Marketing,Director,en,EMEA Director of Field & Channel Marketing
1750,EMEA Marketing Director,Director,pt,EMEA Marketing Director
1751,EMEA Vendor Marketing Director,Director,pt,EMEA Vendor Marketing Director
1752,Energy Group Sales Marketing Director,Director,en,Energy Group Sales Marketing Director
1753,European Sales + Marketing Director,Director,en,European Sales + Marketing Director
1754,Executive Director Communications & Marketing,Director,en,Executive Director Communications & Marketing
1755,Executive Director Sales & Marketing,Director,en,Executive Director Sales & Marketing
1756,Field Marketing Director,Director,en,Field Marketing Director
1757,Field Marketing Director EMEA at MicroStrategy,Director,en,Field Marketing Director EMEA at MicroStrategy
1758,Founder & Marketing Director,Director,en,Founder & Marketing Director
1759,Geschäftsleitung Credit Solution & Director Sales/Marketing (Executive Board),Director,en,Geschäftsleitung Credit Solution & Director Sales/Marketing (Executive Board)
1760,Global B2B Marketing Director,Director,en,Global B2B Marketing Director
1761,Global Director Marketing & Design,Director,en,Global Director Marketing & Design
1762,Global Director Marketing & Sales,Director,en,Global Director Marketing & Sales
1763,Global Director Sales & Marketing | Prokurist & Mitglied der Geschäftsleitung,Director,de,Global Director Sales & Marketing - Procurist & Member of the Executive Board
1764,Global Marketing & Supply Chain Director,Director,en,Global Marketing & Supply Chain Director
1765,Global Marketing Director,Director,en,Global Marketing Director
1766,Global Marketing Director - STABILUS - Business Unit Vibration & Velocity,Director,en,Global Marketing Director - STABILUS - Business Unit Vibration & Velocity
1767,Global Marketing Director B2B,Director,en,Global Marketing Director B2B
1768,Group Director Marketing,Director,en,Group Director Marketing
1769,Group Director Marketing & Communication,Director,en,Group Director Marketing & Communication
1770,Group Director Marketing and Communication,Director,en,Group Director Marketing and Communication
1771,Group Director Marketing Strategy & Planning,Director,en,Group Director Marketing Strategy & Planning
1772,Group Exhibitions Director / Bereichsleiter Messen,Director,de,Group Exhibitions Director / Head of Trade Fairs
1773,Group Marketing Director,Director,en,Group Marketing Director
1774,Group Senior Director Communication and Marketing,Director,en,Group Senior Director Communication and Marketing
1775,Head of Product Management / Deputy Marketing Director,Director,en,Head of Product Management / Deputy Marketing Director
1776,Interim Director Marketing D/A/CH,Director,pt,Interim Director Marketing D/A/CH
1777,International BD and Marketing Director,Director,en,International BD and Marketing Director
1778,International Marketing and Commercial Director,Director,en,International Marketing and Commercial Director
1779,International Marketing Director,Director,en,International Marketing Director
1780,Leitung Marketing und Vertrieb/ Executive Director Marketing and Sales,Director,de,Head of Marketing and Sales / Executive Director Marketing and Sales
1781,Managing Director / Messe Kontakt,Director,de,Managing Director / Trade Fair Contact
1782,Managing Director | Head of Sales and Product Marketing,Director,en,Managing Director | Head of Sales and Product Marketing
1783,Managing Director DACH & Int. Marketing Batteries,Director,en,Managing Director DACH & Int. Marketing Batteries
1784,Managing Director Marketing & International Sales,Director,en,Managing Director Marketing & International Sales
1785,Managing Director Marketing & Sales,Director,en,Managing Director Marketing & Sales
1786,Managing Director Sales / Marketing,Director,en,Managing Director Sales / Marketing
1787,Marketing & Communication Director,Director,en,Marketing & Communication Director
1788,Marketing & Documentation Director,Director,en,Marketing & Documentation Director
1789,Marketing & Innovation Director,Director,en,Marketing & Innovation Director
1790,Marketing & Sales Development Director for Europe,Director,en,Marketing & Sales Development Director for Europe
1791,Marketing & Sales Director,Director,en,Marketing & Sales Director
1792,Marketing & Sales Director - New Markets,Director,en,Marketing & Sales Director - New Markets
1793,Marketing and Innovation Director | C-Level,Director,en,Marketing and Innovation Director | C-Level
1794,Marketing and Product Management Director Fluid Technologies EMEA,Director,en,Marketing and Product Management Director Fluid Technologies EMEA
1795,Marketing and Sales Director (Messe Kontakt),Director,en,Marketing and Sales Director (Messe Kontakt)
1796,Marketing Communications Director,Director,en,Marketing Communications Director
1797,Marketing Director,Director,en,Marketing Director
1798,Marketing Director - EMEA South,Director,en,Marketing Director - EMEA South
1799,Marketing Director – Gasoline Turbos Business Unit & Electric Boosting,Director,en,Marketing Director – Gasoline Turbos Business Unit & Electric Boosting
1800,Marketing Director & Co-Team Lead,Director,en,Marketing Director & Co-Team Lead
1801,Marketing Director (CMO),Director,en,Marketing Director (CMO)
1802,Marketing Director (Messe Kontakt),Director,ur,Marketing Director (Exhibition Contact)
1803,Marketing Director AdSales & New Business,Director,en,Marketing Director AdSales & New Business
1804,Marketing Director Avery Dennison Performance Tapes,Director,en,Marketing Director Avery Dennison Performance Tapes
1805,Marketing Director CE,Director,en,Marketing Director CE
1806,Marketing Director CEEMEA,Director,hi,Marketing Director CEEMEA
1807,Marketing Director DACH,Director,hi,Marketing Director DACH
1808,Marketing Director DACH-Region,Director,en,Marketing Director DACH-Region
1809,Marketing Director EAME,Director,en,Marketing Director EAME
1810,Marketing Director EMEA,Director,pt,Marketing Director EMEA
1811,Marketing Director Europe,Director,en,Marketing Director Europe
1812,Marketing Director Global,Director,en,Marketing Director Global
1813,Marketing Manager / Art-Director,Director,en,Marketing Manager / Art-Director
1814,Marketing Revenue Driver | Sales Enabler | Marketing Technologist | Director of Marketing,Director,en,Marketing Revenue Driver | Sales Enabler | Marketing Technologist | Director of Marketing
1815,Marketing/Sales Director (CMO),Director,en,Marketing/Sales Director (CMO)
1816,Personal Assistant of Director Sales and Marketing,Director,en,Personal Assistant of Director Sales and Marketing
1817,Project Director Sales Marketing,Director,en,Project Director Sales Marketing
1818,Regional Director Of Sales And Marketing,Director,en,Regional Director Of Sales And Marketing
1819,Sales & Marketing Director,Director,en,Sales & Marketing Director
1820,Sales & Marketing Director - Ingredients & Nutrition Division,Director,en,Sales & Marketing Director - Ingredients & Nutrition Division
1821,Sales & Marketing Director - Prokurist,Director,pt,Sales & Marketing Director - Prokurist
1822,Sales & Marketing Director - Solar Business Unit,Director,en,Sales & Marketing Director - Solar Business Unit
1823,Sales & Marketing Director DACH,Director,en,Sales & Marketing Director DACH
1824,Sales & Marketing Director EMEA,Director,en,Sales & Marketing Director EMEA
1825,Sales & Marketing Director Germany,Director,en,Sales & Marketing Director Germany
1826,Sales + Marketing Director,Director,en,Sales + Marketing Director
1827,Sales and Marketing Director,Director,en,Sales and Marketing Director
1828,Sales and Marketing Director Europe & South America,Director,en,Sales and Marketing Director Europe & South America
1829,Sales and Marketing Director Moto DACH-Benelux,Director,en,Sales and Marketing Director Moto DACH-Benelux
1830,Sales and Marketing Operations Director EMEA,Director,en,Sales and Marketing Operations Director EMEA
1831,Sales&Marketing Director,Director,en,Sales&Marketing Director
1832,Senior Director Global Marketing,Director,en,Senior Director Global Marketing
1833,Senior Director Global Marketing Communications,Director,en,Senior Director Global Marketing Communications
1834,Senior Director Marketing,Director,en,Senior Director Marketing
1835,Senior Director Marketing & Industry Management,Director,en,Senior Director Marketing & Industry Management
1836,Senior Director Marketing- & Sales Controlling & Sales Services,Director,en,Senior Director Marketing- & Sales Controlling & Sales Services
1837,Senior Director Marketing Business Area Equipment,Director,en,Senior Director Marketing Business Area Equipment
1838,Senior Director Marketing EMEA,Director,pt,Senior Director Marketing EMEA
1839,Senior Director Of Marketing & Sales,Director,en,Senior Director Of Marketing & Sales
1840,Senior Director Sales & Marketing,Director,en,Senior Director Sales & Marketing
1841,Senior Director Sales Marketing,Director,en,Senior Director Sales Marketing
1842,Senior Marketing Director,Director,en,Senior Marketing Director
1843,Specialist Marketing Director Head of Offering ...,Director,en,Specialist Marketing Director Head of Offering ...
1844,Sr. Director of Global Field Marketing,Director,en,Sr. Director of Global Field Marketing
1845,Strategic Marketing Director,Director,en,Strategic Marketing Director
1846,Vice Director Marketing,Director,en,Vice Director Marketing
1847,Director of Operations,Director,en,Director of Operations
1848,Director Operations,Director,en,Director Operations
1849,Executive Director Operations,Director,en,Executive Director Operations
1850,Managing Directors Operations @ ZEborne,Director,en,Managing Directors Operations @ ZEborne
1851,Operations Optimisation Director,Director,en,Operations Optimisation Director
1852,Owner and Director of Operations,Director,en,Owner and Director of Operations
1853,Senior Director Operations Development,Director,en,Senior Director Operations Development
1854,Senior Director Retail Operations,Director,en,Senior Director Retail Operations
1855,Technical Director Operations - Europe,Director,en,Technical Director Operations - Europe
1856,Director Operational Purchasing,Director,en,Director Operational Purchasing
1857,Abteilungsdirektor - CRM & Vertriebskoordination,Director,de,Department Director - CRM & Sales Coordination
1858,Abteilungsdirektor Vertrieb,Director,de,Director of Sales
1859,Area Sales Director,Director,en,Area Sales Director
1860,Assistentin Director Sales & Products,Director,en,Assistentin Director Sales & Products
1861,Assistentin Sales Director & CRM,Director,en,Assistentin Sales Director & CRM
1862,Assistenz Director Sales Germany / Trade Lane Manager Africa/Middle East,Director,en,Assistenz Director Sales Germany / Trade Lane Manager Africa/Middle East
1863,Associate Director Sales,Director,en,Associate Director Sales
1864,Associated Director Sales & Business Development,Director,en,Associated Director Sales & Business Development
1865,Associated Director Sales and GTS,Director,en,Associated Director Sales and GTS
1866,Bereichsleiter Verkauf / Sales Director,Director,de,Head of Sales / Sales Director
1867,Bereichsleiter Vertrieb / Director Sales Headqu...,Director,de,Head of Sales / Director Sales Headqu...
1868,Branch Manager & Sales Director,Director,en,Branch Manager & Sales Director
1869,Business Development & Solution Sales Director,Director,en,Business Development & Solution Sales Director
1870,Business Director Sales und Training,Director,de,Business Director Sales and Training
1871,Business Unit Director / Sales Manager B2B - PC,Director,en,Business Unit Director / Sales Manager B2B - PC
1872,Commercial Director and Senior Sales Manager @ Smart Pole Factory,Director,en,Commercial Director and Senior Sales Manager @ Smart Pole Factory
1873,Country & Sales Director Germany,Director,en,Country & Sales Director Germany
1874,Deputy CEO & Sales Director D-A-CH,Director,en,Deputy CEO & Sales Director D-A-CH
1875,Director / Head of Sales,Director,en,Director / Head of Sales
1876,Director After Sales Service,Director,en,Director After Sales Service
1877,Director Business Development & Sales,Director,en,Director Business Development & Sales
1878,Director Business Development & Sales Europe,Director,en,Director Business Development & Sales Europe
1879,Director Channel Sales,Director,en,Director Channel Sales
1880,Director Channel Sales Germany,Director,en,Director Channel Sales Germany
1881,Director Commercial Sales Germany,Director,en,Director Commercial Sales Germany
1882,Director Consulting & Sales,Director,en,Director Consulting & Sales
1883,Director Corporate & Private Sales / E-Commerce,Director,en,Director Corporate & Private Sales / E-Commerce
1884,Director DACH Sales,Director,en,Director DACH Sales
1885,Director Dealer Sales Germany,Director,en,Director Dealer Sales Germany
1886,Director Enterprise Sales - EMEA,Director,pt,Director Enterprise Sales - EMEA
1887,Director Enterprise Sales D/A/CH,Director,pt,Director Enterprise Sales D/A/CH
1888,Director Enterprise Sales DACH,Director,en,Director Enterprise Sales DACH
1889,Director Field Sales Germany,Director,en,Director Field Sales Germany
1890,Director Fund Sales,Director,en,Director Fund Sales
1891,Director General Sales | Vermögensverwalter,Director,de,Director General Sales 的 Asset Managers
1892,Director Global Alfabet Sales and PreSales Enab...,Director,en,Director Global Alfabet Sales and PreSales Enab...
1893,Director Global Sales,Director,en,Director Global Sales
1894,Director Global Sales -  Industrial / Special Customers,Director,en,Director Global Sales -  Industrial / Special Customers
1895,Director Global Sales & Strategic Customers,Director,en,Director Global Sales & Strategic Customers
1896,Director Global Sales Derby Cycle Werke,Director,nl,Director Global Sales Derby Cycle Werke
1897,Director Global Sales Processes,Director,en,Director Global Sales Processes
1898,Director Inside Sales,Director,en,Director Inside Sales
1899,Director Inside Sales Deutschland & Schweiz,Director,de,Director Inside Sales Germany & Switzerland
1900,Director Inside Sales EMEA,Director,pt,Director Inside Sales EMEA
1901,Director Institutional Sales,Director,en,Director Institutional Sales
1902,Director International Sales,Director,en,Director International Sales
1903,Director International Sales & Projects,Director,en,Director International Sales & Projects
1904,Director International Sales / Leitung Internationaler Vertrieb,Director,de,Director International Sales / Head of International Sales
1905,Director International Sales and Projects,Director,en,Director International Sales and Projects
1906,Director International Sales Checkweighers,Director,en,Director International Sales Checkweighers
1907,Director International Sales ECNE,Director,en,Director International Sales ECNE
1908,Director Key Account Sales,Director,en,Director Key Account Sales
1909,Director Lead Management Sales / Customer Group,Director,en,Director Lead Management Sales / Customer Group
1910,Director Media Sales,Director,en,Director Media Sales
1911,Director of Corporate Sales,Director,en,Director of Corporate Sales
1912,Director of Enterprise Sales. EMEA,Director,en,Director of Enterprise Sales. EMEA
1913,Director of Global Sales & Business Development,Director,en,Director of Global Sales & Business Development
1914,Director of Inside Sales,Director,en,Director of Inside Sales
1915,Director of International Sales,Director,en,Director of International Sales
1916,Director of Process Management Sales,Director,en,Director of Process Management Sales
1917,Director of Sales,Director,en,Director of Sales
1918,Director of Sales - Central Europe,Director,en,Director of Sales - Central Europe
1919,Director of Sales - EMEA,Director,en,Director of Sales - EMEA
1920,Director of Sales & Execution,Director,en,Director of Sales & Execution
1921,Director of Sales & General Manager,Director,en,Director of Sales & General Manager
1922,Director of Sales & Key Account Manager,Director,en,Director of Sales & Key Account Manager
1923,Director of Sales & Sales Engineering Europe,Director,en,Director of Sales & Sales Engineering Europe
1924,Director of Sales & Vice President,Director,en,Director of Sales & Vice President
1925,Director of Sales / Web Consultant,Director,en,Director of Sales / Web Consultant
1926,Director of Sales | Western Regions,Director,en,Director of Sales | Western Regions
1927,Director of Sales and Business Development Photovoltaics,Director,en,Director of Sales and Business Development Photovoltaics
1928,Director of Sales DACH,Director,en,Director of Sales DACH
1929,Director of Sales DACH // Activ Defense for Datacenters,Director,en,Director of Sales DACH // Activ Defense for Datacenters
1930,Director of Sales EMEA,Director,en,Director of Sales EMEA
1931,Director of Sales for Europe (EMEA),Director,en,Director of Sales for Europe (EMEA)
1932,Director of Sales Germany,Director,en,Director of Sales Germany
1933,Director of Sales Intelligence,Director,en,Director of Sales Intelligence
1934,Director of Sales Regions / Leiter Direktvertri...,Director,de,Director of Sales Regions / Head of Direct...
1935,Director Pre Sales,Director,en,Director Pre Sales
1936,Director PreSales,Director,en,Director PreSales
1937,Director Pre-Sales D-A-CH,Director,pt,Director Pre-Sales D-A-CH
1938,Director Pre-Sales EMEA,Director,pt,Director Pre-Sales EMEA
1939,Director Product Sales,Director,en,Director Product Sales
1940,Director Provider Sales & Support,Director,en,Director Provider Sales & Support
1941,Director Regional Sales & Partnermanagement,Director,en,Director Regional Sales & Partnermanagement
1942,Director Regional Sales & Solutions,Director,en,Director Regional Sales & Solutions
1943,Director Sales,Director,en,Director Sales
1944,Director Sales - After Sales Services,Director,en,Director Sales - After Sales Services
1945,Director Sales - New Business,Director,en,Director Sales - New Business
1946,Director Sales & Account Management,Director,en,Director Sales & Account Management
1947,Director Sales & Authorized Officer,Director,en,Director Sales & Authorized Officer
1948,Director Sales & Automation MSR,Director,en,Director Sales & Automation MSR
1949,Director Sales & BD,Director,en,Director Sales & BD
1950,Director Sales & Biz Development,Director,en,Director Sales & Biz Development
1951,Director Sales & Business Development,Director,en,Director Sales & Business Development
1952,Director Sales & Business Development DACH,Director,en,Director Sales & Business Development DACH
1953,Director Sales & Business Development Manager,Director,en,Director Sales & Business Development Manager
1954,Director Sales & Consulting Member of the Board,Director,en,Director Sales & Consulting Member of the Board
1955,Director Sales & Director Sales Engineering,Director,en,Director Sales & Director Sales Engineering
1956,Director Sales & Distribution Germany,Director,en,Director Sales & Distribution Germany
1957,Director Sales & Management Consultant SAP BI,Director,en,Director Sales & Management Consultant SAP BI
1958,Director Sales & New Business,Director,en,Director Sales & New Business
1959,Director Sales & Operations,Director,en,Director Sales & Operations
1960,Director Sales & Partnermanagement,Director,en,Director Sales & Partnermanagement
1961,Director Sales & Programs,Director,en,Director Sales & Programs
1962,Director Sales & Project Management,Director,en,Director Sales & Project Management
1963,Director Sales & Prokurist,Director,ur,Director Sales & Prokurist
1964,Director Sales & Relations,Director,en,Director Sales & Relations
1965,Director Sales & Relations D-A-CH,Director,en,Director Sales & Relations D-A-CH
1966,Director Sales & Service,Director,en,Director Sales & Service
1967,Director Sales & Service - Prokurist,Director,en,Director Sales & Service - Prokurist
1968,Director Sales & Solutions,Director,en,Director Sales & Solutions
1969,Director Sales (Vertriebsleiter),Director,de,Director Sales (Head of Sales)
1970,Director Sales / Geschäftsleitung ALSO Deutschland GmbH,Director,de,Director Sales / Executive Board ALSO Deutschland GmbH
1971,Director Sales / Vertriebsleiter,Director,de,Director Sales / Sales Manager
1972,Director Sales + Productmanagement,Director,en,Director Sales + Productmanagement
1973,Director Sales Administration,Director,en,Director Sales Administration
1974,Director Sales Administration/Key Account Manager,Director,en,Director Sales Administration/Key Account Manager
1975,Director Sales and Application Engineering,Director,en,Director Sales and Application Engineering
1976,Director Sales and Business Development,Director,en,Director Sales and Business Development
1977,Director Sales and Customer Service,Director,en,Director Sales and Customer Service
1978,Director Sales and Operation,Director,en,Director Sales and Operation
1979,Director Sales and Operations,Director,en,Director Sales and Operations
1980,Director Sales and Portfolio Management,Director,en,Director Sales and Portfolio Management
1981,Director Sales and Product Management DIE WELT ...,Director,de,Director Sales and Product Management THE WORLD ...
1982,Director Sales and Recruitment,Director,en,Director Sales and Recruitment
1983,Director Sales and Support,Director,en,Director Sales and Support
1984,Director Sales Asia & Pacific,Director,en,Director Sales Asia & Pacific
1985,Director Sales Business Development,Director,en,Director Sales Business Development
1986,Director Sales Business Unit Commercial Vehicle,Director,en,Director Sales Business Unit Commercial Vehicle
1987,Director Sales Central EU,Director,en,Director Sales Central EU
1988,Director Sales Consulting,Director,en,Director Sales Consulting
1989,Director Sales Consulting Central Europe,Director,en,Director Sales Consulting Central Europe
1990,Director Sales Cornerstone on Demand,Director,en,Director Sales Cornerstone on Demand
1991,Director Sales D/A/CH,Director,en,Director Sales D/A/CH
1992,Director Sales D/A/CH & Director Key Market LSR,Director,en,Director Sales D/A/CH & Director Key Market LSR
1993,Director Sales DACH,Director,en,Director Sales DACH
1994,Director Sales D-A-CH,Director,pt,Director Sales D-A-CH
1995,Director Sales DACH & Eastern Europe,Director,en,Director Sales DACH & Eastern Europe
1996,Director Sales DACH & Nordics,Director,en,Director Sales DACH & Nordics
1997,Director Sales eGovernment Solutions,Director,en,Director Sales eGovernment Solutions
1998,Director Sales EMEA,Director,en,Director Sales EMEA
1999,Director Sales EMEA - Prokurist,Director,pt,Director Sales EMEA - Prokurist
2000,Director Sales Engineering DACH,Director,en,Director Sales Engineering DACH
2001,Director Sales Engineering EMEA,Director,en,Director Sales Engineering EMEA
2002,Director Sales Europe,Director,en,Director Sales Europe
2003,Director Sales Excellence,Director,en,Director Sales Excellence
2004,Director Sales Germany,Director,en,Director Sales Germany
2005,Director Sales International Customers,Director,en,Director Sales International Customers
2006,Director Sales Key Account,Director,en,Director Sales Key Account
2007,Director Sales Lab,Director,en,Director Sales Lab
2008,Director Sales Lenses Germany (West & Central) & Luxemburg,Director,en,Director Sales Lenses Germany (West & Central) & Luxemburg
2009,Director Sales national / international,Director,en,Director Sales national / international
2010,Director Sales Operations,Director,en,Director Sales Operations
2011,Director Sales Operations Worldwide,Director,en,Director Sales Operations Worldwide
2012,Director Sales PPM,Director,en,Director Sales PPM
2013,Director Sales RBU Europe - Sheetfed/UV,Director,en,Director Sales RBU Europe - Sheetfed/UV
2014,Director Sales Region Asia & Oceania,Director,en,Director Sales Region Asia & Oceania
2015,Director Sales Robert Bosch GmbH,Director,de,Director Sales Robert Bosch GmbH
2016,Director Sales Support,Director,en,Director Sales Support
2017,Director Sales valantic CEC Deutschland GmbH,Director,de,Director Sales valantic CEC Deutschland GmbH
2018,Director Sales West & North East,Director,en,Director Sales West & North East
2019,Director Sales Western Europe,Director,en,Director Sales Western Europe
2020,Director Sales/SVP,Director,en,Director Sales/SVP
2021,Director Salesforce Practice,Director,en,Director Salesforce Practice
2022,Director Strategy and Sales Services EMEA,Director,en,Director Strategy and Sales Services EMEA
2023,Director Vertrieb & Produktmanagement,Director,de,Director Sales & Product Management
2024,Direktor Vertriebssteuerung - Director Marketin...,Director,de,Director Sales Management - Director Marketin...
2025,EMEA Sales Director,Director,en,EMEA Sales Director
2026,Enterprise Sales Director DACH,Director,en,Enterprise Sales Director DACH
2027,European Digital Sales Director,Director,en,European Digital Sales Director
2028,European Sales Director,Director,en,European Sales Director
2029,Executive Director of Sales,Director,en,Executive Director of Sales
2030,Executive Director Sales,Director,en,Executive Director Sales
2031,Field Sales Director Off-Trade (Nat. Verkaufsleitung Handel),Director,de,Field Sales Director Off-Trade (Nat. Verkaufsleitung Handel)
2032,Field Sales Group Director,Director,en,Field Sales Group Director
2033,Founder & Managing Director  / Sales Evangelist,Director,en,Founder & Managing Director  / Sales Evangelist
2034,General Sales Director,Director,en,General Sales Director
2035,Gesamtvertriebsleiter/ Sales Director,Director,de,Sales Director
2036,Global Director of Sales Operations,Director,en,Global Director of Sales Operations
2037,Global Director Sales & Technology - Gauze Applications,Director,en,Global Director Sales & Technology - Gauze Applications
2038,Global Director Sales Enablement,Director,en,Global Director Sales Enablement
2039,Global Sales & Service Director,Director,en,Global Sales & Service Director
2040,Global Sales Director,Director,en,Global Sales Director
2041,Global Sales Director & wire springs division manager,Director,en,Global Sales Director & wire springs division manager
2042,Global Sales Director / CSO,Director,en,Global Sales Director / CSO
2043,Global Sales Director @Solukon,Director,it,Global Sales Director @Solukon
2044,Global Sales Director Sodiaal Dairy Ingredients,Director,en,Global Sales Director Sodiaal Dairy Ingredients
2045,Global Sales Performance Director,Director,en,Global Sales Performance Director
2046,Group Director Sales,Director,en,Group Director Sales
2047,Group Director Sales Processes & RFQ,Director,en,Group Director Sales Processes & RFQ
2048,Group Sales Director,Director,en,Group Sales Director
2049,Head of Collaboration - Director Sales,Director,en,Head of Collaboration - Director Sales
2050,Head of Development – Sales Director – Assystem ET&I,Director,en,Head of Development – Sales Director – Assystem ET&I
2051,Head of Sales/Commercial Director Life Science & Nutrition,Director,en,Head of Sales/Commercial Director Life Science & Nutrition
2052,Inhaber / Director Sales,Director,de,Owner / Director Sales
2053,Inside Sales Director BU Network Solution & IT ...,Director,en,Inside Sales Director BU Network Solution & IT ...
2054,Interims Director Sales & Strat. Partnerships,Director,en,Interims Director Sales & Strat. Partnerships
2055,International Sales Director,Director,en,International Sales Director
2056,International Sales Director at CAM Systems GmbH,Director,en,International Sales Director at CAM Systems GmbH
2057,Key Account Sales Director,Director,en,Key Account Sales Director
2058,Leiter Vertrieb / Director Sales,Director,de,Head of Sales / Director Sales
2059,Leiter Vertrieb / Sales Director,Director,de,Head of Sales / Sales Director
2060,"at ait-deutschland GmbH""",Director,de,at ait-deutschland GmbH'
2061,Leiter Vertrieb/Director Sales,Director,de,Head of Sales/Director Sales
2062,Leiterin Vertrieb / Director of Corporate Sales,Director,de,Head of Sales / Director of Corporate Sales
2063,Leiterin Vertrieb Innendienst / Director Inside Sales,Director,de,Head of Internal Sales / Director Inside Sales
2064,Leitung Verkauf / Director of Sales,Director,de,Head of Sales / Director of Sales
2065,Ltd. Angestellter Vertrieb / Bezirksdirektor,Director,de,Ltd. Employee Sales / District Director
2066,Managing Director - Head of Sales DACH & Nordics,Director,en,Managing Director - Head of Sales DACH & Nordics
2067,Managing Director - International Sales and Par...,Director,en,Managing Director - International Sales and Par...
2068,Managing Director & Head of Sales,Director,en,Managing Director & Head of Sales
2069,Managing Director Capri Sun Vertrieb Deutschland,Director,de,Managing Director Capri Sun Sales Germany
2070,Managing Director Sales,Director,en,Managing Director Sales
2071,Managing Director Sales // Regional Director DA...,Director,en,Managing Director Sales // Regional Director DA...
2072,National Sales Director KAM,Director,hi,National Sales Director KAM
2073,Organisationsdirektor Vertrieb Generalagenten,Director,de,Organizational Director Sales General Agents
2074,Performance Sales Director,Director,en,Performance Sales Director
2075,ppa. Verkaufsleiter | Sales Director D A CH International,Director,de,ppa. Sales Director D A CH International
2076,Process Sales Director - Europe,Director,en,Process Sales Director - Europe
2077,Program Director - Salesforce expert | John Paul Group,Director,en,Program Director - Salesforce expert | John Paul Group
2078,Prokurist - Director Sales,Director,ur,Prokurist - Director Sales
2079,Prokurist - Director Sales and Technical Service Europe,Director,en,Prokurist - Director Sales and Technical Service Europe
2080,Regional Director - Sales and Account Management,Director,en,Regional Director - Sales and Account Management
2081,Regional Director of Sales DACH,Director,en,Regional Director of Sales DACH
2082,Regional Sales  Director - EMEA,Director,pt,Regional Sales  Director - EMEA
2083,Regional Sales Director,Director,en,Regional Sales Director
2084,Regional Sales Director CEER,Director,nl,Regional Sales Director CEER
2085,Regional Sales Director Central Europe & Poland,Director,en,Regional Sales Director Central Europe & Poland
2086,Regional Sales Director DACH,Director,en,Regional Sales Director DACH
2087,Regional Sales Director DE/CH,Director,pt,Regional Sales Director DE/CH
2088,Regional Sales Director EMEA and India,Director,en,Regional Sales Director EMEA and India
2089,Regional Sales Director Germany,Director,en,Regional Sales Director Germany
2090,Regional Sales Director Nonwovens,Director,it,Regional Sales Director Nonwovens
2091,Regionaldirektor / Head of Sales and CRM,Director,nl,Regionaldirektor / Head of Sales and CRM
2092,Sales & Business Development Director (Mitglied...,Director,en,Sales & Business Development Director (Mitglied...
2093,Sales & Engineering Director,Director,en,Sales & Engineering Director
2094,Sales and Business Development Director,Director,en,Sales and Business Development Director
2095,Sales Development  & Mktg Director,Director,en,Sales Development  & Mktg Director
2096,Sales Development Director,Director,en,Sales Development Director
2097,Sales Director,Director,en,Sales Director
2098,Sales Director - Agriculture (AG) Europe,Director,en,Sales Director - Agriculture (AG) Europe
2099,Sales Director - CCO,Director,en,Sales Director - CCO
2100,Sales Director - DACH,Director,en,Sales Director - DACH
2101,Sales Director - Europe,Director,en,Sales Director - Europe
2102,Sales Director  International B2B & Food Service,Director,en,Sales Director  International B2B & Food Service
2103,Sales Director - Prokurist,Director,ur,Sales Director - Prokurist
2104,Sales Director & Key Account Manager,Director,en,Sales Director & Key Account Manager
2105,Sales Director & Niederlassungsleiter,Director,de,Sales Director & Branch Manager
2106,Sales Director (Export),Director,en,Sales Director (Export)
2107,Sales Director (Vertriebsleiter),Director,de,Sales Director (Head of Sales)
2108,Sales Director / Head of Sales,Director,en,Sales Director / Head of Sales
2109,Sales Director / Leitung Vertrieb,Director,de,Sales Director / Head of Sales
2110,Sales Director / Mitglied der GL,Director,de,Sales Director / Member of the GL
2111,Sales Director / Objektleiter,Director,de,Sales Director / Object Manager
2112,Sales Director / Prokurist,Director,ur,Sales Director / Prokurist
2113,Sales Director / Vertrieb,Director,de,Sales Director / Sales
2114,Sales Director / Vertriebsleiter,Director,de,Sales Director / Sales Manager
2115,Sales Director / Vertriebsleitung,Director,de,Sales Director / Sales Director
2116,Sales Director B2B,Director,en,Sales Director B2B
2117,Sales Director BABYWELT,Director,de,Sales Director BABYWELT
2118,Sales Director Benelux and International Training Manager,Director,en,Sales Director Benelux and International Training Manager
2119,Sales Director BMW Group,Director,en,Sales Director BMW Group
2120,Sales Director Brand Label,Director,en,Sales Director Brand Label
2121,Sales Director Central & Eastern Europe / Global Rail Applications,Director,en,Sales Director Central & Eastern Europe / Global Rail Applications
2122,Sales Director Central Europe,Director,en,Sales Director Central Europe
2123,Sales Director Central&Eastern Europe Fragrances & Oral Care,Director,en,Sales Director Central&Eastern Europe Fragrances & Oral Care
2124,Sales Director Channel Germany,Director,en,Sales Director Channel Germany
2125,Sales Director Commercial / Central Europe,Director,en,Sales Director Commercial / Central Europe
2126,Sales Director Compliance Solutions,Director,en,Sales Director Compliance Solutions
2127,Sales Director Consumer Packaging & Display,Director,en,Sales Director Consumer Packaging & Display
2128,Sales Director D/A/CH,Director,en,Sales Director D/A/CH
2129,Sales Director DACH,Director,en,Sales Director DACH
2130,Sales Director D-A-CH,Director,pt,Sales Director D-A-CH
2131,Sales Director DACH & BeNeLux - Colt Capital Markets - / Prokurist,Director,en,Sales Director DACH & BeNeLux - Colt Capital Markets - / Prokurist
2132,Sales Director DACH & CEE,Director,en,Sales Director DACH & CEE
2133,Sales Director DACH & IBERIA,Director,de,Sales Director DACH & IBERIA
2134,Sales Director DECH,Director,hi,Sales Director DECH
2135,Sales Director Deutschland Print & Digital,Director,de,Sales Director Germany Print & Digital
2136,Sales Director Digital Services,Director,en,Sales Director Digital Services
2137,Sales Director Discount,Director,en,Sales Director Discount
2138,Sales Director Distributor Northern & Central E...,Director,en,Sales Director Distributor Northern & Central E...
2139,Sales Director Döhle Group,Director,tr,Sales Director Döhle Group
2140,Sales Director Dossche Mills,Director,de,Sales Director Dossche Mills
2141,Sales Director E-Commerce,Director,en,Sales Director E-Commerce
2142,Sales Director EEMEA,Director,pt,Sales Director EEMEA
2143,Sales Director EMEA,Director,en,Sales Director EMEA
2144,Sales Director Europe,Director,en,Sales Director Europe
2145,Sales Director European Subsidiaries,Director,en,Sales Director European Subsidiaries
2146,Sales Director Export,Director,en,Sales Director Export
2147,Sales Director German OEM's FTDS,Director,en,Sales Director German OEM's FTDS
2148,Sales Director Germany,Director,en,Sales Director Germany
2149,Sales Director Germany & Austria,Director,en,Sales Director Germany & Austria
2150,Sales Director Germany / Vertriebsdirektor Deutschland,Director,de,Sales Director Germany / Sales Director Germany
2151,Sales Director Global & Business Unit Development,Director,en,Sales Director Global & Business Unit Development
2152,Sales Director GM Europe,Director,en,Sales Director GM Europe
2153,Sales Director High Performance Nonwovens,Director,en,Sales Director High Performance Nonwovens
2154,Sales Director Hotel & Spa APAC,Director,en,Sales Director Hotel & Spa APAC
2155,Sales Director Industrial Key Accounts,Director,en,Sales Director Industrial Key Accounts
2156,Sales Director Infrastructure,Director,en,Sales Director Infrastructure
2157,Sales Director International,Director,en,Sales Director International
2158,Sales Director International Business,Director,en,Sales Director International Business
2159,Sales Director International Distribution Partners,Director,en,Sales Director International Distribution Partners
2160,Sales Director International Key Accounts,Director,en,Sales Director International Key Accounts
2161,Sales Director Intralogistics Europe,Director,en,Sales Director Intralogistics Europe
2162,Sales Director IR Solutions and UV Lamps,Director,en,Sales Director IR Solutions and UV Lamps
2163,Sales Director Jacobi Carbons GmbH,Director,en,Sales Director Jacobi Carbons GmbH
2164,Sales Director Key Accounts,Director,en,Sales Director Key Accounts
2165,Sales Director MSR,Director,en,Sales Director MSR
2166,Sales Director New Markets,Director,en,Sales Director New Markets
2167,Sales Director NGINX,Director,en,Sales Director NGINX
2168,Sales Director Northern & Eastern Europe,Director,en,Sales Director Northern & Eastern Europe
2169,Sales Director OEM / Geschäftsführer Ronal Technologie GmbH,Director,de,Sales Director OEM / Managing Director Ronal Technologie GmbH
2170,Sales Director Off-Trade & Wholesale,Director,en,Sales Director Off-Trade & Wholesale
2171,Sales Director PCG,Director,en,Sales Director PCG
2172,Sales Director Pharma,Director,en,Sales Director Pharma
2173,Sales Director PHE HVAC/Light Industry D-A-CH,Director,en,Sales Director PHE HVAC/Light Industry D-A-CH
2174,Sales Director Rapid Prototyping,Director,en,Sales Director Rapid Prototyping
2175,Sales Director Retsch GmbH / Vertriebsleiter,Director,de,Sales Director Retsch GmbH / Sales Manager
2176,Sales Director SAP Solutions & Technology,Director,en,Sales Director SAP Solutions & Technology
2177,Sales Director SEE,Director,en,Sales Director SEE
2178,Sales Director Solutions,Director,en,Sales Director Solutions
2179,Sales Director Southern Europe,Director,en,Sales Director Southern Europe
2180,Sales Director Special Products,Director,en,Sales Director Special Products
2181,Sales Director Spirits & Business Development,Director,en,Sales Director Spirits & Business Development
2182,Sales Director Strategic Accounts,Director,en,Sales Director Strategic Accounts
2183,Sales Director Systems,Director,en,Sales Director Systems
2184,Sales Director Talent Management DACH,Director,en,Sales Director Talent Management DACH
2185,Sales Director Technical Sales,Director,en,Sales Director Technical Sales
2186,Sales Director Territory,Director,en,Sales Director Territory
2187,Sales Director US,Director,en,Sales Director US
2188,Sales Director VAUTID GmbH || ? International B2B-Sales ? || Business Development || Leadership || ?? #gernperdu ??,Director,hi,Sales Director VAUTID GmbH || ? International B2B-Sales ? || Business Development || Leadership || ?? #gernperdu ??
2189,Sales Director West Germany,Director,en,Sales Director West Germany
2190,Sales Director/ Vertriebsdirektor,Director,de,Sales Director/ Sales Director
2191,Sales Excellence Program Director,Director,en,Sales Excellence Program Director
2192,Sales Innovation Director (International Operations),Director,en,Sales Innovation Director (International Operations)
2193,Sales Operations Director France & SWitzerland,Director,nl,Sales Operations Director France & SWitzerland
2194,Salesforce Project Director,Director,en,Salesforce Project Director
2195,Senior Director Enterprise Sales,Director,en,Senior Director Enterprise Sales
2196,Senior Director Global Sales,Director,en,Senior Director Global Sales
2197,Senior Director of Outside Sales,Director,en,Senior Director of Outside Sales
2198,Senior Director Sales,Director,en,Senior Director Sales
2199,Senior Director Sales & Service,Director,en,Senior Director Sales & Service
2200,Senior Director Sales Germany,Director,en,Senior Director Sales Germany
2201,Senior Director Sales International,Director,en,Senior Director Sales International
2202,Senior Director Sales Office,Director,en,Senior Director Sales Office
2203,Senior Director Sales Operations & Pricing EMEA,Director,en,Senior Director Sales Operations & Pricing EMEA
2204,Senior Sales + Medical Director,Director,en,Senior Sales + Medical Director
2205,Senior Sales Director,Director,en,Senior Sales Director
2206,Senior Sales Director Systems & Software Engineering World Wide,Director,en,Senior Sales Director Systems & Software Engineering World Wide
2207,Services Sales Director Central,Director,en,Services Sales Director Central
2208,Sr. Director Channel Sales EMEA,Director,en,Sr. Director Channel Sales EMEA
2209,Stellvertretender Sales Director | Senior Account Director,Director,de,Deputy Sales Director 的 Senior Account Director
2210,Strategic Sales Director International,Director,en,Strategic Sales Director International
2211,Unit Director Digital Sales,Director,en,Unit Director Digital Sales
2212,Verkaufsdirektor/Director of Sales,Director,de,Sales Director/Director of Sales
2213,Verkaufsleiter / Sales Director,Director,de,Sales Manager / Sales Director
2214,Vertriebsdirektor,Director,de,Sales Director
2215,Vertriebsdirektor - Dipl. Systemischer Coach - ...,Director,de,Sales Director - Dipl. Systemischer Coach - ...
2216,Vertriebsdirektor (Sales Director),Director,de,Sales Director
2217,Vertriebsdirektor / Prokurist,Director,de,Sales Director / Procurator
2218,Vertriebsdirektor / Sales Director,Director,de,Sales Director / Sales Director
2219,Vertriebsdirektor Firmenkunden,Director,de,Sales Director Corporate Clients
2220,Vertriebsdirektor/ Sales Director DRI Central Europe & Pouch Packaging International,Director,de,Sales Director DRI Central Europe & Pouch Packaging International
2221,Vertriebsleiter - Sales Director,Director,de,Sales Director - Sales Director
2222,Vertriebsleiter (Sales Director),Director,de,Sales Director
2223,Vertriebsleiter / Director Sales,Director,de,Sales Manager / Director Sales
2224,Vertriebsleiter / Sales Director,Director,de,Sales Director / Sales Director
2225,Vertriebsleiter / Senior Sales Director,Director,de,Sales Manager / Senior Sales Director
2226,Vertriebsleiter | Sales Director,Director,de,Sales Director -- Sales Director
2227,Vertriebsleiter D+AT / Sales Director D+AT,Director,de,Sales Director D+AT / Sales Director D+AT
2228,Vertriebsleiter Deutschland / Sales Director Germany,Director,de,Sales Director Germany / Sales Director Germany
2229,Vertriebsleiter/ Director Sales Lacon Gruppe,Director,de,Sales Manager / Director Sales Lacon Group
2230,Vertriebsleitung / Sales Director,Director,de,Sales Director / Sales Director
2231,Vertriebsleitung Deutschland / Sales Director Germany,Director,de,Sales Director Germany / Sales Director Germany
2232,VP Global Sales & Managing Director,Director,en,VP Global Sales & Managing Director
2233,VP Regional Sales EU  Central / Managing Director Germany,Director,en,VP Regional Sales EU  Central / Managing Director Germany
2234,Geschäftsführer - Junior,Junior,de,Managing Director - Junior
2235,Geschäftsführer Junior,Junior,de,Managing Director Junior
2236,Junior Acquisition Manager,Junior,en,Junior Acquisition Manager
2237,Junior Affiliate Manager,Junior,en,Junior Affiliate Manager
2238,Junior Chefin,Junior,en,Junior Chefin
2239,Junior Content-Managerin,Junior,en,Junior Content-Managerin
2240,Junior Data Quality Specialist,Junior,en,Junior Data Quality Specialist
2241,Junior Engineering Program Manager,Junior,en,Junior Engineering Program Manager
2242,Junior Event Managerin,Junior,en,Junior Event Managerin
2243,Junior Eventmanager,Junior,en,Junior Eventmanager
2244,Junior Financial Analyst in Training,Junior,en,Junior Financial Analyst in Training
2245,Junior Manager Investor Relations & Unternehmen...,Junior,en,Junior Manager Investor Relations & Unternehmen...
2246,Junior Media Designer,Junior,en,Junior Media Designer
2247,Junior Product Manager,Junior,en,Junior Product Manager
2248,Junior Project Manager,Junior,en,Junior Project Manager
2249,Junior Projektleiter,Junior,de,Junior Project Manager
2250,Junior Projektmanager,Junior,en,Junior Projektmanager
2251,Junior Projektmanagerin Investorenbetreuung,Junior,de,Junior Project Manager Investor Support
2252,Junior Texterin,Junior,de,Junior copywriter
2253,Junior Verpackungsentwickler,Junior,de,Junior Packaging Developer
2254,Junior Assistenz,Junior,de,Junior Assistant
2255,Junior Berater Business Development Performance...,Junior,en,Junior Berater Business Development Performance...
2256,Junior Business Analyst,Junior,en,Junior Business Analyst
2257,Junior Business Development Intern,Junior,en,Junior Business Development Intern
2258,Junior Consultant SAP Business Intelligence,Junior,en,Junior Consultant SAP Business Intelligence
2259,Junior Consultant,Junior,en,Junior Consultant
2260,SAP Junior Inhouse Consultant,Junior,en,SAP Junior Inhouse Consultant
2261,Global Digitalization Junior Expert,Junior,en,Global Digitalization Junior Expert
2262,Junior Manager Digital Media & Client Services,Junior,en,Junior Manager Digital Media & Client Services
2263,Junior SAP Berater / Anwendungsentwickler,Junior,de,Junior SAP Consultant / Application Developer
2264,CRM Junior Datenmanagerin,Junior,nl,CRM Junior Data Manager
2265,CRM Junior Managerin,Junior,en,CRM Junior Managerin
2266,CRM Junior Projekt Manager,Junior,en,CRM Junior Projekt Manager
2267,Junior Content & CRM Manager,Junior,en,Junior Content & CRM Manager
2268,Junior CRM-Applikationsbetreuerin,Junior,nl,Junior CRM application manager
2269,Junior Expert CRM Consulting,Junior,en,Junior Expert CRM Consulting
2270,Junior Kundenberater CRM,Junior,de,Junior Customer Consultant CRM
2271,Junior Project Manager CRM,Junior,en,Junior Project Manager CRM
2272,Market Analyst & CRM Junior,Junior,en,Market Analyst & CRM Junior
2273,Digital Native | Junior Manager | E-Commerce & Digital Marketing,Junior,en,Digital Native | Junior Manager | E-Commerce & Digital Marketing
2274,Junior Communication Specialist,Junior,en,Junior Communication Specialist
2275,Junior Communications Specialist,Junior,en,Junior Communications Specialist
2276,Junior Consultant E-Mail Marketing & CRM,Junior,it,Junior Consultant E-Mail Marketing & CRM
2277,Junior Digital Marketing Manager,Junior,en,Junior Digital Marketing Manager
2278,Junior Expert CRM/ GDPR/ Marketing Coporate Communications and Public Affairs,Junior,en,Junior Expert CRM/ GDPR/ Marketing Coporate Communications and Public Affairs
2279,Junior Field Marketing Specialist,Junior,en,Junior Field Marketing Specialist
2280,Junior Key Account Manager Industry / Marketing Representative,Junior,en,Junior Key Account Manager Industry / Marketing Representative
2281,Junior Manager Event & Channel Marketing,Junior,en,Junior Manager Event & Channel Marketing
2282,Junior Manager Marketing & PR,Junior,en,Junior Manager Marketing & PR
2283,Junior Manager Marketing & Sales,Junior,en,Junior Manager Marketing & Sales
2284,Junior Manager Marketing Communications,Junior,en,Junior Manager Marketing Communications
2285,Junior Manager Marketingkommunikation & Sales,Junior,en,Junior Manager Marketingkommunikation & Sales
2286,Junior Manager Product & Corporate Communication EMEA (Messe Kontakt),Junior,nl,Junior Manager Product & Corporate Communication EMEA (Messe Kontakt)
2287,Junior Manager Sales and Marketing,Junior,en,Junior Manager Sales and Marketing
2288,Junior Marketing & Event Manager,Junior,en,Junior Marketing & Event Manager
2289,Junior Marketing and Communication Manager,Junior,en,Junior Marketing and Communication Manager
2290,Junior Marketing Assistant,Junior,en,Junior Marketing Assistant
2291,Junior Marketing Assistent,Junior,en,Junior Marketing Assistent
2292,Junior Marketing Communications Specialist,Junior,en,Junior Marketing Communications Specialist
2293,Junior Marketing Manager,Junior,en,Junior Marketing Manager
2294,Junior Marketing Manager - Eventmarketing,Junior,en,Junior Marketing Manager - Eventmarketing
2295,Junior Marketing Manager Messen & Events,Junior,en,Junior Marketing Manager Messen & Events
2296,Junior Marketing Managerin,Junior,en,Junior Marketing Managerin
2297,Junior Marketing Referentin,Junior,tr,Junior Marketing Consultant
2298,Junior Marketing Specialist,Junior,en,Junior Marketing Specialist
2299,Junior Marketingmanager,Junior,en,Junior Marketingmanager
2300,Junior Marketing-Projektmanager,Junior,en,Junior Marketing-Projektmanager
2301,Junior Marketingreferentin,Junior,de,Junior Marketing Officer
2302,Junior Messe- & Eventmanager,Junior,de,Junior Fair & Event Manager
2303,Junior Online Marketing Manager,Junior,en,Junior Online Marketing Manager
2304,Junior Project Manager Marketing,Junior,en,Junior Project Manager Marketing
2305,Junior Projektmanager Messen,Junior,de,Junior Project Manager Fairs
2306,Junior Projektmanager Sales & Marketing International,Junior,en,Junior Projektmanager Sales & Marketing International
2307,Junior Sales- & Marketing-Manager,Junior,en,Junior Sales- & Marketing-Manager
2308,Junior Trade Marketing Manager,Junior,en,Junior Trade Marketing Manager
2309,Junior Trade Marketing Managerin,Junior,en,Junior Trade Marketing Managerin
2310,Junior-Marketingmanagerin,Junior,en,Junior-Marketingmanagerin
2311,Junior-Marketing-Mitarbeiterin,Junior,de,Junior Marketing Employee
2312,Trainee - Junior Online Marketing Managerin,Junior,en,Trainee - Junior Online Marketing Managerin
2313,Junior Account Manager,Junior,en,Junior Account Manager
2314,Junior Expert CRM - Sales Projects & CRM - B&R Industrial Automation,Junior,en,Junior Expert CRM - Sales Projects & CRM - B&R Industrial Automation
2315,Junior Head of Sales Germany,Junior,en,Junior Head of Sales Germany
2316,Junior Key Account Manager,Junior,en,Junior Key Account Manager
2317,Junior Sales Development Managerin,Junior,en,Junior Sales Development Managerin
2318,Junior Sales Development Representative,Junior,en,Junior Sales Development Representative
2319,Junior Sales Force Effectiveness Customer Relationship Mangement Manager,Junior,en,Junior Sales Force Effectiveness Customer Relationship Mangement Manager
2320,Junior Sales Manager,Junior,en,Junior Sales Manager
2321,Junior Vertriebsingenieur,Junior,de,Junior Sales Engineer
2322,BU-Head Automotive,Lead,it,BU-Head Automotive
2323,Global Head Advanced Technology Development and Innovation,Lead,en,Global Head Advanced Technology Development and Innovation
2324,Global Head of Commercial Strategy,Lead,en,Global Head of Commercial Strategy
2325,Group Head SEA,Lead,en,Group Head SEA
2326,Head,Lead,en,Head
2327,Head Clinical Biochemistry and Pharmacology Unit,Lead,en,Head Clinical Biochemistry and Pharmacology Unit
2328,Head Data Analytics & Reporting,Lead,en,Head Data Analytics & Reporting
2329,Head Group ICT,Lead,en,Head Group ICT
2330,Head of 360°Degree International,Lead,en,Head of 360°Degree International
2331,Head of Advertising,Lead,en,Head of Advertising
2332,Head of Application Development,Lead,en,Head of Application Development
2333,Head of Automation,Lead,en,Head of Automation
2334,Head of B2B,Lead,en,Head of B2B
2335,Head of Brand & Event,Lead,en,Head of Brand & Event
2336,Head of Brand Activation & Projects REHAU Group,Lead,en,Head of Brand Activation & Projects REHAU Group
2337,Head of Brand Relations,Lead,en,Head of Brand Relations
2338,Head of business applications,Lead,en,Head of business applications
2339,Head of Central Services und Qualitätsmanagement,Lead,de,Head of Central Services and Quality Management
2340,Head of Client Consulting (Nord),Lead,en,Head of Client Consulting (Nord)
2341,Head of Client Development,Lead,en,Head of Client Development
2342,Head of Client Services F&B,Lead,en,Head of Client Services F&B
2343,Head of Client Success,Lead,en,Head of Client Success
2344,Head of Commercial DACH,Lead,en,Head of Commercial DACH
2345,Head of Commodities & Biofuels,Lead,pt,Head of Commodities & Biofuels
2346,Head of Competence Center,Lead,en,Head of Competence Center
2347,Head of Competence Center Software Solutions,Lead,en,Head of Competence Center Software Solutions
2348,Head of Competitive and Market Intelligence,Lead,en,Head of Competitive and Market Intelligence
2349,Head of Consulting,Lead,en,Head of Consulting
2350,Head of Consumer Data and Owned Media | Coca-Cola Western Europe,Lead,en,Head of Consumer Data and Owned Media | Coca-Cola Western Europe
2351,Head of Controlling,Lead,en,Head of Controlling
2352,Head of Corporate Design,Lead,en,Head of Corporate Design
2353,Head of Corporate Events,Lead,en,Head of Corporate Events
2354,Head of Corporate Strategy,Lead,en,Head of Corporate Strategy
2355,Head Of Corporate Sustainability,Lead,en,Head Of Corporate Sustainability
2356,Head of Coworking & Community,Lead,en,Head of Coworking & Community
2357,Head of Customer Care,Lead,en,Head of Customer Care
2358,Head of Customer Contact Center,Lead,en,Head of Customer Contact Center
2359,Head of Customer Data,Lead,en,Head of Customer Data
2360,Head of Customer Projects,Lead,en,Head of Customer Projects
2361,Head of Customer Relations,Lead,en,Head of Customer Relations
2362,Head of Customer Relationship Europe,Lead,en,Head of Customer Relationship Europe
2363,Head of Customer Service,Lead,en,Head of Customer Service
2364,Head of Customer Service Desk,Lead,en,Head of Customer Service Desk
2365,Head of DACH,Lead,en,Head of DACH
2366,Head of Data,Lead,en,Head of Data
2367,Head of Data & Analytics,Lead,en,Head of Data & Analytics
2368,Head of Data & Applications,Lead,en,Head of Data & Applications
2369,Head of Data & BI Department,Lead,en,Head of Data & BI Department
2370,Head of Data / DevOps Practice,Lead,en,Head of Data / DevOps Practice
2371,Head of Database Development,Lead,en,Head of Database Development
2372,Head of Defense solutions,Lead,en,Head of Defense solutions
2373,Head of Demand Generation,Lead,en,Head of Demand Generation
2374,Head of Demand Generation Central Europe,Lead,en,Head of Demand Generation Central Europe
2375,Head of Development,Lead,en,Head of Development
2376,Head of digital business sales & marketing,Lead,en,Head of digital business sales & marketing
2377,Head of Division Port Process Solution,Lead,en,Head of Division Port Process Solution
2378,Head of E-Commerce,Lead,en,Head of E-Commerce
2379,Head of Engineering,Lead,en,Head of Engineering
2380,Head of ERP & Data Integration,Lead,en,Head of ERP & Data Integration
2381,Head of Events,Lead,en,Head of Events
2382,Head of Events D-A-CH,Lead,en,Head of Events D-A-CH
2383,Head of Fairs & Events,Lead,en,Head of Fairs & Events
2384,Head of Finance,Lead,en,Head of Finance
2385,Head of Finance & Controlling,Lead,en,Head of Finance & Controlling
2386,Head of finanzcheckPRO GmbH,Lead,de,Head of financialcheckPRO GmbH
2387,Head of Global Corporate and Operational Contro...,Lead,en,Head of Global Corporate and Operational Contro...
2388,Head of Global Customer Experience,Lead,en,Head of Global Customer Experience
2389,Head of Global Market Activation,Lead,en,Head of Global Market Activation
2390,Head of GLobal Technology,Lead,en,Head of GLobal Technology
2391,Head of Global Trade Shows,Lead,en,Head of Global Trade Shows
2392,Head of Growth,Lead,en,Head of Growth
2393,Head of Information Security Consulting / CISO,Lead,en,Head of Information Security Consulting / CISO
2394,Head of Information Technology,Lead,en,Head of Information Technology
2395,Head of Innovation,Lead,en,Head of Innovation
2396,Head of InnovationLab,Lead,en,Head of InnovationLab
2397,Head of Insights,Lead,en,Head of Insights
2398,Head of Integrations,Lead,en,Head of Integrations
2399,Head of intern. Fairs and Exhibitions,Lead,en,Head of intern. Fairs and Exhibitions
2400,Head of Key Account,Lead,en,Head of Key Account
2401,Head of Knowledge Transfer,Lead,en,Head of Knowledge Transfer
2402,Head of Lead Generation,Lead,en,Head of Lead Generation
2403,Head of Leadgeneration (D-A-CH),Lead,en,Head of Leadgeneration (D-A-CH)
2404,Head of MarCom,Lead,en,Head of MarCom
2405,Head of Market Development,Lead,en,Head of Market Development
2406,Head of Market Intelligence,Lead,en,Head of Market Intelligence
2407,Head of Market Segment,Lead,en,Head of Market Segment
2408,Head of Order Processing Department,Lead,en,Head of Order Processing Department
2409,Head of Organization,Lead,en,Head of Organization
2410,Head of Partnerships - Central Europe,Lead,en,Head of Partnerships - Central Europe
2411,Head of Partnerships and Accounts,Lead,en,Head of Partnerships and Accounts
2412,Head of Personnel Development,Lead,en,Head of Personnel Development
2413,Head of Presales Central Europe,Lead,en,Head of Presales Central Europe
2414,Head of private labeling,Lead,en,Head of private labeling
2415,Head of Product,Lead,en,Head of Product
2416,Head of Product Consulting,Lead,en,Head of Product Consulting
2417,Head of Product Development,Lead,en,Head of Product Development
2418,Head of Products,Lead,en,Head of Products
2419,Head of Products and Services,Lead,en,Head of Products and Services
2420,Head of Produktmanagement,Lead,en,Head of Produktmanagement
2421,Head of Professional Service,Lead,en,Head of Professional Service
2422,Head of Public Relations,Lead,en,Head of Public Relations
2423,Head of Public Relations & Market Development,Lead,en,Head of Public Relations & Market Development
2424,Head of R & D,Lead,en,Head of R & D
2425,Head of Recruiting Autonomous and Connected Mobility,Lead,en,Head of Recruiting Autonomous and Connected Mobility
2426,Head of Recruitment,Lead,en,Head of Recruitment
2427,Head of Relationship and Client Service,Lead,en,Head of Relationship and Client Service
2428,Head of Research,Lead,en,Head of Research
2429,Head of Research & Development,Lead,en,Head of Research & Development
2430,Head of Research & Technology Transfer,Lead,en,Head of Research & Technology Transfer
2431,Head of Research Industrial Practice & Coordination D-A-CH,Lead,en,Head of Research Industrial Practice & Coordination D-A-CH
2432,Head of Research&Development Genius Project,Lead,en,Head of Research&Development Genius Project
2433,Head of Roche Event Services,Lead,en,Head of Roche Event Services
2434,Head of sales (Prokurist),Lead,en,Head of sales (Prokurist)
2435,Head of sales germany south,Lead,en,Head of sales germany south
2436,Head of salesforce solutions,Lead,en,Head of salesforce solutions
2437,Head of sales-marketing,Lead,en,Head of sales-marketing
2438,Head of Search,Lead,en,Head of Search
2439,Head of Section CM Services & Solutions,Lead,en,Head of Section CM Services & Solutions
2440,Head of SEO,Lead,en,Head of SEO
2441,Head of Service Department,Lead,en,Head of Service Department
2442,Head of Software,Lead,en,Head of Software
2443,Head of Software Development,Lead,en,Head of Software Development
2444,Head of Special Market,Lead,en,Head of Special Market
2445,Head of strategic business development,Lead,en,Head of strategic business development
2446,Head of Strategic Partnerships,Lead,en,Head of Strategic Partnerships
2447,Head of Strategic Planning,Lead,en,Head of Strategic Planning
2448,Head of Strategy,Lead,en,Head of Strategy
2449,Head of Technology,Lead,en,Head of Technology
2450,Head of Technology & Innovation,Lead,en,Head of Technology & Innovation
2451,Head of Technology @ GEL Consulting Group & Firebrand Land Company,Lead,en,Head of Technology @ GEL Consulting Group & Firebrand Land Company
2452,Head of Technology and Transformation,Lead,en,Head of Technology and Transformation
2453,Head of Trade,Lead,en,Head of Trade
2454,Head of Treasury and FI,Lead,en,Head of Treasury and FI
2455,Head of Wholesale,Lead,en,Head of Wholesale
2456,Head of Wholesale Western Europe,Lead,en,Head of Wholesale Western Europe
2457,Headhunter,Lead,en,Headhunter
2458,Headhunter und Personalberater (Inhaber),Lead,de,Headhunter and HR consultant (owner)
2459,Local Image Head,Lead,en,Local Image Head
2460,Strategic Projects / Deputy Division Head,Lead,en,Strategic Projects / Deputy Division Head
2461,Assistenz Head of Business Unit Digital Transfomation,Lead,en,Assistenz Head of Business Unit Digital Transfomation
2462,Business Development - Head of Marketplace & Pr...,Lead,en,Business Development - Head of Marketplace & Pr...
2463,Enno Carstens  Head of Business Intelligence / CRM,Lead,nl,Enno Carstens  Head of Business Intelligence / CRM
2464,Global Head of Business Development,Lead,en,Global Head of Business Development
2465,Global Head of IT & Business Intelligence,Lead,en,Global Head of IT & Business Intelligence
2466,Global Head of SAP Business Development,Lead,en,Global Head of SAP Business Development
2467,Global Head Product & Business Development,Lead,en,Global Head Product & Business Development
2468,Head Business Development Europe / AsiaPacific,Lead,nl,Head Business Development Europe / AsiaPacific
2469,Head Digital Business,Lead,en,Head Digital Business
2470,Head of  Business Development,Lead,en,Head of  Business Development
2471,Head of B2B Business Development,Lead,en,Head of B2B Business Development
2472,Head of Business,Lead,en,Head of Business
2473,Head of Business & Product Development,Lead,en,Head of Business & Product Development
2474,Head of Business Analytics & Processes,Lead,en,Head of Business Analytics & Processes
2475,Head of Business and Partnerships,Lead,en,Head of Business and Partnerships
2476,Head of Business Applications Commercial,Lead,en,Head of Business Applications Commercial
2477,Head of Business Center,Lead,en,Head of Business Center
2478,Head of Business Clients,Lead,en,Head of Business Clients
2479,Head of Business Developement,Lead,en,Head of Business Developement
2480,Head of Business Development,Lead,en,Head of Business Development
2481,Head of Business Development & Expansion,Lead,en,Head of Business Development & Expansion
2482,Head of Business Development & Innovation,Lead,en,Head of Business Development & Innovation
2483,Head of Business Development & Operations,Lead,en,Head of Business Development & Operations
2484,Head of Business Development | Member of Board,Lead,en,Head of Business Development | Member of Board
2485,Head of Business Development and Innovation,Lead,en,Head of Business Development and Innovation
2486,Head of Business Development Automotive,Lead,en,Head of Business Development Automotive
2487,Head of Business Development DACH,Lead,en,Head of Business Development DACH
2488,Head of Business Development D-A-CH,Lead,en,Head of Business Development D-A-CH
2489,Head of Business Development Deutschland - Contract Logistics Northern Europe,Lead,en,Head of Business Development Deutschland - Contract Logistics Northern Europe
2490,Head of Business Development Europe,Lead,en,Head of Business Development Europe
2491,Head of Business Development Extrusion,Lead,en,Head of Business Development Extrusion
2492,Head of Business Development Tuya Germany,Lead,en,Head of Business Development Tuya Germany
2493,Head of Business Development Workflow Automation,Lead,en,Head of Business Development Workflow Automation
2494,Head of Business Engineering,Lead,en,Head of Business Engineering
2495,Head of Business Innovation & Digitization,Lead,en,Head of Business Innovation & Digitization
2496,Head of Business Intelligence,Lead,en,Head of Business Intelligence
2497,Head of Business Intelligence Europe,Lead,en,Head of Business Intelligence Europe
2498,Head of Business Segment MBS UK,Lead,en,Head of Business Segment MBS UK
2499,Head of Business Solution Team,Lead,en,Head of Business Solution Team
2500,Head of Business Solutions CRM,Lead,en,Head of Business Solutions CRM
2501,Head of Business Strategy,Lead,en,Head of Business Strategy
2502,Head of Business Unit B2B,Lead,en,Head of Business Unit B2B
2503,Head of Business Unit Packaging,Lead,en,Head of Business Unit Packaging
2504,Head of Business Unit Rail,Lead,en,Head of Business Unit Rail
2505,Head of Business Unit Software • MONKEY WORKS,Lead,en,Head of Business Unit Software • MONKEY WORKS
2506,Head of Commercial Business,Lead,en,Head of Commercial Business
2507,Head of Development & Business Solutions,Lead,en,Head of Development & Business Solutions
2508,Head of Digital / Business Development,Lead,en,Head of Digital / Business Development
2509,Head of Digital Business,Lead,en,Head of Digital Business
2510,Head of Digital Business Solutions / Applications,Lead,en,Head of Digital Business Solutions / Applications
2511,Head of E-Business & CRM,Lead,en,Head of E-Business & CRM
2512,Head of eBusiness BU EMEA PLT,Lead,pt,Head of eBusiness BU EMEA PLT
2513,Head of Innovation & Business Development,Lead,en,Head of Innovation & Business Development
2514,Head of International Business Development,Lead,en,Head of International Business Development
2515,Head of New Business,Lead,en,Head of New Business
2516,Head of New Business & International Consultant,Lead,en,Head of New Business & International Consultant
2517,Head of New Business Development,Lead,en,Head of New Business Development
2518,Head of Operational Business,Lead,en,Head of Operational Business
2519,Head of Operations & Business Development,Lead,en,Head of Operations & Business Development
2520,Head of SAP / Business Applications,Lead,en,Head of SAP / Business Applications
2521,Head of Strategy & New Business Development,Lead,en,Head of Strategy & New Business Development
2522,Head of Strategy and Business Development,Lead,en,Head of Strategy and Business Development
2523,Head of Strategy and Head of Business Transformation,Lead,en,Head of Strategy and Head of Business Transformation
2524,Head of Human Relations,Lead,en,Head of Human Relations
2525,Global Head IT - Finance and Corporate Functions,Lead,en,Global Head IT - Finance and Corporate Functions
2526,Global Head of Digitalization,Lead,en,Global Head of Digitalization
2527,Global Head of IT,Lead,en,Global Head of IT
2528,Group Head IT,Lead,en,Group Head IT
2529,Group Head of IT,Lead,en,Group Head of IT
2530,Head Digital Transformation,Lead,en,Head Digital Transformation
2531,Head IT & Engineering,Lead,en,Head IT & Engineering
2532,Head IT Systems |  IT Security,Lead,ur,Head IT Systems |  IT Security
2533,Head of BKG IT,Lead,en,Head of BKG IT
2534,Head of Change - Digital Transformation Office,Lead,en,Head of Change - Digital Transformation Office
2535,Head of Commercial Banking IT Germany,Lead,en,Head of Commercial Banking IT Germany
2536,Head of Corporate Development and Digital,Lead,en,Head of Corporate Development and Digital
2537,Head of Corporate IT,Lead,en,Head of Corporate IT
2538,Head of Corporate IT Dynamics,Lead,en,Head of Corporate IT Dynamics
2539,Head of Digital,Lead,en,Head of Digital
2540,Head of Digital Acquisition,Lead,en,Head of Digital Acquisition
2541,Head of Digital and Corporate Development,Lead,en,Head of Digital and Corporate Development
2542,Head of Digital and Innovation,Lead,en,Head of Digital and Innovation
2543,Head of Digital Europe,Lead,en,Head of Digital Europe
2544,Head of Digital Finance Transformation | SAP S/4HANA Program,Lead,en,Head of Digital Finance Transformation | SAP S/4HANA Program
2545,Head of Digital Innovation,Lead,en,Head of Digital Innovation
2546,Head of Digital Processes and Maintenance,Lead,en,Head of Digital Processes and Maintenance
2547,Head of Digital Projects,Lead,en,Head of Digital Projects
2548,Head of Digital Solutions Mercedes-Benz Trucks,Lead,en,Head of Digital Solutions Mercedes-Benz Trucks
2549,Head of Digital Strategy,Lead,en,Head of Digital Strategy
2550,Head of Digital Transformation,Lead,en,Head of Digital Transformation
2551,Head of Digital Transformation | backaldrin The Kornspitz Company GmbH,Lead,en,Head of Digital Transformation | backaldrin The Kornspitz Company GmbH
2552,Head of Digital Unit,Lead,en,Head of Digital Unit
2553,Head of Digital Workplace,Lead,en,Head of Digital Workplace
2554,Head of Digitalization,Lead,en,Head of Digitalization
2555,Head of E-Commerce & Digital,Lead,en,Head of E-Commerce & Digital
2556,Head Of Engineering  (SAP & Big Data),Lead,en,Head Of Engineering  (SAP & Big Data)
2557,Head of Finance and Administration,Lead,en,Head of Finance and Administration
2558,Head of Global Digitalization,Lead,en,Head of Global Digitalization
2559,Head of Global IT,Lead,en,Head of Global IT
2560,Head of Global IT Operations,Lead,en,Head of Global IT Operations
2561,Head of Group IT,Lead,en,Head of Group IT
2562,Head of Innovation & Digital Products,Lead,en,Head of Innovation & Digital Products
2563,Head of Innovation & Digitalization,Lead,en,Head of Innovation & Digitalization
2564,Head of IT,Lead,en,Head of IT
2565,Head of IT - Mayser Group,Lead,en,Head of IT - Mayser Group
2566,Head of IT & Cloud Engineering,Lead,en,Head of IT & Cloud Engineering
2567,Head of IT & Logistics Engineering,Lead,en,Head of IT & Logistics Engineering
2568,Head of IT & Systemadministrator,Lead,en,Head of IT & Systemadministrator
2569,Head of IT / Systemadministrator,Lead,en,Head of IT / Systemadministrator
2570,Head of IT Application Services,Lead,en,Head of IT Application Services
2571,Head of IT Applications,Lead,en,Head of IT Applications
2572,Head of IT Applications 1,Lead,en,Head of IT Applications 1
2573,Head of IT Competence Center Operation and Quality,Lead,en,Head of IT Competence Center Operation and Quality
2574,Head of IT Cross Applications,Lead,en,Head of IT Cross Applications
2575,Head of IT Department,Lead,en,Head of IT Department
2576,Head of IT development team,Lead,en,Head of IT development team
2577,Head of IT Infrastructure,Lead,en,Head of IT Infrastructure
2578,Head of IT Infrastructure International,Lead,en,Head of IT Infrastructure International
2579,Head of IT Middleware Pole,Lead,en,Head of IT Middleware Pole
2580,Head of IT Operations,Lead,en,Head of IT Operations
2581,Head of IT Service & Operations,Lead,en,Head of IT Service & Operations
2582,Head of IT Swoboda,Lead,en,Head of IT Swoboda
2583,Head of IT Systems & Network,Lead,en,Head of IT Systems & Network
2584,Head of IT-Department,Lead,en,Head of IT-Department
2585,Head of ITSM DACH,Lead,en,Head of ITSM DACH
2586,Head of MarTech & Digital Advertising,Lead,en,Head of MarTech & Digital Advertising
2587,Head of Processes and Digital Transformation,Lead,en,Head of Processes and Digital Transformation
2588,Head Of Quality Assurance / Head of IT,Lead,en,Head Of Quality Assurance / Head of IT
2589,Head of SAP CoE,Lead,en,Head of SAP CoE
2590,Head of SAP SuccessFactors Solution Team,Lead,en,Head of SAP SuccessFactors Solution Team
2591,Head of Solution Design & Build Digital,Lead,en,Head of Solution Design & Build Digital
2592,Head of System Administration,Lead,en,Head of System Administration
2593,Head of Vendor IT & Strategic Relationshios @ TARGOBANK Firmenkunden,Lead,ur,Head of Vendor IT & Strategic Relationshios @ TARGOBANK Corporate Customers
2594,EMEA Head of CRM,Lead,en,EMEA Head of CRM
2595,Head CRM/Projects,Lead,en,Head CRM/Projects
2596,Head of  CRM and Assistance website delivery,Lead,en,Head of  CRM and Assistance website delivery
2597,Head of Adoption CX Go and CRM Germany,Lead,en,Head of Adoption CX Go and CRM Germany
2598,Head of BI & CRM,Lead,en,Head of BI & CRM
2599,Head of Center of Excellence SAP CRM,Lead,en,Head of Center of Excellence SAP CRM
2600,Head of Commercial Effectiveness & CRM,Lead,en,Head of Commercial Effectiveness & CRM
2601,Head of CRM,Lead,en,Head of CRM
2602,Head of CRM & Customer Operations,Lead,en,Head of CRM & Customer Operations
2603,Head of CRM & Data Science,Lead,en,Head of CRM & Data Science
2604,Head of CRM & Lead Generation worldwide,Lead,en,Head of CRM & Lead Generation worldwide
2605,Head of CRM & Loyalty,Lead,en,Head of CRM & Loyalty
2606,Head of CRM & Payments,Lead,en,Head of CRM & Payments
2607,Head of CRM & PRM for Renault Brand,Lead,en,Head of CRM & PRM for Renault Brand
2608,Head of CRM & Tools,Lead,en,Head of CRM & Tools
2609,Head of CRM & Web Applications,Lead,en,Head of CRM & Web Applications
2610,Head of CRM (Retail and Private Banking),Lead,en,Head of CRM (Retail and Private Banking)
2611,Head of CRM Analytics,Lead,en,Head of CRM Analytics
2612,Head of CRM and Cooperations,Lead,en,Head of CRM and Cooperations
2613,Head of CRM and Retail,Lead,en,Head of CRM and Retail
2614,Head of CRM Central Europe,Lead,en,Head of CRM Central Europe
2615,Head of CRM Development,Lead,en,Head of CRM Development
2616,Head of CRM Platforms,Lead,en,Head of CRM Platforms
2617,Head of CRM Rhenus Logistics,Lead,en,Head of CRM Rhenus Logistics
2618,Head of CRM Solution Architecture - Digital Customer Experience,Lead,en,Head of CRM Solution Architecture - Digital Customer Experience
2619,Head of CRM Solutions,Lead,en,Head of CRM Solutions
2620,Head of CRM/ERP,Lead,en,Head of CRM/ERP
2621,Head of Customer Data / CRM,Lead,en,Head of Customer Data / CRM
2622,Head of Customer Research / CRM,Lead,en,Head of Customer Research / CRM
2623,Head of Customer Service and CRM,Lead,en,Head of Customer Service and CRM
2624,Head of Customer Solutions Billing & CRM,Lead,en,Head of Customer Solutions Billing & CRM
2625,Head of Department Marketplaces (CRM),Lead,en,Head of Department Marketplaces (CRM)
2626,Head of Digital & CRM,Lead,en,Head of Digital & CRM
2627,Head of Digital activation and CRM,Lead,en,Head of Digital activation and CRM
2628,Head of IT Application / SAP (SAP BW CRM ERP),Lead,en,Head of IT Application / SAP (SAP BW CRM ERP)
2629,Head of IT CRM Applications,Lead,en,Head of IT CRM Applications
2630,Head of IT CRM Solutions,Lead,en,Head of IT CRM Solutions
2631,Head of Online Solutions & CRM,Lead,en,Head of Online Solutions & CRM
2632,Head of Pricing & CRM,Lead,en,Head of Pricing & CRM
2633,Head of Product Development CRM,Lead,en,Head of Product Development CRM
2634,Head of SAP CRM,Lead,en,Head of SAP CRM
2635,Head of SAP CRM & SAP Mobile Solutions,Lead,en,Head of SAP CRM & SAP Mobile Solutions
2636,Partner / Head of CRM Services,Lead,en,Partner / Head of CRM Services
2637,Vertical Head CRM & Ordering,Lead,en,Vertical Head CRM & Ordering
2638,Corporate Head of Marketing,Lead,en,Corporate Head of Marketing
2639,Department Head | Marketing,Lead,en,Department Head | Marketing
2640,Global  Head of CRM and Digital Marketing,Lead,en,Global  Head of CRM and Digital Marketing
2641,Global Head of Demand Marketing,Lead,en,Global Head of Demand Marketing
2642,Global Head of Digital Marketing,Lead,en,Global Head of Digital Marketing
2643,Global Head of Marketing,Lead,en,Global Head of Marketing
2644,Global Head of Marketing & Communication Operations at Mazars Group,Lead,en,Global Head of Marketing & Communication Operations at Mazars Group
2645,Global Head of Marketing & Communications,Lead,en,Global Head of Marketing & Communications
2646,Global Head of Marketing & Sales Procurement,Lead,en,Global Head of Marketing & Sales Procurement
2647,Global Head of Marketing & Strategy Grid Systems,Lead,en,Global Head of Marketing & Strategy Grid Systems
2648,Global Head of Marketing Communication & Marketing Exellence,Lead,en,Global Head of Marketing Communication & Marketing Exellence
2649,Global Head of Media & Corporate Communication,Lead,en,Global Head of Media & Corporate Communication
2650,Global Head of Sales & Marketing Flexible Foams,Lead,en,Global Head of Sales & Marketing Flexible Foams
2651,Global Marketing CRM & Online Head,Lead,en,Global Marketing CRM & Online Head
2652,Group Head Client Lead and Corporate Marketing ...,Lead,en,Group Head Client Lead and Corporate Marketing ...
2653,Group Head of Marketing,Lead,en,Group Head of Marketing
2654,Group Head of Marketing Donges Group,Lead,en,Group Head of Marketing Donges Group
2655,Head auf Marketing Savoury & Dressing Austria,Lead,de,Head of Marketing Savoury & Dressing Austria
2656,Head Global Marketing & Corporate Communications,Lead,en,Head Global Marketing & Corporate Communications
2657,Head International Marketing,Lead,ur,Head International Marketing
2658,Head Marketing,Lead,en,Head Marketing
2659,Head Marketing & Sales EMEA,Lead,pt,Head Marketing & Sales EMEA
2660,Head Marketing Communications,Lead,en,Head Marketing Communications
2661,Head of  Marketing,Lead,en,Head of  Marketing
2662,Head of  Marketing & Corporate Communications,Lead,en,Head of  Marketing & Corporate Communications
2663,Head of  Marketing & Kundendialog,Lead,de,Head of Marketing & Customer Dialog
2664,Head of Automotive Marketing & Sales,Lead,en,Head of Automotive Marketing & Sales
2665,Head of B2B Marketing,Lead,en,Head of B2B Marketing
2666,Head of Brand & Communication Excellence,Lead,en,Head of Brand & Communication Excellence
2667,Head of Business Development & Direct Marketing,Lead,en,Head of Business Development & Direct Marketing
2668,Head of Business Development & Marketing,Lead,en,Head of Business Development & Marketing
2669,Head of Business Development / Marketing,Lead,en,Head of Business Development / Marketing
2670,Head of Business Development and Marketing Spec...,Lead,en,Head of Business Development and Marketing Spec...
2671,Head of Business Marketing,Lead,en,Head of Business Marketing
2672,Head of Business Marketing & Market Insights,Lead,en,Head of Business Marketing & Market Insights
2673,Head of Cloud Marketing & Communication,Lead,en,Head of Cloud Marketing & Communication
2674,Head of Communication,Lead,en,Head of Communication
2675,Head Of Communication - France - BMI Siplast & BMI Monier,Lead,it,Head Of Communication - France - BMI Siplast & BMI Monier
2676,Head of Communication D/A/CH,Lead,en,Head of Communication D/A/CH
2677,Head of Communication Department & Patient Advocacy,Lead,en,Head of Communication Department & Patient Advocacy
2678,Head of Communications,Lead,en,Head of Communications
2679,Head of Communications & Advertising,Lead,en,Head of Communications & Advertising
2680,Head of Communications & Corporate Marketing,Lead,en,Head of Communications & Corporate Marketing
2681,Head of Communications & Marketing,Lead,en,Head of Communications & Marketing
2682,Head of Communications & Political Affairs,Lead,en,Head of Communications & Political Affairs
2683,Head of Consulting (Online-Marketing | Social-Media | Lead-Generation),Lead,en,Head of Consulting (Online-Marketing | Social-Media | Lead-Generation)
2684,Head of Content Marketing,Lead,en,Head of Content Marketing
2685,Head of Continental Europe Marketing & Global E...,Lead,en,Head of Continental Europe Marketing & Global E...
2686,Head of Corporate Communication & Marketing,Lead,en,Head of Corporate Communication & Marketing
2687,Head of Corporate Communication & PR,Lead,en,Head of Corporate Communication & PR
2688,Head of Corporate Communications,Lead,en,Head of Corporate Communications
2689,Head of Corporate Communications & Marketing,Lead,en,Head of Corporate Communications & Marketing
2690,Head of Corporate Communications & Marketing Communications,Lead,en,Head of Corporate Communications & Marketing Communications
2691,Head of Corporate Communications and Global Support Marketing,Lead,en,Head of Corporate Communications and Global Support Marketing
2692,Head of Corporate Communications and Marketing,Lead,en,Head of Corporate Communications and Marketing
2693,Head Of Corporate Development & Communications,Lead,en,Head Of Corporate Development & Communications
2694,Head of Corporate Development & Marketing,Lead,en,Head of Corporate Development & Marketing
2695,Head of Corporate Marketing,Lead,en,Head of Corporate Marketing
2696,Head of Corporate Marketing & Communication,Lead,en,Head of Corporate Marketing & Communication
2697,Head of Corporate Marketing & Communications,Lead,en,Head of Corporate Marketing & Communications
2698,Head of Corporate Marketing Global,Lead,en,Head of Corporate Marketing Global
2699,Head of CRM & Content Marketing,Lead,en,Head of CRM & Content Marketing
2700,Head of CRM & Email-Marketing,Lead,en,Head of CRM & Email-Marketing
2701,Head of CRM & Marketing Analytics,Lead,en,Head of CRM & Marketing Analytics
2702,Head of CRM & Marketing Channels,Lead,en,Head of CRM & Marketing Channels
2703,Head of CRM & Social Media Marketing,Lead,en,Head of CRM & Social Media Marketing
2704,Head of CRM Marketing,Lead,en,Head of CRM Marketing
2705,Head of CRM/ Performance Marketing,Lead,en,Head of CRM/ Performance Marketing
2706,Head of Department Marketing & Sales,Lead,en,Head of Department Marketing & Sales
2707,Head of Digital & Marketing,Lead,en,Head of Digital & Marketing
2708,Head of Digital & Performance Marketing,Lead,en,Head of Digital & Performance Marketing
2709,Head of Digital and Content Marketing,Lead,en,Head of Digital and Content Marketing
2710,Head of Digital Demand Marketing,Lead,en,Head of Digital Demand Marketing
2711,Head Of Digital Marketing,Lead,en,Head Of Digital Marketing
2712,Head of Digital Marketing & Communications,Lead,en,Head of Digital Marketing & Communications
2713,Head of Digital Marketing & CRM,Lead,en,Head of Digital Marketing & CRM
2714,Head of Digital Marketing and eCommerce,Lead,en,Head of Digital Marketing and eCommerce
2715,Head of Digital Marketing D/A/CH,Lead,en,Head of Digital Marketing D/A/CH
2716,Head of Division Sales & Marketing,Lead,en,Head of Division Sales & Marketing
2717,Head of E-Commerce - Marketing and Sales,Lead,en,Head of E-Commerce - Marketing and Sales
2718,Head of Event Marketing,Lead,en,Head of Event Marketing
2719,Head of Facilitymanagement / Organisation / Marketing,Lead,en,Head of Facilitymanagement / Organisation / Marketing
2720,Head of Field Marketing & Lead Generation,Lead,en,Head of Field Marketing & Lead Generation
2721,Head of Global Communications and Marketing,Lead,en,Head of Global Communications and Marketing
2722,Head of Global Industry Marketing,Lead,en,Head of Global Industry Marketing
2723,Head of Global Marketing,Lead,en,Head of Global Marketing
2724,Head of Global Marketing - Personal Care,Lead,en,Head of Global Marketing - Personal Care
2725,Head of Global Marketing & Communication,Lead,en,Head of Global Marketing & Communication
2726,Head of Global Marketing & Communications,Lead,en,Head of Global Marketing & Communications
2727,Head of Global Marketing & CRM,Lead,en,Head of Global Marketing & CRM
2728,Head of Global Marketing & Events,Lead,en,Head of Global Marketing & Events
2729,Head of Global Marketing & Sales,Lead,en,Head of Global Marketing & Sales
2730,Head of Global Marketing and Communication,Lead,en,Head of Global Marketing and Communication
2731,Head of Global Marketing and Strategy - Healthcare,Lead,en,Head of Global Marketing and Strategy - Healthcare
2732,Head of Global Marketing-Communication,Lead,en,Head of Global Marketing-Communication
2733,Head of Group Communications,Lead,en,Head of Group Communications
2734,Head of Group Marketing,Lead,en,Head of Group Marketing
2735,Head of Group Marketing & Communications,Lead,en,Head of Group Marketing & Communications
2736,Head of group sales & Marketing data scientist,Lead,en,Head of group sales & Marketing data scientist
2737,Head of Growth Marketing,Lead,en,Head of Growth Marketing
2738,Head of Inbound Marketing,Lead,en,Head of Inbound Marketing
2739,Head of Industrial Marketing,Lead,en,Head of Industrial Marketing
2740,Head of Internal Communications,Lead,en,Head of Internal Communications
2741,Head of International Digital Marketing Schwarzkopf Professional,Lead,de,Head of International Digital Marketing Schwarzkopf Professional
2742,Head of International Marketing,Lead,en,Head of International Marketing
2743,Head of International Marketing & Communication,Lead,en,Head of International Marketing & Communication
2744,Head of International Marketing & Sales,Lead,en,Head of International Marketing & Sales
2745,Head of International Marketing Communications,Lead,en,Head of International Marketing Communications
2746,Head of International Sales Marketing,Lead,en,Head of International Sales Marketing
2747,Head of IoT Products & Enterprise IoT Marketing Communications,Lead,en,Head of IoT Products & Enterprise IoT Marketing Communications
2748,Head of IT Marketing & Sales Solutions,Lead,en,Head of IT Marketing & Sales Solutions
2749,Head of Live Communication,Lead,en,Head of Live Communication
2750,Head of M2M Segment & Offer Marketing,Lead,en,Head of M2M Segment & Offer Marketing
2751,Head of Market & Product Communications,Lead,en,Head of Market & Product Communications
2752,Head of Marketing,Lead,en,Head of Marketing
2753,Head of Marketing - Advanced Networking Solutions,Lead,en,Head of Marketing - Advanced Networking Solutions
2754,Head of Marketing - Communication -Digital - Customer experience ICADE PROMOTION,Lead,en,Head of Marketing - Communication -Digital - Customer experience ICADE PROMOTION
2755,Head of Marketing  DACH,Lead,en,Head of Marketing  DACH
2756,Head of Marketing - Embedded IoT,Lead,en,Head of Marketing - Embedded IoT
2757,Head of Marketing - Region DACH,Lead,en,Head of Marketing - Region DACH
2758,Head of Marketing & Academy,Lead,en,Head of Marketing & Academy
2759,Head of Marketing & Business Development,Lead,en,Head of Marketing & Business Development
2760,Head of Marketing & Business Development Germany,Lead,en,Head of Marketing & Business Development Germany
2761,Head of Marketing & Communication,Lead,en,Head of Marketing & Communication
2762,Head of Marketing & Communication South West Europe,Lead,en,Head of Marketing & Communication South West Europe
2763,Head of Marketing & Communications,Lead,en,Head of Marketing & Communications
2764,Head of Marketing & Communications | EMEA,Lead,en,Head of Marketing & Communications | EMEA
2765,Head of Marketing & Communications Europe,Lead,en,Head of Marketing & Communications Europe
2766,Head of Marketing & Communications Lohmann Group,Lead,en,Head of Marketing & Communications Lohmann Group
2767,Head of Marketing & Corporate Communications,Lead,en,Head of Marketing & Corporate Communications
2768,Head of Marketing & Corporate Services,Lead,en,Head of Marketing & Corporate Services
2769,Head of Marketing & CRM,Lead,en,Head of Marketing & CRM
2770,Head of Marketing & CRM Administration,Lead,en,Head of Marketing & CRM Administration
2771,Head of Marketing & Design,Lead,en,Head of Marketing & Design
2772,Head of Marketing & Digital,Lead,en,Head of Marketing & Digital
2773,Head of Marketing & Digital Sales,Lead,en,Head of Marketing & Digital Sales
2774,Head of Marketing & Direct Sales,Lead,en,Head of Marketing & Direct Sales
2775,Head of Marketing & E-Business,Lead,en,Head of Marketing & E-Business
2776,Head of Marketing & E-Commerce,Lead,en,Head of Marketing & E-Commerce
2777,Head of Marketing & Head of Software Development,Lead,en,Head of Marketing & Head of Software Development
2778,Head of Marketing & Inside Sales,Lead,en,Head of Marketing & Inside Sales
2779,Head of Marketing & Kommunikation,Lead,de,Head of Marketing & Communication
2780,Head of Marketing & Online Content,Lead,en,Head of Marketing & Online Content
2781,Head of Marketing & PR,Lead,en,Head of Marketing & PR
2782,Head of Marketing & Product Planning,Lead,en,Head of Marketing & Product Planning
2783,Head of Marketing & Products,Lead,en,Head of Marketing & Products
2784,Head of Marketing & Proposals,Lead,en,Head of Marketing & Proposals
2785,Head of Marketing & Prospective - New Mobility services,Lead,en,Head of Marketing & Prospective - New Mobility services
2786,Head of Marketing & Public Relations,Lead,en,Head of Marketing & Public Relations
2787,Head of Marketing & Sales,Lead,en,Head of Marketing & Sales
2788,Head of Marketing & Sales Europe,Lead,en,Head of Marketing & Sales Europe
2789,Head of Marketing & Sales Neue Produkte,Lead,de,Head of Marketing & Sales New Products
2790,Head of Marketing & Sales Rod,Lead,en,Head of Marketing & Sales Rod
2791,Head of Marketing & Sales Series Yachts,Lead,en,Head of Marketing & Sales Series Yachts
2792,Head of Marketing & Sales Services,Lead,en,Head of Marketing & Sales Services
2793,Head of Marketing & Sales Spirits,Lead,en,Head of Marketing & Sales Spirits
2794,Head of Marketing & Services,Lead,en,Head of Marketing & Services
2795,Head of Marketing & Shopmanagement,Lead,en,Head of Marketing & Shopmanagement
2796,Head of Marketing (ANS),Lead,en,Head of Marketing (ANS)
2797,Head of Marketing (Messe Kontakt),Lead,ur,Head of Marketing (Exhibition Contact)
2798,Head of Marketing (Online Unit),Lead,en,Head of Marketing (Online Unit)
2799,Head of Marketing / AM,Lead,en,Head of Marketing / AM
2800,Head of Marketing / Art Direction,Lead,en,Head of Marketing / Art Direction
2801,Head of Marketing / Head of Sustainability,Lead,en,Head of Marketing / Head of Sustainability
2802,Head of Marketing / Messe Kontakt,Lead,de,Head of Marketing / Trade Fair Contact
2803,Head of Marketing / Prokurist,Lead,en,Head of Marketing / Prokurist
2804,Head of Marketing + Communications,Lead,en,Head of Marketing + Communications
2805,Head of Marketing 4.0,Lead,en,Head of Marketing 4.0
2806,Head of Marketing 8MAN,Lead,en,Head of Marketing 8MAN
2807,Head of Marketing A & EE,Lead,en,Head of Marketing A & EE
2808,Head of Marketing Analytics,Lead,en,Head of Marketing Analytics
2809,Head of Marketing Analytics & CRM,Lead,en,Head of Marketing Analytics & CRM
2810,Head of Marketing and Business Development,Lead,en,Head of Marketing and Business Development
2811,Head of Marketing and Commercial Performance,Lead,en,Head of Marketing and Commercial Performance
2812,Head of Marketing and Communication,Lead,en,Head of Marketing and Communication
2813,Head of Marketing and Communication | EMEA | Egis Easytrip Services,Lead,en,Head of Marketing and Communication | EMEA | Egis Easytrip Services
2814,Head of Marketing and Communications,Lead,en,Head of Marketing and Communications
2815,Head of Marketing and Corporate Communications,Lead,en,Head of Marketing and Corporate Communications
2816,Head of Marketing and Digital Sales Europe Central,Lead,en,Head of Marketing and Digital Sales Europe Central
2817,Head of Marketing and International Sales,Lead,en,Head of Marketing and International Sales
2818,Head of Marketing and PR,Lead,en,Head of Marketing and PR
2819,Head of Marketing and Productmanagement,Lead,en,Head of Marketing and Productmanagement
2820,Head of Marketing and Sales,Lead,en,Head of Marketing and Sales
2821,Head of Marketing and Sales (nat/internat),Lead,en,Head of Marketing and Sales (nat/internat)
2822,Head of Marketing and Sales (Western Europe),Lead,en,Head of Marketing and Sales (Western Europe)
2823,Head of Marketing and Sales Transformation / Central Europe,Lead,en,Head of Marketing and Sales Transformation / Central Europe
2824,Head of Marketing Automation Germany,Lead,en,Head of Marketing Automation Germany
2825,Head of Marketing Bioanalytic,Lead,en,Head of Marketing Bioanalytic
2826,Head of Marketing Campaigns Media and Social Media,Lead,en,Head of Marketing Campaigns Media and Social Media
2827,Head of Marketing Central Europe,Lead,en,Head of Marketing Central Europe
2828,Head of Marketing CEUR,Lead,en,Head of Marketing CEUR
2829,Head of Marketing Channels Central Europe,Lead,en,Head of Marketing Channels Central Europe
2830,Head of Marketing Communication,Lead,en,Head of Marketing Communication
2831,Head of Marketing Communication / Office,Lead,en,Head of Marketing Communication / Office
2832,Head of Marketing Communications,Lead,en,Head of Marketing Communications
2833,Head of Marketing Communications Display | Transport+Industry,Lead,en,Head of Marketing Communications Display | Transport+Industry
2834,Head of Marketing Corporate Services D|A|CH,Lead,en,Head of Marketing Corporate Services D|A|CH
2835,Head of Marketing DACH,Lead,en,Head of Marketing DACH
2836,Head of Marketing DACH and BENELUX,Lead,en,Head of Marketing DACH and BENELUX
2837,Head Of Marketing Department,Lead,en,Head Of Marketing Department
2838,Head of Marketing Digitalisation,Lead,en,Head of Marketing Digitalisation
2839,Head of Marketing emco Group,Lead,pt,Head of Marketing emco Group
2840,Head of Marketing EMEA,Lead,en,Head of Marketing EMEA
2841,Head of Marketing Europe,Lead,en,Head of Marketing Europe
2842,Head of Marketing Europe and North Africa,Lead,en,Head of Marketing Europe and North Africa
2843,Head of Marketing Food Service Germany,Lead,en,Head of Marketing Food Service Germany
2844,Head of Marketing Germany,Lead,en,Head of Marketing Germany
2845,Head of Marketing International,Lead,en,Head of Marketing International
2846,Head of Marketing Operations,Lead,en,Head of Marketing Operations
2847,Head of Marketing Ortlinghaus Group,Lead,en,Head of Marketing Ortlinghaus Group
2848,Head of Marketing Philips France,Lead,en,Head of Marketing Philips France
2849,Head of Marketing Retail,Lead,en,Head of Marketing Retail
2850,Head of Marketing Service,Lead,en,Head of Marketing Service
2851,Head of Marketing Services,Lead,en,Head of Marketing Services
2852,Head of Marketing Services & Communication,Lead,en,Head of Marketing Services & Communication
2853,Head of Marketing Solutions,Lead,en,Head of Marketing Solutions
2854,Head of Marketing Switzerland,Lead,en,Head of Marketing Switzerland
2855,Head of Marketing Tech & CRM (MYTOYS GROUP),Lead,sw,Head of Marketing Tech & CRM (MYTOYS GROUP)
2856,Head of Marketing Technologies & Operations,Lead,en,Head of Marketing Technologies & Operations
2857,Head of Marketing Technology & Development,Lead,en,Head of Marketing Technology & Development
2858,Head of Marketing Trade Shows & Events,Lead,en,Head of Marketing Trade Shows & Events
2859,Head of Marketing und Design,Lead,en,Head of Marketing und Design
2860,Head of Marketing/Sales,Lead,en,Head of Marketing/Sales
2861,Head of Marketing-Services,Lead,en,Head of Marketing-Services
2862,Head of Media & Communications,Lead,en,Head of Media & Communications
2863,Head of Online Marketing,Lead,en,Head of Online Marketing
2864,Head of Online-Marketing,Lead,en,Head of Online-Marketing
2865,Head of Online-Marketing / e-Commerce,Lead,en,Head of Online-Marketing / e-Commerce
2866,Head of Operational Marketing,Lead,en,Head of Operational Marketing
2867,Head of Perfomance Marketing,Lead,en,Head of Perfomance Marketing
2868,Head of Performance Marketing,Lead,en,Head of Performance Marketing
2869,Head of Performance Marketing & CRM,Lead,en,Head of Performance Marketing & CRM
2870,Head of PR & Communications,Lead,en,Head of PR & Communications
2871,Head of Presales & Marketing,Lead,en,Head of Presales & Marketing
2872,Head of Product & Segment Marketing DACH,Lead,en,Head of Product & Segment Marketing DACH
2873,Head of Product Marketing,Lead,en,Head of Product Marketing
2874,Head of Product Marketing Team,Lead,en,Head of Product Marketing Team
2875,Head of Projectmanagement & Marketing,Lead,en,Head of Projectmanagement & Marketing
2876,Head of R&D and B2B Marketing,Lead,en,Head of R&D and B2B Marketing
2877,Head of Regional Marketing nora DACH,Lead,en,Head of Regional Marketing nora DACH
2878,Head of Sales & Costumer Service - Marketing,Lead,en,Head of Sales & Costumer Service - Marketing
2879,Head of Sales & Marketing,Lead,en,Head of Sales & Marketing
2880,Head of Sales & Marketing / Head of Procurement...,Lead,en,Head of Sales & Marketing / Head of Procurement...
2881,Head of Sales & Marketing Direct Sales,Lead,en,Head of Sales & Marketing Direct Sales
2882,Head of Sales & Marketing E-Commerce,Lead,en,Head of Sales & Marketing E-Commerce
2883,Head of Sales & Marketing Elektro / Küche / Licht,Lead,de,Head of Sales & Marketing Electric / Kitchen / Light
2884,Head of Sales & Marketing EMEA,Lead,en,Head of Sales & Marketing EMEA
2885,Head of Sales & Marketing eMobility,Lead,en,Head of Sales & Marketing eMobility
2886,Head of Sales & Marketing global PPI,Lead,en,Head of Sales & Marketing global PPI
2887,Head of Sales & Marketing/Prokurist,Lead,en,Head of Sales & Marketing/Prokurist
2888,Head of Sales & Online Marketing,Lead,en,Head of Sales & Online Marketing
2889,Head of Sales and Marketing,Lead,en,Head of Sales and Marketing
2890,Head of Sales and Marketing /                          Member of Business Unit Commitee Switzerland,Lead,en,Head of Sales and Marketing /                          Member of Business Unit Commitee Switzerland
2891,Head of Sales and Marketing / Prokurist,Lead,en,Head of Sales and Marketing / Prokurist
2892,Head of Sales and Marketing Department,Lead,en,Head of Sales and Marketing Department
2893,Head of Sales and Marketing Development,Lead,en,Head of Sales and Marketing Development
2894,Head of Sales and Marketing France,Lead,en,Head of Sales and Marketing France
2895,Head of Sales and Marketing Pressroom Products,Lead,en,Head of Sales and Marketing Pressroom Products
2896,Head of Sales Marketing,Lead,en,Head of Sales Marketing
2897,Head of Sales Marketing Trade,Lead,en,Head of Sales Marketing Trade
2898,Head of Sales und Marketing DACH,Lead,de,Head of Sales and Marketing DACH
2899,Head of Sales&Marketing,Lead,en,Head of Sales&Marketing
2900,Head of Segment Marketing and Technical Solutions,Lead,en,Head of Segment Marketing and Technical Solutions
2901,Head of Strategic Marketing,Lead,en,Head of Strategic Marketing
2902,Head of Strategic Marketing & Corporate Responsibility,Lead,en,Head of Strategic Marketing & Corporate Responsibility
2903,Head of Strategic Marketing & New Business Development,Lead,en,Head of Strategic Marketing & New Business Development
2904,Head of Strategy and Marketing,Lead,en,Head of Strategy and Marketing
2905,Head of Technical Marketing,Lead,en,Head of Technical Marketing
2906,Head of Trade Marketing,Lead,en,Head of Trade Marketing
2907,Head of Trade Marketing & Digital Sales Operations,Lead,en,Head of Trade Marketing & Digital Sales Operations
2908,Head Sales & Marketing,Lead,en,Head Sales & Marketing
2909,Head Strategy and Marketing,Lead,en,Head Strategy and Marketing
2910,MARKETINGLEITER |Group Head of Marketing | Exec...,Lead,en,MARKETINGLEITER |Group Head of Marketing | Exec...
2911,Mitgründer und Head of Marketing,Lead,de,Co-founder and Head of Marketing
2912,Prokurist / Head of Sales&Marketing D/A/CH,Lead,en,Prokurist / Head of Sales&Marketing D/A/CH
2913,Prokurist | Head of Marketing LUMAS | DGPh,Lead,hi,Prokurist | Head of Marketing LUMAS | DGPh
2914,Regional Head of Marketing,Lead,en,Regional Head of Marketing
2915,Sales & Marketing Franchise Head Oncology - Targeted therapies,Lead,en,Sales & Marketing Franchise Head Oncology - Targeted therapies
2916,Specialist Marketing & Sales Support - Head of Sales Support/ Telemarketing,Lead,en,Specialist Marketing & Sales Support - Head of Sales Support/ Telemarketing
2917,Head of BANCOS Operations,Lead,en,Head of BANCOS Operations
2918,Head of Commercial Operations,Lead,en,Head of Commercial Operations
2919,Head of Market Operations,Lead,en,Head of Market Operations
2920,Head of Operations,Lead,en,Head of Operations
2921,Head of Operations / Application-Specialist,Lead,en,Head of Operations / Application-Specialist
2922,Head of Revenue Operations,Lead,en,Head of Revenue Operations
2923,Head of Service Operations,Lead,en,Head of Service Operations
2924,Head of Transformation and Infrastructure & Operations Projects,Lead,en,Head of Transformation and Infrastructure & Operations Projects
2925,Head of Project Purchasing,Lead,en,Head of Project Purchasing
2926,Business Development / Head of Sales,Lead,en,Business Development / Head of Sales
2927,Co-Head of Sales Germany and Austria,Lead,en,Co-Head of Sales Germany and Austria
2928,Deputy Head of Sales,Lead,en,Deputy Head of Sales
2929,Global Head of Sales,Lead,en,Global Head of Sales
2930,Global Head of Sales Business Unit Coffee,Lead,en,Global Head of Sales Business Unit Coffee
2931,Global Head of Sales Data,Lead,en,Global Head of Sales Data
2932,Global Head of Sales Development & Inside Sales,Lead,en,Global Head of Sales Development & Inside Sales
2933,Global Head of Sales Façade & Profile Sealing Systems,Lead,pt,Global Head of Sales Façade & Profile Sealing Systems
2934,Global Head of Sales Operations,Lead,en,Global Head of Sales Operations
2935,Global Head of Sales Standards & Governance,Lead,en,Global Head of Sales Standards & Governance
2936,Global Head of Sales Systems,Lead,en,Global Head of Sales Systems
2937,Global Head of Salesforce,Lead,en,Global Head of Salesforce
2938,Group Head of Sales,Lead,en,Group Head of Sales
2939,GroupHead Sales,Lead,en,GroupHead Sales
2940,Head Acquisitions and Sales,Lead,en,Head Acquisitions and Sales
2941,Head Digital Sales & Service Tools,Lead,en,Head Digital Sales & Service Tools
2942,Head Indirect Sales,Lead,en,Head Indirect Sales
2943,Head of  Sales,Lead,en,Head of  Sales
2944,Head of Agency Sales,Lead,en,Head of Agency Sales
2945,Head of all Indirect Sales B2B,Lead,en,Head of all Indirect Sales B2B
2946,Head of Application Sales Support & CRM,Lead,en,Head of Application Sales Support & CRM
2947,Head of B2B Sales,Lead,en,Head of B2B Sales
2948,Head of Business and Sales,Lead,en,Head of Business and Sales
2949,Head of Business Center SAP Sales & Service,Lead,en,Head of Business Center SAP Sales & Service
2950,Head of Business Development & Media Sales,Lead,en,Head of Business Development & Media Sales
2951,Head of Business Development & Sales DACH,Lead,en,Head of Business Development & Sales DACH
2952,Head of Business Development / Operativer Vertrieb,Lead,de,Head of Business Development / Operational Sales
2953,Head of Business Development and Sales,Lead,en,Head of Business Development and Sales
2954,Head of Business Development/ Installer Sales,Lead,en,Head of Business Development/ Installer Sales
2955,Head of Business Knowledge & Sales Excellence,Lead,en,Head of Business Knowledge & Sales Excellence
2956,Head of Business Sales,Lead,en,Head of Business Sales
2957,Head of Business Support & Inside Sales,Lead,en,Head of Business Support & Inside Sales
2958,Head of Business Unit Pharma / International Sales / Multinational Key Accounts,Lead,en,Head of Business Unit Pharma / International Sales / Multinational Key Accounts
2959,Head of Capital Markets / Sales,Lead,en,Head of Capital Markets / Sales
2960,Head of Central Purchasing/Sales B2B,Lead,en,Head of Central Purchasing/Sales B2B
2961,Head of Channel Sales,Lead,en,Head of Channel Sales
2962,Head of Channel Sales Switzerland & Austria,Lead,en,Head of Channel Sales Switzerland & Austria
2963,Head of Clearing Sales,Lead,en,Head of Clearing Sales
2964,Head of Commercial Sales Organization Germany,Lead,en,Head of Commercial Sales Organization Germany
2965,Head of Corporate Sales,Lead,en,Head of Corporate Sales
2966,Head of Corporate Sales Support and Excellence,Lead,en,Head of Corporate Sales Support and Excellence
2967,Head of CRM & daproh Sales (Components Technology),Lead,en,Head of CRM & daproh Sales (Components Technology)
2968,Head of CRM & Sales Analytics,Lead,en,Head of CRM & Sales Analytics
2969,Head of CRM & Sales Ops Fernstudium,Lead,nl,Head of CRM & Sales Ops Fernstudium
2970,Head of CRM / Head of Sales Operations US,Lead,en,Head of CRM / Head of Sales Operations US
2971,Head of CRM / Sales Consulting,Lead,en,Head of CRM / Sales Consulting
2972,Head of CRM / Salesforce,Lead,en,Head of CRM / Salesforce
2973,Head of CRM and Sales Processes / Corporate Sales Excellence,Lead,en,Head of CRM and Sales Processes / Corporate Sales Excellence
2974,Head of Customer Experience | Sales Lead | Digital Consulting | Leadership | CRM DXP | BizDev,Lead,en,Head of Customer Experience | Sales Lead | Digital Consulting | Leadership | CRM DXP | BizDev
2975,Head of Customer Experience Design & Sales,Lead,en,Head of Customer Experience Design & Sales
2976,Head Of Customer Service & Sales,Lead,en,Head Of Customer Service & Sales
2977,Head of Customer Service Center & Global Sales Planning (10 FTEs),Lead,en,Head of Customer Service Center & Global Sales Planning (10 FTEs)
2978,Head of Digital Sales Consulting,Lead,en,Head of Digital Sales Consulting
2979,Head of Digitalization & Sales Planning,Lead,en,Head of Digitalization & Sales Planning
2980,Head of Direct and Programmatic Sales,Lead,en,Head of Direct and Programmatic Sales
2981,Head of Direct Sales,Lead,en,Head of Direct Sales
2982,Head of Direct Sales & Commercial Integrations / Classifieds & Tamedia Network,Lead,en,Head of Direct Sales & Commercial Integrations / Classifieds & Tamedia Network
2983,Head Of Direct Sales EMEA,Lead,en,Head Of Direct Sales EMEA
2984,Head of Direct Sales Furniture Production & Private Label Coated Abrasives,Lead,en,Head of Direct Sales Furniture Production & Private Label Coated Abrasives
2985,Head of Division Sales,Lead,en,Head of Division Sales
2986,Head of eCommerce and Sales Innovations (formerly digitalization department),Lead,en,Head of eCommerce and Sales Innovations (formerly digitalization department)
2987,Head of Enterprise Sales,Lead,en,Head of Enterprise Sales
2988,Head of Enterprise Sales / Head of Used Softwar...,Lead,en,Head of Enterprise Sales / Head of Used Softwar...
2989,Head of Enterprise Sales Germany,Lead,en,Head of Enterprise Sales Germany
2990,Head of European Sales Development (PCE),Lead,en,Head of European Sales Development (PCE)
2991,Head of Export Sales,Lead,en,Head of Export Sales
2992,Head of Field Sales,Lead,en,Head of Field Sales
2993,Head of Field Sales & In-Store Capabilities Germany,Lead,en,Head of Field Sales & In-Store Capabilities Germany
2994,Head of Field Sales und Sales Trainerin www.JOB...,Lead,en,Head of Field Sales und Sales Trainerin www.JOB...
2995,Head of Global Sales,Lead,en,Head of Global Sales
2996,Head of Global Sales & Business Development,Lead,en,Head of Global Sales & Business Development
2997,Head of Global Sales & Service BA,Lead,en,Head of Global Sales & Service BA
2998,Head of Global Sales Excellence,Lead,en,Head of Global Sales Excellence
2999,Head of Global Sales Excellence and OEM Partnerships,Lead,en,Head of Global Sales Excellence and OEM Partnerships
3000,Head of Global Sales Operations,Lead,en,Head of Global Sales Operations
3001,Head of Global Sales RCD & Minerals,Lead,en,Head of Global Sales RCD & Minerals
3002,Head of Group Sales,Lead,en,Head of Group Sales
3003,Head of Group Sales & Pricing,Lead,en,Head of Group Sales & Pricing
3004,Head of Group Sales Support,Lead,en,Head of Group Sales Support
3005,Head of Inside Sales,Lead,en,Head of Inside Sales
3006,Head of Inside Sales - Southern EMEA,Lead,en,Head of Inside Sales - Southern EMEA
3007,Head of Inside Sales (DACH),Lead,en,Head of Inside Sales (DACH)
3008,Head of Inside Sales / Order Processing,Lead,en,Head of Inside Sales / Order Processing
3009,Head of Inside Sales Dept.,Lead,en,Head of Inside Sales Dept.
3010,Head of Inside Sales NONWOVENS,Lead,nl,Head of Inside Sales NONWOVENS
3011,Head of Institutional Sales,Lead,en,Head of Institutional Sales
3012,Head of Internal Sales,Lead,en,Head of Internal Sales
3013,Head of Internal Sales Department Beauty Care / Consumer Brands,Lead,en,Head of Internal Sales Department Beauty Care / Consumer Brands
3014,Head of International & Digital Sales,Lead,en,Head of International & Digital Sales
3015,Head of International Direct Sales,Lead,en,Head of International Direct Sales
3016,Head of International Sales,Lead,en,Head of International Sales
3017,Head of International Sales & Back Office | ACP Baustofftechnik,Lead,de,"Head of International Sales & Back Office, ACP Building Materials Technology"
3018,Head of International Sales Organisation,Lead,en,Head of International Sales Organisation
3019,Head of IT Process Engineering Sales,Lead,en,Head of IT Process Engineering Sales
3020,Head of IT Sales,Lead,en,Head of IT Sales
3021,Head of IT Sales Operations & CPQ,Lead,en,Head of IT Sales Operations & CPQ
3022,Head of IT-Development Sales & Custody,Lead,en,Head of IT-Development Sales & Custody
3023,Head of Key Account & Sales EMEA,Lead,en,Head of Key Account & Sales EMEA
3024,Head of Markting & Sales,Lead,en,Head of Markting & Sales
3025,Head of Media Sales,Lead,en,Head of Media Sales
3026,Head of Media Sales (Print & Online),Lead,en,Head of Media Sales (Print & Online)
3027,Head of MSP Sales,Lead,en,Head of MSP Sales
3028,Head of Network Solutions Sales,Lead,en,Head of Network Solutions Sales
3029,Head of New Sales,Lead,en,Head of New Sales
3030,Head of OEM Sales Excellence + Head of OEM Demand & Supply,Lead,en,Head of OEM Sales Excellence + Head of OEM Demand & Supply
3031,Head of Online Sales,Lead,en,Head of Online Sales
3032,Head of Online Sales Premium Products,Lead,en,Head of Online Sales Premium Products
3033,Head of Pre-Sales,Lead,en,Head of Pre-Sales
3034,Head of Pre-Sales Consulting,Lead,en,Head of Pre-Sales Consulting
3035,Head of Pricing & Sales Controlling EMEA,Lead,en,Head of Pricing & Sales Controlling EMEA
3036,Head of Product Channel Sales Central Europe,Lead,en,Head of Product Channel Sales Central Europe
3037,Head of Programme Acquisition & Sales,Lead,en,Head of Programme Acquisition & Sales
3038,Head of Project/Sales,Lead,en,Head of Project/Sales
3039,Head of Recruiting & Enterprise Solutions Sales,Lead,en,Head of Recruiting & Enterprise Solutions Sales
3040,Head of Regional Sales,Lead,en,Head of Regional Sales
3041,Head of Regional Sales dpa Business West/dpa Insight EU International,Lead,en,Head of Regional Sales dpa Business West/dpa Insight EU International
3042,Head of Regional Sales for West and North Europe,Lead,en,Head of Regional Sales for West and North Europe
3043,Head of Regional Sales Österreich / Schweiz,Lead,de,Head of Regional Sales Austria / Switzerland
3044,Head of Sales,Lead,en,Head of Sales
3045,Head of Sales  BKS Connect,Lead,en,Head of Sales  BKS Connect
3046,Head of Sales - Business Customers Austria,Lead,en,Head of Sales - Business Customers Austria
3047,Head of Sales - CE,Lead,en,Head of Sales - CE
3048,Head of Sales - Central & Eastern Europe,Lead,en,Head of Sales - Central & Eastern Europe
3049,Head of Sales - DACH Region,Lead,en,Head of Sales - DACH Region
3050,Head of Sales - Education and Research,Lead,en,Head of Sales - Education and Research
3051,Head of Sales - Global Emerging Accounts,Lead,en,Head of Sales - Global Emerging Accounts
3052,Head of Sales - North,Lead,en,Head of Sales - North
3053,"Head of Sales ""Sales & Mobility""",Lead,en,"Head of Sales ""Sales & Mobility"""
3054,Head of Sales & Administration,Lead,en,Head of Sales & Administration
3055,Head of Sales & Advisory,Lead,en,Head of Sales & Advisory
3056,Head of Sales & Application,Lead,en,Head of Sales & Application
3057,Head of Sales & Back Office,Lead,en,Head of Sales & Back Office
3058,Head of Sales & Business Development,Lead,en,Head of Sales & Business Development
3059,Head of Sales & Business Development – Rest of World,Lead,en,Head of Sales & Business Development – Rest of World
3060,Head of Sales & Business Development SAP CX,Lead,en,Head of Sales & Business Development SAP CX
3061,Head of Sales & Consulting Services,Lead,en,Head of Sales & Consulting Services
3062,Head of Sales & CRM,Lead,en,Head of Sales & CRM
3063,Head of Sales & Customer Service,Lead,en,Head of Sales & Customer Service
3064,Head of Sales & IT Controlling,Lead,en,Head of Sales & IT Controlling
3065,Head of Sales & Onsite Service B2C North,Lead,en,Head of Sales & Onsite Service B2C North
3066,Head of Sales & Operation E-mobility Germany,Lead,en,Head of Sales & Operation E-mobility Germany
3067,Head of Sales & Operations,Lead,en,Head of Sales & Operations
3068,Head of Sales & Operations Planning,Lead,en,Head of Sales & Operations Planning
3069,Head of Sales & Product,Lead,en,Head of Sales & Product
3070,Head of Sales & Project Office,Lead,en,Head of Sales & Project Office
3071,Head of Sales & Prokurist,Lead,en,Head of Sales & Prokurist
3072,Head of Sales & Recruiter,Lead,en,Head of Sales & Recruiter
3073,Head of Sales & Repro Packaging,Lead,en,Head of Sales & Repro Packaging
3074,Head of Sales & Service,Lead,en,Head of Sales & Service
3075,Head of Sales & Service IT SAP,Lead,en,Head of Sales & Service IT SAP
3076,Head of Sales & Service Support,Lead,en,Head of Sales & Service Support
3077,Head of Sales & Support,Lead,en,Head of Sales & Support
3078,Head of Sales (DACH region),Lead,en,Head of Sales (DACH region)
3079,Head of Sales (Messe Kontakt),Lead,ur,Head of Sales (Exhibition Contact)
3080,Head of Sales / Business Unit Training,Lead,en,Head of Sales / Business Unit Training
3081,Head of Sales / Prokurist,Lead,en,Head of Sales / Prokurist
3082,Head of Sales Administration,Lead,en,Head of Sales Administration
3083,Head of Sales Analytics,Lead,en,Head of Sales Analytics
3084,Head of Sales and Administration,Lead,en,Head of Sales and Administration
3085,Head of Sales and Application Engineering,Lead,en,Head of Sales and Application Engineering
3086,Head of Sales and Applications Europe,Lead,en,Head of Sales and Applications Europe
3087,Head of Sales and Business Development,Lead,en,Head of Sales and Business Development
3088,Head of Sales and Business Development (Neulandt),Lead,en,Head of Sales and Business Development (Neulandt)
3089,Head of Sales and Business Development SCM,Lead,en,Head of Sales and Business Development SCM
3090,Head of Sales and Customer Service,Lead,en,Head of Sales and Customer Service
3091,Head of Sales and Digital Business,Lead,en,Head of Sales and Digital Business
3092,Head of Sales and IT Service,Lead,en,Head of Sales and IT Service
3093,Head of Sales and Projects,Lead,en,Head of Sales and Projects
3094,Head of Sales and Projects - Textile B.U.,Lead,en,Head of Sales and Projects - Textile B.U.
3095,Head of Sales and Projektmanagement,Lead,en,Head of Sales and Projektmanagement
3096,Head of Sales and Sales Coordinator,Lead,en,Head of Sales and Sales Coordinator
3097,Head of Sales and Technology,Lead,en,Head of Sales and Technology
3098,Head of Sales APAC,Lead,en,Head of Sales APAC
3099,Head of Sales Automotive Germany,Lead,en,Head of Sales Automotive Germany
3100,Head of Sales Automotive IAM,Lead,en,Head of Sales Automotive IAM
3101,Head of Sales Automotive Lubricants Central Europe,Lead,en,Head of Sales Automotive Lubricants Central Europe
3102,Head of Sales B2B,Lead,en,Head of Sales B2B
3103,Head of Sales B2B EMEA,Lead,en,Head of Sales B2B EMEA
3104,Head of Sales Back Office,Lead,en,Head of Sales Back Office
3105,Head of Sales BRD,Lead,en,Head of Sales BRD
3106,Head of Sales B-to-B,Lead,en,Head of Sales B-to-B
3107,Head of Sales Business Unit Semicon Modules,Lead,en,Head of Sales Business Unit Semicon Modules
3108,Head of Sales CEE / Authorized Signatory,Lead,en,Head of Sales CEE / Authorized Signatory
3109,Head of Sales CEE/CIS,Lead,en,Head of Sales CEE/CIS
3110,Head of Sales Central,Lead,en,Head of Sales Central
3111,Head of Sales Central Europe,Lead,en,Head of Sales Central Europe
3112,Head of Sales Consulting,Lead,en,Head of Sales Consulting
3113,Head of Sales Control and Development,Lead,en,Head of Sales Control and Development
3114,Head of Sales Controlling & analytical CRM,Lead,en,Head of Sales Controlling & analytical CRM
3115,Head of Sales Controlling & Operations,Lead,en,Head of Sales Controlling & Operations
3116,Head of Sales Controlling and SCM Controlling,Lead,en,Head of Sales Controlling and SCM Controlling
3117,Head of Sales Coordination International (SO/SAC),Lead,en,Head of Sales Coordination International (SO/SAC)
3118,Head of Sales D A CH,Lead,en,Head of Sales D A CH
3119,Head of Sales D/A/CH,Lead,en,Head of Sales D/A/CH
3120,Head of Sales D/A/CH & BeNeLux,Lead,it,Head of Sales D/A/CH & BeNeLux
3121,Head of Sales D/A/CH/EAST/TR,Lead,en,Head of Sales D/A/CH/EAST/TR
3122,Head of Sales DACH,Lead,en,Head of Sales DACH
3123,Head of Sales D-A-CH,Lead,en,Head of Sales D-A-CH
3124,Head of Sales DACH & Benelux,Lead,en,Head of Sales DACH & Benelux
3125,Head of Sales DACH CEE,Lead,de,Head of Sales DACH CEE
3126,Head of Sales D-A-CH Region,Lead,en,Head of Sales D-A-CH Region
3127,Head of Sales DE/AT/NL,Lead,en,Head of Sales DE/AT/NL
3128,Head of Sales Department,Lead,en,Head of Sales Department
3129,Head of Sales Department DACHL,Lead,en,Head of Sales Department DACHL
3130,Head of Sales Dept.,Lead,en,Head of Sales Dept.
3131,Head of Sales Developer & Creative Solutions,Lead,en,Head of Sales Developer & Creative Solutions
3132,Head of Sales Development,Lead,en,Head of Sales Development
3133,Head of Sales Development & Sales Administration,Lead,en,Head of Sales Development & Sales Administration
3134,Head of Sales Development International,Lead,en,Head of Sales Development International
3135,Head of Sales Digitalization,Lead,en,Head of Sales Digitalization
3136,Head of Sales Dreamlines.de,Lead,en,Head of Sales Dreamlines.de
3137,Head of Sales Duratec,Lead,en,Head of Sales Duratec
3138,Head of Sales eCommerce,Lead,en,Head of Sales eCommerce
3139,Head of Sales Electronic Devices,Lead,en,Head of Sales Electronic Devices
3140,Head of Sales EMEA,Lead,en,Head of Sales EMEA
3141,Head of Sales EMEA East,Lead,en,Head of Sales EMEA East
3142,Head of Sales EMEAA,Lead,en,Head of Sales EMEAA
3143,Head of Sales Enablement,Lead,en,Head of Sales Enablement
3144,Head of Sales Europe,Lead,en,Head of Sales Europe
3145,Head of Sales Excellence,Lead,en,Head of Sales Excellence
3146,Head of Sales Excellence Europe,Lead,en,Head of Sales Excellence Europe
3147,Head of Sales for LED Control Gear & Modules,Lead,en,Head of Sales for LED Control Gear & Modules
3148,Head of Sales Force Enablement & Application,Lead,en,Head of Sales Force Enablement & Application
3149,Head of Sales Germany,Lead,en,Head of Sales Germany
3150,Head of Sales Germany and Austria,Lead,en,Head of Sales Germany and Austria
3151,Head of Sales Germany/ Austria,Lead,en,Head of Sales Germany/ Austria
3152,Head of Sales Global - Solutions,Lead,en,Head of Sales Global - Solutions
3153,Head of Sales GU Projects,Lead,en,Head of Sales GU Projects
3154,Head of Sales Industry,Lead,en,Head of Sales Industry
3155,Head of Sales Intelligence and Analytics EMEA/LA/APAC,Lead,en,Head of Sales Intelligence and Analytics EMEA/LA/APAC
3156,Head of Sales International,Lead,en,Head of Sales International
3157,Head of Sales iRec & iHR,Lead,en,Head of Sales iRec & iHR
3158,Head Of Sales KATEK Mauerstetten GmbH,Lead,nl,Head of Sales KATEK Mauerstetten GmbH
3159,Head of Sales Licences,Lead,en,Head of Sales Licences
3160,Head of Sales Life Science Technology,Lead,en,Head of Sales Life Science Technology
3161,Head of Sales Makler Business,Lead,en,Head of Sales Makler Business
3162,Head of Sales Man Made Fibre Division,Lead,en,Head of Sales Man Made Fibre Division
3163,Head of Sales Market Unit Germany,Lead,en,Head of Sales Market Unit Germany
3164,Head of Sales Midmarket & Growth D-A-CH,Lead,en,Head of Sales Midmarket & Growth D-A-CH
3165,Head of Sales New Business,Lead,en,Head of Sales New Business
3166,Head of Sales North Europe AP GUTMANN Group,Lead,en,Head of Sales North Europe AP GUTMANN Group
3167,Head of Sales Northern Germany // Austria,Lead,en,Head of Sales Northern Germany // Austria
3168,Head of Sales Office,Lead,en,Head of Sales Office
3169,Head of Sales Online,Lead,en,Head of Sales Online
3170,Head of Sales Operations,Lead,en,Head of Sales Operations
3171,Head of Sales Operations Germany,Lead,en,Head of Sales Operations Germany
3172,Head of Sales Operations Germany @ Lyreco Advantage,Lead,en,Head of Sales Operations Germany @ Lyreco Advantage
3173,Head of Sales partnerships,Lead,en,Head of Sales partnerships
3174,Head of Sales Partnerships & Hospitality,Lead,en,Head of Sales Partnerships & Hospitality
3175,Head of Sales Performance and CRM,Lead,en,Head of Sales Performance and CRM
3176,Head of Sales Pharmaceuticals and Cosmetics,Lead,en,Head of Sales Pharmaceuticals and Cosmetics
3177,Head of Sales Processes,Lead,en,Head of Sales Processes
3178,Head of Sales Public and Utilities Sector Germany,Lead,en,Head of Sales Public and Utilities Sector Germany
3179,Head Of Sales Radiators & Sanitary Hot Water,Lead,en,Head Of Sales Radiators & Sanitary Hot Water
3180,Head of Sales Region Austria & Switzerland,Lead,en,Head of Sales Region Austria & Switzerland
3181,Head of Sales Region D-A-CH,Lead,en,Head of Sales Region D-A-CH
3182,Head of Sales RV OE EMEA,Lead,pt,Head of Sales RV OE EMEA
3183,Head of Sales Rx - Germany,Lead,en,Head of Sales Rx - Germany
3184,Head of Sales Sellthru,Lead,en,Head of Sales Sellthru
3185,Head of Sales Service,Lead,en,Head of Sales Service
3186,Head of Sales Services Division,Lead,en,Head of Sales Services Division
3187,Head of Sales SME Germany,Lead,en,Head of Sales SME Germany
3188,Head of Sales Solar Cells,Lead,en,Head of Sales Solar Cells
3189,Head of Sales Solutions,Lead,en,Head of Sales Solutions
3190,Head of Sales Solutions Business Unit Utilities,Lead,en,Head of Sales Solutions Business Unit Utilities
3191,Head of Sales SORB®XT,Lead,en,Head of Sales SORB®XT
3192,Head of Sales South Germany,Lead,en,Head of Sales South Germany
3193,Head of Sales Southern Germany,Lead,en,Head of Sales Southern Germany
3194,Head of Sales Sports & Nutrition,Lead,en,Head of Sales Sports & Nutrition
3195,Head of Sales Support,Lead,en,Head of Sales Support
3196,Head Of Sales Support Germany,Lead,en,Head Of Sales Support Germany
3197,Head of Sales Support Sales International,Lead,en,Head of Sales Support Sales International
3198,Head of Sales Switzerland,Lead,en,Head of Sales Switzerland
3199,Head of Sales System & Solutions Switzerland,Lead,en,Head of Sales System & Solutions Switzerland
3200,Head of Sales System Development,Lead,en,Head of Sales System Development
3201,Head of Sales Team,Lead,en,Head of Sales Team
3202,Head of Sales Team Germany,Lead,en,Head of Sales Team Germany
3203,Head of Sales Tech,Lead,en,Head of Sales Tech
3204,Head of Sales Thermal Paper,Lead,en,Head of Sales Thermal Paper
3205,Head of Sales Tools and Processes,Lead,en,Head of Sales Tools and Processes
3206,Head of Sales& Alliances,Lead,en,Head of Sales& Alliances
3207,Head of Sales&CX,Lead,en,Head of Sales&CX
3208,Head of Salesforce & BI,Lead,en,Head of Salesforce & BI
3209,Head of Salesforce Center of Excellence,Lead,en,Head of Salesforce Center of Excellence
3210,Head of Salesstrategy E-Mobility B2B,Lead,en,Head of Salesstrategy E-Mobility B2B
3211,Head of SAP Sales,Lead,en,Head of SAP Sales
3212,Head of SAP Sales & Logistics,Lead,en,Head of SAP Sales & Logistics
3213,Head of SME Sales Region West,Lead,en,Head of SME Sales Region West
3214,Head of Solution Sales / Salesforce Competence Center,Lead,en,Head of Solution Sales / Salesforce Competence Center
3215,Head of Solutions and Sales,Lead,en,Head of Solutions and Sales
3216,Head of Solutions and Sales (Messe Kontakt),Lead,en,Head of Solutions and Sales (Messe Kontakt)
3217,Head of Strategic Sales,Lead,en,Head of Strategic Sales
3218,Head of Strategic Sales & Projects,Lead,en,Head of Strategic Sales & Projects
3219,Head of Tactical Sales Services,Lead,en,Head of Tactical Sales Services
3220,Head Of Technical Sales,Lead,en,Head Of Technical Sales
3221,Head of Technology Services Sales,Lead,en,Head of Technology Services Sales
3222,Head of Unit Sales & Customer Services,Lead,en,Head of Unit Sales & Customer Services
3223,Head Sales,Lead,en,Head Sales
3224,Head Sales E-Commerce,Lead,en,Head Sales E-Commerce
3225,Head Sales Operation,Lead,en,Head Sales Operation
3226,Local Head of Sales Robots & Applications,Lead,en,Local Head of Sales Robots & Applications
3227,ppa. Head of Sales and Engineering,Lead,en,ppa. Head of Sales and Engineering
3228,ppa. Head of Sales Consumer Data,Lead,en,ppa. Head of Sales Consumer Data
3229,Head of Customer Support Workflow & IT Solutions,Lead,en,Head of Customer Support Workflow & IT Solutions
3230,Head of Service and Support & Infrastructure and Cloud Services,Lead,en,Head of Service and Support & Infrastructure and Cloud Services
3231,Agenturleiter,Lead,de,Head of Agency
3232,Anzeigenleiter,Lead,de,Display Manager
3233,Außendienst Teamleiter,Lead,de,Field Service Team Leader
3234,Bau- und Projektleiter,Lead,de,Construction and Project Managers
3235,Bereichsleiter,Lead,de,Head of Division
3236,Bereichsleiter - Orthopädietechniker-Meister / CPO ISPO Cat I,Lead,de,Head of Division - Orthopaedic Technician Master / CPO ISPO Cat I
3237,Bereichsleiter / Festnetz,Lead,de,Head of Sector / Landline
3238,Bereichsleiter eCommerce,Lead,de,Head of eCommerce
3239,Bereichsleiter Hartstoffbeschichtungen,Lead,de,Division Head of Hard Coatings
3240,Bereichsleiter ICT/Organisation/Internal Audit,Lead,de,Head of ICT/Organisation/Internal Audit
3241,Bereichsleiter Innovation/Technologie,Lead,de,Head of Innovation/Technology
3242,Bereichsleiter Konstruktion,Lead,de,Head of Design
3243,Bereichsleiter Kundenservice & Qualitätsmanagement,Lead,de,Head of Customer Service & Quality Management
3244,Bereichsleiter Presales Consulting,Lead,de,Head of Presales Consulting
3245,Bereichsleiter Privat- und Gewerbekunden,Lead,de,Head of Private and Commercial Customers
3246,Bereichsleiter Release- und Datenmanagement - P...,Lead,de,Head of Release and Data Management - P...
3247,Bereichsleiter Software,Lead,de,Head of Software
3248,Bereichsleiter Systemadministration,Lead,de,Head of System Administration
3249,Bereichsleiter Unternehmensentwicklung,Lead,de,Head of Business Development
3250,Bereichsleiter Verkauf,Lead,de,Head of Sales
3251,Bereichsleiterin Verkauf,Lead,de,Head of Sales
3252,Betriebsleiter,Lead,de,Managers of the holding
3253,Betriebsleiter | Prokurist,Lead,de,Manager of the plant 的 Prokurist
3254,Betriebsleiterassistent,Lead,de,Manager Assistant
3255,Bezirksleiter,Lead,de,District Leaders
3256,Bezirksverkaufsleiter / Regionalverkaufsleiter ...,Lead,de,District Sales Manager / Regional Sales Manager ...
3257,Büroleiter,Lead,de,Office Managers
3258,Dualer Student - Teamleiter,Lead,de,Dual Student - Team Leader
3259,Eidg. Dipl. Verkaufsleiter,Lead,de,Eidg. Dipl. Sales Manager
3260,Ein- und Verkaufsleiter,Lead,de,Head of Sales and Sales
3261,Elektotechnikingenieur / Projektleiter TGA / Bauleiter,Lead,de,Elektotechnikingenieur / Projektleiter TGA / Bauleiter
3262,Entwicklungsleiter,Lead,de,Head of Development
3263,Entwicklungsleiter und GF,Lead,de,Head of Development and GF
3264,Exportleiter,Lead,de,Export Manager
3265,Fachbereichsleiter,Lead,de,Head of Division
3266,Fachbereichsleiter Zentrale Stammdaten,Lead,de,Head of Division Central master data
3267,Fachbereichsleiterin Informationsmanagement,Lead,de,Head of Department Information Management
3268,Fachgruppenleiter,Lead,de,Head of Section
3269,Filialleiter,Lead,de,Branch Manager
3270,Gebietsleiter,Lead,de,Head of Area
3271,Gebietsleiter Süd,Lead,de,Head of Area South
3272,Gebietsverkaufleiter,Lead,de,Area sales manager
3273,Gebietsverkaufsleiter,Lead,de,Head of Area Sales
3274,Gebietsverkaufsleiter - abas ERP,Lead,de,Area Sales Manager - abas ERP
3275,Gebietsverkaufsleiter Bayern Süd & Österreich,Lead,de,Area Sales Manager Bavaria South & Austria
3276,Gebietsverkaufsleiter bei Hersteller von Schnelllauftoren,Lead,de,Area sales manager for manufacturers of quick-run doors
3277,Gebietsverkaufsleiter DAUPHIN HOME Deutschland ...,Lead,de,Area Sales Manager DAUPHIN HOME Germany ...
3278,Gebietsverkaufsleiter Deutschland West,Lead,de,Area Sales Manager Germany West
3279,Gebietsverkaufsleiter Fassade Architektur Berlin,Lead,de,Area Sales Manager Facade Architecture Berlin
3280,Gebietsverkaufsleiter im Außendienst,Lead,de,Area sales manager in the field service
3281,Gebietsverkaufsleiter Nord / regional sales manager,Lead,de,Area Sales Manager North / Regional sales manager
3282,Gebietsverkaufsleiter Nord-Ost,Lead,de,Area Sales Manager North-East
3283,Gebietsverkaufsleiter Ost,Lead,de,Regional Sales Manager East
3284,Gebietsverkaufsleiter Süddeutschland / Regional...,Lead,de,Area Sales Manager Southern Germany / Regional...
3285,Gebietsvertriebsleiter,Lead,de,Head of Area Distribution
3286,Gesamtleiter Aussendienst & Niederlassungen,Lead,de,General Head of Sales & Branches
3287,Gesamtverkaufsleiter,Lead,de,Total Head of Sales
3288,Gesamtverkaufsleiter Bereich Groß-und Gewerbekunden DÜRKOP GmbH - Berlin,Lead,de,Total Sales Manager Division Wholesale and Commercial Customers DÜRKOP GmbH - Berlin
3289,Gesamtvertriebsleiter,Lead,de,Total Sales Managers
3290,Gesamtvertriebsleiter DACH,Lead,de,Total Sales Manager DACH
3291,Gesamtvertriebsleiter stat. Druckluftsysteme,Lead,de,Total Sales Manager Stat. Compressed Air Systems
3292,Geschäftsbereichleiter,Lead,de,Head of Division
3293,Geschäftsbereichleiter Projektgeschäft,Lead,de,Head of Project Business
3294,Geschäftsbereichsleiter,Lead,de,Head of Division
3295,Geschäftsbereichsleiter B2B,Lead,de,Head of Business Unit B2B
3296,Geschäftsbereichsleiter ERP Systeme,Lead,de,Head of Business Unit ERP Systems
3297,Geschäftsbereichsleiter Kundenservice,Lead,de,Head of Customer Service
3298,Geschäftsbereichsleiter Versicherungen,Lead,de,Head of Division Insurance
3299,Geschäftsbereichsleiter/Prokurist,Lead,de,Head of Division/Procurer
3300,Geschäftsfeldleiter Maschinen und Anlagen,Lead,de,Head of Division Machinery and Installations
3301,Geschäftsführender Gebietsleiter,Lead,de,Managing Head of Area
3302,Geschäftsleiter,Lead,de,Managers
3303,Geschäftsleiter Österreich I Südtirol,Lead,de,Manager Austria I South Tyrol
3304,Geschäftsleiter/Verwaltungsrat Prospective Media Services AG Berlin und Zürich,Lead,de,Managing Director/Administrative Board Prospective Media Services AG Berlin and Zurich
3305,Geschäftsstellenleiter,Lead,de,Head of Office
3306,Geschäftstellenleiter,Lead,de,Managers
3307,Gruppenleiter,Lead,de,Group Leaders
3308,Gruppenleiter Datenqualitätsmanagement,Lead,de,Group Leader Data Quality Management
3309,Gruppenleiter Dialogmarketing und Database Mark...,Lead,de,Group Leader Dialog Marketing and Database Mark...
3310,Gruppenleiter Montagesystemtechnik und Anlagenp...,Lead,de,Group leader assembly system technology and systems p...
3311,Gruppenleiter Verkauf Deutschland,Lead,de,Group Leader Sales Germany
3312,Gruppenleiter/Teamleiter Materialeinkauf Zentraleinkauf Stuttgart,Lead,de,Group leader/team leader Material purchasing Central purchasing Stuttgart
3313,Hauptabteilungsleiter Konzerninformationstechnologie,Lead,de,Head of Division Group Information Technology
3314,Hauptabteilungsleiter Materialwirtschaft,Lead,de,Head of Materials Management
3315,Innendienstleiter,Lead,de,Internal Service Managers
3316,Innendienstleiter Deutschland,Lead,de,Internal Service Manager Germany
3317,Innendienstleiter Europa und Russland,Lead,de,Internal Service Managers Europe and Russia
3318,Innendienstleiter/ Prokurist FLAMCO Meibes,Lead,de,Internal Manager/Procurer FLAMCO Meibes
3319,Kaufmännischer Projektleiter,Lead,de,Commercial Project Manager
3320,komm. Betriebsleiter,Lead,de,"Come on, farm manager."
3321,Lager u. Logistikleiter,Lead,de,Warehouse & Logistics Manager
3322,Marktleiter,Lead,de,Market Leaders
3323,Marktleiterin,Lead,de,Market leader
3324,Medizinprodukteberater und Gebietsverkaufsleiter,Lead,de,Medical device advisors and area sales managers
3325,Microsoft Dynamics NAV Projektleiter,Lead,de,Microsoft Dynamics NAV Project Manager
3326,Nationaler Verkaufsleiter,Lead,de,National Sales Manager
3327,Niederlassungsleiter,Lead,de,Head of establishment
3328,Niederlassungsleiter / Verkaufsleiter,Lead,de,Head of branch / Head of sales
3329,Niederlassungsleiter Bayern,Lead,de,Head of Branch Bavaria
3330,Niederlassungsleiter Schwaz & Kufstein Bereichsleiter für Bau-/Sonderreinigung im Raum Tirol,Lead,de,Branch Manager Schwaz & Kufstein Division Manager for Construction/Special Cleaning in the Tyrol Region
3331,Oberbauleiter Tunnelbau,Lead,de,Tunnelling superconductor
3332,Personalleiterin,Lead,de,Head of Personnel
3333,Personalleiterin gewerbl.,Lead,de,Human resources manager
3334,Planer- und Projektleiter Laboreinrichtungen,Lead,de,Planner and project leader laboratory facilities
3335,Produktionsleiter,Lead,de,Production Manager
3336,Projekt- und Veranstaltungsleiter,Lead,de,Head of Project and Event
3337,Projektleiter,Lead,de,Project leader
3338,Projektleiter Abt. Projektsteuerung,Lead,de,Project manager Dept. project management
3339,Projektleiter Akquisition,Lead,de,Project Manager Acquisition
3340,Projektleiter Akquisition/Ansiedlung,Lead,de,Project Manager Acquisition/Settlement
3341,Projektleiter eCommerce,Lead,de,Project manager eCommerce
3342,Projektleiter EDV,Lead,de,EDP Project Manager
3343,Projektleiter ERP/PPS-Systeme,Lead,de,Project manager ERP/PPS systems
3344,Projektleiter Groupware,Lead,de,Project Manager Groupware
3345,Projektleiter Mittelspannung,Lead,de,Project Manager Medium Voltage
3346,Projektleiter Unternehmensentwicklung,Lead,de,Corporate Development Project Leader
3347,Projektleiter Verkauf,Lead,de,Project Manager Sales
3348,Projektleiterin,Lead,de,Project leader
3349,Projektleiterin Event/ Referentin Global Councils Organization,Lead,de,Project Manager Event/Speaker Global Councils Organization
3350,Projektleiterin Imedo,Lead,de,Project manager Imedo
3351,Projektmanager / Teamleiter,Lead,de,Project Manager / Team Leader
3352,Prokurist / Verkaufsleiter,Lead,de,Procurator / Sales Manager
3353,Prokurist || Gesamtvertriebsleiter,Lead,de,Deputy Head of Sales
3354,Prokurist/ Verkaufsleiter,Lead,de,Procurator/ Sales Manager
3355,Prokurist/Bereichsleiter Standortentwicklung,Lead,de,Procurator/Head of Location Development
3356,Prüfstellenleiter,Lead,de,Test site managers
3357,Regionaler Verkaufsleiter,Lead,de,Regional Sales Manager
3358,Regionalleiter,Lead,de,Regional Leaders
3359,Regionalleiter / Prokurist,Lead,de,Regional Manager / Procurator
3360,Regionalleiter-Norddeutschland,Lead,de,Regional Leader North Germany
3361,Regionalverkaufsleiter,Lead,de,Head of Regional Sales
3362,Regionalverkaufsleiter / Produktmanager / F&E,Lead,de,Regional Sales Manager / Product Manager / R&E
3363,Regionalverkaufsleiter Süddeutschland,Lead,de,Regional Sales Manager Southern Germany
3364,Regionalvertriebsleiter,Lead,de,Head of Regional Distribution
3365,Regionalvertriebsleiter und Gesellschafter,Lead,de,Regional Sales Managers and Partners
3366,Ressorleiter Fachgruppen,Lead,de,Head of Ressor Sections
3367,Schulleiterin,Lead,de,Headmaster
3368,Schulungsleiter,Lead,de,Training Managers
3369,Servicebereichsleiter,Lead,de,Service Division Manager
3370,Serviceleiter,Lead,en,Serviceleiter
3371,Shopleiter,Lead,de,Shop manager
3372,Stabstellenleiter,Lead,de,Head of staff
3373,Standortleiter,Lead,de,Site Manager
3374,Standortleiter & Prokurist,Lead,de,Site Manager & Procurator
3375,Standortleiter Köln,Lead,de,Site Manager Cologne
3376,Stellvertr. Schulleiter,Lead,de,Deputy Headmaster
3377,Stellvertretende Betriebsleiterin,Lead,de,Deputy Manager
3378,Stellvertretender Bereichsleiter,Lead,de,Deputy Head of Sector
3379,Stellvertretender Projektleiter „Data Analytics“,Lead,de,"Deputy Project Manager ""Data Analytics"""
3380,Stv. Verkaufsleiterin,Lead,de,Head of Sales
3381,Team- & Projektleiter CLOUD Applications,Lead,de,Team & Project Manager CLOUD Applications
3382,Teamleiter,Lead,de,Team Leader
3383,Teamleiter & Coach Telesales,Lead,de,Team Leader & Coach Telesales
3384,Teamleiter ADS,Lead,de,Team leader ADS
3385,Teamleiter Anforderungsmanagement,Lead,de,Team Manager Requirement Management
3386,Teamleiter Application Developer System & Web,Lead,de,Team Leader Application Developer System & Web
3387,Teamleiter Brand Spaces,Lead,de,Team leader Brand Spaces
3388,Teamleiter Customer Consulting,Lead,en,Teamleiter Customer Consulting
3389,Teamleiter Customer Development,Lead,de,Team Leader Customer Development
3390,Teamleiter customer Insights,Lead,en,Teamleiter customer Insights
3391,Teamleiter Customer Relations,Lead,en,Teamleiter Customer Relations
3392,Teamleiter Customer Service,Lead,en,Teamleiter Customer Service
3393,Teamleiter Datenanalyse / Teamlead Data Analysis,Lead,de,Team Leader Data Analysis / Teamlead Data Analysis
3394,Teamleiter Direktmarkting,Lead,de,Team Leader Direct Marketing
3395,Teamleiter Entwicklung / Projektmanagement,Lead,de,Team Leader Development / Project Management
3396,Teamleiter Geschäftskundenvertrieb,Lead,de,Team Manager Business Sales
3397,Teamleiter Gleitringdichtungen Deutschland,Lead,de,Team leader mechanical seals Germany
3398,Teamleiter Kundenprojekte,Lead,de,Team Leader Customer Projects
3399,Teamleiter Online,Lead,de,Team Leader Online
3400,Teamleiter Product Implementation,Lead,de,Team Leader Product Implementation
3401,Teamleiter Projekte & Consulting Deutschland,Lead,de,Team Leader Projects & Consulting Germany
3402,Teamleiter Redaktion und Social Media,Lead,de,Team Leader Editorial and Social Media
3403,Teamleiter Research,Lead,de,Team Leader Research
3404,Teamleiter SEO,Lead,de,Team Leader SEO
3405,Teamleiter Servicecenter Erdgas & Strom,Lead,de,Team Leader Service Center Natural Gas & Electricity
3406,Teamleiter Softwareentwicklung (Middleware),Lead,de,Team Leader Software Development (Middleware)
3407,Teamleiter Turnkey Retrofit,Lead,de,Team leader Turnkey Retrofit
3408,Teamleiter Werbung,Lead,de,Team Leader Advertising
3409,Teamleiterin,Lead,de,Team leader
3410,Teamleiterin customer acquisitions and sidings,Lead,en,Teamleiterin customer acquisitions and sidings
3411,Teamleiterin Eventmanagement,Lead,de,Team Leader Event Management
3412,Teamleiterin inside sales,Lead,de,Team leader inside sales
3413,Teamleiterin Kundenservice-Center,Lead,de,Team Leader Customer Service Center
3414,Teamleiterin Unternehmenskommunikation,Lead,de,Team Leader Corporate Communications
3415,Teamleiterin Werbung,Lead,de,Team Leader Advertising
3416,tech. Verkaufsleiter,Lead,de,Technical Sales Manager
3417,Technischer Projektleiter,Lead,de,Technical Project Manager
3418,Unternehmensleiterin / Inhaberin,Lead,de,Head of company/holder
3419,Verkaufsleiter,Lead,de,Sales Managers
3420,Verkaufsleiter (Prokurist),Lead,de,Sales Manager (Procurer)
3421,Verkaufsleiter / Prokurist,Lead,de,Sales Manager / Procurator
3422,Verkaufsleiter / selbständiger Handelsvertreter,Lead,de,Sales manager / independent sales representative
3423,Verkaufsleiter / Stv. Geschäftsführer,Lead,de,Sales Manager / Stv. Managing Director
3424,Verkaufsleiter Anzeigen,Lead,de,Sales Manager Advertisements
3425,Verkaufsleiter Aussendienst,Lead,de,Sales Manager External Service
3426,Verkaufsleiter Austria & Switzerland,Lead,de,Sales Manager Austria & Switzerland
3427,Verkaufsleiter BDE,Lead,de,Sales Manager BDE
3428,Verkaufsleiter Biomasse,Lead,de,Sales Manager Biomass
3429,Verkaufsleiter CH,Lead,de,Sales Manager CH
3430,Verkaufsleiter DACH,Lead,de,Sales Manager DACH
3431,Verkaufsleiter Deutschland,Lead,de,Sales Manager Germany
3432,Verkaufsleiter Dialog Medien,Lead,de,Sales Manager Media Dialog
3433,Verkaufsleiter Döner Handwerk/Industrie,Lead,de,Sales Manager Döner Handicraft/Industry
3434,Verkaufsleiter FOOD,Lead,de,Sales Manager FOOD
3435,Verkaufsleiter Food&Drug,Lead,de,Sales Manager Food&Drug
3436,Verkaufsleiter für Deutschland und Schweiz,Lead,de,Sales Manager for Germany and Switzerland
3437,Verkaufsleiter Industrie,Lead,de,Sales Manager Industry
3438,Verkaufsleiter Innendienst,Lead,de,Internal Sales Manager
3439,Verkaufsleiter Key Account Industrie und Sport,Lead,de,Sales Manager Key Account Industry and Sports
3440,Verkaufsleiter Magazinpapiere Deutschland,Lead,de,Sales Manager Magazine Papers Germany
3441,Verkaufsleiter Production Printing Deutschland ...,Lead,de,Sales Manager Production Printing Germany ...
3442,Verkaufsleiter Schweiz,Lead,de,Sales Manager Switzerland
3443,Verkaufsleiter Service Region Südwest,Lead,de,Sales Manager Service Region Southwest
3444,Verkaufsleiter Süddeutschland / Schweiz,Lead,de,Sales Manager Southern Germany / Switzerland
3445,Verkaufsleiter und Produktmanager Viscom,Lead,de,Sales Manager and Product Manager Viscom
3446,Verkaufsleiterin Innendienst Süd,Lead,de,Sales Manager Internal Service South
3447,Verkaufsteamleiter,Lead,de,Sales team leader
3448,Verlagsleiterin,Lead,de,Head of Publishing
3449,Vertiebsleiter,Lead,de,Head of Unit
3450,Vetriebsleiter,Lead,de,Head of Sales
3451,Vetriebsleiter NAVA,Lead,de,Sales Manager NAVA
3452,Werbeleiter,Lead,de,Advertising Managers
3453,Werkleiter,Lead,de,Manager of the plant
3454,Werkleiter und Mitglied der Geschäftsführung Produktion,Lead,de,Plant manager and member of the production management
3455,Personalleiterin/ Assistentin der Geschäftsführung,Lead,de,Head of Personnel/Managing Assistant
3456,Bereichsleiter Business Development,Lead,de,Head of Business Development
3457,Bereichsleiter Business Systems,Lead,de,Head of Business Systems
3458,Business Projektleiter,Lead,de,Business Project Manager
3459,Teamleiter Business Prozesse,Lead,de,Team Leader Business Processes
3460,Teamleiter Global Strategy and Reporting & Business Development,Lead,it,Teamleiter Global Strategy and Reporting & Business Development
3461,Teamleiterin Business Administration,Lead,de,Team leader Business Administration
3462,Teamleiterin Business IT,Lead,de,Team leader Business IT
3463,Teamleiterin New Business,Lead,de,Team leader New Business
3464,Projektleiter / Berater / Teamleiter,Lead,de,Project manager / consultant / team leader
3465,Projekleiter / Consultant Dynamics NAV,Lead,de,Project Manager / Consultant Dynamics NAV
3466,Projektleiter / Consultant,Lead,de,Project manager / consultant
3467,Geschäftsbereichsleiter HR-Lösungen,Lead,de,Head of HR Solutions
3468,Personalleiterin / Head of Human Resources,Lead,de,Head of Human Resources
3469,Bereichsleiter Digital Services,Lead,de,Head of Digital Services
3470,Bereichsleiter Digitale Medien / Ausstellungskonzepte,Lead,de,Head of Digital Media / Exhibition Concepts
3471,Bereichsleiter IT,Lead,de,Head of IT
3472,Bereichsleiter IT Betrieb / Head of IT Service Operation,Lead,de,Head of IT Operations / Head of IT Service Operation
3473,Bereichsleiter IT-Personaldienstleistungen,Lead,de,Head of IT Personnel Services
3474,Bereichsleiter Organisation & IT,Lead,de,Head of Organization & IT
3475,Geschäftsbereichsleiter IT,Lead,de,Head of Division IT
3476,Hauptabteilungsleiter IT,Lead,de,Head of Department IT
3477,IT Projektleiter,Lead,de,IT Project Manager
3478,IT Services Teamleiterin Office Anwendungen,Lead,de,IT Services Team Leader Office Applications
3479,IT-Projektleiter,Lead,de,IT Project Leader
3480,IT-Projektleiter (Dynamics NAV),Lead,de,Dynamics NAV (IT Project Leader)
3481,IT-Projektleiter und Anwendungsbetreuer,Lead,de,IT project manager and application manager
3482,IT-Projektleiter und Produktmanager,Lead,de,IT Project Manager and Product Manager
3483,IT-Projektleiterin,Lead,de,IT Project Manager
3484,IT-Prozessmanager / IT-Projektleiter,Lead,de,IT Process Manager / IT Project Manager
3485,IT-Teamleiter,Lead,ru,IT team leader
3486,leiter IT Konzern,Lead,de,Head of IT Group
3487,Projektleiter Digitalisierung,Lead,de,Digitalisation Project Manager
3488,Projektleiter Digitalisierung (Digital Office),Lead,de,Project Manager Digitalization (Digital Office)
3489,Projektleiter für Digitale Entwicklung,Lead,de,Project Manager for Digital Development
3490,Projektleiter IT,Lead,de,Project Manager IT
3491,Projektleiter/IT-Koordinator,Lead,de,Project Leader/IT Coordinator
3492,Projektleiterin IT,Lead,de,Project manager IT
3493,Sachgebietsleiter Digitalisierung,Lead,de,Head of Sector Digitisation
3494,SAP Projektleiter ERP,Lead,de,SAP Project Manager ERP
3495,Stellvertretender Teamleiter IT-Infrastruktur,Lead,de,Deputy Team Leader IT Infrastructure
3496,Stv. Teamleiter IT-Service Desk,Lead,de,Stv. Team Leader IT-Service Desk
3497,Teamleiter – IT und SAP,Lead,de,Team leader – IT and SAP
3498,Teamleiter / SAP Basis Productmananger,Lead,de,Team Leader / SAP Basis Productmananger
3499,Teamleiter IT,Lead,de,Team Leader IT
3500,Teamleiter IT - Kaufmännische Applikationen,Lead,de,Team leader IT - Commercial applications
3501,Teamleiter IT / SAP Anwendungs- und Basisbetreuer,Lead,de,Team leader IT / SAP application and basic maintainer
3502,Teamleiter IT / Team Leader IT,Lead,ru,Teamleiter IT / Team Leader IT
3503,Teamleiter IT Infrastruktur,Lead,de,Team Leader IT Infrastructure
3504,Teamleiter IT Manufacture to Inventory (Plant Integration),Lead,de,Team Leader IT Manufacture to Inventory (Plant Integration)
3505,Teamleiter IT/SAP,Lead,ru,Team leader IT/SAP
3506,Teamleiter IT/TK Infrastruktur und Ressourcen M...,Lead,de,Team Leader IT/TK Infrastructure and Resources M...
3507,Teamleiter IT-Infrastruktur,Lead,de,Team leader IT infrastructure
3508,Teamleiter IT-Systemadministration,Lead,ru,Team leader IT system administration
3509,Teamleiter SAP,Lead,de,Team Leader SAP
3510,Teamleiter SAP / non.SAP,Lead,de,Team leader SAP / non.SAP
3511,Teamleiter SAP Personalberatung,Lead,de,Team leader SAP HR
3512,Teamleiter und Projektmanager IT,Lead,de,Team leader and project manager IT
3513,Bereichsleiter CRM,Lead,de,Head of Division CRM
3514,Bereichsleiter CRM Digital INT,Lead,de,Head of Division CRM Digital INT
3515,Bereichsleiter Microsoft Dynamics CRM,Lead,de,Head of Division Microsoft Dynamics CRM
3516,CRM Projektleiter,Lead,de,CRM Project Manager
3517,CRM Teamleiter,Lead,de,CRM Team Leader
3518,CRM-Berater / CRM-Projektleiter,Lead,de,CRM consultant / CRM project manager
3519,Gebietsvertriebsleiter CRM,Lead,de,Area Sales Manager CRM
3520,Gruppenleiter CRM,Lead,de,Group Leader CRM
3521,Operativer Projektleiter CRM,Lead,de,Operational Project Manager CRM
3522,Projektleiter CRM,Lead,de,Project Manager CRM
3523,Projektleiter CRM Software Entwicklung,Lead,de,Project Manager CRM Software Development
3524,Projektleiter SugarCRM,Lead,de,Project Manager SugarCRM
3525,Projektleiterin CRM,Lead,de,Project manager CRM
3526,Projektleiterin CRM-Datenmanagement,Lead,de,Project manager CRM data management
3527,Sachgebietsleiterin CRM,Lead,de,Head of Sector CRM
3528,Teamleiter (CRM-Produkt),Lead,de,Team leader (CRM product)
3529,Teamleiter CRM,Lead,de,Team Leader CRM
3530,Teamleiter CRM (Entwicklung),Lead,de,Team Leader CRM (Development)
3531,Teamleiter CRM-Software (salesforce.com) - Region DACH,Lead,de,Team Leader CRM Software (salesforce.com) - Region DACH
3532,Teamleiter Dynamics Projekte CRM,Lead,de,Team Leader Dynamics Projects CRM
3533,Teamleiterin CRM & Kundenmanagement,Lead,de,Team Leader CRM & Customer Management
3534,Verkaufsleiter & CRM verantwortlich,Lead,de,Sales Manager & CRM responsible
3535,Assistentin für den Marketing und Anzeigenleiter,Lead,de,Assistant for Marketing and Advertising Manager
3536,Bereichsleiter Business Development und Marketing,Lead,de,Head of Business Development and Marketing
3537,Bereichsleiter Externe Kommunikation,Lead,de,Head of External Communications
3538,Bereichsleiter Global Marketing & Sales Support,Lead,de,Head of Global Marketing & Sales Support
3539,Bereichsleiter Kommunikation & Marketing,Lead,de,Head of Communications & Marketing
3540,Bereichsleiter Kommunikation / Public Relations,Lead,de,Head of Communications / Public Relations
3541,Bereichsleiter Kommunikation/Marketing/Produktmanagement,Lead,de,Head of Communications/Marketing/Product Management
3542,Bereichsleiter Kundenberatung und Marketing,Lead,de,Head of Customer Consulting and Marketing
3543,Bereichsleiter Market Communication,Lead,de,Head of Market Communication
3544,Bereichsleiter Marketing,Lead,de,Head of Marketing
3545,Bereichsleiter Marketing - Vertrieb,Lead,de,Head of Marketing - Sales
3546,Bereichsleiter Marketing & Kommunikation,Lead,de,Head of Marketing & Communication
3547,Bereichsleiter Marketing & Portfolio,Lead,de,Head of Marketing & Portfolio
3548,Bereichsleiter Marketing & Verkauf,Lead,de,Head of Marketing & Sales
3549,Bereichsleiter Marketing & Vertrieb,Lead,de,Head of Marketing & Sales
3550,Bereichsleiter Marketing und Kommunikation,Lead,de,Head of Marketing and Communication
3551,Bereichsleiter Marketing und Online Business,Lead,de,Head of Marketing and Online Business
3552,Bereichsleiter Marketing und Vertrieb,Lead,de,Head of Marketing and Sales
3553,Bereichsleiter Marketing und Vertriebsinnendienst,Lead,de,Head of Marketing and Internal Sales Service
3554,Bereichsleiter Öffentlichkeitsarbeit und Kommunikation,Lead,de,Head of Public Relations and Communication
3555,Bereichsleiter Online Marketing & E-Commerce,Lead,de,Head of Online Marketing & E-Commerce
3556,Bereichsleiter Operations / Marketing,Lead,de,Head of Operations / Marketing
3557,Bereichsleiter Sales & Marketing,Lead,de,Head of Sales & Marketing
3558,Bereichsleiter Verkauf & Marketing,Lead,de,Head of Sales & Marketing
3559,Bereichsleiter Vertrieb & Marketing,Lead,de,Head of Sales & Marketing
3560,Bereichsleiter Vertrieb / Marketing,Lead,de,Head of Sales / Marketing
3561,Bereichsleiter Vertrieb und Marketing,Lead,de,Head of Sales and Marketing
3562,Bereichsleiterin Marketing,Lead,de,Head of Marketing
3563,Bereichsleiterin Marketing & Sales,Lead,de,Head of Marketing & Sales
3564,Bereichsleiterin Marketing / Head of freenet TV,Lead,de,Head of Marketing / Head of freenet TV
3565,Bereichsleiterin Marketing Strategy & CRM,Lead,de,Head of Marketing Strategy & CRM
3566,Bereichsleiterin Marketing und Geschäftsfeldentwicklung,Lead,de,Head of Marketing and Business Development
3567,Bereichsleiterin Marketing-Kommunikation,Lead,de,Head of Marketing Communication
3568,Bereichsleiterin Mitglieder und Marketing,Lead,de,Head of Division Members and Marketing
3569,Fachabteilungsleiter Marketing & Sales,Lead,de,Head of Marketing & Sales
3570,Fachbereichsleiterin Familienpolitik und Frauen (Messe Kontakt),Lead,de,Head of Family Policy and Women (Trade Fair Contact)
3571,Fachleiter Marketing,Lead,de,Head of Marketing
3572,Fachliche Teamleiterin Marketing,Lead,de,Professional team leader Marketing
3573,Fachliche Teamleiterin Marketing & Öffentlichke...,Lead,de,Professional team leader Marketing & Public...
3574,Gebietsvertriebsleiter & Marketing Head,Lead,de,Area Sales Manager & Marketing Head
3575,Gesamtleiter Marketing & Vertrieb,Lead,de,General Manager Marketing & Sales
3576,Gesamtleiter Marketing und Vertrieb,Lead,de,General Manager Marketing and Sales
3577,Geschäftsbereichleiter Vertrieb / Marketing,Lead,de,Head of Sales / Marketing
3578,Geschäftsbereichsleiter Marketing,Lead,de,Head of Marketing
3579,Geschäftsbereichsleiter Marketing/Vertrieb,Lead,de,Head of Marketing/Distribution
3580,Geschäftsbereichsleiter Vertrieb + Marketing,Lead,de,Head of Sales + Marketing
3581,Geschäftsbereichsleiter Vertrieb und Marketing,Lead,de,Head of Sales and Marketing
3582,Geschäftsleiter Marketing und Vertrieb,Lead,de,Head of Marketing and Sales
3583,Gesellschafter / Marketingleiter,Lead,de,Partner / Marketing Manager
3584,Gruppenleiter Abteilung Marketing/PR/Kundenbindung,Lead,de,Group leader Marketing/PR/Customer loyalty
3585,Gruppenleiter Datenmanagement (Messe Kontakt),Lead,de,Group leader data management (trade fair contact)
3586,Gruppenleiter Digitales Marketing,Lead,de,Group Leader Digital Marketing
3587,Gruppenleiter Gewerbe- & Privatkunden I Vertrieb und Marketing,Lead,de,Group Manager Commercial & Private Customers I Sales and Marketing
3588,Gruppenleiter Marketing,Lead,de,Group Leader Marketing
3589,Gruppenleiter Messen und Ausstellungen GU-Gruppe,Lead,de,Group Leader Fairs and Exhibitions GU Group
3590,Gruppenleiter Sales und Marketing,Lead,de,Group Manager Sales and Marketing
3591,Gruppenleiterin Marketing,Lead,de,Group Leader Marketing
3592,Gruppenleiterin Partner Marketing,Lead,de,Group Leader Partner Marketing
3593,Gruppenleiterin Sales Marketing,Lead,de,Group Manager Sales Marketing
3594,Hauptabteilungsleiter Corporate Marketing Communications,Lead,de,Head of Corporate Marketing Communications
3595,Hauptabteilungsleiter Marketing,Lead,de,Head of Marketing
3596,Hauptbereichsleiter Marketing,Lead,de,Head of Marketing
3597,Head of Marketing / Marketingleiter,Lead,de,Head of Marketing / Marketing Manager
3598,Head of Marketing and Graphics / Marketingleiter,Lead,en,Head of Marketing and Graphics / Marketingleiter
3599,Internationaler Vertriebs- und Marketingleiter / Prokurist,Lead,de,International Sales and Marketing Manager / Procurator
3600,Konzernbereichsleiter Kommunikation und Marketing,Lead,de,Head of Communications and Marketing
3601,Marketing & Kommunikation / Assistenz Bereichsleiter Marketing,Lead,de,Marketing & Communication / Assistance Head of Marketing
3602,Marketing & Vertriebsleiter,Lead,de,Marketing & Sales Manager
3603,Marketing Gruppenleiter,Lead,de,Marketing Group Leaders
3604,Marketing Projektleiterin,Lead,de,Marketing Project Manager
3605,Marketing- und Verkaufsleiter,Lead,de,Marketing and Sales Managers
3606,Marketing -und Verkaufsleiterin Vlies,Lead,de,Marketing and Sales Manager Nonwoven
3607,Marketing und Vertriebsleiter,Lead,de,Marketing and Sales Manager
3608,Marketing- und Vertriebsleiter,Lead,de,Marketing and Sales Manager
3609,Marketing und Vertriebsleiterin,Lead,de,Marketing and Sales Manager
3610,Marketing/ Teamleiter Messen,Lead,de,Marketing/ Team Leader Fairs
3611,Marketingleiter,Lead,de,Marketing Manager
3612,Marketingleiter & Vertriebsleiter DACH,Lead,de,Marketing Manager & Sales Manager DACH
3613,Marketingleiter (Messe Kontakt),Lead,de,Marketing Manager (trade fair contact)
3614,Marketingleiter D-A-CH,Lead,de,Marketing Manager D-A-CH
3615,Marketingleiter Emmi Schweiz,Lead,de,Marketing Manager Emmi Switzerland
3616,Marketingleiter ERP und BI,Lead,de,Marketing Manager ERP and BI
3617,Marketingleiter HFO Gruppe,Lead,de,Marketing Manager HFO Group
3618,Marketingleiter Klinische Mikrobiologie Central Europe,Lead,de,Marketing Manager Clinical Microbiology Central Europe
3619,Marketingleiterin,Lead,de,Marketing Manager
3620,Marketingleiterin & -beraterin | Personaldienstleistung,Lead,de,Marketing manager & consultant
3621,Marketingleiterin CH,Lead,de,Marketing Manager CH
3622,Marketing-Projektleiterin,Lead,de,Marketing Project Manager
3623,Marketing-und Vertriebsleiter,Lead,de,Marketing and Sales Manager
3624,Marketing-Verantwortlicher | Projektleiter Digitalisierung,Lead,de,Marketing-Responsible 的 Project Manager Digitization
3625,Niederlassungsleiter Marketing&Vertrieb,Lead,de,Head of Marketing & Sales
3626,Produktgruppenleiter Solar - Vertrieb und Marketing,Lead,de,Product Group Manager Solar - Sales and Marketing
3627,Projektleiter - Marketing und Vertrieb,Lead,de,Project Manager - Marketing and Sales
3628,Projektleiter (Messe Ansprechpartner),Lead,de,Project manager (trade fair contact)
3629,Projektleiter (Messe Kontakt),Lead,de,Project manager (trade fair contact)
3630,Projektleiter IT-Kommunikation,Lead,de,IT Communication Project Manager
3631,Projektleiter Kommunikation | Investor Relations | Veranstaltungsplanung,Lead,de,Project manager Communication -- Investor Relations -- Event planning
3632,Projektleiter Marketing,Lead,de,Marketing Project Manager
3633,Projektleiter Marketing - CRM // Projektmanager operative Wirtschaftsraumsteuerung,Lead,de,Project Manager Marketing - CRM // Project Manager Operational Economic Area Management
3634,Projektleiter Marketing Kommunikation,Lead,de,Marketing Communication Project Manager
3635,Projektleiter Marketing-Kommunikation,Lead,de,Marketing Communication Project Manager
3636,Projektleiter Medien Messe und Ausstellung,Lead,de,Project Manager Media Fair and Exhibition
3637,Projektleiter Messe,Lead,de,Project Manager Fair
3638,Projektleiter Messen,Lead,de,Project Manager Fairs
3639,Projektleiter Messen & Events,Lead,de,Project Manager Fairs & Events
3640,Projektleiter Online-Marketing / E-Commerce-Lösungen,Lead,de,Project manager online marketing / e-commerce solutions
3641,Projektleiter R&D (Messe Kontakt),Lead,de,Project manager R&D (trade fair contact)
3642,Projektleiterin Marketing,Lead,de,Marketing Project Manager
3643,Projektleiterin Marketing & PR,Lead,de,Project Manager Marketing & PR
3644,Projektleiterin Marketing Kommunikation,Lead,de,Marketing Communication Project Manager
3645,Projektleiterin Marketingkommunikation,Lead,de,Marketing Communication Project Manager
3646,Projektleiterin Messe - Banketts,Lead,de,Project manager Messe - Banquets
3647,Projektleiterin Messen und Events,Lead,de,Project leader in trade fairs and events
3648,Projektleiterin Messen und Veranstaltungen,Lead,de,Project leader in trade fairs and events
3649,Prokurist / Bereichsleiter Messelogistik,Lead,de,Procurator / Head of Trade Fair Logistics
3650,Regionalleiter (Messe Kontakt),Lead,de,Regional manager (trade fair contact)
3651,Regionalleiterin Unternehmenskommunikation und Marketing,Lead,de,Regional Head of Corporate Communications and Marketing
3652,Ressortleiter Digitale Kommunikation,Lead,de,Head of Digital Communications
3653,Sachgebietsleiter Marketing,Lead,de,Head of Marketing
3654,Serviceleiterin Marketing & Kommunikation,Lead,de,Service Manager Marketing & Communication
3655,Stellv. Marketingleiterin,Lead,de,Deputy Marketing Manager
3656,Stellvertretender Marketingleiter,Lead,de,Deputy Marketing Manager
3657,Teamleiter BDE (Messe Kontakt),Lead,de,Team leader BDE (trade fair contact)
3658,Teamleiter Innendienst - Sales & Marketing,Lead,de,Team Leader Internal Service - Sales & Marketing
3659,Teamleiter Kommunikation / Medien,Lead,de,Team Leader Communication / Media
3660,Teamleiter Kundenmanagement/Marketing,Lead,de,Team Manager Customer Management/Marketing
3661,Teamleiter Marketing,Lead,de,Team Leader Marketing
3662,Teamleiter Marketing - Projektleiter Messen & Events,Lead,de,Team Leader Marketing - Project Manager Fairs & Events
3663,Teamleiter Marketing & Vertrieb,Lead,de,Team Leader Marketing & Sales
3664,Teamleiter Marketing & Vertrieb Sonderprojekte,Lead,de,Team Leader Marketing & Sales Special Projects
3665,Teamleiter Marketing / Service,Lead,de,Team Leader Marketing / Service
3666,Teamleiter Marketing Kommunikation,Lead,de,Team Leader Marketing Communication
3667,Teamleiter Marketing New Business,Lead,de,Team Leader Marketing New Business
3668,Teamleiter Marketing und Sales,Lead,de,Team Leader Marketing and Sales
3669,Teamleiter Marketing und Sales Veranstaltungen,Lead,de,Team Leader Marketing and Sales Events
3670,Teamleiter Marketing- und Vertriebsservices,Lead,de,Team Leader Marketing and Sales Services
3671,Teamleiter Marketing/Sales,Lead,de,Team Leader Marketing/Sales
3672,Teamleiter Messekommunikation,Lead,de,Team Leader Trade Fair Communication
3673,Teamleiter Online Marketing,Lead,de,Team Leader Online Marketing
3674,Teamleiter Online Marketing/E-Commerce,Lead,de,Team Leader Online Marketing/E-Commerce
3675,Teamleiter Online-Marketing,Lead,de,Team Leader Online Marketing
3676,Teamleiter PR&Marketing,Lead,de,Team Leader PR&Marketing
3677,Teamleiter PR/Marketing,Lead,de,Team leader PR/Marketing
3678,Teamleiter Sales & Marketing,Lead,en,Teamleiter Sales & Marketing
3679,Teamleiterin Digital Marketing,Lead,de,Team leader Digital Marketing
3680,Teamleiterin E-Mail-Marketing,Lead,de,Team leader e-mail marketing
3681,Teamleiterin Klassische Kommunikation,Lead,de,Team leader Classic communication
3682,Teamleiterin Marketing,Lead,de,Team Leader Marketing
3683,Teamleiterin Marketing & Kommunikation,Lead,de,Team Leader Marketing & Communication
3684,Teamleiterin Marketing & Lichtplanung,Lead,de,Team Leader Marketing & Lighting Planning
3685,Teamleiterin Marketing & Produktmanagement,Lead,de,Team Leader Marketing & Product Management
3686,Teamleiterin Marketing & Vertrieb,Lead,de,Team Leader Marketing & Sales
3687,Teamleiterin Marketing & Vertriebsinnendienst,Lead,de,Team Leader Marketing & Sales Service
3688,Teamleiterin Marketing Analytics,Lead,de,Team Leader Marketing Analytics
3689,Teamleiterin Marketing B2B/B2C national,Lead,de,Team leader Marketing B2B/B2C national
3690,Teamleiterin Marketing Services,Lead,de,Team Leader Marketing Services
3691,Teamleiterin Marketing und Eventmanagement,Lead,de,Team Leader Marketing and Event Management
3692,Teamleiterin Marketing/Kommunikation,Lead,de,Team Leader Marketing/Communication
3693,Teamleiterin Marketing/Organisation,Lead,de,Team Leader Marketing/Organization
3694,Teamleiterin Marketing/Werbung,Lead,de,Team Leader Marketing/Advertising
3695,Teamleiterin Marketing-Communications,Lead,de,Team Leader Marketing Communication
3696,Teamleiterin Marketingkommunikation,Lead,de,Head of Marketing Communication
3697,Teamleiterin Performance Marketing,Lead,de,Team leader Performance Marketing
3698,Teamleiterin Vertriebsinnendienst & Marketing,Lead,de,Team Manager Internal Sales Service & Marketing
3699,Verkaufs & Marketingleiter,Lead,de,Sales & Marketing Managers
3700,Verkaufs- und Marketingleiter,Lead,de,Sales and Marketing Managers
3701,Verkaufs-/Marketingleiter,Lead,de,Sales/Marketing Manager
3702,Verkaufsleiter (Messe Kontakt),Lead,de,Sales manager (trade fair contact)
3703,Verkaufsleiter / Messe Kontakt,Lead,de,Sales Manager / Trade Fair Contact
3704,Vertriebs- und Marketingleiter,Lead,de,Sales and Marketing Managers
3705,Vertriebsingenieur & Marketing (seit Mai 2010 auch stellv. Vertriebsleiter),Lead,de,Sales engineer & marketing (since May 2010 also sales manager)
3706,Vertriebsleiter / Marketingleiter,Lead,de,Sales Manager / Marketing Manager
3707,Vertriebsleiter Business Unit Mulit-Channel-Marketing,Lead,de,Sales Manager Business Unit Mulit Channel Marketing
3708,Vertriebsleiter Online Marketing,Lead,de,Sales Manager Online Marketing
3709,Vertriebsleiter und Marketing,Lead,de,Sales Manager and Marketing
3710,Vertriebsleiterin Endkunden / Marketing,Lead,de,Sales Manager End-user / Marketing
3711,Einkaufsleiter,Lead,de,Head of Purchasing
3712,Einkaufsleiterin,Lead,de,Head of Purchasing
3713,Anzeigen- und Vertriebsleiter,Lead,de,Advertising and Sales Managers
3714,Assistent der Geschäftsführung / Vertriebsleiter Hydrosulfit,Lead,de,Assistant to the management / Sales Manager Hydrosulfite
3715,Assistent des Geschäftsbereichsleiters Vertriebsrepräsentant,Lead,de,Assistant to Head of Division Sales Representative
3716,Assistentin des Vertriebsleiters Sparte Kunststoff,Lead,de,Assistant to Sales Manager Plastics
3717,Bereichsleiter  Vertrieb und Projekte,Lead,de,Head of Sales and Projects
3718,Bereichsleiter CRM und Vertrieb,Lead,de,Head of Division CRM and Sales
3719,Bereichsleiter Kundenmanagement & Vertrieb,Lead,de,Head of Customer Management & Sales
3720,Bereichsleiter Vertrieb,Lead,de,Head of Sales
3721,Bereichsleiter Vertrieb & Technik,Lead,de,Head of Sales & Technology
3722,Bereichsleiter Vertrieb / Head of Business Unit...,Lead,de,Head of Sales / Head of Business Unit...
3723,Bereichsleiter Vertrieb / Head of Sales,Lead,de,Head of Sales / Head of Sales
3724,Bereichsleiter Vertrieb / Prokurist,Lead,de,Head of Sales / Procurator
3725,Bereichsleiter Vertrieb IKOR-Gruppe,Lead,de,Head of Sales IKOR Group
3726,Bereichsleiter Vertrieb und International Business,Lead,de,Head of Sales and International Business
3727,Bereichsleiter Vertrieb und Kundenservice,Lead,de,Head of Sales and Customer Service
3728,Bereichsleiter Vertrieb und Services,Lead,de,Head of Sales and Services
3729,Bereichsleiter Vertriebsmanagement Selmoni Gruppe,Lead,de,Head of Sales Management Selmoni Group
3730,Bereichsleiterin Vertrieb & Services,Lead,de,Head of Sales & Services
3731,Bezirksleiter Snacks Sales Retail,Lead,de,District Manager Snacks Sales Retail
3732,Centerleiter Vertrieb & Kaufmännischer Service,Lead,de,Center Manager Sales & Commercial Service
3733,Consultant/Projektleiter - Salesforce,Lead,de,Consultant/Project Manager - Salesforce
3734,Fachgebietsleiter Innovations-& Digitalisierungsmanagement Vertrieb,Lead,de,Head of Innovation & Digitization Management Sales
3735,Fachleiter Vertrieb Funktionsflüssigkeiten,Lead,de,Specialist Sales Manager Functional Fluids
3736,Gebietsleiter Vertrieb,Lead,de,Head of Area Sales
3737,Gebietsverkaufsleiter/Vertriebskoordinator,Lead,de,Area Sales Manager/Sales Coordinator
3738,Geschäftsbereichsleiter Vertrieb,Lead,de,Head of Sales
3739,Geschäftsbereichsleiter Vertrieb / Prokurist,Lead,de,Head of Division Sales / Procurator
3740,Geschäftsbereichsleiter Vertrieb Inland,Lead,de,Head of Division for Domestic Sales
3741,Geschäftsbereichsleiterin Vertrieb,Lead,de,Head of Sales
3742,Geschäftsführer & Vertriebsleiter,Lead,de,Managing Director & Sales Manager
3743,Geschäftsführer und Gesamt-Vertriebsleiter,Lead,de,Managing Director and General Sales Manager
3744,Geschäftsführer und Vertriebsleiter,Lead,de,Managing Director and Sales Manager
3745,Geschäftsleiter (Steuerung Vertrieb),Lead,de,Managing Director (Controlling Distribution)
3746,Geschäftsleiter Direct Sales,Lead,de,Head of Direct Sales
3747,Geschäftsstellenleiter Indirect Sales,Lead,de,Head of Indirect Sales
3748,Gesellschafter / Vertriebsleiter,Lead,de,Shareholder / Sales Manager
3749,Gruppenleiter CRM & Inside Sales,Lead,de,Group Leader CRM & Inside Sales
3750,Gruppenleiter Sales Intelligence,Lead,de,Group Leader Sales Intelligence
3751,Gruppenleiter Sales Support - Fachhandel,Lead,de,Group Manager Sales Support - Specialist Trade
3752,Gruppenleiter Vertrieb,Lead,de,Group Leader Distribution
3753,Gruppenleiter Vertrieb Inland,Lead,de,Group Leader Sales Domestic
3754,Gruppenleiterin Vertrieb E-Business,Lead,de,Group Manager Sales E-Business
3755,Gruppenleiterin Vertriebsinnendienst,Lead,de,Group Manager Internal Sales Service
3756,Handlungsbevollmächtigter- Vertriebsleiter,Lead,de,Authorised sales manager
3757,Hauptgesellschafter und Vertriebsleiter,Lead,de,Main shareholder and sales manager
3758,Head of Sales (Vertriebsleiter),Lead,en,Head of Sales (Vertriebsleiter)
3759,Head of Sales / Vertriebsleiter,Lead,de,Head of Sales / Sales Manager
3760,Head of Sales International // Vertriebsleiter ...,Lead,de,Head of Sales International // Sales Manager ...
3761,Head of Sales/Vertriebsleiter,Lead,en,Head of Sales/Vertriebsleiter
3762,Innendienst Vertrieb / Assistentin des Geschäftsstellenleiters,Lead,de,Internal Sales / Assistant to the Head of Office
3763,Innendienstleiter Vertrieb,Lead,de,Internal Sales Manager
3764,Innendienstleiter Vertrieb Industrie,Lead,de,Internal Sales Manager Industry
3765,Innendienstleiterin Vertrieb,Lead,de,Internal Sales Manager
3766,Interim-Bereichsleiter Vertrieb,Lead,de,Interim Head of Sales
3767,Internationaler Vertriebsleiter Die Supplies & Automation,Lead,de,International Sales Manager The Supplies & Automation
3768,Interner Berater und Projektleiter Vertrieb,Lead,de,Internal Consultant and Project Manager Sales
3769,IT Applications Sales & Service - Projektleiter,Lead,en,IT Applications Sales & Service - Projektleiter
3770,IT-Fachinformatiker  Vertriebsleiter,Lead,de,IT IT Specialist Sales Manager
3771,Key Account - Teamleiter Vertrieb,Lead,de,Key Account - Team Leader Sales
3772,kfm. Vertriebsleiter,Lead,de,Kfm. Sales Manager
3773,Kundenbereichsleiter Vertrieb,Lead,de,Sales Manager
3774,Kundenbetreuung & Vertriebsleiter,Lead,de,Customer Support & Sales Manager
3775,Lösungsfinder für Kunden + Vertriebsleiter,Lead,de,Solution finder for customers + Sales Manager
3776,Nationaler Vertriebsleiter,Lead,de,National Sales Manager
3777,Personalchef / Vertriebsleiter,Lead,de,Head of Personnel / Sales Manager
3778,Projekt- und Vertriebsleiter,Lead,de,Project and Sales Manager
3779,Projektleiter (Vertrieb & Projektmanagement),Lead,de,Project Manager (Sales & Project Management)
3780,Projektleiter AXA-Exclusiv-Vertrieb Strategie 2020,Lead,de,Project Manager AXA Exclusive Sales Strategy 2020
3781,Projektleiter CRM Salesforce,Lead,de,Project Manager CRM Salesforce
3782,Projektleiter im technischen Vertrieb,Lead,de,Project manager in technical sales
3783,Projektleiter im Vertrieb,Lead,de,Project manager in sales
3784,Projektleiter Sales Operations CRM,Lead,de,Project Manager Sales Operations CRM
3785,Projektleiter Salesforce,Lead,de,Salesforce Project Manager
3786,Projektleiter und technischer Vertrieb,Lead,de,Project manager and technical sales
3787,Projektleiter und Vertrieb,Lead,de,Project manager and sales
3788,Projektleiter und Vertrieb Teile & Baugruppen,Lead,de,Project manager and sales parts & assemblies
3789,Projektleiter Vertrieb,Lead,de,Project Manager for Sales
3790,Projektleiter Vertrieb  - Energieinfrastrukturen,Lead,de,Project Manager Sales - Energy Infrastructures
3791,Projektleiter Vertrieb & Dialogmarketing,Lead,de,Project Manager Sales & Dialog Marketing
3792,Projektleiter Vertrieb FAMAC,Lead,de,Project Manager Distribution FAMAC
3793,Projektleiterin Sales Support,Lead,de,Project Manager Sales Support
3794,Prokurist & Vertriebsleiter,Lead,de,Procurator & Sales Manager
3795,Prokurist / Bereichsleiter Sales Neufahrzeuglogistik,Lead,de,Procurator / Head of Sales New Vehicle Logistics
3796,Prokurist / Bereichsleiter Vertrieb,Lead,de,Procurator / Head of Sales
3797,Prokurist / Vertriebsleiter,Lead,de,Procurator / Sales Manager
3798,Prokurist und Teamleiter Vertrieb,Lead,de,Procurator and team leader sales
3799,Prokurist und Vertriebsleiter,Lead,de,Procurator and sales manager
3800,Prokurist/ Vertriebsleiter D-A-CH,Lead,de,Procurator/ Sales Manager D-A-CH
3801,Prokuristin/ Vertriebsleiterin,Lead,de,Procurator/ Sales Manager
3802,Prokutist & Vertriebsleiter,Lead,de,Prokutist & Sales Manager
3803,Referatsleiter Digitale Vertriebsprozesse- Betr...,Lead,de,Head of Unit Digital Sales Processes- Betr...
3804,Regional Vertriebsleiter West / Key Account Man...,Lead,de,Regional Sales Manager West / Key Account Man...
3805,Regionaler Vertriebsleiter,Lead,de,Regional Sales Manager
3806,Regionaler Vertriebsleiter Westeuropa,Lead,de,Regional Sales Manager Western Europe
3807,Regionalleiter Vertrieb,Lead,de,Regional Head of Sales
3808,Regionalleiter Vertrieb Bayern,Lead,de,Regional Head of Sales Bavaria
3809,Regionalleiter Vertrieb Mitte,Lead,de,Regional Head of Sales Centre
3810,Regionalleiter Vertrieb Nord,Lead,de,Regional Head of Sales North
3811,Regionalleiter Vertriebsregion Ost,Lead,de,Regional Head of Sales Region East
3812,Regionalleiterin Vertrieb,Lead,de,Regional Head of Sales
3813,Sales / Projektleiter,Lead,de,Sales / Project Manager
3814,Sales CX Projektleiter/ Projectleader,Lead,de,Sales CX Project Manager/ Project Leader
3815,Salesforce Consultant & IT Projektleiter,Lead,de,Salesforce Consultant & IT Project Manager
3816,Salesforce Projektleiter,Lead,de,Salesforce Project Manager
3817,Selbstständiger Salesforce Berater und Projektleiter,Lead,de,Independent Salesforce Consultant and Project Manager
3818,Service- und Vertriebsleiter,Lead,de,Service and Sales Manager
3819,Standortleiter / Sales,Lead,de,Site Manager / Sales
3820,Standortleiter Vertrieb,Lead,de,Sales Manager
3821,Stellv. Teamleiterin Inside Sales,Lead,de,Deputy team leader Inside Sales
3822,Stellvertr. Vertriebsleiter Deutschland,Lead,de,Deputy Head of Sales Germany
3823,Stellvertretender Vertriebsleiter,Lead,de,Deputy Head of Sales
3824,stv. Vertriebsleiter,Lead,de,Sales Manager
3825,Teamleiter After Sales - Verkauf Inland,Lead,de,Team Leader After Sales - Sales Domestic
3826,Teamleiter Digital-Vertrieb und Innendienst (ppa.),Lead,de,Team Leader Digital Sales and Internal Service (ppa.)
3827,Teamleiter Entwicklung - Backend Vertrieb,Lead,de,Team Leader Development - Backend Sales
3828,Teamleiter Inside Sales,Lead,en,Teamleiter Inside Sales
3829,Teamleiter Inside Sales / CRM Admin,Lead,de,Team Leader Inside Sales / CRM Admin
3830,Teamleiter Sales,Lead,de,Team Leader Sales
3831,Teamleiter Sales / Logistics,Lead,de,Team Leader Sales / Logistics
3832,Teamleiter Sales Center Vertrieb,Lead,de,Team Leader Sales Center Sales
3833,Teamleiter Sales Service,Lead,en,Teamleiter Sales Service
3834,Teamleiter Sales Sport & Event,Lead,de,Team Leader Sales Sport & Event
3835,Teamleiter Salesforce,Lead,de,Team Leader Salesforce
3836,Teamleiter SAP Sales,Lead,de,Team Leader SAP Sales
3837,Teamleiter Solution Sales,Lead,de,Team Leader Solution Sales
3838,Teamleiter Technical Sales Solution,Lead,de,Team Leader Technical Sales Solution
3839,Teamleiter technischer Salessupport,Lead,de,Technical Sales Support Team Leader
3840,Teamleiter technischer Vertriebsinnendienst,Lead,de,Team Leader of Internal Technical Sales Service
3841,Teamleiter und Inside Sales (Telefonjoker und Lösungsfinder),Lead,de,Team leader and inside sales (telephone joker and solution finder)
3842,Teamleiter Vertrieb,Lead,de,Sales Team Leader
3843,Teamleiter Vertrieb - Lösungsvertrieb,Lead,de,Team Leader Sales - Solution Sales
3844,Teamleiter Vertrieb & CRM // Account- & Projektmanager,Lead,de,Team Manager Sales & CRM // Account & Project Manager
3845,Teamleiter Vertrieb / Produktmanagement,Lead,de,Team Leader Sales / Product Management
3846,Teamleiter Vertrieb Bestandskunden,Lead,de,Team Leader Sales Existing Customers
3847,Teamleiter Vertrieb Deutschland,Lead,de,Team Leader Sales Germany
3848,Teamleiter Vertrieb Hamburg,Lead,de,Team Leader Sales Hamburg
3849,Teamleiter Vertrieb ID,Lead,de,Team Leader Sales ID
3850,Teamleiter Vertrieb im Innen- u. Außendienst,Lead,de,Team Head of Sales in the Internal and Field Office
3851,Teamleiter Vertrieb Innendienst,Lead,de,Team Head of Sales Internal Services
3852,Teamleiter Vertrieb Innendienst Großhandel,Lead,de,Team Leader Sales Internal Service Wholesale
3853,Teamleiter Vertrieb Key Account,Lead,de,Team Leader Sales Key Account
3854,Teamleiter Vertrieb Köln/Bonn,Lead,de,Head of Sales Cologne/Bonn
3855,Teamleiter Vertrieb National,Lead,de,Team Leader Sales National
3856,Teamleiter Vertrieb Netzkunden,Lead,de,Team Leader Sales Network Customers
3857,Teamleiter Vertrieb öffentliche Auftraggeber (Teamlead Public Sales),Lead,de,Team Leader Sales Public Clients (Teamlead Public Sales)
3858,Teamleiter Vertrieb Privat,Lead,de,Team Leader Sales Private
3859,Teamleiter Vertrieb-Außendienst - Nordrhein-Westfalen,Lead,de,Team Head of Sales and Field Service - North Rhine-Westphalia
3860,Teamleiter Vertriebs- und Kooperationsmarketing,Lead,de,Team Leader Sales and Cooperation Marketing
3861,Teamleiter Vertriebscontrolling,Lead,de,Team Leader Sales Controlling
3862,Teamleiter Vertriebsinnendienst,Lead,de,Team Leader Internal Sales Service
3863,Teamleiter Vertriebsinnendienst & Business Development,Lead,de,Team Manager Internal Sales Service & Business Development
3864,Teamleiter Vertriebsinnendienst national und in...,Lead,de,Team Head of Internal Sales Service national and in...
3865,Teamleiter Vertriebskundenservice,Lead,de,Team Leader Sales Customer Service
3866,Teamleiter Vertriebsteam Süddeutschland,Lead,de,Team Leader Sales Team Southern Germany
3867,Teamleiterin / Ausbilderin Inside Sales,Lead,de,Team Leader / Instructor Inside Sales
3868,Teamleiterin Innendienst / Vertrieb,Lead,de,Team Leader Internal Service / Sales
3869,Teamleiterin Inside Sales Region Süd,Lead,de,Team leader Inside Sales Region South
3870,Teamleiterin Internal Sales,Lead,de,Team leader Internal Sales
3871,Teamleiterin Sales,Lead,de,Team leader Sales
3872,Teamleiterin Vertrieb,Lead,de,Team Leader Sales
3873,Teamleiterin Vertrieb International,Lead,de,Team Leader Sales International
3874,Teamleiterin Vertrieb Projektunterstützung,Lead,de,Team Leader Sales Project Support
3875,Teamleiterin Vertriebsinnendienst,Lead,de,Team Leader Internal Sales Service
3876,Teamleiter-Vertrieb,Lead,de,Team Leader Sales
3877,Techn. Vertriebsleiter/Projektmanagement,Lead,de,Technical Sales Manager/Project Management
3878,Technischer Projektleiter / Vertrieb Deutschlan...,Lead,de,Technical Project Manager / Sales Deutschlan...
3879,Technischer Vertieb / Stellv. Vertriebsleiter,Lead,de,Technical vertice / Deputy Sales Manager
3880,Unternehmensbereichsleiter Vertrieb & Research,Lead,de,Head of Division Sales & Research
3881,Verkaufsleiter D-A-CH / Head of Sales,Lead,de,Sales Manager D-A-CH / Head of Sales
3882,Verkaufsleiter/Salesmanager,Lead,de,Sales Manager/Sales Manager
3883,Verlagsleiter Aschendorff Media & Sales,Lead,de,Publisher Manager Aschendorff Media & Sales
3884,Vertrieb & Projektleiter,Lead,de,Sales & Project Manager
3885,Vertrieb Gebietsleiter,Lead,de,Sales Area Managers
3886,Vertrieb Gebietsleiter Foodservice,Lead,de,Sales Area Manager Foodservice
3887,Vertriebleiter,Lead,de,Sales Manager
3888,Vertriebs- & Geschäftsstellenleiter,Lead,de,Sales & Office Managers
3889,Vertriebs- und Verkaufsleiter,Lead,de,Head of Sales and Sales
3890,Vertriebs-/ Organisationsberater und Teamleiter,Lead,de,Sales/Organizational Consultants and Team Leaders
3891,Vertriebsbeauftragter / Projektleiter,Lead,de,Sales representative / Project manager
3892,Vertriebsleiter,Lead,de,Sales Manager
3893,Vertriebsleiter  - Prokurist -,Lead,de,Sales Manager - Procurator -
3894,Vertriebsleiter -  Softwarelösungen und IT-Sich...,Lead,de,Sales Manager - Software Solutions and IT...
3895,Vertriebsleiter  / Projektleiter für IMESO-Prod...,Lead,de,Sales Manager / Project Manager for IMESO-Prod...
3896,Vertriebsleiter  Deutschland/Schweiz,Lead,de,Sales Manager Germany/Switzerland
3897,Vertriebsleiter - Prokurist,Lead,de,Sales Manager - Procurist
3898,Vertriebsleiter - Vertrieb Export,Lead,de,Sales Manager - Sales Export
3899,Vertriebsleiter & Prokurist,Lead,de,Sales Manager & Procurator
3900,Vertriebsleiter (Außendienst),Lead,de,Sales Manager (field service)
3901,Vertriebsleiter (HV),Lead,de,Sales Manager (HV)
3902,Vertriebsleiter (interim),Lead,de,Sales Manager (interim)
3903,Vertriebsleiter (Messe Kontakt),Lead,de,Sales Manager (trade fair contact)
3904,Vertriebsleiter / Consultant,Lead,de,Sales Manager / Consultant
3905,Vertriebsleiter / Handlungsbevollmächtigter,Lead,de,Head of Sales / Plenipotentiary
3906,Vertriebsleiter / Head of Field Sales,Lead,de,Sales Manager / Head of Field Sales
3907,Vertriebsleiter / Head of Global Sales,Lead,de,Sales Manager / Head of Global Sales
3908,Vertriebsleiter / Head Of Sales,Lead,de,Sales Manager / Head of Sales
3909,Vertriebsleiter / Head of Sales Central & Northern Europe,Lead,de,Sales Manager / Head of Sales Central & Northern Europe
3910,Vertriebsleiter / Head of Sales Consumer and Retail (CRS) Non Food,Lead,de,Sales Manager / Head of Sales Consumer and Retail (CRS) Non Food
3911,Vertriebsleiter / Head of Sales RFID / NFC,Lead,de,Sales Manager / Head of Sales RFID / NFC
3912,Vertriebsleiter / Prokurist,Lead,de,Sales Manager / Procurator
3913,Vertriebsleiter / Prokurist Sparte Oberflächen/...,Lead,de,Sales Manager / Prokurist Division Surfaces/...
3914,Vertriebsleiter / Sales Team Lead / Prokurist Cargill Refined Oils Europe,Lead,de,Sales Manager / Sales Team Lead / Procurator Cargill Refined Oils Europe
3915,Vertriebsleiter // Head Of Sales,Lead,de,Sales Manager // Head of Sales
3916,Vertriebsleiter | Prokurist,Lead,de,Head of Sales and Procurator
3917,Vertriebsleiter Anlagenvertrieb und Dienstleistungsvertrieb,Lead,de,Sales Manager Plant Sales and Service Distribution
3918,Vertriebsleiter Außendienst,Lead,de,Sales Manager Field Service
3919,Vertriebsleiter B2B Direct Sales,Lead,de,Sales Manager B2B Direct Sales
3920,Vertriebsleiter BAU Handel/Industrie,Lead,de,Sales Manager BAU Trade/Industry
3921,Vertriebsleiter Berlin,Lead,de,Sales Manager Berlin
3922,Vertriebsleiter Betriebsführung,Lead,de,Sales Manager Management
3923,Vertriebsleiter Büroservice,Lead,de,Sales Manager Office Service
3924,Vertriebsleiter Business Unit Linearachsen/Systeme,Lead,de,Sales Manager Business Unit Linear Axles/Systems
3925,Vertriebsleiter Business Unit PDM/PLM,Lead,de,Sales Manager Business Unit PDM/PLM
3926,Vertriebsleiter Consumer & B2B Partner Sales D-A-CH,Lead,de,Sales Manager Consumer & B2B Partner Sales D-A-CH
3927,Vertriebsleiter Consumer Europa,Lead,de,Sales Manager Consumer Europe
3928,Vertriebsleiter creditweb GmbH,Lead,de,Sales Manager creditweb GmbH
3929,Vertriebsleiter CSE (ECM/BPM),Lead,de,Sales Manager CSE (ECM/BPM)
3930,Vertriebsleiter D/A/CH,Lead,de,Sales Manager D/A/CH
3931,Vertriebsleiter DACH,Lead,de,Sales Manager DACH
3932,Vertriebsleiter D-A-CH,Lead,de,Sales Manager D-A-CH
3933,Vertriebsleiter DACH (BI & Data Warehouse Automation),Lead,de,Sales Manager DACH (BI & Data Warehouse Automation)
3934,Vertriebsleiter DACH (Messe Kontakt),Lead,de,Sales Manager DACH (trade fair contact)
3935,Vertriebsleiter DACH+,Lead,de,Sales Manager DACH+
3936,Vertriebsleiter Deutschland,Lead,de,Sales Manager Germany
3937,Vertriebsleiter Deutschland - Product Sales Man...,Lead,de,Sales Manager Germany - Product Sales Man...
3938,Vertriebsleiter Deutschland & Österreich - Nati...,Lead,de,Sales Manager Germany & Austria - Nat...
3939,Vertriebsleiter Deutschland / Prokurist,Lead,de,Sales Manager Germany / Procurator
3940,Vertriebsleiter Deutschland / Schweiz,Lead,de,Sales Manager Germany / Switzerland
3941,Vertriebsleiter Deutschland EMC & Inductive Sol...,Lead,de,Sales Manager Germany EMC & Inductive Sol...
3942,Vertriebsleiter Deutschland Papier + Etiketten,Lead,de,Sales Manager Germany Paper + Labels
3943,Vertriebsleiter Deutschland Schleifkörper,Lead,de,Sales Manager Germany Grinding Body
3944,Vertriebsleiter Deutschland/Österreich/Schweiz (D/A/CH),Lead,de,Sales Manager Germany/Austria/Switzerland (D/A/CH)
3945,Vertriebsleiter Direktvertrieb,Lead,de,Sales Manager Direct Sales
3946,Vertriebsleiter Duratec,Lead,de,Sales Manager Duratec
3947,Vertriebsleiter E-Commerce,Lead,de,Sales Manager E-Commerce
3948,Vertriebsleiter EMEA,Lead,de,Sales Manager EMEA
3949,Vertriebsleiter EMS,Lead,de,Sales Manager EMS
3950,Vertriebsleiter ERP Center,Lead,de,Sales Manager ERP Center
3951,Vertriebsleiter ERP-Systeme,Lead,de,Sales Manager ERP Systems
3952,Vertriebsleiter Europa,Lead,de,Sales Manager Europe
3953,Vertriebsleiter Export,Lead,de,Sales Manager Export
3954,Vertriebsleiter Fa. Rollei GmbH & Co.KG,Lead,de,Sales Manager Rollei GmbH & Co.KG
3955,Vertriebsleiter Fach-/Versandhandel D.A.CH.,Lead,de,Sales Manager Specialist/shipping D.A.CH.
3956,Vertriebsleiter Fachhandel,Lead,de,Sales Manager Trade
3957,Vertriebsleiter Fachhandel & Department Stores,Lead,de,Sales Manager Retail & Department Stores
3958,Vertriebsleiter Field Sales,Lead,de,Sales Manager Field Sales
3959,Vertriebsleiter Fondsvertrieb,Lead,de,Sales Manager Fund Distribution
3960,Vertriebsleiter freefii,Lead,de,Sales Manager freefii
3961,Vertriebsleiter Frontoffice,Lead,de,Head of Sales Front Office
3962,Vertriebsleiter Gastronomie & Grosshandel,Lead,de,Sales Manager Gastronomy & Wholesale
3963,Vertriebsleiter Geschäftsbereich Filterelemente,Lead,de,Sales Manager Division Filter Elements
3964,Vertriebsleiter Geschäftsbereich Industrie,Lead,de,Sales Manager Industry Division
3965,Vertriebsleiter Geschäftskunden,Lead,de,Sales Manager Business Customers
3966,Vertriebsleiter Geschäftskunden - Strategic Wholesale,Lead,de,Sales Manager Business Customers - Strategic Wholesale
3967,Vertriebsleiter Geschäftskunden Deutschland,Lead,de,Sales Manager Business Customers Germany
3968,Vertriebsleiter Grosskunden,Lead,de,Sales Manager Large Customers
3969,Vertriebsleiter GS1 Complete Sales & Implementa...,Lead,de,Sales Manager GS1 Complete Sales & Implementationa...
3970,Vertriebsleiter ICOS & BWCS DACH,Lead,de,Sales Manager ICOS & BWCS DACH
3971,Vertriebsleiter im Direktvertrieb fürs Handwerk,Lead,de,Sales manager in direct distribution for the craft sector
3972,Vertriebsleiter Immobilien,Lead,de,Sales Manager Real Estate
3973,Vertriebsleiter index Gruppe - Experte für Stellenmarktanalysen,Lead,de,Sales Manager index Group - Expert for Job Market Analysis
3974,Vertriebsleiter Industrial Solutions,Lead,de,Sales Manager Industrial Solutions
3975,Vertriebsleiter Industrie,Lead,de,Sales Manager Industry
3976,Vertriebsleiter -Industrie,Lead,de,Sales Manager - Industry
3977,Vertriebsleiter Industrie Komponenten Hydrauli,Lead,de,Sales Manager Industry Components Hydrauli
3978,Vertriebsleiter Industrielle Anwendungen,Lead,de,Sales Manager Industrial Applications
3979,Vertriebsleiter Inland Süd,Lead,de,Sales Manager Inland South
3980,Vertriebsleiter Innendienst,Lead,de,Internal Sales Manager
3981,Vertriebsleiter Innendienst / Kundenservice,Lead,de,Sales Manager Internal Service / Customer Service
3982,Vertriebsleiter International,Lead,de,Sales Manager International
3983,Vertriebsleiter KAM / Vertrieb Innendienst,Lead,de,Sales Manager KAM / Sales Office
3984,Vertriebsleiter Keller Deutschland,Lead,de,Sales Manager Keller Germany
3985,Vertriebsleiter Key Account,Lead,de,Sales Manager Key Account
3986,Vertriebsleiter kötter Security,Lead,de,Sales Manager Kötter Security
3987,Vertriebsleiter Kuper Verpackungstechnik,Lead,de,Sales Manager Kuper Packaging Technology
3988,Vertriebsleiter Mais & Gräser,Lead,de,Sales Manager Maize & Grasses
3989,Vertriebsleiter Mass Market,Lead,de,Sales Manager Mass Market
3990,Vertriebsleiter Messen und Ausstellungen,Lead,de,Sales Manager Fairs and Exhibitions
3991,Vertriebsleiter Mitte,Lead,de,Sales Manager Mitte
3992,Vertriebsleiter Mittel- und Norddeutschland,Lead,de,Sales Manager Central and Northern Germany
3993,Vertriebsleiter Mittelstand,Lead,de,Sales Manager for Small and Medium-Sized Enterprises
3994,Vertriebsleiter national,Lead,de,Sales Manager National
3995,Vertriebsleiter Neu- und Bestandskunden,Lead,de,Sales Manager New and Existing Customers
3996,Vertriebsleiter Neue Vertriebswege,Lead,de,Sales Manager New sales channels
3997,Vertriebsleiter Niedersachsen,Lead,de,Sales Manager Lower Saxony
3998,Vertriebsleiter Nord,Lead,de,Sales Manager North
3999,Vertriebsleiter Nutzfahrzeugtechnik,Lead,de,Sales Manager Commercial Vehicle Technology
4000,Vertriebsleiter Objekt,Lead,de,Sales Manager Object
4001,Vertriebsleiter OEM,Lead,de,Sales Manager OEM
4002,Vertriebsleiter Online-Produkte,Lead,de,Sales Manager Online Products
4003,Vertriebsleiter ÖPNV Region DACH,Lead,de,Sales Manager Public Transport Region DACH
4004,Vertriebsleiter Österreich und CEE,Lead,de,Sales Manager Austria and CEE
4005,Vertriebsleiter Pharma - OTC,Lead,de,Sales Manager Pharma - OTC
4006,Vertriebsleiter PIM/MDM,Lead,de,Sales Manager PIM/MDM
4007,Vertriebsleiter Rail,Lead,de,Head of Sales Rail
4008,Vertriebsleiter Region Nord-Ost,Lead,de,Sales Manager North-East Region
4009,Vertriebsleiter Region Süd Respiratory Homecare,Lead,de,Sales Manager South Respiratory Region Homecare
4010,Vertriebsleiter Regionen (Deutschland),Lead,de,Sales Manager Regions (Germany)
4011,Vertriebsleiter Remonte Shoes,Lead,de,Sales Manager Remonte Shoes
4012,Vertriebsleiter Safety & Tools Deutschland,Lead,de,Sales Manager Safety & Tools Germany
4013,Vertriebsleiter Sales/Key Account Deutschland/Ö...,Lead,de,Sales Manager Sales/Key Account Germany/Ö...
4014,Vertriebsleiter SAP,Lead,de,Sales Manager SAP
4015,Vertriebsleiter Service,Lead,de,Sales Manager Service
4016,Vertriebsleiter Software,Lead,de,Sales Manager Software
4017,Vertriebsleiter Spezialfahrzeuge,Lead,de,Sales Manager Specialized Vehicles
4018,Vertriebsleiter SSP / RLM,Lead,de,Sales Manager SSP / RLM
4019,Vertriebsleiter Standortentsorgung,Lead,de,Sales Manager Site Management
4020,Vertriebsleiter Stanz- und Umformtechnik,Lead,de,Sales Manager Stanz- und Umformtechnik
4021,Vertriebsleiter STARKE-DMS®,Lead,de,Sales Manager STARKE-DMS®
4022,Vertriebsleiter Süd,Lead,de,Sales Manager South
4023,Vertriebsleiter Süd-West Europa,Lead,de,Sales Manager South-West Europe
4024,Vertriebsleiter Technik Deutschland,Lead,de,Sales Manager Technology Germany
4025,Vertriebsleiter TK,Lead,de,Sales Manager TK
4026,Vertriebsleiter und Prokurist,Lead,de,Sales Manager and Procurator
4027,Vertriebsleiter und stellv. Bereichsleiter,Lead,de,Sales Manager and Deputy Head of Division
4028,Vertriebsleiter Vertrieb & Service Deutschland,Lead,de,Sales Manager Sales & Service Germany
4029,Vertriebsleiter weltweit,Lead,de,Global Sales Manager
4030,Vertriebsleiter Werbemittel - Werbemittellogisk,Lead,de,Sales Manager Advertising media - Advertising media logisk
4031,Vertriebsleiter Werk 2,Lead,de,Sales Manager Plant 2
4032,Vertriebsleiter Zentrale,Lead,de,Head of Sales
4033,Vertriebsleiter/ Geschäftsführer,Lead,de,Sales Manager/Managing Director
4034,Vertriebsleiter/ Prokurist,Lead,de,Sales Manager/Procurer
4035,Vertriebsleiter/Head of Sales,Lead,de,Sales Manager/Head of Sales
4036,Vertriebsleiterassistentin,Lead,de,Sales Manager Assistant
4037,Vertriebsleiterin,Lead,de,Sales Manager
4038,Vertriebsleiterin Aktenvernichtung,Lead,de,Sales Manager Destroyment of Records
4039,Vertriebsleiterin Außendienst und Projekte,Lead,de,Sales Manager Field Service and Projects
4040,Vertriebsleiterin GreenTech,Lead,de,Sales Manager GreenTech
4041,Vertriebsleiterin Innendienst,Lead,de,Internal Sales Manager
4042,Vertriebsleiter-Innendienst,Lead,de,Sales Manager Internal Service
4043,Vertriebsteamleiter,Lead,de,Sales team leader
4044,Vorstand und Bereichsleiter Vertrieb,Lead,de,Management Board and Head of Sales
4045,Verkaufsleiter/ CSO,Lead,de,Sales Manager/CSO
4046,Vertriebsleiter / CSO,Lead,de,Sales Manager / CSO
4047,Abteilungsleiter,Lead,de,Head of Division
4048,Abteilungsleiter Cyber Security & Cloud Consulting / Niederlassungsleiter,Lead,de,Head of Cyber Security & Cloud Consulting / Head of Branch
4049,Abteilungsleiter Engineering Ingolstadt,Lead,de,Head of Engineering Ingolstadt
4050,Abteilungsleiter Eventmanagement,Lead,de,Head of Event Management
4051,Abteilungsleiter Groß- und Spezialprojekte,Lead,de,Head of Division for Large and Special Projects
4052,Abteilungsleiter Improvement & Quality Data,Lead,de,Head of Department Improvement & Quality Data
4053,Abteilungsleiter Injektionstechnik,Lead,de,Head of Injection Technology
4054,Abteilungsleiter Key Account Management Deutschland,Lead,de,Head of Division Key Account Management Germany
4055,Abteilungsleiter Produktmarketing und Projektmanagement,Lead,de,Head of Product Marketing and Project Management
4056,Abteilungsleiter Regionalvertrieb,Lead,de,Head of Regional Distribution
4057,Abteilungsleiter Strategische Akquisitionen & Neuproduktentwicklung,Lead,de,Head of Strategic Acquisitions & New Product Development
4058,Abteilungsleiter Unternehmenskommunikation,Lead,de,Head of Corporate Communications
4059,Abteilungsleiter Wirtschaft,Lead,de,Head of Business
4060,Abteilungsleiterin Auftragsabwicklung / Office ...,Lead,de,Head of department Order processing / Office ...
4061,Abteilungsleiterin Mediengestaltung,Lead,de,Head of Media Design
4062,Abteilungsleiterin Zentralbereich 1 Veranstaltungsorganisation,Lead,de,Head of Division Central Division 1 Organisation of events
4063,Abteilungsleitung Automation,Lead,de,Head of Automation
4064,Anzeigenleitung,Lead,de,Guidance
4065,Applikationsmanager mit Projektleitung,Lead,de,Application manager with project management
4066,Außendienst Leitung,Lead,de,Field Service Management
4067,Bauleitung,Lead,de,Construction management
4068,Bereichsleitung,Lead,de,Sectoral management
4069,Betriebsleitung,Lead,de,Management
4070,BU - Leitung,Lead,de,BU - Management
4071,BU Leiter Crm/Service,Lead,de,BU Head of Crm/Service
4072,Büroleitung,Lead,de,Office management
4073,Call Center Leiter,Lead,de,Call Center Head
4074,CCO - Mitglied der Geschäftsleitung,Lead,de,CCO - Member of the Management Board
4075,CEO / Vorsitzender der Geschäftsleitung,Lead,de,CEO / Chairman of the Executive Board
4076,Chief Analytics Officer | Mitglied der Geschäftsleitung,Lead,de,Chief Analytics Officer 的 Member of the Executive Board
4077,CIO / Leiter Informatik,Lead,de,CIO / Head of Computer Science
4078,COO - Mitglied der Geschäftsleitung,Lead,de,COO - Member of the Executive Board
4079,EDV Leiter,Lead,de,EDP Managers
4080,EDV- Leiter,Lead,de,Computer Managers
4081,EDV Leiterin,Lead,it,IT manager
4082,EDV Leitung,Lead,de,EDP management
4083,EDV und Fuhrparkleitung,Lead,de,Computer and fleet management
4084,EDV-Leiter,Lead,it,IT manager
4085,Geschaeftsleitung,Lead,de,Business management
4086,Geschäfts- / Unternehmens- / Betriebs- / Behördenleitung,Lead,de,Business/company/operation/government management
4087,Geschäftsbereichsleitung Medipolis Akademie,Lead,de,Head of the Medipolis Academy
4088,Geschäftsführer / Geschäfts- / Unternehmens- / Betriebs- / Behördenleitung,Lead,de,Managing Director / Business / Company / Company / Administration
4089,Geschäftsführer / Kaufmännischer Leiter,Lead,de,Managing Director / Commercial Director
4090,Geschäftsführung / Projektleitung,Lead,de,Management / Project management
4091,Geschäftsleitung,Lead,de,Management
4092,Geschäftsleitung - Verkaufsleiter,Lead,de,Management - Sales Manager
4093,Geschäftsleitung / CEO,Lead,de,Management / CEO
4094,Geschäftsleitung / Leitung Projektmanagement  /...,Lead,de,Management / Management Project Management /...
4095,Geschäftsleitung Autoteile,Lead,de,Management of Autoteile
4096,Geschäftsleitung Beratung & Neugeschäft,Lead,de,Management Consulting & New Business
4097,Geschäftsleitung Export / Prokuristin,Lead,de,Management Export / Procurator
4098,Geschäftsleitung ppa,Lead,de,Management ppa
4099,Geschäftsleitung Scherrer Metec AG,Lead,de,Managing Director Scherrer Metec AG
4100,Geschäftsleitung/COO,Lead,de,Management/COO
4101,Geschäftsleitungsassistentin,Lead,de,Executive Assistant
4102,Geschäftsleitungsassistenz,Lead,de,Management assistance
4103,GF / Geschäfts- / Unternehmens- / Betriebs- / Behördenleitung,Lead,de,GF/Business/Business/Occupational/Governmental management
4104,Gründer & Leiter Kundenberatung,Lead,de,Founder & Head of Customer Consulting
4105,Gruppenleitung Pharma,Lead,de,Group management Pharma
4106,Inhaber und Geschäftsleitung,Lead,de,Owners and management
4107,Inhaber und Technische Leitung,Lead,de,Owner and technical management
4108,Inhaber/Geschäftsleitung,Lead,de,Owner/Management
4109,kaufm. Leiter,Lead,de,Head of sales
4110,Kaufm. Leiterin,Lead,de,Kaufm. Head of Department
4111,Kaufmänn. Leitung / Leitung Eventmanagement,Lead,de,Commercial Manager / Head of Event Management
4112,Kaufmännische Leiterin,Lead,de,Commercial Director
4113,Kaufmännische Leitung,Lead,de,Commercial management
4114,Kaufmännische Leitung / Chief Commercial Management,Lead,de,Commercial Management / Chief Commercial Management
4115,Kaufmännische Leitung Prokuristin,Lead,de,Commercial Director Procurator
4116,Kaufmännische Leitung/ Prokuristin,Lead,de,Commercial management/ Procurator
4117,Kaufmännischer Leiter,Lead,de,Commercial Manager
4118,Kaufmännischer Leiter - Prokurist,Lead,de,Commercial Manager - Procurator
4119,kaufmännischer Leiter / CFO,Lead,de,Commercial Manager / CFO
4120,Kaufmännischer Leiter / Gesellschafter,Lead,de,Commercial Director / Partner
4121,Kaufmännischer Leiter / Prokurist,Lead,de,Commercial Director / Procurator
4122,Kaufmännischer Leiter/ Prokurist,Lead,de,Commercial Manager/Procurer
4123,Kfm. Leiter,Lead,de,Kfm. Head
4124,Kfm. Leitung,Lead,de,Kfm. line
4125,Leiter,Lead,de,Head
4126,Leiter / Head of Corporate Design & Events,Lead,en,Leiter / Head of Corporate Design & Events
4127,Leiter Adressmanagement,Lead,de,Head of Address Management
4128,Leiter Akquise Center,Lead,de,Head of Acquise Center
4129,Leiter Akquisition,Lead,ur,Head of Acquisition
4130,Leiter Application Services,Lead,de,Head of Application Services
4131,Leiter Ausführungsplanung,Lead,de,Head of Implementation Planning
4132,Leiter Aussendienst Retail CH,Lead,de,Head of Sales Department Retail CH
4133,Leiter B2B,Lead,de,Head B2B
4134,Leiter Bereich Projektmanagment / Traffic,Lead,de,Head of Project Management / Traffic
4135,Leiter Call Center,Lead,de,Head of Call Center
4136,Leiter Cloud-Team,Lead,de,Head of Cloud Team
4137,Leiter Competence Center Deutschland  /  Mitgli...,Lead,de,Head of Competence Center Germany / Mitgli...
4138,Leiter Consulting Data Analytics,Lead,de,Head of Consulting Data Analytics
4139,Leiter Consulting QMS,Lead,ur,Leiter Consulting QMS
4140,Leiter Controlling,Lead,de,Head of Controlling
4141,Leiter Controlling/Finanzen/Rechnungswesen,Lead,de,Head of Controlling/Finance/Accounting
4142,Leiter Customer Care Center,Lead,en,Leiter Customer Care Center
4143,Leiter Customer Relations,Lead,en,Leiter Customer Relations
4144,Leiter Customer Service,Lead,de,Head of Customer Service
4145,Leiter Daten- und Prozessqualität,Lead,de,Head of Data and Process Quality
4146,Leiter Datenmanagement/Softwareentwicklung,Lead,de,Head of Data Management/Software Development
4147,Leiter der Geschäftsentwicklung,Lead,de,Head of Business Development
4148,Leiter der Informationstechnologie (CIO),Lead,de,Head of Information Technology (CIO)
4149,Leiter der Prozesstechnik,Lead,de,Head of Process Engineering
4150,Leiter der Systemtechnik,Lead,de,Head of System Technology
4151,Leiter der Unternehmenskommunikation,Lead,de,Head of Corporate Communications
4152,Leiter der Wirtschaftsredaktion,Lead,de,Head of Economic Editing
4153,Leiter des RegionalCenters Potsdam/Potsdam-Mittelmark u. IHK-Servicezentrum,Lead,de,Head of RegionalCenter Potsdam/Potsdam-Mittelmark and IHK-Servicezentrum
4154,Leiter digitale Lösungen,Lead,de,Head of Digital Solutions
4155,Leiter Direktmarketing,Lead,de,Head of Direct Marketing
4156,Leiter Direktvertrieb Geschäftskunden,Lead,de,Head of Direct Sales Business Customers
4157,Leiter Distribution,Lead,de,Head of Distribution
4158,Leiter ECM Projekte,Lead,de,Head of ECM Projects
4159,Leiter eCommerce,Lead,de,Head of eCommerce
4160,Leiter E-Commerce,Lead,de,Head of e-commerce
4161,Leiter EDV,Lead,de,Head of IT
4162,Leiter Ein-/Verkauf Getreide und Futtermittel,Lead,de,Head of Supply/Sales of Cereals and Feed
4163,Leiter Entwicklung,Lead,de,Head of Development
4164,Leiter Ent­wick­lung & Con­sul­ting,Lead,de,Head of Development & Construction
4165,Leiter ERP Beratung & Service,Lead,de,Head of ERP Consulting & Service
4166,Leiter Eventvermarktung und Parkierung Festplat...,Lead,de,Head of Event Marketing and Parking Solid Plate...
4167,Leiter Fachvertrieb,Lead,de,Head of Sales
4168,Leiter Fertigungsstandorte,Lead,de,Head of production sites
4169,Leiter Finanzen,Lead,de,Head of Finance
4170,Leiter Frontdesk und Facilitymanagement,Lead,de,Head of Frontdesk and Facility Management
4171,Leiter Gesamtmarketing,Lead,de,Head of Total Marketing
4172,Leiter Geschäfts- und Innovationsentwicklung,Lead,de,Head of Business and Innovation Development
4173,Leiter Geschäftsentwicklung,Lead,de,Head of Business Development
4174,Leiter Geschäftsfeld Embedded Systeme und Steue...,Lead,de,Head of Embedded Systems and Steue...
4175,Leiter Geschäftskunden Nürnberg,Lead,de,Head of Business Customers Nuremberg
4176,Leiter Geschäftskundenvertrieb,Lead,de,Head of Business Sales
4177,Leiter Handel & Geschäftskunden,Lead,de,Head of Commerce & Business
4178,Leiter Informationsmanagement,Lead,de,Head of Information Management
4179,Leiter Informationsmanagement Markt & Kunde,Lead,de,Head of Information Management Market & Customer
4180,Leiter Informationstechnologie,Lead,de,Head of Information Technology
4181,Leiter Innendienst,Lead,de,Head of Internal Service
4182,Leiter Innendienst/Kaufmännischer Leiter,Lead,de,Head of Internal Service/Business Manager
4183,Leiter Innovation,Lead,de,Head of Innovation
4184,Leiter Instandhaltung,Lead,de,Head of Maintenance
4185,Leiter Kampagnenkreation/Leiter Unternehmenskom...,Lead,de,Head of Campaign Creation/Head of Corporate Com...
4186,Leiter kaufm. Abteilung,Lead,de,Head of Commercial Division
4187,Leiter Kompetenzzentrum Bildung,Lead,de,Head of Competence Centre for Education
4188,Leiter Kooperationsnetzwerke,Lead,de,Head of Cooperation Networks
4189,Leiter Kreisverband BVMW Metropolregion Hamburg,Lead,de,Head of District Association BVMW Metropolitan Region Hamburg
4190,Leiter Kundenanalyse,Lead,de,Head of Customer Analysis
4191,Leiter Kundenanalytik,Lead,de,Head of Customer Analysis
4192,Leiter Kundenberatung,Lead,de,Head of Customer Consulting
4193,Leiter Kundenbetreuung,Lead,de,Head of Customer Service
4194,Leiter Kundenbetreuung / Key-Account,Lead,de,Head of Customer Service / Key Account
4195,Leiter Kundenbetreuung und Verkauf,Lead,de,Head of Customer Service and Sales
4196,Leiter Laserentwicklung,Lead,de,Head of Laser Development
4197,Leiter Marktkommunikation,Lead,de,Head of Market Communication
4198,Leiter Marktkommunikation Aichelin Gruppe,Lead,de,Head of Market Communication Aichelin Group
4199,Leiter Marktmanagement Deutschland,Lead,de,Head of Market Management Germany
4200,Leiter Mediaplanung,Lead,de,Head of Media Planning
4201,Leiter Medien und Events,Lead,de,Head of Media and Events
4202,Leiter Methoden & Tools,Lead,de,Head of Methods & Tools
4203,Leiter Neugeschäft,Lead,de,Head of New Business
4204,Leiter Neugeschäft & Kollaboration,Lead,de,Head of New Business & Collaboration
4205,Leiter Normalien,Lead,de,Head of normals
4206,Leiter OBO ACADEMY Deutschland,Lead,de,Head of OBO ACADEMY Germany
4207,Leiter Operatives Tagesgeschäft,Lead,de,Head of Operational Business
4208,Leiter Plattform Services,Lead,de,Head of Platform Services
4209,Leiter PMO,Lead,hi,Leiter PMO
4210,Leiter Produktentwicklung / Prokurist,Lead,de,Head of Product Development / Procurator
4211,Leiter Produktions- und Prozessmanagement,Lead,de,Head of Production and Process Management
4212,Leiter Produktlinie und Werkleiter INA-Drives &...,Lead,de,Head of product line and factory manager INA-Drives &...
4213,Leiter Produktmanagement,Lead,de,Head of Product Management
4214,Leiter Produktvertrieb,Lead,de,Head of Product Distribution
4215,Leiter Professional Services Partner,Lead,de,Head of Professional Services Partner
4216,Leiter Projekte,Lead,de,Head of Projects
4217,Leiter Projektmanagement,Lead,de,Head of Project Management
4218,Leiter Projektmanagement (Unit Interaktion),Lead,de,Head of Project Management (Unit Interaction)
4219,Leiter Qualitätsmanagement,Lead,de,Head of Quality Management
4220,Leiter Recruiting und Staffing,Lead,de,Head of Recruiting and Staffing
4221,Leiter Recruiting-Services,Lead,de,Head of Recruiting Services
4222,Leiter Research and Development,Lead,en,Leiter Research and Development
4223,Leiter Service,Lead,de,Head of Service
4224,Leiter Service & Veranstaltungen,Lead,de,Head of Service & Events
4225,Leiter ServiceCenter,Lead,de,Head of ServiceCenter
4226,Leiter Software Development & Consulting,Lead,de,Head of Software Development & Consulting
4227,Leiter Softwareentwicklung,Lead,de,Head of Software Development
4228,Leiter Softwareentwicklung/Automation,Lead,de,Head of Software Development/Automation
4229,Leiter Software-Projekte/ Applications,Lead,de,Head of Software Projects/ Applications
4230,Leiter Stakeholder- und Nachbarschaftsmanagement,Lead,de,Head of Stakeholder and Neighbourhood Management
4231,Leiter Strategie,Lead,de,Head of Strategy
4232,Leiter Strategische Dienste,Lead,de,Head of Strategic Services
4233,Leiter strategische Partnerschaften,Lead,de,Head of Strategic Partnerships
4234,Leiter Strategische Projekte,Lead,de,Head of Strategic Projects
4235,Leiter Strategische Unternehmensentwicklung & Qualitätsmanagement,Lead,de,Head of Strategic Company Development & Quality Management
4236,Leiter Systemadministration,Lead,de,Head of System Administration
4237,Leiter Systemberatung,Lead,de,Head of System Consulting
4238,Leiter TDE (technische Dienste E-Technik),Lead,de,Head of TDE (technical services e-technics)
4239,Leiter Technik,Lead,de,Head of Technology
4240,Leiter Technikum und technischer Qualfizierungsbetrieb,Lead,de,Head of technical centre and technical qualification plant
4241,Leiter Technische Dokumentation,Lead,de,Head of Technical Documentation
4242,Leiter Telekommunikation,Lead,de,Head of Telecommunications
4243,Leiter Telesales,Lead,it,Head of Telesales
4244,Leiter Überwachungsabteilung,Lead,de,Head of Supervision
4245,Leiter Unternehmensentwicklung,Lead,de,Head of Enterprise Development
4246,Leiter Unternehmenskommunikation,Lead,de,Head of Corporate Communications
4247,Leiter Unternehmenskommunikation & PR,Lead,de,Head of Corporate Communications & PR
4248,Leiter Unternehmensorganisation,Lead,de,Head of Business Organisation
4249,Leiter Unternehmensteuerung,Lead,de,Head of Corporate Management
4250,Leiter Unternehmertum,Lead,de,Head of Entrepreneurship
4251,Leiter Veranstaltungen,Lead,de,Head of Events
4252,Leiter Verkauf,Lead,de,Head of Sales
4253,Leiter Verkauf Innendienst,Lead,de,Head of Sales Internal Services
4254,Leiter Verkauf Schweiz und Verkaufsdirektor D A CH,Lead,de,Head of Sales Switzerland and Sales Director D A CH
4255,Leiter Verkauf und Auftragsmanagement,Lead,de,Head of Sales and Order Management
4256,Leiter Verkauf-Innendienst,Lead,de,Head of Sales-Internal Service
4257,Leiter Verkaufsbüro Rhein-Main-Gebiet,Lead,de,Head of Sales Office Rhein-Main-Gebiet
4258,Leiter Verkaufstandort,Lead,de,Head of Sales Location
4259,Leiter vertrieb Marken Inland,Lead,de,Head of Distribution of Trademarks Inland
4260,Leiter Verwaltung,Lead,de,Head of Administration
4261,Leiter Vetriebsmarketing,Lead,de,Head of Sales Marketing
4262,Leiter Vorentwicklung/ Produktmanager Funktionale Werkstoffe,Lead,de,Head of Pre-development/ Product Manager Functional Materials
4263,Leiter Zentraler Fuhrpark,Lead,de,Head of Central Fleet
4264,Leiter Zentralvertrieb,Lead,de,Head of Central Distribution
4265,Leiter Zentralvertrieb und Qualitätswesen,Lead,de,Head of Central Sales and Quality Management
4266,Leiterin Academy & Events,Lead,it,Head of Academy & Events
4267,Leiterin Bundesgeschäftsstelle,Lead,de,Head of Federal Office
4268,Leiterin Datenbank,Lead,de,Head of Database
4269,Leiterin ERP & Applikationen,Lead,de,Head of ERP & Applications
4270,Leiterin Event Services,Lead,de,Head of Event Services
4271,Leiterin Events und Werksbesuche,Lead,de,Head of Events and Factory Visits
4272,Leiterin Geschäftskundenvertrieb,Lead,de,Head of Business Sales
4273,Leiterin Innendienst,Lead,de,Head of Internal Service
4274,Leiterin Kundenkontaktmanagement Steuerung,Lead,de,Head of Customer Contact Management Control
4275,Leiterin Markt- und Produktsupport,Lead,de,Head of Market and Product Support
4276,Leiterin Marktmanagement und Unternehmenskommun...,Lead,de,Head of Market Management and Corporate Communication...
4277,Leiterin Mitgliederbetreuung,Lead,de,Head of Members' Support
4278,Leiterin Mitgliederservice,Lead,de,Head of member service
4279,Leiterin Produktmanagement,Lead,de,Head of Product Management
4280,Leiterin Prozessmanagement,Lead,de,Head of Process Management
4281,Leiterin Recruiting & Employer Branding,Lead,tr,Head of Recruiting & Employer Branding
4282,Leiterin Smart Waste Services,Lead,it,Head of Smart Waste Services
4283,Leiterin Telemarketing,Lead,it,Head of Telemarketing
4284,Leiterin Unternehmenskommunikation,Lead,de,Head of Corporate Communications
4285,Leiterin Unternehmenskommunikation (interim),Lead,de,Head of Corporate Communications (interim)
4286,Leiterin Unternehmenskommunikation/PR international,Lead,de,Head of Corporate Communications/PR international
4287,Leiterin Verwaltung,Lead,de,Head of Administration
4288,Leiterin Werbung und Öffentlichkeitsarbeit,Lead,de,Head of Advertising and Public Relations
4289,Leitung,Lead,de,Management
4290,Leitung  Verkaufssteuerung,Lead,de,Head of Sales Control
4291,Leitung Address management / Customer service,Lead,de,Management Address management / Customer service
4292,Leitung Adresspflege,Lead,de,Management Address maintenance
4293,Leitung Anzeigenvertrieb,Lead,de,Management Ad distribution
4294,Leitung Auftragsabwicklung / Head of Export Department,Lead,de,Head of Order Processing / Head of Export Department
4295,Leitung Außendienst,Lead,de,Head of field service
4296,Leitung Außendienst - Head of Representative,Lead,de,Head of Field Service - Head of Representative
4297,Leitung Außendienst ehemaliges Gebiet Reifen John Deutschland,Lead,de,Head of field service former area tires John Germany
4298,Leitung b2c eCommerce,Lead,de,Management b2c eCommerce
4299,Leitung CCC,Lead,de,Head of CCC
4300,Leitung Controlling,Lead,de,Controlling line
4301,Leitung Customer Analytics,Lead,de,Head of Customer Analytics
4302,Leitung Customer Service Center / Offset,Lead,de,Head of Customer Service Center / Offset
4303,Leitung der Softwareentwicklung,Lead,de,Management of software development
4304,Leitung Direktmarketing WeltN24,Lead,de,Head of Direct Marketing WorldN24
4305,Leitung Direktvertrieb,Lead,de,Direct distribution line
4306,Leitung E-Commerce,Lead,de,Head of e-commerce
4307,Leitung EDV,Lead,de,Management of computer
4308,Leitung Endoskopie,Lead,de,Head of Endoscopy
4309,Leitung Energievertrieb,Lead,de,Power distribution line
4310,Leitung eService,Lead,de,Head of eService
4311,Leitung Eventmanagement,Lead,de,Head of Event Management
4312,Leitung Events,Lead,de,Head of Events
4313,Leitung Finanzbuchhaltung / Unternehmenscontrol...,Lead,de,Head of Financial Accounting / Corporate Control...
4314,Leitung Flugeinkauf Linie,Lead,de,Management Flight purchase line
4315,Leitung Gesamtvertrieb,Lead,de,Management of total distribution
4316,Leitung Geschäftsentwicklung,Lead,de,Head of Business Development
4317,Leitung Handelsmarketing & Herstellerkooperation,Lead,de,Head of Trade Marketing & Manufacturer Cooperation
4318,Leitung Informationstechnik,Lead,de,Head of Information Technology
4319,Leitung Informationstechnologie,Lead,de,Head of Information Technology
4320,Leitung Informations-Technologie / Logistik (Pr...,Lead,de,Head of Information Technology / Logistics (Pr...
4321,Leitung Innenvertrieb,Lead,de,Internal sales management
4322,Leitung Key Account Management,Lead,de,Head of Key Account Management
4323,Leitung Kunden Center Hamburg,Lead,de,Head of Customer Center Hamburg
4324,Leitung Lagerlogistik,Lead,de,Management Warehousing Logistics
4325,Leitung Markt - Prokurist,Lead,de,Head of Market - Procurist
4326,Leitung Markt- und Unternehmenskommunikation,Lead,de,Head of Market and Corporate Communications
4327,Leitung Mediaservice & Anzeigenmarketing,Lead,de,Management Mediaservice & Ad Marketing
4328,Leitung nationales Keyaccountmanagement,Lead,de,Head of National Keyaccount Management
4329,Leitung operativer Betrieb,Lead,de,Management of operational operations
4330,Leitung Organisation und Prozesse,Lead,de,Management Organization and processes
4331,Leitung Partnermanagement & Kundenservice,Lead,de,Management Partner Management & Customer Service
4332,Leitung Personal/Organisation,Lead,de,Head of Personnel/Organisation
4333,Leitung Projektmanagement,Lead,de,Head of Project Management
4334,Leitung Promotion,Lead,de,Head of Promotion
4335,Leitung Qualität und Dienstleistungen,Lead,de,Management Quality and services
4336,Leitung Rechnungswesen/Controlling/Personal,Lead,de,Management Accounting/Controlling/Personnel
4337,Leitung Region West,Lead,de,Head of West Region
4338,Leitung Regional KAM Germany,Lead,de,Head of Regional KAM Germany
4339,Leitung SCM - einkauf- QM,Lead,de,SCM line - purchase QM
4340,Leitung Service B2B,Lead,de,Head of Service B2B
4341,Leitung Servicecenter,Lead,de,Head of Service Centre
4342,Leitung Softwareentwicklung,Lead,de,Management Software Development
4343,Leitung Solutions & Services,Lead,de,Head of Solutions & Services
4344,Leitung Stabsstelle Unternehmensentwicklung und strategische Projekte,Lead,de,Head of Corporate Development and Strategic Projects
4345,Leitung Strategie,Lead,de,Management Strategy
4346,Leitung Strategie & Projektmanagement,Lead,de,Management Strategy & Project Management
4347,Leitung Systeme & Prozesse,Lead,de,Management Systems & Processes
4348,Leitung Taskforce Nachwuchsmarketing,Lead,de,Head of Taskforce for Young Investigators Marketing
4349,Leitung Unternehmens- und Markenkommunikation,Lead,de,Head of Corporate and Brand Communications
4350,Leitung Unternehmenskommunikation,Lead,de,Head of Corporate Communications
4351,Leitung Veranstaltungsmanagement,Lead,de,Head of Event Management
4352,Leitung Veranstaltungsmanagement Verkauf,Lead,de,Management Event Management Sales
4353,Leitung Verkauf,Lead,de,Head of Sales
4354,Leitung Verkauf Innen,Lead,de,Head of sales inside
4355,Leitung Verkauf Innendienst,Lead,de,Head of Sales Internal Services
4356,Leitung Verkauf Österreich,Lead,de,Head of Sales Austria
4357,Leitung Verkauf Standardgeräte,Lead,de,Line Sale Standard Equipment
4358,Leitung Verkaufsförderung,Lead,de,Head of Sales Promotion
4359,Leitung Verkaufsinnendienst,Lead,de,Head of Internal Sales Service
4360,Leitung Verkaufsregion D-Süd,Lead,de,Head of Sales Region D-South
4361,Leitung Yield & Ad Management,Lead,de,Head of Yild & Ad Management
4362,Leitung Zentrales Kundenmanagement,Lead,de,Head of Central Customer Management
4363,Marketin Leitung,Lead,de,Marketin Management
4364,Mitglied der Geschäftsleitung,Lead,de,Member of the Management Board
4365,Mitglied der Geschäftsleitung - Head of Development,Lead,de,Member of the Executive Board - Head of Development
4366,Mitglied der Geschäftsleitung (Prokuristin),Lead,de,Member of the Executive Board (Procurator)
4367,nhaber / Geschäfts- / Unternehmens- / Betriebs- / Behördenleitung,Lead,de,nhaber/business/business/operation/government management
4368,Niederlassungs-Leiter,Lead,de,Head of establishment
4369,Niederlassungsleitung,Lead,de,Establishment management
4370,Objektleitung,Lead,de,Object line
4371,Operative Leitung,Lead,de,Operational direction
4372,Operativer Leiter,Lead,de,Operational Director
4373,Operativer Leiter Prozesse,Lead,de,Operational Head of Processes
4374,Product Manager und Abteilungsleiter Entwicklung,Lead,de,Product Manager and Head of Development
4375,Projektkoordinator Stabsstelle Geschäftsleitung,Lead,de,Project coordinator Head of Staff
4376,Projektleiter Eventmanagement & Teamleitung,Lead,de,Project Manager Event Management & Team Management
4377,Projektleitung,Lead,de,Project management
4378,Projektleitung / CTO,Lead,de,Project management / CTO
4379,Projektleitung / Projektentwicklung,Lead,de,Project management / project development
4380,Projektleitung Datenmanagement,Lead,de,Project Management Data Management
4381,Projektleitung Fairs & Events (National / International),Lead,de,Project Management Fairs & Events (National / International)
4382,Projektleitung Stammdatenqualität- und Lieferantenmanagement (Inbound Daimer AG),Lead,de,Project Management Master Data Quality and Supplier Management (Inbound Daimer AG)
4383,Prokurist      Technischer Leiter,Lead,de,Procurator Technical Director
4384,Prokurist / Leitung Ressourcen Management,Lead,de,Procurator / Head of Resources Management
4385,Prokurist/ Leiter Verkauf,Lead,de,Procurator/Head of Sales
4386,Prokuristin/ Projektmanagerin der Geschäftsleitung,Lead,de,Procurator/project manager of the management
4387,Redaktionsleitung,Lead,de,Head of the editorial department
4388,Redaktionsleitung / Objektleitung,Lead,de,Editorial management / object management
4389,Referent Verkaufsleitung,Lead,de,Speaker Sales Manager
4390,Referentin der Geschäftsleitung,Lead,de,Officer of the Management Board
4391,Sachgebietsleitung,Lead,de,Heading
4392,Sekretariat Geschäftsleitung,Lead,de,Secretariat Management
4393,senior director / Mitglied der Geschäftsleitung,Lead,de,senior director / Member of the Executive Board
4394,Stabstelle der Standortleitung,Lead,de,Staff of the site management
4395,Stellv. Leitung Eventbüro,Lead,de,Deputy Head of Event Office
4396,Stellv. Verkaufsleiter Export Petfood / Leiter ...,Lead,de,Deputy Sales Manager Export Petfood / Head of ...
4397,Stellvertretende kaufmännische Leitung,Lead,de,Deputy Commercial Manager
4398,stellvertretende Leitung  Öffentlichkeitsmarketing,Lead,de,Deputy Head of Public Marketing
4399,Stellvertretender Leiter Handels- und Prospektg...,Lead,de,Deputy Head of Trade and Prospectus...
4400,stv. Ressortleitung Geschäftsentwicklung,Lead,de,stv. Head of Business Development
4401,Stv. Verkaufsleiter/ Leitung Verkauf ID,Lead,de,Stv. Sales Manager/ Head of Sales ID
4402,Teamleitung E-Commerce,Lead,de,Team Leader E-Commerce
4403,Teamleitung ERP,Lead,de,Head of the ERP team
4404,technischer Leiter,Lead,de,Technical Manager
4405,Technischer Leiter / Head of Operation / QMB,Lead,nl,Technical Manager / Head of Operation / QMB
4406,Technischer Leiter Produktion,Lead,de,Technical Head of Production
4407,Teil der Geschäftsleitung,Lead,de,Part of the management
4408,Teilbereichsleitung,Lead,de,Sub-divisional line
4409,Verkauf / Leiter Qualitätsmanagement,Lead,de,Sales / Head of Quality Management
4410,Verkauflsleitung,Lead,de,Sales management
4411,Verkaufsleiter/ Leiter Verkaufsinnendienst + Kundenservice  l  PROKURIST,Lead,de,Sales Manager/Head of Internal Sales Service + Customer Service l PROKURIST
4412,Verkaufsleitung,Lead,de,Sales line
4413,Verkaufsleitung / Key Account,Lead,de,Sales Manager / Key Account
4414,Verkaufsleitung / Projektleitung,Lead,de,Sales management / Project management
4415,Verkaufsleitung Crossmedia,Lead,de,Crossmedia Sales Manager
4416,Verkaufsleitung für Deutschland und Österreich,Lead,de,Sales line for Germany and Austria
4417,Verkaufsleitung Geschäftsführer,Lead,de,Sales Manager Managing Director
4418,Verkaufsleitung Multimedia,Lead,de,Sales Manager Multimedia
4419,Vetriebsleitung,Lead,de,Transmission line
4420,Vorsitzender der Geschäftsleitung,Lead,de,Chairman of the Executive Board
4421,Assistent der Geschäftsleitung,Lead,de,Assistant to the Executive Board
4422,Assistent Geschäftsleitung,Lead,de,Assistant Management
4423,Assistentin der Geschaeftsleitung,Lead,de,Assistant to the management of the business
4424,Assistentin der Geschäftsbereichsleitung,Lead,de,Assistant to the management of the business unit
4425,Assistentin der Geschâftsleitung,Lead,de,Business Manager's Assistant
4426,Assistentin der Geschäftsleitung,Lead,de,Assistant to the Executive Board
4427,Assistentin der Geschäftsleitung / personal assistant to the CEO,Lead,de,Assistant to the Executive Board / personal assistant to the CEO
4428,Assistentin der Geschäftsleitung/Qualitätsmanagementbeauftragte,Lead,de,Assistant to the Executive Board/Quality Management Officer
4429,Assistentin des kfm. Leiters,Lead,fr,Assistin of kfm. Leiters
4430,Assistentin Geschäftsleitung,Lead,de,Assistant to Management
4431,Assistentin Leitung Geschäftsführungsbüro,Lead,de,Assistant Head of Management Office
4432,Assistenz d. Geschäftsleitung,Lead,de,Assistant to the Executive Board
4433,Assistenz der Anzeigenleitung,Lead,de,Assistance of the ad line
4434,Assistenz der Bereichsleitung,Lead,de,Assistance of the departmental management
4435,Assistenz der Geschäftsführung und Betriebsleitung,Lead,de,Assistant to the management and management
4436,Assistenz der Geschäftsleitung,Lead,de,Assistant to the management
4437,Assistenz der Geschäftsleitung wahrsch.,Lead,de,Assistant to the management
4438,Assistenz der Regionalvertriebsleitung,Lead,de,Assistance of the regional sales management
4439,Assistenz der Unternehmensleitung,Lead,de,Assistant to the management of the company
4440,Assistenz der Verlagsleitung,Lead,de,Assistant to the management of the publishing house
4441,Assistenz für die Geschäftsleitung,Lead,de,Assistance for the management
4442,Assistenz Geschäftsleitung,Lead,de,Assistance Management
4443,Assistenz Regionalleitung,Lead,de,Assistance Regional management
4444,Controller und Assistent der Geschäftsleitung,Lead,de,Controller and assistant of the management
4445,Controller/ kfm. Assistent der Geschäftsleitung,Lead,de,Controller/ kfm. Assistant to the management
4446,Gebietsverkaufsleitung Süd / Assistent der Geschäftsführung,Lead,de,Area Sales Manager South / Management Assistant
4447,Leiter E-Commerce & Assistent der Geschäftsführung,Lead,de,Head of E-Commerce & Assistant to the Executive Board
4448,Leitung QM/Assistenz GF,Lead,de,Head of QM/Assistant GF
4449,Projektmanager / Assistent der Geschäftsleitung,Lead,de,Project manager / assistant of the management
4450,Sekretariat/Assistenz Vorstand / Geschäftsleitung,Lead,de,Secretariat/assistance Management Board / Management
4451,Sekretärin der Geschäftsleitung,Lead,de,Executive Secretary
4452,Abteilungsleiter Business Data & Infonomics,Lead,de,Head of Business Data & Infonomics
4453,Abteilungsleiter Business Enablement,Lead,de,Head of Business Enablement
4454,Abteilungsleiter Business Intelligence,Lead,de,Head of Business Intelligence
4455,Abteilungsleiter Corporate Standard Business Systems (CSBS),Lead,de,Head of Corporate Standard Business Systems (CSBS)
4456,Abteilungsleiter Digital Business Solutions,Lead,de,Head of Digital Business Solutions
4457,Business Unit Leiter Lubricants,Lead,nl,Business Unit Leiter Lubricants
4458,Geschäftsleitung Strategy & Business Development,Lead,de,Management Strategy & Business Development
4459,Head of Digital Business / Leiter Digitale Geschäftsbereiche,Lead,de,Head of Digital Business / Head of Digital Business Units
4460,Leiter Anwendungstechnik / Business Development,Lead,de,Head of Application Technology / Business Development
4461,Leiter Business Applications,Lead,en,Leiter Business Applications
4462,Leiter Business Development,Lead,de,Head of Business Development
4463,Leiter Business Development & Market Communication,Lead,de,Head of Business Development & Market Communication
4464,Leiter Business Development & Strategic Partnerships,Lead,en,Leiter Business Development & Strategic Partnerships
4465,Leiter Business Development / Business Solutions,Lead,de,Head of Business Development / Business Solutions
4466,Leiter Business Development China,Lead,de,Head of Business Development China
4467,Leiter Business Intelligence,Lead,de,Head of Business Intelligence
4468,Leiter Business Operations,Lead,en,Leiter Business Operations
4469,Leiter Competence Center IT & Business Solutions,Lead,en,Leiter Competence Center IT & Business Solutions
4470,Leiter Customer Data & Business Intelligence,Lead,de,Head of Customer Data & Business Intelligence
4471,Leiter Digital Business,Lead,de,Head of Digital Business
4472,Leiter eBusiness & Web,Lead,de,Head of eBusiness & Web
4473,Leiter International Business,Lead,de,Head of International Business
4474,Leiter IT / Leiter Business Unit Operations,Lead,de,Head of IT / Head of Business Unit Operations
4475,Leiter Kooperationen & Business Development (Mi...,Lead,de,Head of Cooperation & Business Development (Mi...
4476,Leiter New Business,Lead,ur,Leiter New Business
4477,Leiter SAP Business One Entwicklung,Lead,de,Head of SAP Business One Development
4478,Leiterin Business Applikationen,Lead,de,Head of Business Applications
4479,Leiterin Business Development,Lead,de,Head of Business Development
4480,Leiterin New Business,Lead,it,Head of New Business
4481,Leitung / Head of IT Business Intelligence,Lead,de,Head of IT Business Intelligence
4482,Leitung Business Development,Lead,de,Head of Business Development
4483,Leitung Business Management,Lead,de,Head of Business Management
4484,Leitung Business Process Management / Mitarbeit...,Lead,de,Head of Business Process Management / Cooperation...
4485,Leitung Digital Business Development,Lead,de,Head of Digital Business Development
4486,Leitung eBusiness Management / CRM Projektmanagement,Lead,de,Head of eBusiness Management / CRM Project Management
4487,Leitung Key Account Management & Business Development,Lead,de,Head of Key Account Management & Business Development
4488,Stellv. Leiter Business Development,Lead,de,Deputy Head of Business Development
4489,Stellvertretender Geschäftsführer / Leiter Business Development,Lead,de,Deputy Managing Director / Head of Business Development
4490,Teamleitung Business Development,Lead,de,Team Management Business Development
4491,Consultant / Project Management / Leitung Softwareentwicklung,Lead,de,Consultant / Project Management / Management Software Development
4492,Digital Consultant / Spezialist für Digitalisierung inkl. Umsetzungsbegleitung /,Lead,de,Digital Consultant / Specialist for Digitalization incl. implementation support /
4493,Inhouse Consultant / IT-Projektleitung,Lead,de,Inhouse Consultant / IT Project Management
4494,Assistentin der Geschäftsleitung / Human Resources,Lead,de,Management Assistant / Human Resources
4495,Assitenz der Geschäfstleitung / HR,Lead,de,Assistance of the management / HR
4496,Leitung Organisation & HR,Lead,de,Management Organisation & HR
4497,Abteilungsleiter IT,Lead,de,Head of Division IT
4498,Abteilungsleiter IT Anwendungsentwicklung,Lead,de,Head of IT Application Development
4499,Abteilungsleiter IT und Digitalisierung,Lead,de,Head of IT and Digitalization
4500,Abteilungsleiter ITK,Lead,de,Head of Division ITC
4501,Administration / Assistenz der Geschäftsleitung,Lead,de,Administration / assistance of the management
4502,Assistenz IT-Leitung,Lead,de,Assistance IT management
4503,Assitentin des IT Leiters,Lead,fr,Assitentin des IT Leiters
4504,Geschäftsführer Siegen / Leiter IT und Organisation,Lead,de,Managing Director Siegen / Head of IT and Organisation
4505,Geschäftsleitung CIIT,Lead,de,CIIT Management
4506,Head of IT / Leiter Informationstechnik,Lead,de,Head of IT / Head of Information Technology
4507,Head of IT / Leiter IT,Lead,ur,Head of IT / Leiter IT
4508,IT Leiter,Lead,de,IT Head of Unit
4509,IT Leiter Fricopan Gruppe (Ein Unternehmen der Aryzta Gruppe),Lead,de,IT Head of Fricopan Group (A company of the Aryzta Group)
4510,IT Leitung,Lead,de,IT Management
4511,IT Management Leitung,Lead,de,IT Management Management
4512,IT-Abteilungsleiter,Lead,de,IT Head of Division
4513,IT-Gesamtleitung,Lead,de,Total IT management
4514,IT-Leiter,Lead,ur,IT-Leiter
4515,IT-Leiter / Prokurist,Lead,ur,IT manager / authorized signatory
4516,IT-Leiter / System-Administrator,Lead,ur,IT-Leiter / System-Administrator
4517,IT-Leiter | CIO,Lead,it,IT-Leiter | CIO
4518,IT-Leitung,Lead,de,IT line
4519,Leiter Controlling & IT,Lead,de,Head of Controlling & IT
4520,Leiter der EDV  -  Head of IT,Lead,de,Head of IT - Head of IT
4521,Leiter der IT,Lead,de,Head of IT
4522,Leiter der IT-Abteilung,Lead,de,Head of IT Department
4523,Leiter des Bereiches Organisation/IT,Lead,de,Head of Organisation/IT
4524,Leiter Digitale Prozesse,Lead,de,Head of Digital Processes
4525,Leiter Digitale Strategien und Angebote (CDO),Lead,de,Head of Digital Strategies and Services (CDO)
4526,Leiter Digitale Transformation Recycling Solution,Lead,de,Head of Digital Transformation Recycling Solution
4527,Leiter Digitalisierung,Lead,de,Head of Digitalisation
4528,Leiter E-Commerce & IT,Lead,de,Head of e-commerce & IT
4529,Leiter EDV/IT,Lead,de,Head of Computer/IT
4530,Leiter EDV/Organisation - Head of IT/Organisation,Lead,de,Head of IT/Organization - Head of IT/Organization
4531,Leiter Finanzen und Administration,Lead,de,Head of Finance and Administration
4532,Leiter Geschäftsbereich IT,Lead,de,Head of Business Unit IT
4533,Leiter Geschäftsbereich IT & Services und Chief Digital Officer (CDO),Lead,de,Head of IT & Services and Chief Digital Officer (CDO)
4534,Leiter Inhouse IT Infrastructure Services,Lead,nl,Leiter Inhouse IT Infrastructure Services
4535,Leiter IT,Lead,de,Head of IT
4536,Leiter IT & Controlling,Lead,de,Head of IT & Controlling
4537,Leiter IT & Projekte,Lead,de,Head of IT & Projects
4538,Leiter IT & Prozesse,Lead,de,Head of IT & Processes
4539,Leiter IT & Qualitätsmangement,Lead,de,Head of IT & Quality Management
4540,Leiter IT / CIO,Lead,de,Head of IT/CIO
4541,Leiter IT / IT Sicherheitsbeauftragter (ITSB/CISO),Lead,de,Head of IT / IT Security Officer (ITSB/CISO)
4542,Leiter IT / Organisation,Lead,de,Head of IT / Organisation
4543,Leiter IT / Prozessmanagement,Lead,de,Head of IT / Process Management
4544,Leiter IT | Head of IT,Lead,ur,Leiter IT | Head of IT
4545,Leiter IT Client Systeme,Lead,de,Head of IT Client Systems
4546,Leiter IT Infrastruktur Unternehmensgruppe,Lead,de,Head of IT Infrastructure Group
4547,Leiter IT Konzern / CIO,Lead,de,Head of IT Group / CIO
4548,Leiter IT Operations,Lead,de,Head of IT Operations
4549,Leiter IT Operations Web Applications,Lead,en,Leiter IT Operations Web Applications
4550,Leiter IT Projekt- & Prozessmanagement,Lead,de,Head of IT Project & Process Management
4551,Leiter IT Projekte,Lead,de,Head of IT Projects
4552,Leiter IT Service Operations,Lead,en,Leiter IT Service Operations
4553,Leiter IT Services,Lead,de,Head of IT Services
4554,Leiter IT Services / Prokurist,Lead,de,Head of IT Services / Procurator
4555,Leiter IT Systeme &Prozesse,Lead,de,Head of IT Systems & Processes
4556,Leiter IT Systemtechnik,Lead,de,Head of IT Systems Technology
4557,Leiter IT Technik,Lead,de,Head of IT Technology
4558,Leiter IT- und Datenmanagement,Lead,de,Head of IT and data management
4559,Leiter IT und Organisation,Lead,de,Head of IT and Organisation
4560,Leiter IT und WFM,Lead,de,Head of IT and WFM
4561,Leiter IT/Organisation,Lead,de,Head of IT/Organisation
4562,Leiter IT/SAP,Lead,de,Head of IT/SAP
4563,Leiter IT-Abteilung,Lead,de,Head of IT Department
4564,Leiter IT-Administration,Lead,de,Head of IT Administration
4565,Leiter IT-Anwendungssysteme,Lead,de,Head of IT application systems
4566,Leiter IT-Applikationen Geschäftseinheit Geschäftskunden/Energiedienstleistungen,Lead,de,Head of IT Applications Business Unit Business Customers/Energy Services
4567,Leiter IT-Consulting,Lead,de,Head of IT consulting
4568,Leiter IT-Infrastruktur,Lead,de,Head of IT infrastructure
4569,Leiter IT-Organisation,Lead,de,Head of IT Organisation
4570,Leiter IT-Service,Lead,de,Head of IT Service
4571,Leiter IT-Services,Lead,de,Head of IT Services
4572,Leiter Materialwirtschaft / Logistik / IT,Lead,de,Head of Materials Management / Logistics / IT
4573,Leiter Ordermanagement und IT,Lead,de,Head of Order Management and IT
4574,Leiter Orga u. IT,Lead,de,Head of Orga & IT
4575,Leiter Organisation und IT,Lead,de,Head of Organisation and IT
4576,Leiter Prozesse & IT,Lead,de,Head of Processes & IT
4577,Leiter SAP,Lead,de,Head of SAP
4578,Leiter SAP - Unternehmensprozesse,Lead,de,Head of SAP - Corporate Processes
4579,Leiter SAP - Unternehmensprozesse - Controlling,Lead,de,Head of SAP - Corporate processes - Controlling
4580,Leiter SAP Competence Center,Lead,de,Head of SAP Competence Center
4581,Leiter SAP Technology,Lead,ur,Leiter SAP Technology
4582,Leiter Strategie und IT-Architektur,Lead,de,Head of Strategy and IT Architecture
4583,Leiterin Administration,Lead,de,Head of Administration
4584,Leiterin Digitales Produktmanagement,Lead,de,Head of Digital Product Management
4585,Leiterin IT,Lead,it,Head of IT
4586,Leiterin Kunden- und Servicemanagement der IT,Lead,de,Head of Customer and Service Management of IT
4587,Leiterin Organisation IT Telekommunikation,Lead,de,Head of organization IT Telecommunications
4588,Leitung Administration,Lead,de,Administration
4589,Leitung Digitale Transformation & VDC,Lead,de,Head of Digital Transformation & VDC
4590,Leitung IT,Lead,de,Head of IT
4591,Leitung IT - Warenwirtschaft,Lead,de,Management IT - Warenwirtschaft
4592,Leitung IT & Softwareentwicklung,Lead,de,Head of IT & Software Development
4593,Leitung IT / Systemadministration,Lead,de,Management IT / System Administration
4594,Leitung IT Services DACH,Lead,de,Head of IT Services DACH
4595,Leitung IT/EDV,Lead,de,Head of IT/EDV
4596,Leitung Logistik & Order Administration,Lead,de,Head of Logistics & Order Administration
4597,Leitung Organistion/IT,Lead,de,Head of Organization/IT
4598,Leitung SAP,Lead,de,Management SAP
4599,Leitung Softwareentwicklung und IT,Lead,de,Management Software Development and IT
4600,Partner / CFO / Leiter Digitalisierung Kundenmanagement,Lead,de,Partner / CFO / Head of Digitalization Customer Management
4601,Personalberater für IT - Spezialisten / Leiter Geschäftsbereich IT – Services,Lead,de,Personalberater für IT - Specialists / Head of Business Unit IT – Services
4602,Projektleitung Digital Change,Lead,de,Project manager Digital Change
4603,SAP Leiter,Lead,de,SAP Leader
4604,SAP-Leiter,Lead,hi,SAP manager
4605,Stellv. IT Leiter,Lead,de,Deputy IT Manager
4606,Stellvertretende Leitung IT,Lead,de,Deputy Head of IT
4607,stellvertretender IT-Leiter,Lead,de,Deputy IT Manager
4608,stv. Leiter IT / Teamleiter Project & Operations,Lead,de,Deputy Head of IT / Team Leader Project & Operations
4609,Team- & Projektleitung Integration SAP Logistik...,Lead,de,Team & Project Management Integration SAP Logistics...
4610,Teamleiter Anwendungsentwicklung & stv. IT-Leiter,Lead,de,Team Leader Application Development & IT Manager
4611,Teamleitung IT,Lead,de,Team Leader IT
4612,Teamleitung IT Analytics,Lead,de,Team Leader IT Analytics
4613,Teamleitung IT Systeme,Lead,de,Team Management IT Systems
4614,Teamleitung IT-Steuerung,Lead,de,Team Management IT Control
4615,Abteilungsleiter CRM,Lead,de,Head of Division CRM
4616,Abteilungsleiterin CRM,Lead,de,Head of Division CRM
4617,Abteilungsleiterin Customerservice/CRM,Lead,de,Head of Customerservice/CRM
4618,CRM Leiter,Lead,de,CRM Manager
4619,CRM Leitung,Lead,de,CRM Management
4620,CRM Teamleiter / Team Leiter Kundensysteme,Lead,de,CRM Team Leader / Team Head of Customer Systems
4621,CRM-Leiter,Lead,de,CRM Manager
4622,CRM-Leiterin,Lead,it,CRM Manager
4623,CRM-Leitung,Lead,de,CRM line
4624,CRM-Leitung / IT Consultant,Lead,it,CRM-Leitung / IT Consultant
4625,CRM-Projektleitung,Lead,de,CRM Project Management
4626,ERP/ CRM Leiter,Lead,de,ERP/ CRM Manager
4627,Gruppenleitung CRM,Lead,de,Group management CRM
4628,IT-ProjektLeiter / Teamleitung CRM Systems,Lead,de,IT ProjectHead / Team Management CRM Systems
4629,Leiter / Head of CRM,Lead,ur,Leiter / Head of CRM
4630,Leiter Competence Center CRM,Lead,de,Head of Competence Center CRM
4631,Leiter CRM,Lead,de,Head of CRM
4632,Leiter CRM / eCommerce,Lead,de,Head of CRM / eCommerce
4633,Leiter CRM / Head of CRM,Lead,ur,Leiter CRM / Head of CRM
4634,Leiter CRM Systeme,Lead,de,Head of CRM Systems
4635,Leiter CRM und Projekte,Lead,de,Head of CRM and Projects
4636,Leiter CRM und Retail IT,Lead,de,Head of CRM and Retail IT
4637,Leiter CRM/Kooperationen,Lead,de,Head of CRM/Cooperation
4638,Leiter CRM-Systeme & eCRM,Lead,de,Head of CRM Systems & eCRM
4639,Leiter Datamining & CRM,Lead,de,Head of Datamining & CRM
4640,Leiter Geschäftsbereich CRM,Lead,de,Head of Division CRM
4641,Leiter Geschäftsbereich CRM/SharePoint,Lead,de,Head of Division CRM/SharePoint
4642,Leiter Onlinemarketing / CRM,Lead,de,Head of Online Marketing / CRM
4643,Leiter Practice CRM Services,Lead,nl,Leiter Practice CRM Services
4644,Leiter Process Solutions CRM,Lead,de,Head of Process Solutions CRM
4645,Leiter Profit-Center CRM  (Prokurist),Lead,de,Head of Profit Center CRM (Procurer)
4646,Leiter Regio-Desk Osnabrück I Leiter CRM,Lead,de,Head of Regio-Desk Osnabrück I Head of CRM
4647,Leiter strategische Projekte & analytisches CRM (Kaufland Digital),Lead,de,Head of Strategic Projects & Analytical CRM (Kaufland Digital)
4648,Leiterin CRM,Lead,de,Head of CRM
4649,Leiterin CRM & Data Lab,Lead,it,Head of CRM & Data Lab
4650,Leiterin CRM und Marktanalyse,Lead,de,Head of CRM and Market Analysis
4651,Leiterin Kundenmgmt & CRM - Neukunden & Reaktiv...,Lead,de,Head of Customer Information & CRM - New Customers & Reactive...
4652,Leitung CRM,Lead,de,Head of CRM
4653,Leitung CRM Development,Lead,de,Head of CRM Development
4654,Leitung Customer Relationship Management (CRM),Lead,de,Head of Customer Relationship Management (CRM)
4655,Projektleitung CRM,Lead,de,Project management CRM
4656,Projektleitung CRM & Telesales,Lead,de,Project management CRM & Telesales
4657,Projektleitung internationale Geschäftsprozesse | CRM-System,Lead,de,Project management international business processes 的 CRM system
4658,Teamleitung CRM,Lead,de,Team Leader CRM
4659,Teamleitung CRM & New Leads,Lead,de,Team Leader CRM & New Leads
4660,Teamleitung Geschäftskundenportal & -CRM,Lead,de,Team Management Business Portal & -CRM
4661,Abteilungsleiter Adressen und Marketing,Lead,de,Head of Department Addresses and Marketing
4662,Abteilungsleiter Marketing,Lead,de,Head of Marketing
4663,Abteilungsleiter Marketing & Vertriebscontrolling,Lead,de,Head of Marketing & Sales Controlling
4664,Abteilungsleiter Marketing/Kommunikation,Lead,de,Head of Marketing/Communication
4665,Abteilungsleiter Messen und Events,Lead,de,Head of Trade Fairs and Events
4666,Abteilungsleiter Vertrieb & Marketing,Lead,de,Head of Sales & Marketing
4667,Abteilungsleiterin Direct Marketing & Database ...,Lead,de,Head of Division Direct Marketing & Database ...
4668,Abteilungsleiterin Marketing,Lead,de,Head of Marketing
4669,Abteilungsleiterin Marketing & Kommunikation,Lead,de,Head of Marketing & Communication
4670,Abteilungsleiterin Marketing-Kommunikation,Lead,de,Head of Marketing Communication
4671,Abteilungsleiterin Marketing-Kommunikation/ CRM,Lead,de,Head of Marketing Communication / CRM
4672,Abteilungsleiterin Sales und Marketing,Lead,de,Head of Sales and Marketing
4673,Abteilungsleitung Live-Kommunikation bei WERTGARANTIE Beteiligungen GmbH,Lead,de,Head of Live Communication at VERTGARANTIE Beteiligungen GmbH
4674,Abteilungsleitung Marketing,Lead,de,Head of Marketing
4675,Abteilungsleitung Marketing & Kommunikation,Lead,de,Head of Marketing & Communication
4676,Abteilungsleitung Sekretariat und Marketing,Lead,de,Head of Division Secretariat and Marketing
4677,Asisstentin der Marketingleitung,Lead,de,Asisstentin of Marketing Management
4678,Assistent der Geschäftsleitung & TBR / OHT Marketing,Lead,de,Assistant to Management & TBR / OHT Marketing
4679,Assistent der Geschäftsleitung Sales/Marketing,Lead,de,Assistant to Sales/Marketing Management
4680,Assistent der Geschäftsleitung Vertrieb & Marketing,Lead,de,Assistant to Sales & Marketing Management
4681,Assistentin der Geschäftsbereichsleitung /Verkaufsleitung / Marketing,Lead,de,Assistant to the Head of Business / Sales Management / Marketing
4682,Assistentin der Geschäftsleitung / Marketing,Lead,de,Assistant to the Executive Board / Marketing
4683,Assistentin der Geschäftsleitung Marketing & Kommunikation,Lead,de,Assistant to Marketing & Communication Management
4684,Assistentin der Geschäftsleitung/Marketing & Kommunikation,Lead,de,Assistant to Management/Marketing & Communication
4685,Assistentin der Vertriebsleitung / Vertriebsinnendienst / Marketing,Lead,de,Assistant to Sales Manager / Internal Sales Service / Marketing
4686,Assistentin Geschäftsleitung / Marketing,Lead,de,Assistant Management / Marketing
4687,Assistentin Leiter Vertrieb und Marketing,Lead,de,Assistant Head of Sales and Marketing
4688,Assistentin Vertriebsleitung/ Marketing,Lead,de,Assistant Sales Manager/Marketing
4689,Assistenz Bereichsleitung Marketing + Vertrieb,Lead,de,Assistance Head of Marketing + Sales
4690,Assistenz der Geschäftsführung / Marketingleitung,Lead,de,Assistant to the management / marketing management
4691,Assistenz der Geschäftsleitung & Marketing Consultant,Lead,de,Assistant to the Management & Marketing Consultant
4692,Assistenz der Geschäftsleitung / Marketing,Lead,de,Assistant to the management / marketing
4693,Assistenz der Geschäftsleitung im Bereich Marketing,Lead,de,Assistant to the management in the area of marketing
4694,Assistenz der Marketing/Vertriebsleitung und Projektmanagement,Lead,de,Assistance of Marketing/Sales Management and Project Management
4695,Assistenz der Marketingleitung,Lead,de,Assistance of the marketing management
4696,Assistenz der Marketingleitung | Messe- und Eventmanagement,Lead,de,Assistance of the marketing management of the trade fair and event management
4697,Assistenz der technischen Leitung / Marketing,Lead,de,Assistance of the technical management / marketing
4698,Assistenz Geschäftsleitung / Marketing-Messeorganisation,Lead,de,Assistance Management / Marketing Trade Fair Organisation
4699,Assistenz Leitung Einkauf & Marketing,Lead,de,Assistance Head of Purchasing & Marketing
4700,Assistenz Marketing Leitung,Lead,de,Assistance Marketing Management
4701,Assistenz Marketingleitung,Lead,de,Assistance Marketing Management
4702,Assistenz Messeleitung,Lead,de,Assistance Messeleitung
4703,Bereichsleitung Kommunikation & Öffentlichkeitsarbeit,Lead,de,Head of Communications & Public Relations
4704,Bereichsleitung Marketing,Lead,de,Head of Marketing
4705,Bereichsleitung Marketing & Akademie für Seminare zu Persönlichkeit & Stress,Lead,de,Head of Marketing & Academy for seminars on personality & stress
4706,Bereichsleitung Marketing & Kommunikation/PR,Lead,de,Head of Marketing & Communication/PR
4707,Bereichsleitung Marketing und Digital Business,Lead,de,Head of Marketing and Digital Business
4708,Bereichsleitung Marketing und Vertrieb,Lead,de,Head of Marketing and Sales
4709,Bereichsleitung Vertriebssteuerung und Marketing,Lead,de,Head of Sales Control and Marketing
4710,Chief Marketing Officer // Geschäftsleitung,Lead,de,Chief Marketing Officer // Management
4711,CSO/ Leiter Vertrieb und Marketing,Lead,de,CSO/ Head of Sales and Marketing
4712,Direktorin Leiterin Vertriebseffizienz & Marketing / Öffentlichkeitsarbeit,Lead,de,Director Head of Sales Efficiency & Marketing / Public Relations
4713,Einkaufsleitung (Messe Kontakt),Lead,de,Purchasing management (trade fair contact)
4714,Entwicklungsleitung / Messekontakt,Lead,de,Development management / trade fair contact
4715,Executive Assistant / Leitung Marketing & Communications,Lead,de,Executive Assistant / Head of Marketing & Communications
4716,Fachbereichsleitung Marketing und Vertrieb,Lead,de,Head of Marketing and Sales
4717,Gesamtleitung Marktentwicklung & Marketing,Lead,de,Overall Management Market Development & Marketing
4718,Geschäftsführer / Leiter Vertrieb und Marketing,Lead,de,Managing Director / Head of Sales and Marketing
4719,Geschäftsführer / Marketing Leitung,Lead,de,Managing Director / Marketing Management
4720,Geschäftsführung / Leitung Marketing & Vertrieb,Lead,de,Management / Head of Marketing & Sales
4721,Geschäftsleitung  Marketing,Lead,de,Management Marketing
4722,Geschäftsleitung (Messe Ansprechpartner),Lead,de,Management (trade fair contact)
4723,Geschäftsleitung (Messe Kontakt,Lead,de,Management (trade fair contact)
4724,Geschäftsleitung (Messe Kontakt),Lead,de,Management (trade fair contact)
4725,Geschäftsleitung Marketing & Vertrieb,Lead,de,Management Marketing & Sales
4726,Geschäftsleitung Marketing / Projektierung,Lead,de,Management Marketing / Projecting
4727,Geschäftsleitung Marketing und Fundraising,Lead,de,Management Marketing and Fundraising
4728,Geschäftsleitung Marketing und Vertrieb,Lead,de,Management Marketing and Sales
4729,Geschäftsleitung Marketing und Vertriebsinnendi...,Lead,de,Management Marketing and Sales...
4730,Geschäftsleitung Sales & Marketing,Lead,de,Management Sales & Marketing
4731,Geschäftsleitung Verkauf und Marketing,Lead,de,Management Sales and Marketing
4732,Geschäftsleitung Vertrieb & Marketing,Lead,de,Management Sales & Marketing
4733,Geschäftsleitung Vertrieb und Marketing,Lead,de,Management Sales and Marketing
4734,Grafikdesigner | Leiter Marketing,Lead,de,Graphic Designer - Head of Marketing
4735,Gruppenleitung Communications,Lead,de,Group management Communications
4736,Head of Marketing / Leitung Marketing,Lead,de,Head of Marketing / Head of Marketing
4737,Head of Marketing and Communications (Bereichsleitung Marketing & Kommunikation),Lead,de,Head of Marketing and Communications (Head of Marketing & Communication)
4738,Head of Sales & Marketing /  Erweiterte Geschäftsleitung,Lead,de,Head of Sales & Marketing / Extended Management
4739,international Marketing Leitung,Lead,de,International Marketing Management
4740,kaufmännische Leitung (Messe Kontakt),Lead,de,Commercial management (trade fair contact)
4741,komm. Leiterin Marketing,Lead,de,come. Head of Marketing
4742,Leiter  Marketing & Vertrieb,Lead,de,Head of Marketing & Sales
4743,Leiter Affiliate Marketing,Lead,de,Head of Affiliate Marketing
4744,Leiter Business Development & Marketing,Lead,de,Head of Business Development & Marketing
4745,Leiter Business Development und Marketing,Lead,de,Head of Business Development and Marketing
4746,Leiter Corporate- / Marketing Communication,Lead,de,Head of Corporate/Marketing Communication
4747,Leiter Corporate Marketing und Unternehmensentwicklung,Lead,de,Head of Corporate Marketing and Corporate Development
4748,Leiter CRM & Marketing,Lead,de,Head of CRM & Marketing
4749,Leiter CRM /  Digitales Marketing,Lead,de,Head of CRM / Digital Marketing
4750,Leiter CRM-Marketing/Head of CRM-Marketing.,Lead,en,Leiter CRM-Marketing/Head of CRM-Marketing.
4751,Leiter Customizing (Messe Kontakt),Lead,de,Head of Customizing (Trade Fair Contact)
4752,Leiter Data Analytics & Marketing Automation (CRM),Lead,de,Head of Data Analytics & Marketing Automation (CRM)
4753,Leiter der Abteilung Marketing,Lead,de,Head of Marketing
4754,Leiter der Marketingabteilung,Lead,de,Head of Marketing
4755,Leiter Dienstleistungs- und Database-Marketing,Lead,de,Head of Service and Database Marketing
4756,Leiter Digital Marketing,Lead,de,Head of Digital Marketing
4757,Leiter Digitales Marketing & Kommunikation,Lead,de,Head of Digital Marketing & Communication
4758,Leiter E-Business & Marketing,Lead,de,Head of E-Business & Marketing
4759,Leiter Event & Marketing,Lead,de,Head of Event & Marketing
4760,Leiter Externe Kommunikation,Lead,de,Head of External Communications
4761,Leiter für Marketing und Sortimentsentwicklung,Lead,de,Head of Marketing and Product Range Development
4762,Leiter Geschäftsentwicklung und Marketing,Lead,de,Head of Business Development and Marketing
4763,Leiter Geschäftsfeldentwicklung (Messe Kontakt),Lead,de,Head of Business Segment Development (Trade Fair Contact)
4764,Leiter Information & Marketing,Lead,de,Head of Information & Marketing
4765,Leiter IT & Marketing / Head of IT & Marketing,Lead,en,Leiter IT & Marketing / Head of IT & Marketing
4766,Leiter IT-Projekte / E-Marketing,Lead,de,Head of IT Projects / E-Marketing
4767,Leiter Kfm. Vertrieb und Marketing,Lead,de,Head of Sales and Marketing
4768,Leiter Kommunikation,Lead,de,Head of Communications
4769,Leiter Kommunikation - Head of Communications,Lead,de,Head of Communications - Head of Communications
4770,Leiter Kommunikation & Trade Marketing,Lead,de,Head of Communications & Trade Marketing
4771,Leiter Kommunikation Stadt- und Standortmarketing,Lead,de,Head of Communication City and Location Marketing
4772,Leiter Kommunikation und Marketing,Lead,de,Head of Communications and Marketing
4773,Leiter Kommunikation und Medien,Lead,de,Head of Communications and Media
4774,Leiter Kommunikation/Marketing,Lead,de,Head of Communications/Marketing
4775,Leiter Kommunikation/PR - Head of Communications/PR,Lead,nl,Head of Communications/PR - Head of Communications/PR
4776,Leiter Kommunikation/Presse,Lead,de,Head of Communications/Press
4777,Leiter Marke & Kommunikation,Lead,de,Head of Brand & Communication
4778,Leiter Markenführung und Marketingplanung AXA,Lead,de,Head of Brand Management and Marketing Planning AXA
4779,Leiter Marketing,Lead,de,Head of Marketing
4780,Leiter Marketing - Prokurist,Lead,de,Head of Marketing - Procurator
4781,Leiter Marketing & Architektur,Lead,de,Head of Marketing & Architecture
4782,Leiter Marketing & Business Development,Lead,de,Head of Marketing & Business Development
4783,Leiter Marketing & Communications,Lead,de,Head of Marketing & Communications
4784,Leiter Marketing & CRM,Lead,de,Head of Marketing & CRM
4785,Leiter Marketing & E-Commerce,Lead,de,Head of Marketing & E-Commerce
4786,Leiter Marketing & Inside Sales,Lead,de,Head of Marketing & Inside Sales
4787,Leiter Marketing & Kommunikation,Lead,de,Head of Marketing & Communication
4788,Leiter Marketing & Öffentlichkeitsarbeit,Lead,de,Head of Marketing & Public Relations
4789,Leiter Marketing & PR,Lead,de,Head of Marketing & PR
4790,Leiter Marketing & PR (Messe Ansprechpartner),Lead,de,Head of Marketing & PR (Trade Fair Contact)
4791,Leiter Marketing & PR / Head of Marketing & PR,Lead,en,Leiter Marketing & PR / Head of Marketing & PR
4792,Leiter Marketing & Presse,Lead,de,Head of Marketing & Press
4793,Leiter Marketing & Produktmanagement,Lead,de,Head of Marketing & Product Management
4794,Leiter Marketing & Sales,Lead,de,Head of Marketing & Sales
4795,Leiter Marketing & Technischer Dienst,Lead,de,Head of Marketing & Technical Service
4796,Leiter Marketing & Unternehmenskommunikation,Lead,de,Head of Marketing & Corporate Communications
4797,Leiter Marketing & Verkauf,Lead,de,Head of Marketing & Sales
4798,Leiter Marketing & Vertrieb,Lead,de,Head of Marketing & Sales
4799,Leiter Marketing & Vertriebscontrolling,Lead,de,Head of Marketing & Sales Controlling
4800,Leiter Marketing & Werbung,Lead,de,Head of Marketing & Advertising
4801,Leiter Marketing (Messe Kontakt),Lead,de,Head of Marketing (Trade Fair Contact)
4802,Leiter Marketing / Head of Communication,Lead,en,Leiter Marketing / Head of Communication
4803,Leiter Marketing / Head of Marketing,Lead,en,Leiter Marketing / Head of Marketing
4804,Leiter Marketing / Head of Marketing: B2B- u. B2C-Marketing,Lead,en,Leiter Marketing / Head of Marketing: B2B- u. B2C-Marketing
4805,Leiter Marketing / Kommunikation & Digitalisierung,Lead,de,Head of Marketing / Communication & Digitalization
4806,Leiter Marketing / Kundenservice,Lead,de,Head of Marketing / Customer Service
4807,Leiter Marketing / Marketing / Werbung / PR,Lead,de,Head of Marketing / Marketing / Advertising / PR
4808,Leiter Marketing / Marketingunterstützung Sparkassen und Lebensversicherung,Lead,de,Head of Marketing / Marketing Support Sparkassen und Lebensversicherung
4809,Leiter Marketing / Produktmanagement,Lead,de,Head of Marketing / Product Management
4810,Leiter Marketing / Produktmanagement (Marketingleiter),Lead,de,Head of Marketing / Product Management (Marketing Manager)
4811,Leiter Marketing / Projektleiter,Lead,de,Head of Marketing / Project Manager
4812,Leiter Marketing / Unternehmenskommunikation,Lead,de,Head of Marketing / Corporate Communications
4813,Leiter Marketing / Vertrieb (Mitglied der Geschäftsleitung),Lead,de,Head of Marketing / Sales (Member of the Executive Board)
4814,Leiter Marketing /PR,Lead,de,Head of Marketing /PR
4815,Leiter Marketing | CMO,Lead,de,"Head of Marketing, CMO"
4816,Leiter Marketing | Unternehmenskommunikation,Lead,de,Head of Marketing and Corporate Communications
4817,Leiter Marketing + Vertrieb,Lead,de,Head of Marketing + Sales
4818,Leiter Marketing B2B,Lead,de,Head of Marketing B2B
4819,Leiter Marketing CEE,Lead,de,Head of Marketing CEE
4820,Leiter Marketing Communication,Lead,de,Head of Marketing Communication
4821,Leiter Marketing Communication & Service,Lead,de,Head of Marketing Communication & Service
4822,Leiter Marketing Communications,Lead,de,Head of Marketing Communications
4823,Leiter Marketing Communications Daimler Mobility & Mercedes-Benz Bank,Lead,nl,Leiter Marketing Communications Daimler Mobility & Mercedes-Benz Bank
4824,Leiter Marketing Consulting und Business Development,Lead,de,Head of Marketing Consulting and Business Development
4825,Leiter Marketing D-A-CH,Lead,de,Head of Marketing D-A-CH
4826,Leiter Marketing Deutschland,Lead,de,Head of Marketing Germany
4827,Leiter Marketing Digitale Produkte,Lead,de,Head of Marketing Digital Products
4828,Leiter Marketing ERWIN HYMER GROUP,Lead,hi,Head of Marketing ERWIN HYMER GROUP
4829,Leiter Marketing Events & Logistic,Lead,de,Head of Marketing Events & Logistic
4830,Leiter Marketing Kommunikation,Lead,de,Head of Marketing Communication
4831,Leiter Marketing Kommunikation & Technische Dok...,Lead,de,Head of Marketing Communication & Technical Doc...
4832,Leiter Marketing Kommunikation & Technische Dokumentation,Lead,de,Head of Marketing Communication & Technical Documentation
4833,Leiter Marketing Mitglied der Geschäftsleitung,Lead,de,Head of Marketing Member of the Executive Board
4834,Leiter Marketing National Brands,Lead,en,Leiter Marketing National Brands
4835,Leiter Marketing Operatives CRM,Lead,de,Head of Marketing Operational CRM
4836,Leiter Marketing Services,Lead,de,Head of Marketing Services
4837,Leiter Marketing Services / Public Affairs,Lead,de,Head of Marketing Services / Public Affairs
4838,Leiter Marketing Services und Grafik Center,Lead,de,Head of Marketing Services and Graphic Center
4839,Leiter Marketing und Digitalisierung,Lead,de,Head of Marketing and Digitization
4840,Leiter Marketing und E-Business,Lead,de,Head of Marketing and E-Business
4841,Leiter Marketing und Event,Lead,de,Head of Marketing and Event
4842,Leiter Marketing und Kommunikation,Lead,de,Head of Marketing and Communication
4843,Leiter Marketing und Markenführung,Lead,de,Head of Marketing and Brand Management
4844,Leiter Marketing und Öffentlichkeitsarbeit,Lead,de,Head of Marketing and Public Relations
4845,Leiter Marketing und PR,Lead,de,Head of Marketing and PR
4846,Leiter Marketing und Produktkommunikation,Lead,de,Head of Marketing and Product Communication
4847,Leiter Marketing und Produktmanagement,Lead,de,Head of Marketing and Product Management
4848,Leiter Marketing und Public Affairs,Lead,de,Head of Marketing and Public Affairs
4849,Leiter Marketing und Sales,Lead,de,Head of Marketing and Sales
4850,Leiter Marketing und Service,Lead,de,Head of Marketing and Service
4851,Leiter Marketing und Technik,Lead,de,Head of Marketing and Technology
4852,Leiter Marketing und Technische Dokumentation,Lead,de,Head of Marketing and Technical Documentation
4853,Leiter Marketing und Training Junkers Deutschland,Lead,de,Head of Marketing and Training Junkers Germany
4854,Leiter Marketing und Unternehmenskommunikation,Lead,de,Head of Marketing and Corporate Communications
4855,Leiter Marketing und Veranstaltungen,Lead,de,Head of Marketing and Events
4856,Leiter Marketing und Verkauf,Lead,de,Head of Marketing and Sales
4857,Leiter Marketing und Verkauf / Mitglied der GL,Lead,de,Head of Marketing and Sales / Member of GL
4858,Leiter Marketing und Verkaufsleiter Besteckreinigung,Lead,de,Head of Marketing and Sales Manager Cutlery Cleaning
4859,Leiter Marketing und Vertrieb,Lead,de,Head of Marketing and Sales
4860,Leiter Marketing und Vertrieb (Messe Kontakt),Lead,de,Head of Marketing and Sales (Trade Fair Contact)
4861,Leiter Marketing und Vertrieb / DACH,Lead,de,Head of Marketing and Sales / DACH
4862,Leiter Marketing und Vertrieb House of Media,Lead,de,Head of Marketing and Sales House of Media
4863,Leiter Marketing und Vertrieb Privat- & Gewerbe...,Lead,de,Head of Marketing and Sales Private & Commercial...
4864,Leiter Marketing und Vertriebskommunikation,Lead,de,Head of Marketing and Sales Communication
4865,Leiter Marketing und Vertriebssteuerung,Lead,de,Head of Marketing and Sales Management
4866,Leiter Marketing und Vertriebssupport,Lead,de,Head of Marketing and Sales Support
4867,Leiter Marketing und Werbung,Lead,de,Head of Marketing and Advertising
4868,Leiter Marketing Vertrieb International,Lead,de,Head of Marketing Sales International
4869,Leiter Marketing Vertrieb Service,Lead,de,Head of Marketing Sales Service
4870,Leiter Marketing Werkzeugmaschinen,Lead,de,Head of Marketing Machine Tools
4871,Leiter Marketing/ Leiter R&D,Lead,de,Head of Marketing/Head of R&D
4872,Leiter Marketing/Kommunikation,Lead,de,Head of Marketing/Communication
4873,Leiter Marketing/PR,Lead,de,Head of Marketing/PR
4874,Leiter Marketing/Sales,Lead,de,Head of Marketing/Sales
4875,Leiter Marketing/Vertrieb für Norddeutschland,Lead,de,Head of Marketing/Sales for Northern Germany
4876,Leiter Marketingkommunikation,Lead,de,Head of Marketing Communication
4877,Leiter Marketing-Kommunikation,Lead,de,Head of Marketing Communication
4878,Leiter Marketingplanung und -monitoring,Lead,de,Head of Marketing Planning and Monitoring
4879,Leiter Marketing-Service,Lead,de,Head of Marketing Service
4880,Leiter Marketingservices,Lead,de,Head of Marketing Services
4881,Leiter Marketing-Services,Lead,de,Head of Marketing Services
4882,Leiter Marketing-Services / Produktmanagement,Lead,de,Head of Marketing Services / Product Management
4883,Leiter Messe- & Eventlogistik,Lead,de,Head of Trade Fair & Event Logistics
4884,Leiter Messen,Lead,de,Head of Fairs
4885,Leiter Messen & Ausstellungen International,Lead,de,Head of Trade Fairs & Exhibitions International
4886,Leiter Messen & Veranstaltungen,Lead,de,Head of Trade Fairs & Events
4887,Leiter Messen und Events,Lead,de,Head of Fairs and Events
4888,Leiter Messeteam,Lead,de,Head of the exhibition team
4889,Leiter Online-Marketing,Lead,de,Head of Online Marketing
4890,Leiter Online-Marketing | Projektmanagement & SEO,Lead,de,"Head of Online Marketing, Project Management & SEO"
4891,Leiter Organisation & Kommunikation,Lead,de,Head of Organization & Communication
4892,Leiter Partnervertrieb + Marketing,Lead,de,Head of Partner Sales + Marketing
4893,Leiter Personal + Marketing,Lead,de,Head of Personnel + Marketing
4894,Leiter POS-Marketing & Fairs,Lead,de,Head of POS Marketing & Fairs
4895,Leiter PR & Marketing,Lead,de,Head of PR & Marketing
4896,Leiter PR und Marketing,Lead,de,Head of PR and Marketing
4897,Leiter PR und Marketing / Marketing / Werbung / PR,Lead,de,Head of PR and Marketing / Marketing / Advertising / PR
4898,Leiter Produkt und Marketing,Lead,de,Head of Product and Marketing
4899,Leiter Produktmanagement & Marketing,Lead,de,Head of Product Management & Marketing
4900,Leiter Produktmanagement und Marketing,Lead,de,Head of Product Management and Marketing
4901,Leiter Produktmanagement und Marketing Communications,Lead,de,Head of Product Management and Marketing Communications
4902,Leiter Projekte und Marketing,Lead,de,Head of Projects and Marketing
4903,Leiter Sales & Marketing,Lead,de,Head of Sales & Marketing
4904,Leiter Sales & Marketing Informatik,Lead,de,Head of Sales & Marketing Informatics
4905,Leiter Sales & Marketing Subsystems and Products,Lead,en,Leiter Sales & Marketing Subsystems and Products
4906,Leiter Sales Marketing,Lead,de,Head of Sales Marketing
4907,Leiter Sales und Marketing,Lead,de,Head of Sales and Marketing
4908,Leiter Stab Kommunikation,Lead,de,Head of Staff Communication
4909,Leiter Stabsstelle Marketing,Lead,de,Head of Marketing
4910,Leiter Stabsstelle Marketing + Kommunikation,Lead,de,Head of Department Marketing + Communication
4911,Leiter Strategie und Marketing,Lead,de,Head of Strategy and Marketing
4912,Leiter Strategieentwicklung und Information (Messe Kontakt),Lead,de,Head of Strategy Development and Information (Trade Fair Contact)
4913,Leiter strategisches Marketing,Lead,de,Head of Strategic Marketing
4914,Leiter Strategisches Marketing & Kreativmanagement,Lead,de,Head of Strategic Marketing & Creative Management
4915,Leiter Strategisches Marketing & Vertrieb,Lead,de,Head of Strategic Marketing & Sales
4916,Leiter Technisches Marketing WALTER und EWAG,Lead,de,Head of Technical Marketing WALTER and EWAG
4917,Leiter Trade Marketing,Lead,de,Head of Trade Marketing
4918,Leiter Unternehmenskommunikation & Marketing,Lead,de,Head of Corporate Communications & Marketing
4919,Leiter Unternehmenskommunikation (Messe Kontakt),Lead,de,Head of Corporate Communications (Trade Fair Contact)
4920,Leiter Unternehmenskommunikation Marketing,Lead,de,Head of Corporate Communications Marketing
4921,Leiter Unternehmenskommunikation und Marketing,Lead,de,Head of Corporate Communications and Marketing
4922,Leiter VdS-Bereich Cyber-Security (Messe Kontakt),Lead,de,Head of VdS Cyber Security (Trade Fair Contact)
4923,Leiter Veranstaltungsmanagement und Marketing,Lead,de,Head of Event Management and Marketing
4924,Leiter Verkauf & Marketing,Lead,de,Head of Sales & Marketing
4925,Leiter Verkauf / Marketing,Lead,de,Head of Sales / Marketing
4926,Leiter Verkauf Innendienst & Marketing,Lead,de,Head of Sales Internal Services & Marketing
4927,Leiter Verkauf Innendienst (Messe Kontakt),Lead,de,Head of Sales Internal Service (Trade Fair Contact)
4928,Leiter Verkauf und Marketing,Lead,de,Head of Sales and Marketing
4929,Leiter Verkauf/Marketing,Lead,de,Head of Sales/Marketing
4930,Leiter Vertrieb - Marketing - Produktmanagement...,Lead,de,Head of Sales - Marketing - Product Management...
4931,Leiter Vertrieb & Marketing,Lead,de,Head of Sales & Marketing
4932,Leiter Vertrieb & Marketing (Messe Kontakt),Lead,de,Head of Sales & Marketing (Trade Fair Contact)
4933,Leiter Vertrieb & Marketing / Prokurist - Mitglied der Geschäftsleitung,Lead,de,Head of Sales & Marketing / Procurator - Member of the Executive Board
4934,Leiter Vertrieb & Marketing EDM,Lead,de,Head of Sales & Marketing EDM
4935,Leiter Vertrieb & Marketing International Ensinger Compounds,Lead,de,Head of Sales & Marketing International Ensinger Compounds
4936,Leiter Vertrieb & Marketing Saarland,Lead,de,Head of Sales & Marketing Saarland
4937,Leiter Vertrieb & Marketing/ Head of Sales and ...,Lead,de,Head of Sales & Marketing/ Head of Sales and ...
4938,Leiter Vertrieb + Marketing,Lead,de,Head of Sales + Marketing
4939,Leiter Vertrieb Europa und Marketing,Lead,de,Head of Sales Europe and Marketing
4940,Leiter Vertrieb Privatkunden und Marketing,Lead,de,Head of Sales Private Customers and Marketing
4941,Leiter Vertrieb und Marketing,Lead,de,Head of Sales and Marketing
4942,Leiter Vertrieb und Marketing / Prokurist,Lead,de,Head of Sales and Marketing / Procurator
4943,Leiter Vertrieb und Marketing der GU-Gruppe,Lead,de,Head of Sales and Marketing of the GU Group
4944,Leiter Vertrieb und Marketing Deutschland,Lead,de,Head of Sales and Marketing Germany
4945,Leiter Vertrieb&Marketing,Lead,de,Head of Sales & Marketing
4946,Leiter Vertrieb/ Marketing,Lead,de,Head of Sales/ Marketing
4947,Leiter Vertrieb/ Marketing -Mitglied der Geschäftsleitung-,Lead,de,Head of Sales/Marketing -Member of the Executive Board-
4948,Leiter Vertrieb/Marketing/Kalkulation,Lead,de,Head of Sales/Marketing/Calculation
4949,Leiter Vertrieb/Service&Marketing u.Kommunikation,Lead,de,Head of Sales/Service & Marketing & Communication
4950,Leiter Vertriebsinnendienst & Marketing (Messe Kontakt),Lead,de,Head of Internal Sales & Marketing (Trade Fair Contact)
4951,Leiter Vertriebsinnendienst | Marketingkoordinator,Lead,de,"Head of Internal Sales Service, Marketing Coordinator"
4952,Leiter Vertriebs-Marketing,Lead,de,Head of Sales Marketing
4953,Leiter Virtuelles Marketing Team – Spezialist i...,Lead,de,Head of Virtual Marketing Team – Specialist i...
4954,Leiter Werbung & Events - Kommunikation - Marketing / Handlungsvollmacht,Lead,de,Head of Advertising & Events - Communication - Marketing
4955,Leiter Werbung / Marketing / Messebau,Lead,de,Head of Advertising / Marketing / Messebau
4956,Leiterin B2B Marketing,Lead,it,Head of B2B Marketing
4957,Leiterin Business Intelligence & Marketing,Lead,it,Head of Business Intelligence & Marketing
4958,Leiterin Corporate Communications,Lead,it,Head of Corporate Communications
4959,Leiterin FAT Marketing,Lead,it,Head of FAT Marketing
4960,Leiterin für Marketing & Kommunikation,Lead,de,Head of Marketing & Communication
4961,Leiterin Kommunikation,Lead,de,Head of Communications
4962,Leiterin Kommunikation & Marketing,Lead,de,Head of Communications & Marketing
4963,Leiterin Kommunikation & Projekte,Lead,de,Head of Communication & Projects
4964,Leiterin Kommunikation CEE,Lead,de,Head of Communications CEE
4965,Leiterin Marketing,Lead,it,Head of Marketing
4966,Leiterin Marketing - Kommunikation,Lead,de,Head of Marketing - Communication
4967,Leiterin Marketing & Backoffice Vertrieb,Lead,de,Head of Marketing & Backoffice Sales
4968,Leiterin Marketing & Communication Deutschland,Lead,de,Head of Marketing & Communication Germany
4969,Leiterin Marketing & Communications,Lead,it,Head of Marketing & Communications
4970,Leiterin Marketing & Corporate Events,Lead,it,Head of Marketing & Corporate Events
4971,Leiterin Marketing & Kommunikation,Lead,de,Head of Marketing & Communication
4972,Leiterin Marketing & Kommunikation - Global & EMEA,Lead,de,Head of Marketing & Communication - Global & EMEA
4973,Leiterin Marketing & Kommunikation Deutschland,Lead,de,Head of Marketing & Communication Germany
4974,Leiterin Marketing & Kommunikation/ CSR-Projekte,Lead,de,Head of Marketing & Communication/ CSR Projects
4975,Leiterin Marketing & Öffentlichkeitsarbeit,Lead,de,Head of Marketing & Public Relations
4976,Leiterin Marketing & PR,Lead,it,Head of Marketing & PR
4977,Leiterin Marketing & Produktmanagerin,Lead,de,Head of Marketing & Product Manager
4978,Leiterin Marketing & Sales,Lead,it,Head of Marketing & Sales
4979,Leiterin Marketing & Unternehmenskommunikation,Lead,de,Head of Marketing & Corporate Communications
4980,Leiterin Marketing & Vertrieb,Lead,de,Head of Marketing & Sales
4981,Leiterin Marketing / PR,Lead,it,Head of Marketing / PR
4982,Leiterin Marketing /R&D,Lead,it,Head of Marketing/R&D
4983,Leiterin Marketing | Head of Marketing,Lead,it,Head of Marketing | Head of Marketing
4984,Leiterin Marketing BrauKon und Camba Bavaria,Lead,de,Head of Marketing BrauKon and Camba Bavaria
4985,Leiterin Marketing Communications,Lead,it,Head of Marketing Communications
4986,Leiterin Marketing D-A-CH / Marketing / Werbung / PR,Lead,de,Head of Marketing D-A-CH / Marketing / Advertising / PR
4987,Leiterin Marketing Deutschland,Lead,de,Head of Marketing Germany
4988,Leiterin Marketing EPLAN & CIDEON,Lead,it,Head of Marketing EPLAN & CIDEON
4989,Leiterin Marketing Global,Lead,it,Head of Global Marketing
4990,Leiterin Marketing Kommunikation,Lead,de,Head of Marketing Communication
4991,Leiterin Marketing Kommunikation Deutschland,Lead,de,Head of Marketing Communication Germany
4992,Leiterin Marketing Koordination,Lead,de,Head of Marketing Coordination
4993,Leiterin Marketing Nfz / Digital Expert STERNAUTO Gruppe,Lead,de,Head of Marketing Nfz / Digital Expert STERNAUTO Group
4994,Leiterin Marketing Services,Lead,de,Head of Marketing Services
4995,Leiterin Marketing und Event,Lead,de,Head of Marketing and Event
4996,Leiterin Marketing und Kommunikation,Lead,de,Head of Marketing and Communication
4997,Leiterin Marketing und Kommunikation DACH,Lead,de,Head of Marketing and Communication DACH
4998,Leiterin Marketing und LEAC,Lead,de,Head of Marketing and LEAC
4999,Leiterin Marketing und Öffentlichkeitsarbeit / Head of Marketing and Public Relations,Lead,de,Head of Marketing and Public Relations / Head of Marketing and Public Relations
5000,Leiterin Marketing und Unternehmenskommunikation,Lead,de,Head of Marketing and Corporate Communications
5001,Leiterin Marketing und Vertrieb,Lead,de,Head of Marketing and Sales
5002,Leiterin Marketing und Vertrieb (Messe Kontakt),Lead,de,Head of Marketing and Sales (Trade Fair Contact)
5003,Leiterin Marketing und Vertrieb Lösungen für Steuerberater und KMU,Lead,de,Head of Marketing and Sales Solutions for Tax Consultants and SMEs
5004,Leiterin Marketing/ Produktmanagement,Lead,de,Head of Marketing/Product Management
5005,Leiterin Marketing/Kommunikation,Lead,de,Head of Marketing/Communication
5006,Leiterin Marketing/PR,Lead,it,Head of Marketing/PR
5007,Leiterin Marketing/Unternehmenskommunikation,Lead,de,Head of Marketing/Corporate Communications
5008,Leiterin Marketing/Vertrieb,Lead,de,Head of Marketing/Sales
5009,Leiterin Marketingkommunikation,Lead,de,Head of Marketing Communication
5010,Leiterin Marketing-Kommunikation,Lead,de,Head of Marketing Communication
5011,Leiterin Marketing-Services,Lead,de,Head of Marketing Services
5012,Leiterin Online Marketing und PR,Lead,de,Head of Online Marketing and PR
5013,Leiterin Online-Marketing,Lead,de,Head of Online Marketing
5014,Leiterin Performance Marketing und Marketing Services,Lead,de,Head of Performance Marketing and Marketing Services
5015,Leiterin Personal & Marketing,Lead,it,Head of Human Resources & Marketing
5016,Leiterin strategisches Marketing,Lead,de,Head of Strategic Marketing
5017,Leiterin Teamassistenz & Marketing,Lead,de,Head of Team Assistance & Marketing
5018,Leiterin Unternehmensbereich Vertrieb/Marketing,Lead,de,Head of Division Sales/Marketing
5019,Leiterin Unternehmenskommunikation & Marketing,Lead,de,Head of Corporate Communications & Marketing
5020,Leiterin Unternehmenskommunikation (Messe Kontakt),Lead,de,Head of Corporate Communications (Trade Fair Contact)
5021,Leiterin Unternehmenskommunikation / Marketing / Werbung / PR,Lead,de,Head of Corporate Communications / Marketing / Advertising / PR
5022,Leiterin Unternehmenskommunikation und Marketing,Lead,de,Head of Corporate Communications and Marketing
5023,Leiterin Verkaufsinnendienst und Marketing,Lead,de,Head of Sales and Marketing
5024,Leiterin Verkaufsinnendienst/Marketing,Lead,de,Head of Sales Service/Marketing
5025,Leiterin Vertrieb und Marketing,Lead,de,Head of Sales and Marketing
5026,Leiterin Vertrieb/Marketing,Lead,de,Head of Sales/Marketing
5027,Leiterin Werbekoordination / B2B Kommunikation / Messe,Lead,de,Head of Advertising Coordination / B2B Communication / Fair
5028,Leitung  Ausbildung / Kommunikationscenter - Prokuristin,Lead,de,Management Training / Communication Center - Procurator
5029,Leitung B2B Marketing,Lead,de,Head of B2B Marketing
5030,Leitung Business Development Operations & Marketing,Lead,de,Head of Business Development Operations & Marketing
5031,Leitung Channel Marketing,Lead,de,Head of Channel Marketing
5032,Leitung Communications und Marketing,Lead,de,Head of Communications and Marketing
5033,Leitung Controlling & Marketing,Lead,de,Head of Controlling & Marketing
5034,Leitung CRM Systems & Processes | Marketing,Lead,de,"Head of CRM Systems & Processes, Marketing"
5035,Leitung Customer Centricity Success  (Messe Kontakt),Lead,de,Head of Customer Centricity Success (Trade Fair Contact)
5036,Leitung Data Driven Marketing,Lead,de,Head of Data Driven Marketing
5037,Leitung Digitale Medien und Online-Marketing,Lead,de,Head of Digital Media and Online Marketing
5038,Leitung Digitales Marketing / PR,Lead,de,Head of Digital Marketing / PR
5039,Leitung Digitales Marketing und Vertrieb,Lead,de,Head of Digital Marketing and Sales
5040,Leitung Direct Marketing,Lead,de,Head of Direct Marketing
5041,Leitung Einkauf/Vertrieb/Marketing,Lead,de,Head of Purchasing/Sales/Marketing
5042,Leitung Export & Marketing,Lead,de,Head of Export & Marketing
5043,Leitung Externe Kommunikation/Projektkommunikation,Lead,de,Head of External Communication/Project Communication
5044,Leitung Fachbereich Kommunikation,Lead,de,Head of Communication Department
5045,Leitung Future Concepts Process Automation (Messe Kontakt),Lead,de,Head of Future Concepts Process Automation (Trade Fair Contact)
5046,Leitung internationales Marketing,Lead,de,Head of International Marketing
5047,Leitung IT / Technisches Marketing,Lead,de,Head of IT / Technical Marketing
5048,Leitung KeyAccount & Marketing,Lead,de,Head of KeyAccount & Marketing
5049,Leitung Key-Account (Messe Kontakt),Lead,de,Head of Key-Account (Trade Fair Contact)
5050,Leitung Kommunikation,Lead,de,Head of Communications
5051,Leitung Kommunikation und Marketing,Lead,de,Head of Communications and Marketing
5052,Leitung Marketing,Lead,de,Head of Marketing
5053,Leitung Marketing - Organisation,Lead,de,Head of Marketing - Organization
5054,Leitung Marketing & Communications,Lead,de,Head of Marketing & Communications
5055,Leitung Marketing & CRM,Lead,de,Head of Marketing & CRM
5056,Leitung Marketing & eBusiness,Lead,de,Head of Marketing & eBusiness
5057,Leitung Marketing & E-Business,Lead,de,Head of Marketing & E-Business
5058,Leitung Marketing & E-Commerce,Lead,de,Head of Marketing & E-Commerce
5059,Leitung Marketing & Event,Lead,de,Head of Marketing & Event
5060,Leitung Marketing & Kommunikation,Lead,de,Head of Marketing & Communication
5061,Leitung Marketing & Kommunikation Unternehmensgruppe,Lead,de,Head of Marketing & Communication Group
5062,Leitung Marketing & Kundenservice,Lead,de,Head of Marketing & Customer Service
5063,Leitung Marketing & Öffentlichkeitsarbeit,Lead,de,Head of Marketing & Public Relations
5064,Leitung Marketing & Online-Vertrieb,Lead,de,Head of Marketing & Online Sales
5065,Leitung Marketing & PR,Lead,de,Head of Marketing & PR
5066,Leitung Marketing & PR / Head of Marketing & PR,Lead,de,Head of Marketing & PR / Head of Marketing & PR
5067,Leitung Marketing & Product Management,Lead,de,Head of Marketing & Product Management
5068,Leitung Marketing & Produktmanagement,Lead,de,Head of Marketing & Product Management
5069,Leitung Marketing & Public Relations,Lead,de,Head of Marketing & Public Relations
5070,Leitung Marketing & Recruiting,Lead,de,Head of Marketing & Recruiting
5071,Leitung Marketing & Sales,Lead,de,Head of Marketing & Sales
5072,Leitung Marketing & Sales Support,Lead,de,Head of Marketing & Sales Support
5073,Leitung Marketing & textiles Produktmanagement,Lead,de,Head of Marketing & Textiles Product Management
5074,Leitung Marketing & Unternehmenskommunikation,Lead,de,Head of Marketing & Corporate Communications
5075,Leitung Marketing & Unternehmenskommunikation DACH,Lead,de,Head of Marketing & Corporate Communications DACH
5076,Leitung Marketing & Verkauf,Lead,de,Head of Marketing & Sales
5077,Leitung Marketing & Vertrieb,Lead,de,Head of Marketing & Sales
5078,Leitung Marketing & Vertriebscontrolling,Lead,de,Head of Marketing & Sales Controlling
5079,Leitung Marketing (Messe Kontakt),Lead,de,Head of Marketing (Trade Fair Contact)
5080,Leitung Marketing / Assistent der Geschäftsführung,Lead,de,Head of Marketing / Assistant to the Executive Board
5081,Leitung Marketing / Head of Marketing,Lead,de,Head of Marketing / Head of Marketing
5082,Leitung Marketing / Kommunikation,Lead,de,Head of Marketing / Communication
5083,Leitung Marketing / NBD,Lead,de,Head of Marketing / NBD
5084,Leitung Marketing / Öffentlichkeitsarbeit,Lead,de,Head of Marketing / Public Relations
5085,Leitung Marketing / PR,Lead,de,Head of Marketing / PR
5086,Leitung Marketing / Projektmanagement,Lead,de,Head of Marketing / Project Management
5087,Leitung Marketing / Unternehmenskommunikation,Lead,de,Head of Marketing / Corporate Communications
5088,Leitung Marketing / Vertrieb,Lead,de,Head of Marketing / Sales
5089,Leitung Marketing | Kommunikation,Lead,de,Head of Marketing and Communication
5090,Leitung Marketing + PR,Lead,de,Head of Marketing + PR
5091,Leitung Marketing + Werbung,Lead,de,Head of Marketing + Advertising
5092,Leitung Marketing B2B,Lead,de,Head of Marketing B2B
5093,Leitung Marketing Food Service Schweiz,Lead,de,Head of Marketing Food Service Switzerland
5094,Leitung Marketing Industrie & Techtex,Lead,de,Head of Marketing Industry & Techtex
5095,Leitung Marketing International,Lead,de,Head of Marketing International
5096,Leitung Marketing iSYS Software und Vertrieb de...,Lead,de,Head of Marketing iSYS Software and Sales de...
5097,Leitung Marketing Kommunikation,Lead,de,Head of Marketing Communication
5098,Leitung Marketing Konsumgüter,Lead,de,Head of Marketing Consumer Goods
5099,Leitung Marketing M. d. GL.,Lead,de,Head of Marketing M. d. GL.
5100,Leitung Marketing NORIT-Produkte,Lead,de,Head of Marketing NORIT Products
5101,Leitung Marketing Raiffeisen Märkte,Lead,de,Head of Marketing Raiffeisen Markets
5102,Leitung Marketing Service,Lead,de,Head of Marketing Service
5103,Leitung Marketing Services,Lead,de,Head of Marketing Services
5104,Leitung Marketing und  Produktentwicklung,Lead,de,Head of Marketing and Product Development
5105,Leitung Marketing und Assistentin der Geschäftsleitung,Lead,de,Head of Marketing and Assistant to the Executive Board
5106,Leitung Marketing und Assistenz des Geschäftsführers D-A-CH,Lead,de,Head of Marketing and Assistance of the Managing Director D-A-CH
5107,Leitung Marketing und Dokumentation,Lead,de,Head of Marketing and Documentation
5108,Leitung Marketing und E-Commerce,Lead,de,Head of Marketing and E-Commerce
5109,Leitung Marketing und Events,Lead,de,Head of Marketing and Events
5110,Leitung Marketing und Innovationen,Lead,de,Head of Marketing and Innovation
5111,Leitung Marketing und IT,Lead,de,Head of Marketing and IT
5112,Leitung Marketing und Key Account Management,Lead,de,Head of Marketing and Key Account Management
5113,Leitung Marketing und Kommunikation,Lead,de,Head of Marketing and Communication
5114,Leitung Marketing und Kundenservice,Lead,de,Head of Marketing and Customer Service
5115,Leitung Marketing und PR,Lead,de,Head of Marketing and PR
5116,Leitung Marketing und Print,Lead,de,Head of Marketing and Print
5117,Leitung Marketing und Produktmanagement,Lead,de,Head of Marketing and Product Management
5118,Leitung Marketing und Produkt-Management Türen/Zargen,Lead,de,Head of Marketing and Product Management Doors/Zargen
5119,Leitung Marketing und Verkauf,Lead,de,Head of Marketing and Sales
5120,Leitung Marketing und Vertrieb,Lead,de,Head of Marketing and Sales
5121,Leitung Marketing und Vertrieb / Mitglied der Geschäftsleitung,Lead,de,Head of Marketing and Sales / Member of the Executive Board
5122,Leitung Marketing und Vertrieb Europa,Lead,de,Head of Marketing and Sales Europe
5123,Leitung Marketing und Vertrieb Westeuropa,Lead,de,Head of Marketing and Sales Western Europe
5124,Leitung Marketing und Vertrieb-operatory products-,Lead,de,Head of Marketing and Sales-operatory products-
5125,Leitung Marketing und Weiterbildung,Lead,de,Head of Marketing and Continuing Education
5126,Leitung Marketing und Werbung,Lead,de,Head of Marketing and Advertising
5127,Leitung Marketing/ Automotive,Lead,de,Head of Marketing/ Automotive
5128,Leitung Marketing/Ausbildung,Lead,de,Head of Marketing/Training
5129,Leitung Marketing/Head of Marketing,Lead,de,Head of Marketing/Head of Marketing
5130,Leitung Marketing/Kommunikation,Lead,de,Head of Marketing/Communication
5131,Leitung Marketing/PR,Lead,de,Head of Marketing/PR
5132,Leitung Marketing/Produktmanagement,Lead,de,Head of Marketing/Product Management
5133,Leitung Marketing/Sales,Lead,de,Head of Marketing/Sales
5134,Leitung Marketing/Vertrieb,Lead,de,Head of Marketing/Sales
5135,Leitung Marketingkommunikation,Lead,de,Head of Marketing Communication
5136,Leitung Marketing-Kommunikation,Lead,de,Head of Marketing Communication
5137,Leitung Online Marketing,Lead,de,Head of Online Marketing
5138,Leitung Online Marketing & CRM,Lead,de,Head of Online Marketing & CRM
5139,Leitung Online-Marketing und Metadaten,Lead,de,Head of Online Marketing and Metadata
5140,Leitung Operatives Marketing,Lead,de,Head of Operational Marketing
5141,Leitung Organisation und Marketing/ Prokura,Lead,de,Head of Organization and Marketing/Prokura
5142,Leitung Performance Marketing,Lead,de,Head of Performance Marketing
5143,Leitung Personal & Kommunikation,Lead,de,Head of Personnel & Communication
5144,Leitung PR & Kommunikation,Lead,de,Head of PR & Communication
5145,Leitung Produktmanagement & Marketing,Lead,de,Head of Product Management & Marketing
5146,Leitung Produktmanagement und Marketing,Lead,de,Head of Product Management and Marketing
5147,Leitung Produktmanagement und -Marketing,Lead,de,Head of Product Management and Marketing
5148,Leitung Regionale Marketing Kommunikation Europa,Lead,de,Head of Regional Marketing Communication Europe
5149,Leitung Sales & Marketing,Lead,de,Head of Sales & Marketing
5150,Leitung Sales & Marketing  NAM,Lead,de,Head of Sales & Marketing NAM
5151,Leitung Sales / Marketing,Lead,de,Head of Sales / Marketing
5152,Leitung Sales Desk & Marketing Communication,Lead,de,Head of Sales Desk & Marketing Communication
5153,Leitung strategisches Marketing,Lead,de,Head of strategic marketing
5154,Leitung Technisches Marketing,Lead,de,Head of Technical Marketing
5155,Leitung Unternehmens- und Marketingkommunikation,Lead,de,Head of Corporate and Marketing Communications
5156,Leitung Unternehmenskommunikation (Messe Kontakt),Lead,de,Head of Corporate Communications (Trade Fair Contact)
5157,Leitung Unternehmenskommunikation/ Marketing,Lead,de,Head of Corporate Communications/ Marketing
5158,Leitung Verkauf und Marketing / Head of Sales and Marketing,Lead,de,Head of Sales and Marketing / Head of Sales and Marketing
5159,Leitung Verkauf und Marketing Geschäftskunden,Lead,de,Head of Sales and Marketing Business Customers
5160,Leitung Vertrieb & Marketing,Lead,de,Head of Sales & Marketing
5161,Leitung Vertrieb & Marketing SiteFusion GmbH,Lead,de,Head of Sales & Marketing SiteFusion GmbH
5162,Leitung Vertrieb international & Marketing,Lead,de,Head of Sales International & Marketing
5163,Leitung Vertrieb un Marketing,Lead,de,Head of Sales and Marketing
5164,Leitung Vertrieb und Marketing,Lead,de,Head of Sales and Marketing
5165,Leitung Vertrieb und Marketing Invaris,Lead,de,Head of Sales and Marketing Invaris
5166,Leitung Vertrieb/Marketing,Lead,de,Head of Sales/Marketing
5167,Leitung Vertriebsorganisation + Marketing,Lead,de,Head of Sales Organisation + Marketing
5168,Leitung Werbung & Kommunikation,Lead,de,Head of Advertising & Communication
5169,Marketing & Kommunikation: Leitung,Lead,de,Marketing & Communication: Management
5170,Marketing / Teamleitung Verkaufsförderung,Lead,de,Marketing / Team Management Sales Promotion
5171,Marketing | Assistentin der Geschäftsleitung,Lead,de,Marketing assistant to the management
5172,Marketing | Assistenz der Geschäftsleitung,Lead,de,Marketing and assistance of the management
5173,Marketing | Assistenz der Geschäftsleitung | Pu...,Lead,de,Marketing - Assistant to the Executive Board - Pu...
5174,Marketing Communications Teamleitung,Lead,de,Marketing Communications Team Leader
5175,Marketing Kommunikation – Leitung Kreation,Lead,de,Marketing Communication – Head of Creation
5176,Marketing Leiter,Lead,de,Marketing Director
5177,Marketing Leiterin,Lead,de,Marketing Director
5178,Marketing Leiterin & Vertrieb B2B,Lead,de,Marketing Head & Sales B2B
5179,Marketing Leitung,Lead,de,Marketing Management
5180,Marketing Leitung und Sales Managerin,Lead,de,Marketing Manager and Sales Manager
5181,Marketing Manager Vertrieb/Leitung Kundenmanagement,Lead,de,Marketing Manager Sales/Head of Customer Management
5182,Marketing Teamleitung,Lead,de,Marketing Team Leader
5183,Marketing und Assistentin der Vertriebsleitung,Lead,de,Marketing and Assistant to Sales Management
5184,Marketing und Assistentin Geschäftsleitung,Lead,de,Marketing and Assistant Management
5185,Marketing und Sekretärin der Geschäftsleitung,Lead,de,Marketing and Secretary of the Executive Board
5186,Marketing und Vertriebsleitung,Lead,de,Marketing and Sales Management
5187,Marketing- und Vertriebsleitung,Lead,de,Marketing and sales management
5188,Marketing/ Messeleitung,Lead,de,Marketing/Exhibition Management
5189,Marketing-/Vertriebs-Leiter,Lead,de,Marketing/Sales Manager
5190,Marketingbereichsleitung,Lead,de,Marketing Department Management
5191,Marketing-Leiter,Lead,ur,Marketing Director
5192,Marketing-Leiter Deutschland,Lead,de,Marketing Director Germany
5193,Marketing-Leiterin,Lead,it,Marketing Manager
5194,Marketingleitung,Lead,de,Marketing management
5195,Marketing-Leitung,Lead,de,Marketing management
5196,Marketingleitung EMEA,Lead,de,Marketing Manager EMEA
5197,Marketingleitung HELLA GRUPPE,Lead,de,Marketing Director HELLA GROUP
5198,Marketingleitung Mediaform Informationssysteme,Lead,de,Marketing Manager Mediaform Information Systems
5199,Marketingleitung und Qualitätsmanagement-Beauftragte,Lead,de,Marketing Management and Quality Management Officers
5200,Messeleitung,Lead,de,Exhibition management
5201,Messeorganisation/Marketingleitung,Lead,de,Trade fair organisation/marketing management
5202,Mitglied der Geschäftsleitung Business Development und Marketing,Lead,de,Member of the Management Board Business Development and Marketing
5203,Mitglied der Geschäftsleitung Marketing & Vertrieb,Lead,de,Member of the Marketing & Sales Executive Board
5204,Produktmanager / stv. Leitung Marketing,Lead,de,Product Manager/Stv. Head of Marketing
5205,Projektleiter/ Leiter Marketing,Lead,de,Project Manager/Head of Marketing
5206,Projektleiterin Digitales Marketing (stellvertretende Abteilungsleiterin),Lead,de,Digital Marketing Project Manager (Deputy Head of Division)
5207,Projektleitung Marketing,Lead,de,Project Manager Marketing
5208,Projektleitung Marketing & Unternehmenskommunikation,Lead,de,Project Management Marketing & Corporate Communications
5209,Projektleitung Marketing Kommunikation & CRM De...,Lead,de,Project Manager Marketing Communication & CRM De...
5210,Projektleitung Marketing und Kommunikation,Lead,de,Project Management Marketing and Communication
5211,Projektleitung Messe,Lead,de,Project Management Fair
5212,Projektleitung Vertrieb und Marketing,Lead,de,Project Management Sales and Marketing
5213,Prokurist / Leiter Marketing,Lead,de,Procurator / Head of Marketing
5214,Prokurist / Leiter Vertrieb und Marketing,Lead,de,Procurator / Head of Sales and Marketing
5215,Prokurist / Leitung Messen und Ausstellungen,Lead,de,Procurist / Head of Fairs and Exhibitions
5216,Prokurist Geschäftsleitung Verkauf und Marketing,Lead,de,Procurist Management Sales and Marketing
5217,Prokurist/Bereichsleitung Vertrieb Privatkunden & Marketing,Lead,de,Procurist/Head of Division Sales Private Customers & Marketing
5218,Stellv. Abteilungsleitung Marketing,Lead,de,Deputy Head of Marketing
5219,stellv. Leiter Marketing,Lead,de,Deputy Head of Marketing
5220,stellv. Leiter Marketing und Vertrieb,Lead,de,Deputy Head of Marketing and Sales
5221,stellv. Leiter Vertrieb & Marketing,Lead,de,Deputy Head of Sales & Marketing
5222,Stellv. Leiterin Marketing,Lead,de,Deputy Head of Marketing
5223,stellv. Leitung Marketing & Vertrieb,Lead,de,Deputy Head of Marketing & Sales
5224,stellv. Leitung Marketing & Werbung,Lead,de,Deputy Head of Marketing & Advertising
5225,Stellv. Leitung Marketing-Kommunikation,Lead,de,Deputy Head of Marketing Communication
5226,stellv. Marketingleitung / Deputy Head of Marketing,Lead,de,Deputy Head of Marketing
5227,Stellvertretende Leiterin Marketing,Lead,de,Deputy Head of Marketing
5228,Stellvertretende Marketingleitung,Lead,de,Deputy Head of Marketing
5229,Stellvertretender Leiter Marketing,Lead,de,Deputy Head of Marketing
5230,Stellvertretender Leiter Marketing & Vertrieb,Lead,de,Deputy Head of Marketing & Sales
5231,Stv. Leitung Marketing,Lead,de,Head of Marketing
5232,Team Lead Marketing Communications / Marketingleitung,Lead,de,Team Lead Marketing Communications / Marketing Management
5233,Teamleitung B2B Marketing,Lead,de,Team Leader B2B Marketing
5234,Teamleitung Kommunikation & Medien / Marketing,Lead,de,Team Management Communication & Media / Marketing
5235,Teamleitung Live Communications,Lead,de,Team Leader Live Communications
5236,Teamleitung Marketing,Lead,de,Team Leader Marketing
5237,Teamleitung Marketing & Kommunikation,Lead,de,Team Management Marketing & Communication
5238,Teamleitung Marketing Communications,Lead,de,Team Leader Marketing Communications
5239,Teamleitung Marketing/ Events,Lead,de,Team Leader Marketing/ Events
5240,Teamleitung Messen & Events,Lead,de,Team Management Fairs & Events
5241,Teamleitung Online Marketing,Lead,de,Team Leader Online Marketing
5242,Teamleitung Online-Marketing,Lead,de,Team Leader Online Marketing
5243,Teamleitung Produktmanagement & Marketing,Lead,de,Team Management Product Management & Marketing
5244,technische Leiter (Messe Kontakt),Lead,de,technical director (trade fair contact)
5245,T-Leitung Unternehmenskommunikation und Marketing,Lead,de,T-Head of Corporate Communications and Marketing
5246,Unternehmenskommunikation /  Leitung Informationsservice & Messebau,Lead,de,Corporate Communications / Head of Information Service & Messebau
5247,Verkaufsleitung (Messe Kontakt),Lead,de,Sales management (trade fair contact)
5248,Vertrieb & Marketing MES / Projektleitung,Lead,de,Sales & Marketing MES / Project Management
5249,Vertrieb Innen- und Außendienst / Leitung Marketing & Veranstaltungen,Lead,de,Sales Internal and Field Service / Head of Marketing & Events
5250,Vertrieb National-International / Marketing / EDV / Teamleitung,Lead,de,Sales National International / Marketing / EDP / Team Management
5251,Vertriebs- und Marketingleitung (Messe Kontakt),Lead,de,Sales and Marketing Management (Trade Fair Contact)
5252,Vetriebsleitung & Marketing,Lead,de,Head of Sales & Marketing
5253,Leiter Operations,Lead,de,Head of Operations
5254,Einkaufsleitung,Lead,de,Purchasing management
5255,Leiter Einkauf,Lead,de,Head of Purchasing
5256,Leiter Einkauf Handelswaren,Lead,de,Head of Purchasing Merchant Goods
5257,Leiter Einkauf und Logistik,Lead,de,Head of Purchasing and Logistics
5258,Leiter Einkauf und Materialwirtschaft,Lead,de,Head of Purchasing and Materials Management
5259,Leiter Einkauf/ Materialwirtschaft (Prokurist),Lead,de,Head of Purchasing/Material Management (Procurer)
5260,Leiter IT / Einkauf,Lead,de,Head of IT / Purchasing
5261,Leitung Einkauf,Lead,de,Head of Purchasing
5262,Leitung Facility Management / Leitung Einkauf,Lead,de,Head of Facility Management / Head of Purchasing
5263,Purchasing Manager / Leitung Zentraleinkauf,Lead,de,Purchasing Manager / Head of Central Purchasing
5264,Abteilungsleiter Programm Management (Vertrieb/...,Lead,de,Head of Department Programme Management (distribution/...
5265,Abteilungsleiter Sales,Lead,de,Head of Sales
5266,Abteilungsleiter Sales Information & Processes,Lead,de,Head of Sales Information & Processes
5267,Abteilungsleiter Sales Information Management,Lead,de,Head of Sales Information Management
5268,Abteilungsleiter Sales/Vertrieb/Customer Manage...,Lead,de,Head of Sales/Sales/Customer Manage...
5269,Abteilungsleiter Vertrieb,Lead,de,Head of Sales
5270,Abteilungsleiter Vertrieb Deutschland,Lead,de,Head of Sales Germany
5271,Abteilungsleiter Vertrieb Koordination,Lead,de,Head of Sales Coordination
5272,Abteilungsleiter Vertrieb Portfolioservices,Lead,de,Head of Sales Portfolio Services
5273,Abteilungsleiter Vertrieb und Personal,Lead,de,Head of Sales and Personnel
5274,Abteilungsleiter Vertriebsinnendienst,Lead,de,Head of Division Internal Sales Service
5275,Abteilungsleiter Zentrale Vertriebsentwicklung ...,Lead,de,Head of Division Central Sales Development ...
5276,Abteilungsleiterin Vertrieb,Lead,de,Head of Sales
5277,Abteilungsleiterin Vertrieb Europa,Lead,de,Head of Sales Europe
5278,Abteilungsleitung Vertrieb,Lead,de,Head of Sales
5279,Abteilungsleitung Vertrieb Inland,Lead,de,Head of Sales Domestic
5280,Abteilungsleitung Vertrieb und Geschäftsentwicklung,Lead,de,Head of Sales and Business Development
5281,Abteilungsleitung Vertrieb/Kundenservice Inland,Lead,de,Head of Sales/Customer Service Domestic
5282,Abteilungsleitung Vertriebsinnendienst und Proj...,Lead,de,Head of Division Internal Sales Service and Proj...
5283,Assistent der Vertriebsleitung,Lead,de,Sales Manager Assistant
5284,Assistent Vertriebsleitung Service-Team,Lead,de,Assistant Sales Manager Service Team
5285,Assistentin - Leiter Vertrieb Süd,Lead,de,Assistant - Head of Sales South
5286,Assistentin der Geschäftsleitung / Vertrieb,Lead,de,Assistant to the management / sales
5287,Assistentin der Vertriebs- und Geschäftsleitung,Lead,de,Assistant to the Sales and Management Board
5288,Assistentin der Vertriebsleitung,Lead,de,Sales Manager Assistant
5289,Assistentin der Vertriebsleitung / Projektkoord...,Lead,de,Assistant of the Sales Management / Project Coord...
5290,Assistentin der Vertriebsleitung International,Lead,de,Assistant to Sales Manager International
5291,Assistentin Leiter Vertrieb,Lead,de,Assistant Head of Sales
5292,Assistentin Vertriebsleitung,Lead,de,Assistant Sales Manager
5293,Assistenz - Leitung Vertrieb und Entwicklung,Lead,de,Assistance - Head of Sales and Development
5294,Assistenz Bereichsleitung Vertrieb,Lead,de,Assistance Head of Division Sales
5295,Assistenz der Vertriebs- / Geschäftsleitung,Lead,de,Assistance of the sales / management
5296,Assistenz der Vertriebsleitung,Lead,de,Assistance of the sales management
5297,Assistenz Vertriebsinnendienstleitung / Key Account Branchenbetreuer,Lead,de,Assistance Internal Sales Manager / Key Account Industry Manager
5298,Assistenz Vertriebsleitung,Lead,de,Assistance Sales Manager
5299,Bereichsleitung / Vertrieb,Lead,de,Divisional management / distribution
5300,Bereichsleitung Innovation / Vertrieb,Lead,de,Head of Innovation/Distribution
5301,Bereichsleitung Prozessoptimierung | Beratung und Vertrieb,Lead,de,Divisional Management Process Optimization 的 Consulting and Sales
5302,Bereichsleitung Vertrieb,Lead,de,Divisional Management Sales
5303,Bereichsleitung Vertriebsförderung,Lead,de,Head of Sales Promotion
5304,Business Support at SAP | Salesforce CRM | Leiter Verkaufsinnendienst,Lead,de,Business Support at SAP - Salesforce CRM - Head of Internal Sales Service
5305,Consultant / Leitung Vertrieb,Lead,de,Consultant / Head of Sales
5306,Customer Care (Leiter Vertrieb),Lead,de,Customer Care (Head of Sales)
5307,Gebietsleitung Vertrieb Außendienst,Lead,de,Area management Distribution Field service
5308,Gebietsverkaufsleitung + Projektleiter Einführung Salesforce für Rope & Lifting,Lead,de,Area Sales Manager + Project Manager Introduction Salesforce for Rope & Lifting
5309,Gesamtleitung Sales / marketing,Lead,de,Global management Sales / marketing
5310,Gesamtleitung Vertrieb,Lead,de,Total management Distribution
5311,Geschäftsentwicklung - Leiter Vertrieb und Mark...,Lead,de,Business Development - Head of Sales and Mark...
5312,Geschäftsleitung - Vertrieb,Lead,de,Management - Sales
5313,Geschäftsleitung Sales & Acquisition,Lead,de,Management Sales & Acquisition
5314,Geschäftsleitung Vertrieb,Lead,de,Management Sales
5315,Geschäftsleitung Vertrieb & Geschäftsentwicklung / Prokurist,Lead,de,Management Sales & Business Development / Procurist
5316,Geschäftsleitung Vertrieb (ppa.),Lead,de,Management Sales (ppa.)
5317,Geschäftsleitung Vertrieb (Prokurist),Lead,de,Management Sales (Procurer)
5318,Geschäftsleitung Vertrieb / Prokurist,Lead,de,Management Sales / Procurator
5319,Geschäftsleitung Vertrieb | Head of Sales,Lead,de,Head of Sales
5320,Geschäftsleitung Vertrieb Deutschland,Lead,de,Management Sales Germany
5321,Geschäftstellenleitung München / Vertrieb Unter...,Lead,de,Office Management Munich / Sales Subs...
5322,Head of Customer Sales Service / Leiter Vertriebsinnendienst,Lead,de,Head of Customer Sales Service / Head of Internal Sales Service
5323,Head of Field Sales Consumer Beauty (Leitung Außendienst),Lead,de,Head of Field Sales Consumer Beauty
5324,Head of Sales / Leitung Vertrieb,Lead,de,Head of Sales / Head of Sales
5325,Head of Sales / Mitglied der Geschäftsleitung,Lead,de,Head of Sales / Member of the Executive Board
5326,Head of Sales BMW / MINI - Leiter Vertrieb Neue...,Lead,de,Head of Sales BMW / MINI - Head of Sales New...
5327,Head of Sales Germany / Leiter Vertrieb Deutsch...,Lead,de,Head of Sales Germany / Head of Sales German...
5328,Head of Sales Global / Vertriebsleitung,Lead,de,Head of Sales Global / Sales Manager
5329,Head of Sales/ Vertriebsleitung,Lead,de,Head of Sales/ Sales Management
5330,Head of Sales/Leiter Vertrieb,Lead,de,Head of Sales/Head of Sales
5331,Innendienst / Assistentin Geschäftsleitung & Vertrieb,Lead,de,Internal Service / Assistant Management & Sales
5332,Innendienstleitung Vertrieb,Lead,de,Internal Service Sales
5333,Innendienstleitung Vertrieb + Projektmanagement,Lead,de,Internal Service Management Sales + Project Management
5334,Key Account Manager (Komm. Leitung Sales),Lead,de,Key Account Manager (Head of Sales)
5335,Kfm. Leiter Vertrieb,Lead,de,Kfm. Head of Sales
5336,Leiter After Sales,Lead,en,Leiter After Sales
5337,Leiter B2B-Sales,Lead,de,Head of B2B sales
5338,Leiter Bereich Vertrieb,Lead,de,Head of Distribution
5339,Leiter Bereich Vertrieb / Vertriebssteuerung un...,Lead,de,Head of Sales / Sales Management and...
5340,Leiter Business & Sales Development,Lead,de,Head of Business & Sales Development
5341,Leiter Business Development & Vertrieb,Lead,de,Head of Business Development & Sales
5342,Leiter Business Development & Vertrieb / CBDO,Lead,de,Head of Business Development & Sales / CBDO
5343,Leiter Business Development / Vertriebsleiter S...,Lead,de,Head of Business Development / Sales Manager S...
5344,Leiter Business Process Development (Sales),Lead,en,Leiter Business Process Development (Sales)
5345,Leiter Datenmanagement / Vertriebsinnendienst,Lead,de,Head of Data Management / Internal Sales Service
5346,Leiter der Vertriebsgesellschaft,Lead,de,Head of the distribution company
5347,Leiter Digital Sales,Lead,de,Head of Digital Sales
5348,Leiter direkter Vertrieb,Lead,de,Head of direct sales
5349,Leiter Engineering / Leiter Vertrieb - Center 2,Lead,de,Head of Engineering / Head of Sales - Center 2
5350,Leiter Export Vertriebspartner,Lead,de,Head of Export Distribution Partner
5351,Leiter Firmenkunden / Head of Sales,Lead,de,Head of Corporate Clients / Head of Sales
5352,Leiter Geschäftsentwicklung und Vertrieb,Lead,de,Head of Business Development and Sales
5353,"Leiter Geschäftsfeld ""Vertriebssysteme und Archive""",Lead,de,"Head of Business Unit ""Sales Systems and Archives"""
5354,Leiter Global Sales Excellence,Lead,de,Head of Global Sales Excellence
5355,Leiter Global Sales Processes,Lead,de,Head of Global Sales Processes
5356,Leiter Innendienst Vertrieb D,Lead,de,Head of Internal Sales D
5357,Leiter Inside Sales,Lead,pt,Leiter Inside Sales
5358,Leiter Inside Sales / Vertriebsinnendienst,Lead,de,Head of Inside Sales / Internal Sales Service
5359,Leiter Internal Sales,Lead,de,Head of Internal Sales
5360,Leiter International Sales,Lead,de,Head of International Sales
5361,Leiter International Sales / Leiter Produktmanagement,Lead,de,Head of International Sales / Head of Product Management
5362,Leiter IT Koordination - Vertriebssteuerungssysteme und CRM,Lead,de,Head of IT Coordination - Sales Control Systems and CRM
5363,Leiter IT Vertrieb,Lead,de,Head of IT Sales
5364,Leiter IT-Infrastructure Sales Teams,Lead,nl,Leiter IT-Infrastructure Sales Teams
5365,Leiter Kommunikation und Vertrieb,Lead,de,Head of Communications and Sales
5366,Leiter Kundenservice und Vertrieb,Lead,de,Head of Customer Service and Sales
5367,Leiter Logistik / Assistenz Einkauf/Vertrieb,Lead,de,Head of Logistics / Assistance Purchasing / Sales
5368,Leiter Maklervertrieb Leben - Geschäftsführer Zürich Vertriebs GmbH,Lead,de,Head of Realtor Sales Life - Managing Director Zürich Vertriebs GmbH
5369,Leiter Media | Vertrieb | Verlagsmarketing,Lead,de,"Head of Media, Sales, Publishing Marketing"
5370,Leiter Neukundenakquise und Online-Vertrieb,Lead,de,Head of New Customer Acquisition and Online Sales
5371,Leiter Partnermanagement & Sales,Lead,de,Head of Partner Management & Sales
5372,Leiter Planung und Vertrieb,Lead,de,Head of Planning and Sales
5373,Leiter PreSales & Business Development,Lead,de,Head of PreSales & Business Development
5374,Leiter Projekt- und Prozessmanagement | Vertrieb Deutschland,Lead,de,"Head of Project and Process Management, Sales Germany"
5375,Leiter Projektierung / Vertrieb,Lead,de,Head of Project Management / Sales
5376,Leiter Prozessmanagement Vertrieb,Lead,de,Head of Process Management Sales
5377,Leiter Qualifikations- und Vertriebsentwicklung,Lead,de,Head of Skills and Sales Development
5378,Leiter Regional-Vertrieb,Lead,de,Head of Regional Sales
5379,Leiter Sales,Lead,de,Head of Sales
5380,Leiter Sales & Distribution B2B,Lead,ur,Leiter Sales & Distribution B2B
5381,Leiter Sales & Presales IT-Outsourcing / Mitgli...,Lead,de,Head of Sales & Presales IT Outsourcing / Mitgli...
5382,Leiter Sales Administration EMEA,Lead,pt,Leiter Sales Administration EMEA
5383,Leiter Sales Back Office Service,Lead,de,Head of Sales Back Office Service
5384,Leiter Sales Center & Projektmanagement,Lead,de,Head of Sales Center & Project Management
5385,Leiter Sales Controlling,Lead,de,Head of Sales Controlling
5386,Leiter Sales Data Base,Lead,de,Head of Sales Data Base
5387,Leiter Sales Development,Lead,de,Head of Sales Development
5388,Leiter Sales Development Zentraleuropa,Lead,de,Head of Sales Development Central Europe
5389,Leiter Sales Execution & Coordination,Lead,en,Leiter Sales Execution & Coordination
5390,Leiter Sales national,Lead,de,Head of Sales National
5391,Leiter Sales Operations,Lead,en,Leiter Sales Operations
5392,Leiter Sales Support,Lead,de,Head of Sales Support
5393,Leiter Sales und Operations,Lead,de,Head of Sales and Operations
5394,Leiter SAP & Sales Controlling,Lead,de,Head of SAP & Sales Controlling
5395,Leiter SAP Sales Services und SAP Basis,Lead,de,Head of SAP Sales Services and SAP Basis
5396,Leiter Service & Sales,Lead,de,Head of Service & Sales
5397,Leiter Service Vertrieb,Lead,de,Head of Service Sales
5398,Leiter Service Vertrieb (D/A,Lead,de,Head of Service Sales (D/A)
5399,Leiter Solution Sales,Lead,de,Head of Solution Sales
5400,Leiter Stammdaten und Vertriebsservices,Lead,de,Head of Master Data and Sales Services
5401,Leiter Steuerung und Koordination im Ressort Geschäftsführung Vertrieb,Lead,de,Head of Management and Coordination in the Department of Management Sales
5402,Leiter Strategische Projekte / Vertriebsgruppenleiter,Lead,de,Head of Strategic Projects / Head of Sales Group
5403,Leiter strategischer Vertrieb,Lead,de,Head of Strategic Distribution
5404,Leiter System Vertrieb,Lead,de,Head of System Distribution
5405,Leiter Technik und Vertrieb,Lead,de,Head of Technology and Sales
5406,Leiter Technischer Vertrieb,Lead,de,Head of Technical Sales
5407,Leiter Technischer Vertrieb / Projektmanager,Lead,de,Head of Technical Sales / Project Manager
5408,Leiter Unternehmensentwicklung und Vertrieb,Lead,de,Head of Business Development and Sales
5409,Leiter Unternehmenskommunikation und Vertrieb / Prokurist,Lead,de,Head of Corporate Communications and Sales / Procurator
5410,Leiter Vertrieb,Lead,de,Head of Sales
5411,Leiter Vertrieb - Business Services & Consulting,Lead,de,Head of Sales - Business Services & Consulting
5412,Leiter Vertrieb  Network / IT Security,Lead,de,Head of Sales Network / IT Security
5413,Leiter Vertrieb - Region Nord,Lead,de,Head of Sales - North Region
5414,Leiter Vertrieb & Business Development,Lead,de,Head of Sales & Business Development
5415,Leiter Vertrieb & Edelmetall-Services,Lead,de,Head of Sales & Precious Metal Services
5416,Leiter Vertrieb & Entwicklung,Lead,de,Head of Sales & Development
5417,Leiter Vertrieb & Key Account (Messe Konatkt),Lead,de,Head of Sales & Key Account (Messe Konatkt)
5418,Leiter Vertrieb & Kundenbetreuung,Lead,de,Head of Sales & Customer Support
5419,Leiter Vertrieb & Kundenservice,Lead,de,Head of Sales & Customer Service
5420,Leiter Vertrieb & Partnermanagement,Lead,de,Head of Sales & Partner Management
5421,Leiter Vertrieb & Projektentwicklung,Lead,de,Head of Sales & Project Development
5422,Leiter Vertrieb & Qualität After Sales,Lead,de,Head of Sales & Quality After Sales
5423,Leiter Vertrieb & Service,Lead,de,Head of Sales & Service
5424,Leiter Vertrieb (Deutschland),Lead,de,Head of Sales (Germany)
5425,Leiter Vertrieb (Messe Kontakt),Lead,de,Head of Sales (Trade Fair Contact)
5426,Leiter Vertrieb (Prokurist),Lead,de,Head of Sales (Procurer)
5427,Leiter Vertrieb /  Team Leader,Lead,de,Head of Sales / Team Leader
5428,Leiter Vertrieb / Business Development,Lead,de,Head of Sales / Business Development
5429,Leiter Vertrieb / Controlling,Lead,de,Head of Sales / Controlling
5430,Leiter Vertrieb / Geschäftsführer,Lead,de,Head of Sales / Managing Director
5431,Leiter Vertrieb / Head of Business Development,Lead,de,Head of Sales / Head of Business Development
5432,Leiter Vertrieb / Head of Sales,Lead,de,Head of Sales / Head of Sales
5433,Leiter Vertrieb / Head of Sales - Refractory Systems,Lead,de,Head of Sales / Head of Sales - Refractory Systems
5434,Leiter Vertrieb / Head of Sales - Schwertransport / Division Heavy Haulage,Lead,de,Head of Sales / Head of Sales - Heavy Transport / Heavy Haulage Division
5435,Leiter Vertrieb / Kundenbetreuung,Lead,de,Head of Sales / Customer Support
5436,Leiter Vertrieb / Leiter Geschäftsentwicklung -...,Lead,de,Head of Sales / Head of Business Development -...
5437,Leiter Vertrieb / Produktmanagement Datenschutz/IT-Sicherheit,Lead,de,Head of Sales / Product Management Data Protection / IT Security
5438,Leiter Vertrieb / Prokurist,Lead,de,Head of Sales / Procurator
5439,Leiter Vertrieb / Vertrieb,Lead,de,Head of Sales / Sales
5440,Leiter Vertrieb Asien,Lead,de,Head of Sales Asia
5441,Leiter Vertrieb Außendienst,Lead,de,Head of Sales Field Service
5442,Leiter Vertrieb- Außendienst / Head of Sales,Lead,de,Head of Sales- Field Service / Head of Sales
5443,Leiter Vertrieb Automation,Lead,de,Head of Sales Automation
5444,Leiter Vertrieb B2C,Lead,de,Head of Sales B2C
5445,Leiter Vertrieb Bestandskunden,Lead,de,Head of Sales of existing customers
5446,Leiter Vertrieb Bitumen / Head of Sales Bitumen,Lead,de,Head of Sales Bitumen / Head of Sales Bitumen
5447,Leiter Vertrieb Büro-Software,Lead,de,Head of Sales Office Software
5448,Leiter Vertrieb Business Development,Lead,de,Head of Sales Business Development
5449,Leiter Vertrieb Businesskunden B2B,Lead,de,Head of Sales Business Customers B2B
5450,Leiter Vertrieb Customer Solutions,Lead,de,Head of Sales Customer Solutions
5451,Leiter Vertrieb D-A-CH,Lead,de,Head of Sales D-A-CH
5452,Leiter Vertrieb Deutschland,Lead,de,Head of Sales Germany
5453,Leiter Vertrieb Deutschland / Head Sales Germany,Lead,de,Head of Sales Germany / Head of Sales Germany
5454,Leiter Vertrieb Deutschland Süd (Bayern und Bad...,Lead,de,Head of Sales Germany South (Bayern and Bad...
5455,Leiter Vertrieb Deutschland/Österreich,Lead,de,Head of Sales Germany/Austria
5456,Leiter Vertrieb Digitalisierung,Lead,de,Head of Sales Digitalization
5457,Leiter Vertrieb Elektro-Installationssysteme D/...,Lead,de,Head of Sales Electrical Installation Systems D/...
5458,Leiter Vertrieb EMS / Mitglied der Geschäftslei...,Lead,de,Head of Sales EMS / Member of the...
5459,Leiter Vertrieb Ernst-Gruppe,Lead,de,Head of Sales Ernst Group
5460,Leiter Vertrieb Europa,Lead,de,Head of Sales Europe
5461,Leiter Vertrieb Europa & Russland,Lead,de,Head of Sales Europe & Russia
5462,Leiter Vertrieb Firmenkunden,Lead,de,Head of Distribution Corporate Clients
5463,Leiter Vertrieb Geschäftsfeld SSC  / Prokurist,Lead,de,Head of Sales Business Area SSC / Procurator
5464,Leiter Vertrieb Geschäftskunden,Lead,de,Head of Sales Business Customers
5465,Leiter Vertrieb Hallenklima-Systeme,Lead,de,Head of Sales Indoor Climate Systems
5466,Leiter Vertrieb Handel Deutschland / Prokurist,Lead,de,Head of Sales Trade Germany / Procurator
5467,Leiter Vertrieb Handel und Fläche,Lead,de,Head of Distribution Trade and Area
5468,Leiter Vertrieb Inland Medien,Lead,de,Head of Domestic Sales Media
5469,Leiter Vertrieb Innendienst,Lead,de,Head of Internal Sales
5470,Leiter Vertrieb Innendienst / Leiter Leadmanage...,Lead,de,Head of Sales Internal Service / Head of Leadmanage...
5471,Leiter Vertrieb Innendienst Sparte Solar,Lead,de,Head of Sales Internal Services Division Solar
5472,Leiter Vertrieb International,Lead,de,Head of Sales International
5473,Leiter Vertrieb International / Head of International Sales,Lead,de,Head of Sales International / Head of International Sales
5474,Leiter Vertrieb International / Head of Sales international,Lead,de,Head of Sales International / Head of Sales International
5475,Leiter Vertrieb Ionenaustauscher,Lead,de,Head of Sales of Ion Exchangers
5476,Leiter Vertrieb Maschinenautomation / Prokurist,Lead,de,Head of Sales Machine Automation / Procurator
5477,Leiter Vertrieb Messtechnik/Sensorik,Lead,de,Head of Sales Metrology/Sensoring
5478,Leiter Vertrieb Mikrooptik,Lead,de,Head of Sales Microoptics
5479,Leiter Vertrieb Mobilkommunikation,Lead,de,Head of Sales Mobile Communications
5480,Leiter Vertrieb Neubau und Technik I Prokurist,Lead,de,Head of Sales New Building and Technology I Procurist
5481,Leiter Vertrieb Neukunden,Lead,de,Head of Sales New Customers
5482,Leiter Vertrieb Nord/Ost,Lead,de,Head of Sales North/East
5483,Leiter Vertrieb Organisation,Lead,de,Head of Sales Organisation
5484,Leiter Vertrieb Powered Applications,Lead,de,Head of Sales Powered Applications
5485,Leiter Vertrieb Powertrain Technology Group,Lead,de,Head of Sales Powertrain Technology Group
5486,Leiter Vertrieb Privat- und Gewerbekunden,Lead,de,Head of Sales Private and Commercial Customers
5487,Leiter Vertrieb Private Enterprise,Lead,de,Head of Sales Private Enterprise
5488,Leiter Vertrieb Region D/A/CH +,Lead,de,Head of Sales Region D/A/CH +
5489,Leiter Vertrieb Region Ost,Lead,de,Head of Sales Region East
5490,Leiter Vertrieb SAP & Projekt Services,Lead,de,Head of Sales SAP & Project Services
5491,Leiter Vertrieb Seil & Fördertechnik,Lead,de,Head of Sales Seil & Fördertechnik
5492,Leiter Vertrieb Servicedienstleistungen,Lead,de,Head of Sales Service Services
5493,Leiter Vertrieb Services,Lead,de,Head of Sales Services
5494,Leiter Vertrieb Storage,Lead,de,Head of Sales Storage
5495,Leiter Vertrieb Systems,Lead,de,Head of Sales Systems
5496,Leiter Vertrieb Telehandler,Lead,de,Head of Sales Telehandler
5497,Leiter Vertrieb Telekommunikation,Lead,de,Head of Sales Telecommunications
5498,Leiter Vertrieb TubeInspect,Lead,de,Head of Sales TubeInspect
5499,Leiter Vertrieb und Geschäftsentwicklung,Lead,de,Head of Sales and Business Development
5500,Leiter Vertrieb und Kundenservice  / Mitglied d...,Lead,de,Head of Sales and Customer Service / Member of the...
5501,Leiter Vertrieb und Logistik,Lead,de,Head of Sales and Logistics
5502,Leiter Vertrieb und Marktentwicklung Additive M...,Lead,de,Head of Sales and Market Development Additive M...
5503,Leiter Vertrieb und New Business Development,Lead,de,Head of Sales and New Business Development
5504,Leiter Vertrieb und Planung,Lead,de,Head of Sales and Planning
5505,Leiter Vertrieb und Produktmanagement FüWES,Lead,de,Head of Sales and Product Management FÜWES
5506,Leiter Vertrieb und Projektmanagement,Lead,de,Head of Sales and Project Management
5507,Leiter Vertrieb und Technologie,Lead,de,Head of Sales and Technology
5508,Leiter Vertrieb und Unternehmenskommunikation,Lead,de,Head of Sales and Corporate Communications
5509,Leiter Vertrieb und Vermarktung Wärmelösungen,Lead,de,Head of Sales and Marketing Heat Solutions
5510,Leiter Vertrieb Unternehmenslösungen,Lead,de,Head of Sales Business Solutions
5511,Leiter Vertrieb Vollsortiment,Lead,de,Head of Sales Full Range
5512,Leiter Vertrieb Wholesale,Lead,de,Head of Sales Wholesale
5513,Leiter Vertrieb Zentraleuropa,Lead,de,Head of Distribution Central Europe
5514,Leiter Vertrieb Zentraleuropa (DACH),Lead,de,Head of Distribution Central Europe (DACH)
5515,Leiter Vertrieb/Expansion Jochen Schweizer Shops,Lead,de,Head of Sales/Expansion Jochen Swiss Shops
5516,Leiter Vertrieb/Head of Sales,Lead,de,Head of Sales/Head of Sales
5517,Leiter Vertrieb/Prokurist/Mitglied der Geschäftsleitung,Lead,de,Head of Sales/Procurator/Member of the Executive Board
5518,Leiter Vertrieb/Standortentwicklung/Öffentlichk...,Lead,de,Head of Sales/Location Development/Public...
5519,Leiter Vertriebs- und Servicekoordination,Lead,de,Head of Sales and Service Coordination
5520,Leiter Vertriebsaußendienst,Lead,de,Head of External Sales Service
5521,Leiter Vertriebs-Entwicklung & -Controlling,Lead,de,Head of Sales Development & Controlling
5522,Leiter Vertriebsförderung,Lead,de,Head of Sales Promotion
5523,Leiter Vertriebsinnendienst,Lead,de,Head of Internal Sales Service
5524,Leiter Vertriebsinnendienst & Logistik,Lead,de,Head of Internal Sales & Logistics
5525,Leiter Vertriebsinnendienst / Head of Inside Sales,Lead,de,Head of Internal Sales / Head of Inside Sales
5526,Leiter Vertriebsinnendienst / Head of Sales in-house,Lead,de,Head of Internal Sales Service / Head of Sales in-house
5527,Leiter Vertriebsinnendienst Deutschland,Lead,de,Head of Internal Sales Service Germany
5528,Leiter Vertriebsinnendienst/ Head of Sales,Lead,de,Head of Internal Sales/Head of Sales
5529,Leiter Vertriebsinnendienst/Auftragsmanagement,Lead,de,Head of Internal Sales and Contract Management
5530,Leiter Vertriebskanäle und Sonderthemen,Lead,de,Head of Sales Channels and Special Topics
5531,Leiter Vertriebskooperationen,Lead,de,Head of Sales Cooperation
5532,Leiter Vertriebskoordination Handel,Lead,de,Head of Sales Coordination Trade
5533,Leiter Vertriebsmanagement,Lead,de,Head of Sales Management
5534,Leiter Vertriebsmanagement und Vertriebsmarketing,Lead,de,Head of Sales Management and Sales Marketing
5535,Leiter Vertriebsmarketing,Lead,de,Head of Sales Marketing
5536,Leiter Vertriebsmarketing / Kooperationen / Mar...,Lead,de,Head of Sales Marketing / Cooperations / Mar...
5537,Leiter Vertriebsmarketing und Unternehmenskommunikation,Lead,de,Head of Sales Marketing and Corporate Communications
5538,Leiter Vertriebsnetz Deutschland,Lead,de,Head of Sales Network Germany
5539,Leiter Vertriebsorganisation,Lead,de,Head of Sales Organisation
5540,Leiter Vertriebsorganisation / Verkaufsstellenverwaltung,Lead,de,Head of Sales Organisation / Sales Office Management
5541,Leiter Vertriebsprozesse,Lead,de,Head of Sales Processes
5542,Leiter Vertriebsprozesse und Vertriebssteuerung,Lead,de,Head of Sales Processes and Sales Management
5543,Leiter Vertriebssteuerung,Lead,de,Head of Sales Management
5544,Leiter Vertriebssteuerung / Head of Sales Operations,Lead,de,Head of Sales Management / Head of Sales Operations
5545,Leiter Vertriebssteuerung Gesamtmarkt Deutschland,Lead,de,Head of Sales Management General Market Germany
5546,Leiter Vertriebssupport,Lead,de,Head of Sales Support
5547,Leiter Vertriebsunterstützung (Handlungsbevollm...,Lead,de,Head of Sales Support (executive...
5548,Leiter Vertrieb-und Produktmanagment,Lead,de,Head of Sales and Product Management
5549,Leiterin Geschäftsentwicklung Vertrieb,Lead,de,Head of Business Development Sales
5550,Leiterin Inside Sales,Lead,de,Head of Inside Sales
5551,Leiterin Kommunikation und Vertriebsunterstützung,Lead,de,Head of Communications and Sales Support
5552,Leiterin PreSales Beratung und Kundenservice,Lead,de,Head of PreSales Consulting and Customer Service
5553,Leiterin Sales und Accountmanagement,Lead,de,Head of Sales and Account Management
5554,Leiterin Strategische Vertriebssteuerung und Vertriebsinnendienst,Lead,de,Head of Strategic Sales Management and Internal Sales Service
5555,Leiterin Vertrieb,Lead,de,Head of Sales
5556,Leiterin Vertrieb & Projektmanagement SHI,Lead,de,Head of Sales & Project Management SHI
5557,Leiterin Vertrieb D/A/CH,Lead,de,Head of Sales D/A/CH
5558,Leiterin Vertrieb ID und PM Assistentin,Lead,de,Head of Sales ID and PM Assistant
5559,Leiterin Vertrieb Innendienst,Lead,de,Head of Internal Sales
5560,Leiterin Vertrieb und Account Mgmt,Lead,de,Head of Sales and Account Mgmt
5561,Leiterin Vertrieb und Projektierung,Lead,de,Head of Sales and Project Management
5562,Leiterin Vertriebsaktivitäten & CRM,Lead,de,Head of Sales & CRM
5563,Leiterin Vertriebscontrolling & CRM Deutschland,Lead,de,Head of Sales Controlling & CRM Germany
5564,Leiterin Vertriebsinnendienst,Lead,de,Head of Internal Sales Service
5565,Leiterin Vertriebsinnendienst Export,Lead,de,Head of Internal Sales Service Export
5566,Leiterin Vertriebsinnendienst SIEGENIA GRUPPE,Lead,de,Head of Internal Sales Service SIEGENIA GROUP
5567,Leiterin Vertriebssteuerung,Lead,de,Head of Sales Management
5568,Leiterin Vertriebsteam,Lead,de,Head of Sales Team
5569,Leiterin Vertriebsverwaltung,Lead,de,Head of Sales Administration
5570,Leiterin Vorstandsbuero Vertrieb,Lead,de,Head of Board of Directorsbuero Sales
5571,Leiterin Yello Vertrieb & Marke,Lead,de,Head of Yello Sales & Brand
5572,Leitung / Vertrieb,Lead,de,Management / Distribution
5573,Leitung /Vertrieb,Lead,de,Management/distribution
5574,Leitung | Sales Manufacturing,Lead,de,Head of Sales Manufacturing
5575,Leitung Abteilung Kundenservice & Vertrieb | Pr...,Lead,de,Head of Customer Service & Sales Department ...
5576,Leitung Competence Center & Vertrieb,Lead,de,Head of Competence Center & Sales
5577,Leitung Consulting & Sales Manager,Lead,de,Head of Consulting & Sales Manager
5578,Leitung Data Quality Vertrieb (Messe Kontakt),Lead,de,Head of Data Quality Sales (Trade Fair Contact)
5579,Leitung Export Innendienst/ Head of Internal Sales Export,Lead,de,Head of Export Internal Sales/Head of Internal Sales Export
5580,Leitung Industrieller Vertrieb & Einkauf / Head of Sales & Purchasing,Lead,de,Head of Industrial Sales & Purchasing / Head of Sales & Purchasing
5581,Leitung Inside Sales Center,Lead,de,Head of Inside Sales Center
5582,Leitung International Sales,Lead,de,Head of International Sales
5583,Leitung Kundenbetreuung Metall/ Vertrieb Innen,Lead,de,Head of Customer Service Metall/Sales Internal
5584,Leitung Media Sales & Services PRO,Lead,de,Head of Media Sales & Services PRO
5585,Leitung Online Sales & Pressereferentin,Lead,de,Head of Online Sales & Press Officer
5586,Leitung Produktmanagement und TV Sales,Lead,de,Head of Product Management and TV Sales
5587,Leitung Projekte & Vertrieb,Lead,de,Management Projects & Sales
5588,Leitung Sales,Lead,de,Head of Sales
5589,Leitung Sales & Kundenmanagement,Lead,de,Head of Sales & Customer Management
5590,Leitung Sales & Operations Planning(S&OP) / Cat...,Lead,de,Head of Sales & Operations Planning(S&OP) / Cat...
5591,Leitung Sales & Services,Lead,de,Head of Sales & Services
5592,Leitung Sales Back Office PwC Frankfurt,Lead,de,Head of Sales Back Office PwC Frankfurt
5593,Leitung Sales Development,Lead,de,Head of Sales Development
5594,Leitung Sales Management,Lead,de,Head of Sales Management
5595,Leitung Sales Operations,Lead,de,Head of Sales Operations
5596,Leitung Sales print.de,Lead,de,Head of Sales print.de
5597,Leitung Sales Support Management,Lead,de,Head of Sales Support Management
5598,Leitung Stammdaten und Fakturierung / Vertriebscontrolling,Lead,de,Management master data and invoicing / sales controlling
5599,Leitung strategischer Vertrieb / Vertrieb,Lead,de,Head of strategic sales / sales
5600,Leitung Team Vertrieb und Einkauf,Lead,de,Head of Team Sales and Purchasing
5601,Leitung Technischer Vertrieb / Head of Technical Sales,Lead,de,Head of Technical Sales / Head of Technical Sales
5602,Leitung Verkauf und Vertrieb,Lead,de,Head of Sales and Distribution
5603,Leitung Vertrieb,Lead,de,Head of Sales
5604,Leitung Vertrieb - Neukundenakquisition,Lead,de,Head of Sales - New Customer Acquisition
5605,Leitung Vertrieb - Prokurist,Lead,de,Head of Sales - Procurist
5606,Leitung Vertrieb & Business Management,Lead,de,Head of Sales & Business Management
5607,Leitung Vertrieb & Projekte WITTE Components,Lead,de,Head of Sales & Projects WITTE Components
5608,Leitung Vertrieb & Projektkoordination,Lead,de,Head of Sales & Project Coordination
5609,Leitung Vertrieb & Projektmanagement,Lead,de,Head of Sales & Project Management
5610,Leitung Vertrieb & Service,Lead,de,Head of Sales & Service
5611,Leitung Vertrieb (Messe Kontakt),Lead,de,Head of Sales (trade fair contact)
5612,Leitung Vertrieb / Ansprechpartner für Vertrieb...,Lead,de,Head of Sales / Contact for Sales...
5613,Leitung Vertrieb / EDV / IT-Management,Lead,de,Head of Sales / IT / IT Management
5614,Leitung Vertrieb / Head of Sales,Lead,de,Head of Sales / Head of Sales
5615,Leitung Vertrieb / Leitung Onlineabteilung,Lead,de,Head of Sales / Head of Online Department
5616,Leitung Vertrieb / PR,Lead,de,Head of Sales / PR
5617,Leitung Vertrieb / Sales Manager,Lead,de,Head of Sales / Sales Manager
5618,Leitung Vertrieb + Vertragswesen,Lead,de,Head of Sales + Contracts
5619,Leitung Vertrieb B2B,Lead,de,Head of Sales B2B
5620,Leitung Vertrieb Business Intelligence,Lead,de,Head of Sales Business Intelligence
5621,Leitung Vertrieb DACH,Lead,de,Head of Sales DACH
5622,Leitung Vertrieb D-A-CH,Lead,de,Head of Sales D-A-CH
5623,Leitung Vertrieb Deutschland,Lead,de,Head of Sales Germany
5624,Leitung Vertrieb Deutschland / Vertrieb,Lead,de,Head of Sales Germany / Sales
5625,Leitung Vertrieb Europa,Lead,de,Head of Sales Europe
5626,Leitung Vertrieb Großhandel,Lead,de,Management Distribution Wholesale trade
5627,Leitung Vertrieb Industry & Trade | Prokurist,Lead,de,Head of Sales Industry & Trade
5628,Leitung Vertrieb Innendienst,Lead,de,Head of Internal Sales
5629,Leitung Vertrieb Innendienst KSC,Lead,de,Head of Sales Internal Service KSC
5630,Leitung Vertrieb International,Lead,de,Head of Sales International
5631,Leitung Vertrieb Krankenhaus,Lead,de,Head of Sales Hospital
5632,Leitung Vertrieb Logistik / MItglied der Geschäftsleitung,Lead,de,Head of Sales Logistics / Member of the Executive Board
5633,Leitung Vertrieb München,Lead,de,Head of Sales Munich
5634,Leitung Vertrieb Neuanlagen Deutschland,Lead,de,Head of Sales New plants Germany
5635,Leitung Vertrieb Objekteinrichtungen,Lead,de,Head of Sales Facilities
5636,Leitung Vertrieb Online,Lead,de,Head of Sales Online
5637,Leitung Vertrieb Projekt Nord,Lead,de,Head of Sales Project North
5638,Leitung Vertrieb Services,Lead,de,Head of Sales Services
5639,Leitung Vertrieb STRAIL Deutschland,Lead,de,Head of Sales STRAIL Germany
5640,Leitung Vertrieb Telis Direkt,Lead,de,Head of Sales Telis Direct
5641,Leitung Vertrieb Turmdrehkrane,Lead,de,Head of Sales Tower Cranes
5642,Leitung Vertrieb und Kalkulation,Lead,de,Head of Sales and Calculation
5643,Leitung Vertrieb und Key Account Management,Lead,de,Head of Sales and Key Account Management
5644,Leitung Vertrieb und Produktmanagement,Lead,de,Head of Sales and Product Management
5645,Leitung Vertrieb und Projekte,Lead,de,Head of Sales and Projects
5646,Leitung Vertrieb und Projektierung,Lead,de,Head of Sales and Project Management
5647,Leitung Vertrieb und Projektmanagement,Lead,de,Head of Sales and Project Management
5648,Leitung Vertrieb&Geschäftsentwicklung,Lead,de,Head of Sales & Business Development
5649,Leitung Vertriebscontrolling und CRM,Lead,de,Head of Sales Controlling and CRM
5650,Leitung Vertriebsinnendienst,Lead,de,Head of Internal Sales Service
5651,Leitung Vertriebsinnendienst / allgem. Verwaltung,Lead,de,Management Internal Sales Service / General Administration
5652,Leitung Vertriebsinnendienst CEWE-PRINT GmbH,Lead,de,Head of Internal Sales Service CEWE-PRINT GmbH
5653,Leitung Vertriebsinnendienst International,Lead,de,Head of Internal Sales Service International
5654,Leitung Vertriebsinnendienst WOODTECH,Lead,de,Head of Internal Sales Service WOODTECH
5655,Leitung Vertriebsmanagement,Lead,de,Head of Sales Management
5656,Leitung Vertriebsmarketing/PR Sparte Technik,Lead,de,Head of Sales Marketing/PR Division Technology
5657,Leitung Vertriebssteuerung,Lead,de,Head of Sales Control
5658,Leitung Vertriebssupport,Lead,de,Head of Sales Support
5659,Leitung Vertriebsunterstüzung,Lead,de,Head of Sales Support
5660,Leitung Zentrale Vertriebsentwicklung,Lead,de,Head of Central Sales Development
5661,Leitung/Steuerung Vertrieb,Lead,de,Management/Control Distribution
5662,Microsoft Dynamics AX2012 Teilprojektleitung Vertrieb / Key-User Kalkulation,Lead,de,Microsoft Dynamics AX2012 Project Management Sales / Key-User Calculation
5663,Mitarbeiter  gewinnen -  binden -  motivieren  Leiter Vertrieb,Lead,de,Gaining - binding - motivating Head of Sales
5664,Mitglied der Geschäftsführung / Leiter Vertrieb,Lead,de,Member of the Management Board / Head of Sales
5665,Mitglied der Geschäftsleitung (Leiter Vertrieb)...,Lead,de,Member of the Executive Board (Head of Sales)...
5666,Niederlassungsleiterin/ Leitung Vertrieb,Lead,de,Head of Branch/Head of Sales
5667,Produkt und Vertriebsleitung Healthcare,Lead,de,Product and Sales Manager Healthcare
5668,Produktmanager Metall / Vertriebsleitung,Lead,de,Product Manager Metal / Sales Manager
5669,Programmleitung Vertrieb,Lead,de,Programme Management Distribution
5670,Projektierung & Vertrieb - Abteilungsleiter,Lead,de,Project Design & Sales - Head of Department
5671,Projektleitung & Vertrieb,Lead,de,Project Management & Sales
5672,Projektleitung / Vertrieb,Lead,de,Project management / sales
5673,Projektleitung Sales & Veranstaltungsmanagement,Lead,de,Project Management Sales & Event Management
5674,Projektleitung Sales Excellence,Lead,de,Project Management Sales Excellence
5675,Projektleitung Sales-CR,Lead,de,Project Manager Sales-CR
5676,Projektleitung Salesforce,Lead,de,Project Manager Salesforce
5677,Projektleitung und Vertrieb,Lead,de,Project management and distribution
5678,Projektleitung Vertrieb,Lead,de,Project Management Sales
5679,Prokurist / Leiter Vertrieb,Lead,de,Procurator / Head of Sales
5680,Prokurist / Leitung Vertrieb,Lead,de,Procurator / Head of Sales
5681,Prokurist / Vertriebsleitung,Lead,de,Procurator / Sales Manager
5682,Prokurist | Leiter Vertrieb,Lead,de,Head of Sales
5683,Prokurist | Leiter Vertriebssteuerung,Lead,de,Head of Sales Control
5684,Prokurist | Operative Vertriebsleitung,Lead,de,Proprietary officer - Operational sales manager
5685,Prokurist Leitung Vertrieb,Lead,de,Procurator Head of Sales
5686,Prokurist und Leiter Sales Excellence,Lead,de,Procurator and Head of Sales Excellence
5687,Prokurist und Vertriebsleitung,Lead,de,Procurator and sales manager
5688,Prokurist/Leiter Vertrieb,Lead,de,Procurator/Head of Sales
5689,Salesdirector DACH / Leitung Trade Activation / Außendienst Deutschland,Lead,de,Salesdirector DACH / Head of Trade Activation / Field Service Germany
5690,Sekretariat der Geschäftsleitung & Vertrieb,Lead,de,Secretariat of Management & Sales
5691,Stellv. Leiter Vertrieb,Lead,de,Deputy Head of Sales
5692,Stellv. Leitung Vertrieb / Geschäftskundenbetre...,Lead,de,Deputy Head of Sales / Business...
5693,Stellvertrende Geschäftsleitung Vertrieb,Lead,de,Stellvertrende Management Sales
5694,Stellvertretende Leiterin Vertrieb,Lead,de,Deputy Head of Sales
5695,Stellvertretende Leitung Public Sales,Lead,de,Deputy Head of Public Sales
5696,Strategische Vertriebsleitung,Lead,de,Strategic Sales Management
5697,Stv. Abteilungsleitung Vertrieb,Lead,de,Deputy Head of Division Sales
5698,stv. Vertriebsleitung,Lead,de,Stv. Sales Manager
5699,Teamleitung  Sales digital & mobile / digitales...,Lead,de,Team Leader Sales digital & mobile / digital...
5700,Teamleitung Innendienst / Teamleiter Customer Care - Sales,Lead,de,Team Leader Internal Service / Team Leader Customer Care - Sales
5701,Teamleitung Inside Sales,Lead,de,Team Leader Inside Sales
5702,Teamleitung Internationaler Vertrieb / Teamlead...,Lead,de,Team Leader International Sales / Teamlead...
5703,Teamleitung Keyaccount Sales,Lead,en,Teamleitung Keyaccount Sales
5704,Teamleitung MediaSales,Lead,de,Team Leader MediaSales
5705,Teamleitung Merchandising / Vertrieb,Lead,de,Team Management Merchandising / Sales
5706,Teamleitung Sales & Vertrieb DACH,Lead,de,Team Management Sales & Sales DACH
5707,Teamleitung Sales (Messe Kontakt),Lead,de,Team Management Sales (Trade Fair Contact)
5708,Teamleitung Sales Service,Lead,de,Team Leader Sales Service
5709,Teamleitung Sales und Partnermanagement,Lead,de,Team Management Sales and Partner Management
5710,Teamleitung Vertrieb,Lead,de,Team Management Sales
5711,Teamleitung Vertrieb / Projektsachbearbeiter,Lead,de,Team Management Sales / Project Manager
5712,Teamleitung Vertrieb / Vertriebsbeauftragter / Consulting,Lead,de,Team Management Sales / Sales Officer / Consulting
5713,Teamleitung Vertrieb Kärnten / Key Account Mana...,Lead,de,Team Management Sales Carinthia / Key Account Mana...
5714,Teamleitung Vertriebsinnendienst,Lead,de,Team Management Internal Sales Service
5715,Teamleitung Vertriebsmarketing,Lead,de,Team Management Sales Marketing
5716,Teamleitung Vertriebsservice,Lead,de,Team Management Sales Service
5717,Teamleitung Vertriebsverwaltung,Lead,de,Team Management Sales Management
5718,Teamleitung Werbung Vertrieb,Lead,de,Team Management Advertising Sales
5719,Technischer Leiter / Leiter technischer Vertrieb,Lead,de,Technical Director / Head of Technical Sales
5720,Verkaufs/Vertriebsleitung,Lead,de,Sales/distribution line
5721,Verkaufsleitung Corporate Sales Rhein-Main-Neckar,Lead,de,Sales Manager Corporate Sales Rhein-Main-Neckar
5722,Vertrieb & Projektleitung,Lead,de,Sales & Project Management
5723,Vertrieb und Projektleitung,Lead,de,Sales and project management
5724,Vertrieb/Projektleitung,Lead,de,Distribution/project management
5725,Vertriebsinnendienst & Assistenz Vertriebsleitung,Lead,de,Internal Sales Service & Assistance Sales Manager
5726,Vertriebskoordinator & Leitung Zentraler Verkaufsservice / Datenmanagement,Lead,de,Sales Coordinator & Head of Central Sales Service / Data Management
5727,Vertriebsleiter & Leiter Repower,Lead,de,Sales Manager & Head of Repower
5728,Vertriebsleiter und Leitung Außendienst,Lead,de,Sales Manager and Head of Field Service
5729,Vertriebsleitung,Lead,de,Sales management
5730,Vertriebsleitung (Messe Kontakt),Lead,de,Sales management (trade fair contact)
5731,Vertriebsleitung / Head of Sales,Lead,de,Sales Manager / Head of Sales
5732,Vertriebsleitung / Prokurist,Lead,de,Sales Manager / Procurator
5733,Vertriebsleitung / Software,Lead,de,Sales management / Software
5734,Vertriebsleitung / Vertrieb,Lead,de,Sales management / distribution
5735,Vertriebsleitung Berlin,Lead,de,Sales Manager Berlin
5736,Vertriebsleitung Cook Deutschland,Lead,de,Sales Manager Cook Germany
5737,Vertriebsleitung Daten- & Systemlösungen,Lead,de,Sales Manager Data & System Solutions
5738,Vertriebsleitung Datenkommunikation,Lead,de,Sales Manager Data Communication
5739,Vertriebsleitung Deutschland,Lead,de,Sales Manager Germany
5740,Vertriebsleitung Deutschland-Österreich-Schweiz,Lead,de,Sales Manager Germany-Austria-Switzerland
5741,Vertriebsleitung Export,Lead,de,Sales Manager Export
5742,Vertriebsleitung Hauptsitz Bochum,Lead,de,Sales Manager Head of Bochum
5743,Vertriebsleitung Innendienst,Lead,de,Internal Sales Manager
5744,Vertriebsleitung NKW,Lead,de,Sales Manager NKW
5745,Vertriebsleitung Precision Plastics,Lead,de,Sales Manager Precision Plastics
5746,Vertriebsleitung Region Nord-West Filialvertrieb,Lead,de,Sales Manager Region Nord-West Branch Sales
5747,Vertriebsleitung/ Vertrieb,Lead,de,Sales management/distribution
5748,Vertriebsleitung/Head,Lead,de,Sales management/Head
5749,Vertriebsleitung/Projektmanagement,Lead,de,Sales management/project management
5750,Vertriebsleitungsassistentin,Lead,de,Sales Manager Assistant
5751,Vertriebsmitarbeiterin/ Gruppenleitung Vertriebsassistenz,Lead,de,Sales assistant/group management Sales assistant
5752,Vertriebsunterstützung des Leiters der Maklerdirektion Süd-Vorsorge,Lead,tr,Sales support for the head of the South Provision brokerage directorate
5753,Leiter Customer Support / Prokurist,Lead,de,Head of Customer Support / Procurator
5754,Leiter IT Infrastruktur & Support,Lead,de,Head of IT Infrastructure & Support
5755,Teamleitung IT Systems & Support,Lead,de,Team Management IT Systems & Support
5756,Anforderungsmanager / Product Owner,Management,de,Requirement Manager / Product Owner
5757,BI Product Owner,Management,en,BI Product Owner
5758,CEO & Co-Founder,Management,en,CEO & Co-Founder
5759,CEO & Co-Founder FanFinders,Management,en,CEO & Co-Founder FanFinders
5760,CEO & Founder,Management,en,CEO & Founder
5761,CEO & Founder - Strobel & Walter GmbH,Management,de,CEO & Founder - Strobel & Walter GmbH
5762,CEO / Co Founder,Management,en,CEO / Co Founder
5763,CEO / Co-Founder,Management,en,CEO / Co-Founder
5764,CEO / Founder,Management,en,CEO / Founder
5765,CEO // Co-Founder,Management,en,CEO // Co-Founder
5766,CEO | Founder,Management,hi,CEO | Founder
5767,CEO + Founder,Management,en,CEO + Founder
5768,CEO and Co Founder  JeReveduneMaison.com,Management,en,CEO and Co Founder  JeReveduneMaison.com
5769,CEO and Co-Founder,Management,en,CEO and Co-Founder
5770,CEO and Founder,Management,en,CEO and Founder
5771,CEO Founder,Management,en,CEO Founder
5772,CFO / Founder,Management,en,CFO / Founder
5773,CMO & Co-Founder,Management,it,CMO & Co-Founder
5774,CMO + Co-Founder,Management,it,CMO + Co-Founder
5775,CMO/Co-Founder,Management,it,CMO/Co-Founder
5776,Co Founder,Management,en,Co Founder
5777,Co-Founder,Management,en,Co-Founder
5778,Co-Founder & CEO,Management,en,Co-Founder & CEO
5779,Co-Founder & CEO @ Hypercampus | Ex-McKinsey,Management,en,Co-Founder & CEO @ Hypercampus | Ex-McKinsey
5780,Co-Founder & COO,Management,it,Co-Founder & COO
5781,Co-Founder & CSO,Management,it,Co-Founder & CSO
5782,Co-Founder & Partner,Management,en,Co-Founder & Partner
5783,Co-Founder / CMO,Management,it,Co-Founder / CMO
5784,Co-Founder / Head of Product and Finance,Management,en,Co-Founder / Head of Product and Finance
5785,Co-Founder @ Listenchampion.de,Management,sw,Co-Founder @ Listenchampion.de
5786,Co-Founder + Managing Partner,Management,en,Co-Founder + Managing Partner
5787,Co-Founder and Managing Partner,Management,en,Co-Founder and Managing Partner
5788,Co-Founder bei Sellma,Management,de,Co-founder at Sellma
5789,Co-Founder CEO,Management,en,Co-Founder CEO
5790,Co-Founder I CPO,Management,it,Co-Founder I CPO
5791,coFounder QuickSign (www.quicksign.com) International Dev.,Management,en,coFounder QuickSign (www.quicksign.com) International Dev.
5792,Co-Founder und CEO,Management,de,Co-founder and CEO
5793,Co-Founder und Geschäftsführer,Management,de,Co-founder and managing director
5794,Company Owner,Management,en,Company Owner
5795,COO & Founder,Management,en,COO & Founder
5796,COO/Founder,Management,en,COO/Founder
5797,CSO & Co-Founder,Management,en,CSO & Co-Founder
5798,CTO & Founder,Management,en,CTO & Founder
5799,Dynamics Owner,Management,en,Dynamics Owner
5800,Entrepreneur. Co-Founder Hummus Bros & Tenzo,Management,it,Entrepreneur. Co-Founder Hummus Bros & Tenzo
5801,Entrepreneur/Geschäftsführer/Owner/CEO,Management,de,Entrepreneur/Managing Director/Owner/CEO
5802,Founder,Management,en,Founder
5803,Founder - Kurucu,Management,hi,Founder
5804,Founder - SelloSphere,Management,en,Founder - SelloSphere
5805,Founder & CEO,Management,en,Founder & CEO
5806,Founder & COO,Management,en,Founder & COO
5807,Founder & CTO,Management,en,Founder & CTO
5808,Founder & developer,Management,en,Founder & developer
5809,Founder / CTO,Management,en,Founder / CTO
5810,Founder | Social Media Strategist,Management,en,Founder | Social Media Strategist
5811,Founder and CEO,Management,en,Founder and CEO
5812,Founder und Geschäftsführer,Management,de,Founder and Managing Director
5813,Founder/CEO - KSP Krieg Schlupp Partner,Management,de,Founder/CEO - KSP Krieg Schlupp Partner
5814,Geschäftsführender Gesellschafter - CEO/Owner,Management,de,Managing Partner - CEO/Owner
5815,Geschäftsführer & Co-Founder,Management,de,Managing Director & Co-Founder
5816,Geschäftsführer / Founder (CEO),Management,de,Managing Director / Founder (CEO)
5817,Gründer / Vorstand / Founder / CEO,Management,de,Founder / Board / Founder / CEO
5818,Gründer und Geschäftsführer / Founder and Gener...,Management,de,Founder and Managing Director / Founder and Gener...
5819,Head Visionary & Founder,Management,en,Head Visionary & Founder
5820,Managing Partner & CO-Founder,Management,en,Managing Partner & CO-Founder
5821,Managing Partner and Co-Founder,Management,en,Managing Partner and Co-Founder
5822,MD & Founder,Management,en,MD & Founder
5823,NETWORKS IN REAL ESTATE / Owners Club,Management,it,NETWORKS IN REAL ESTATE / Owners Club
5824,Owner,Management,en,Owner
5825,Owner & Architect,Management,en,Owner & Architect
5826,Owner ~ Operator,Management,en,Owner ~ Operator
5827,President - Co-Founder,Management,en,President - Co-Founder
5828,Product Owner,Management,en,Product Owner
5829,Product Owner | Information Technologies,Management,en,Product Owner | Information Technologies
5830,Product Owner Stammdaten,Management,de,Product Owner master data
5831,Proud Founder,Management,en,Proud Founder
5832,Team Lead Product Owner Software Development,Management,en,Team Lead Product Owner Software Development
5833,Business Process Analyst / Product Owner CRM Service Analytics,Management,en,Business Process Analyst / Product Owner CRM Service Analytics
5834,Chief Business Development & Co-Founder,Management,en,Chief Business Development & Co-Founder
5835,Co-Founder - Business Development,Management,en,Co-Founder - Business Development
5836,CoFounder of iCom Cloud - Business development leveraging on digital and CRM technologies,Management,en,CoFounder of iCom Cloud - Business development leveraging on digital and CRM technologies
5837,CRM Business Application Owner GFCS,Management,en,CRM Business Application Owner GFCS
5838,CRM Business Owner,Management,en,CRM Business Owner
5839,Head of Customer Relationship & Commercial Performance - Business Process Owner CRM,Management,en,Head of Customer Relationship & Commercial Performance - Business Process Owner CRM
5840,Head of IT Business Solutions | Product Owner,Management,en,Head of IT Business Solutions | Product Owner
5841,Product Owner CRM | Digital Business Development,Management,en,Product Owner CRM | Digital Business Development
5842,Product Owner Digital Business (CRM),Management,en,Product Owner Digital Business (CRM)
5843,Co-Founder & CEO@Mecuris - Enabling Digital Prosthetics & Orthotics // Speaker,Management,en,Co-Founder & CEO@Mecuris - Enabling Digital Prosthetics & Orthotics // Speaker
5844,IT Project Manager & Product Owner,Management,en,IT Project Manager & Product Owner
5845,Product Owner eCommerce IT B2B/B2C,Management,en,Product Owner eCommerce IT B2B/B2C
5846,Product Owner IT,Management,en,Product Owner IT
5847,CRM Specialist - Agile Product Owner,Management,en,CRM Specialist - Agile Product Owner
5848,Global Process Owner: Commercial CRM,Management,en,Global Process Owner: Commercial CRM
5849,MS Dynamics CRM Product Owner,Management,en,MS Dynamics CRM Product Owner
5850,Product Owner CRM,Management,en,Product Owner CRM
5851,Product Owner CRM - Focus Contact Care Center,Management,en,Product Owner CRM - Focus Contact Care Center
5852,Product Owner CRM - RegTech,Management,en,Product Owner CRM - RegTech
5853,Product Owner IoT CRM integration,Management,en,Product Owner IoT CRM integration
5854,Projektmanagerin / Product Owner CRM und Strategie,Management,de,Project Manager / Product Owner CRM and Strategy
5855,Co-Founder & Head of Sales & Marketing,Management,en,Co-Founder & Head of Sales & Marketing
5856,Founder and Owner Targa Communications,Management,en,Founder and Owner Targa Communications
5857,Marketing Chef and Founder,Management,en,Marketing Chef and Founder
5858,Marketing Specialist and Owner @ New Age SEO,Management,en,Marketing Specialist and Owner @ New Age SEO
5859,Product Owner Digital Marketing,Management,en,Product Owner Digital Marketing
5860,CRM & Data Services / Product Owner Vertriebsprozesse,Management,de,CRM & Data Services / Product Owner sales processes
5861,D&A Technologies CEO & Founder - Salesforce Pure Player,Management,en,D&A Technologies CEO & Founder - Salesforce Pure Player
5862,Founder and Account Manager,Management,en,Founder and Account Manager
5863,Global Product Owner - Sales Cloud Platform,Management,en,Global Product Owner - Sales Cloud Platform
5864,Product Owner at House of Digital Sales,Management,en,Product Owner at House of Digital Sales
5865,Product Owner Salesforce,Management,en,Product Owner Salesforce
5866,Responsable Equipe SI FM / IT Owner Projet Salesforce FSL,Management,en,Responsable Equipe SI FM / IT Owner Projet Salesforce FSL
5867,Salesforce CRM Specialist / Product Owner,Management,en,Salesforce CRM Specialist / Product Owner
5868,Salesforce Owner,Management,en,Salesforce Owner
5869,Salesforce Product Owner,Management,en,Salesforce Product Owner
5870,Applications-Management,Senior,en,Applications-Management
5871,Betriebswirtschaft/Management,Senior,de,Business administration/management
5872,Buchhaltung und Office Management,Senior,de,Accounting and Office Management
5873,Change Management,Senior,en,Change Management
5874,Chef de projet Lead Management Trade & Event West Mediterranean,Senior,nl,Project Manager Lead Management Trade & Event West Mediterranean
5875,Client Relationship Management,Senior,en,Client Relationship Management
5876,Company Management,Senior,en,Company Management
5877,COO and Member of the Board / Vorstand Systemhaus Holding und Managed Services,Senior,de,COO and Member of the Board / Board of Management Systemhaus Holding and Managed Services
5878,Corporate Brand Management,Senior,en,Corporate Brand Management
5879,CSR&Sustainability-Management,Senior,en,CSR&Sustainability-Management
5880,Customer Relationship Management,Senior,en,Customer Relationship Management
5881,Customer Relationship Management Analyst,Senior,en,Customer Relationship Management Analyst
5882,Customer Relationship Management e-Media,Senior,en,Customer Relationship Management e-Media
5883,Customer Relationship Management Specialist,Senior,en,Customer Relationship Management Specialist
5884,Customer Relationship Management Specialist @ KELLER,Senior,en,Customer Relationship Management Specialist @ KELLER
5885,Data Management Lead,Senior,en,Data Management Lead
5886,Daten-Management,Senior,ur,Data management
5887,Direktor Fördermittel-Management,Senior,de,Director of Funding Management
5888,Doktorand / Wissenschaftlicher Mitarbeiter Lehrstuhl für Supply Chain Management (DE - Nürnberg),Senior,de,Doctoral student / Research assistant Chair of Supply Chain Management (DE - Nürnberg)
5889,Event Management and Community Involvement Specialist,Senior,en,Event Management and Community Involvement Specialist
5890,Event Management Specialist,Senior,en,Event Management Specialist
5891,Expert Project- / Process Management Logistics,Senior,en,Expert Project- / Process Management Logistics
5892,General Management,Senior,en,General Management
5893,Geschäftsführender Gesellschafter/ Managing Par...,Senior,de,Managing Partner/Managing Par...
5894,Geschäftsführender Gesellschafter/Managing Partner,Senior,de,Managing Partner/Managing Partner
5895,Geschäftsführer / Managing Partner,Senior,de,Managing Director / Managing Partner
5896,Geschäftsführer/Gesellschafter (Managing Partner),Senior,de,Managing Director/Partner (Managing Partner)
5897,Geschäftsführer/Managing,Senior,de,Managing Director/Managing
5898,Geschäftsführung / Management,Senior,de,Management / Management
5899,Global Account Management,Senior,en,Global Account Management
5900,Global Head of Key Account Management,Senior,en,Global Head of Key Account Management
5901,Global Head Product Management Repair,Senior,en,Global Head Product Management Repair
5902,Graduate Management Trainee,Senior,en,Graduate Management Trainee
5903,Group Head Of Customer Value Management,Senior,en,Group Head Of Customer Value Management
5904,Head of Brand Management,Senior,en,Head of Brand Management
5905,Head of Brand Management DACH,Senior,en,Head of Brand Management DACH
5906,Head of Content Management,Senior,en,Head of Content Management
5907,Head of Continuous Improvement and Compliance Management,Senior,en,Head of Continuous Improvement and Compliance Management
5908,Head of Corporate Design and Customer Relationship Management,Senior,en,Head of Corporate Design and Customer Relationship Management
5909,Head Of Customer Experience Management and Data Analytics,Senior,en,Head Of Customer Experience Management and Data Analytics
5910,Head of Customer Relationship Management,Senior,en,Head of Customer Relationship Management
5911,Head of Dataquality Management,Senior,en,Head of Dataquality Management
5912,Head of Event Management,Senior,en,Head of Event Management
5913,Head of Global Brand Management,Senior,en,Head of Global Brand Management
5914,Head of Global Processes & Data Management (Exe...,Senior,en,Head of Global Processes & Data Management (Exe...
5915,Head of Key Account Management,Senior,en,Head of Key Account Management
5916,Head of Key Account Management & Strategic Alliances,Senior,en,Head of Key Account Management & Strategic Alliances
5917,Head of Key Account Management / Member of the Leadership Team Switzerland,Senior,en,Head of Key Account Management / Member of the Leadership Team Switzerland
5918,Head of Key Account Management Hotel & Gastronomy,Senior,en,Head of Key Account Management Hotel & Gastronomy
5919,Head of Managed Enterprise Services,Senior,en,Head of Managed Enterprise Services
5920,Head of Managed Hosting,Senior,en,Head of Managed Hosting
5921,Head of Process and Performance Management. Gro...,Senior,en,Head of Process and Performance Management. Gro...
5922,Head of Product Management,Senior,en,Head of Product Management
5923,Head of Product Solution Management,Senior,en,Head of Product Solution Management
5924,Head of Project Management,Senior,en,Head of Project Management
5925,Head of Quality Management,Senior,en,Head of Quality Management
5926,Head of Quality Management & Software Development Services,Senior,en,Head of Quality Management & Software Development Services
5927,Head of RCM (Run Client Management),Senior,en,Head of RCM (Run Client Management)
5928,Head of Regional Key Account Management,Senior,en,Head of Regional Key Account Management
5929,Head of Relationship Management,Senior,en,Head of Relationship Management
5930,Head of Relationship Management & Expansion,Senior,en,Head of Relationship Management & Expansion
5931,Head of Strategic Project Management,Senior,en,Head of Strategic Project Management
5932,Head of Technical Product Management,Senior,en,Head of Technical Product Management
5933,Head of Trade Partner Management Worldwide,Senior,en,Head of Trade Partner Management Worldwide
5934,Head of Visitor Management,Senior,en,Head of Visitor Management
5935,Head Project Management / Consulting,Senior,en,Head Project Management / Consulting
5936,Helping Keal Technology stay the Canadian Leader in Broker Management Solutions,Senior,en,Helping Keal Technology stay the Canadian Leader in Broker Management Solutions
5937,Influencer Management,Senior,en,Influencer Management
5938,Information Management,Senior,en,Information Management
5939,Infrastructure & Data Management (IDM),Senior,it,Infrastructure & Data Management (IDM)
5940,Interim Management & Führungsberatung für komplexe Projektaufgaben,Senior,de,Interim management & management consulting for complex project tasks
5941,Key Account Management,Senior,en,Key Account Management
5942,Key-Account-Management,Senior,en,Key-Account-Management
5943,Lead Management,Senior,en,Lead Management
5944,Lead Management / Recruiting,Senior,en,Lead Management / Recruiting
5945,Lead Transformation & Information Management,Senior,en,Lead Transformation & Information Management
5946,Management,Senior,en,Management
5947,Management & Accounting,Senior,en,Management & Accounting
5948,Management Board,Senior,en,Management Board
5949,Management Systems & Approval,Senior,en,Management Systems & Approval
5950,Management Trainee,Senior,en,Management Trainee
5951,Managementassistentin,Senior,en,Managementassistentin
5952,Managing Partner,Senior,en,Managing Partner
5953,Managing Partner | Dieter von Holtzbrinck Ventures,Senior,de,Managing Partner 的 Dieter von Holtzbrinck Ventures
5954,Managing Partner der Umarex GmbH & Co. KG,Senior,de,Managing Partner of Umarex GmbH & Co. KG
5955,Media Management,Senior,en,Media Management
5956,Member of Management,Senior,en,Member of Management
5957,Meter-Data-Management,Senior,en,Meter-Data-Management
5958,MobileDeviceManagement,Senior,en,MobileDeviceManagement
5959,Office Management / Teamassistenz,Senior,de,Office Management / Team Assistance
5960,Office Management Professional / Facility,Senior,en,Office Management Professional / Facility
5961,Order Management,Senior,en,Order Management
5962,Order Managment,Senior,en,Order Managment
5963,Partner Management,Senior,en,Partner Management
5964,Partner Management | Working student,Senior,en,Partner Management | Working student
5965,Portfolio & Partner Management,Senior,en,Portfolio & Partner Management
5966,Principal Product and Client Management,Senior,en,Principal Product and Client Management
5967,Product Management & Design,Senior,en,Product Management & Design
5968,Product Management | UX Design,Senior,en,Product Management | UX Design
5969,Produkt Management,Senior,de,Product management
5970,Project & Demand Management,Senior,en,Project & Demand Management
5971,Project Management - Working Student,Senior,en,Project Management - Working Student
5972,Project Management Fairs international,Senior,en,Project Management Fairs international
5973,Projekt Management,Senior,el,Project management
5974,Quality and Operation Management,Senior,en,Quality and Operation Management
5975,Recruiting Specialist & Managing Partner,Senior,en,Recruiting Specialist & Managing Partner
5976,Referentin Event Management,Senior,tr,Event Management Speaker
5977,SD Global Strategic Account Management (Commercial Leadership team),Senior,en,SD Global Strategic Account Management (Commercial Leadership team)
5978,Solution Architect | Managing Partner,Senior,en,Solution Architect | Managing Partner
5979,Specialist Event Management,Senior,en,Specialist Event Management
5980,Supply Chain Management,Senior,en,Supply Chain Management
5981,Supply Chain Management und Customer Service Center,Senior,en,Supply Chain Management und Customer Service Center
5982,Team Lead Application Management,Senior,en,Team Lead Application Management
5983,Team Lead Projekt Management Office,Senior,en,Team Lead Projekt Management Office
5984,Team Leader Event Management,Senior,en,Team Leader Event Management
5985,Teamlead Lead Management,Senior,en,Teamlead Lead Management
5986,Texten/Content Management,Senior,en,Texten/Content Management
5987,Top Management,Senior,en,Top Management
5988,Veranstaltungsmanagement: Event-Management,Senior,de,Event management: Event management
5989,Vorstand und Managing Partner,Senior,de,Management Board and Managing Partner
5990,WERTGARANTIE Management GmbH,Senior,de,VALUE GUARANTEE Management GmbH
5991,Management Accountant/ Controllerin,Senior,tr,Management Accountant/ Controllerin
5992,Assistentin der Geschäftsführung / Management Office,Senior,de,Assistant to the management / management office
5993,Assistentin Management,Senior,en,Assistentin Management
5994,Office Management & Assistenz,Senior,de,Office Management & Assistance
5995,Business Application Management,Senior,en,Business Application Management
5996,Business Developer & Partner Management,Senior,en,Business Developer & Partner Management
5997,Business Development & Management Consultancy,Senior,en,Business Development & Management Consultancy
5998,Business Development and Multi-project Management,Senior,en,Business Development and Multi-project Management
5999,Business Development I Commercial I Contracts & Tender Management,Senior,en,Business Development I Commercial I Contracts & Tender Management
6000,Business Development Management,Senior,en,Business Development Management
6001,Business Management,Senior,en,Business Management
6002,Business Processes - Solution Management - SAP Authority,Senior,en,Business Processes - Solution Management - SAP Authority
6003,Deputy Head of Business Development Management,Senior,en,Deputy Head of Business Development Management
6004,Digital Business Management,Senior,en,Digital Business Management
6005,Experte für internationales Business Process Management und Project Management,Senior,de,Expert for international business process management and project management
6006,Head Business Application Management,Senior,en,Head Business Application Management
6007,Head of Business Process Management,Senior,en,Head of Business Process Management
6008,Head of Product Management Business Unit Plastics & Advanced Industries,Senior,en,Head of Product Management Business Unit Plastics & Advanced Industries
6009,Head of Project Management and Business Development,Senior,en,Head of Project Management and Business Development
6010,Key Account Management | Business Development,Senior,en,Key Account Management | Business Development
6011,Strategic Key Account Management/Business Development,Senior,en,Strategic Key Account Management/Business Development
6012,Teamleader Business Development & Key Account Management,Senior,en,Teamleader Business Development & Key Account Management
6013,Change Management and Transformation Consultant,Senior,en,Change Management and Transformation Consultant
6014,Change Management Consultant,Senior,en,Change Management Consultant
6015,Consultant Lean Management,Senior,en,Consultant Lean Management
6016,Consultant Supply Chain Management,Senior,en,Consultant Supply Chain Management
6017,Management Consultant,Senior,en,Management Consultant
6018,Management Consultant (Strategy Consulting),Senior,en,Management Consultant (Strategy Consulting)
6019,Managing Consultant,Senior,en,Managing Consultant
6020,Project Management / IT Consultant,Senior,en,Project Management / IT Consultant
6021,Office Management & HR,Senior,en,Office Management & HR
6022,Client Lead Digital & Management Supervisor Digital Innovation,Senior,en,Client Lead Digital & Management Supervisor Digital Innovation
6023,Customer Relationship Management Administrator,Senior,en,Customer Relationship Management Administrator
6024,Global Head IT Application Management,Senior,en,Global Head IT Application Management
6025,Global IT - Application Management,Senior,en,Global IT - Application Management
6026,Group IT Operations & Applications Management,Senior,en,Group IT Operations & Applications Management
6027,GS-IT App Management,Senior,en,GS-IT App Management
6028,Head of Digital Management,Senior,en,Head of Digital Management
6029,Head Of Digital Product Management,Senior,en,Head Of Digital Product Management
6030,Head of IT & Process Management,Senior,en,Head of IT & Process Management
6031,Head of IT Application Management,Senior,en,Head of IT Application Management
6032,Head of IT Customer Relationship Management,Senior,en,Head of IT Customer Relationship Management
6033,Head of IT-Project Management Applications,Senior,en,Head of IT-Project Management Applications
6034,IT Management Strategic Market Development,Senior,en,IT Management Strategic Market Development
6035,IT Service Management: Erfolg durch Erfahrung,Senior,de,IT Service Management: Success through experience
6036,IT Specialist Data Management,Senior,en,IT Specialist Data Management
6037,IT Strategy and Management,Senior,en,IT Strategy and Management
6038,IT-Management,Senior,it,IT-Management
6039,IT-Systemberater Mobile Device Management,Senior,en,IT-Systemberater Mobile Device Management
6040,CRM Customer Relationship Management,Senior,en,CRM Customer Relationship Management
6041,CRM Portfolio Management / Gründerin CRM Einheit,Senior,de,CRM Portfolio Management / Founder CRM Unit
6042,CRM Project Management,Senior,en,CRM Project Management
6043,Customer Relationship Management (CRM),Senior,en,Customer Relationship Management (CRM)
6044,Customer Relationship Management (CRM) Specialist,Senior,en,Customer Relationship Management (CRM) Specialist
6045,Head of CRM & Channel-Management,Senior,en,Head of CRM & Channel-Management
6046,Head of CRM and Data Management,Senior,en,Head of CRM and Data Management
6047,Head of Customer Relationship Management (CRM),Senior,en,Head of Customer Relationship Management (CRM)
6048,Head of Digital Customer Management & CRM,Senior,en,Head of Digital Customer Management & CRM
6049,IT Project Management CRM international,Senior,en,IT Project Management CRM international
6050,Lead Management & CRM,Senior,en,Lead Management & CRM
6051,Lead-Management & CRM,Senior,en,Lead-Management & CRM
6052,Market Management / Head of CRM & Commercial Sy...,Senior,en,Market Management / Head of CRM & Commercial Sy...
6053,Office Management / CRM / sales / Standortverantwortung,Senior,de,Office Management / CRM / sales / location responsibility
6054,Team Lead CRM / Digital Product Management,Senior,en,Team Lead CRM / Digital Product Management
6055,Teamleader Data Management & CRM,Senior,en,Teamleader Data Management & CRM
6056,Unit Lead CRM & Campaign Management,Senior,en,Unit Lead CRM & Campaign Management
6057,Account Management & Event Marketing,Senior,en,Account Management & Event Marketing
6058,Area Sales & Marketing Management,Senior,en,Area Sales & Marketing Management
6059,Business Development Home & Interiors Marketing Management,Senior,en,Business Development Home & Interiors Marketing Management
6060,Campaign Management &  Online Product Marketing,Senior,en,Campaign Management &  Online Product Marketing
6061,Consultant Marketing und Sales Management,Senior,de,Consultant Marketing and Sales Management
6062,CRM Project and Marketing Management,Senior,en,CRM Project and Marketing Management
6063,Digital Marketing Data Management,Senior,en,Digital Marketing Data Management
6064,Direct Sales Management & Marketing,Senior,en,Direct Sales Management & Marketing
6065,Event & Customer Management / Marketing & Business Development,Senior,en,Event & Customer Management / Marketing & Business Development
6066,Event Staffing Specialist/Internet Marketing & Website Management Consultant,Senior,en,Event Staffing Specialist/Internet Marketing & Website Management Consultant
6067,Fair/Event Management & Digital Marketing,Senior,en,Fair/Event Management & Digital Marketing
6068,Global Head of Marketing & Commercial Product Management,Senior,en,Global Head of Marketing & Commercial Product Management
6069,Head of Global Industry Management (Strategisches Marketing),Senior,en,Head of Global Industry Management (Strategisches Marketing)
6070,Head of Marketing & Lead Management,Senior,en,Head of Marketing & Lead Management
6071,Head of Marketing & Partner Management,Senior,en,Head of Marketing & Partner Management
6072,Head of Marketing & Product Management,Senior,en,Head of Marketing & Product Management
6073,Head of Marketing Communications and Brand Management,Senior,en,Head of Marketing Communications and Brand Management
6074,Head of Marketing Resource Management,Senior,en,Head of Marketing Resource Management
6075,Head of Product Manag & Marketing,Senior,en,Head of Product Manag & Marketing
6076,Head of Sales Management | Global Marketing & S...,Senior,en,Head of Sales Management | Global Marketing & S...
6077,Head Product Management & Marketing,Senior,en,Head Product Management & Marketing
6078,Innovation Management and Marketing,Senior,en,Innovation Management and Marketing
6079,Int. Marketing & Congress Management,Senior,en,Int. Marketing & Congress Management
6080,International Marketing Management,Senior,en,International Marketing Management
6081,Internationales Management und Marketing,Senior,de,International Management and Marketing
6082,Key Account Management & Marketing Services,Senior,en,Key Account Management & Marketing Services
6083,Management des projets Marketing & Communication,Senior,fr,Project Management Marketing & Communication
6084,Management Marketing,Senior,en,Management Marketing
6085,Management Trainee - Marketing/Vertrieb,Senior,de,Management Trainee - Marketing/Distribution
6086,Management-Assistentin - Marketing - Events,Senior,tr,Management-Assistentin - Marketing - Events
6087,Management-Assistentin/ Marketing,Senior,tr,Management Assistant/Marketing
6088,Managementassistenz & Marketing,Senior,de,Management Assistance & Marketing
6089,Managing Partner globeone  -  Global Brand Management & Corporate Communication Expert,Senior,en,Managing Partner globeone  -  Global Brand Management & Corporate Communication Expert
6090,Marketing & Business Management,Senior,en,Marketing & Business Management
6091,Marketing & Event Management,Senior,en,Marketing & Event Management
6092,Marketing & Management Professional,Senior,en,Marketing & Management Professional
6093,Marketing & Project Management Coordinator,Senior,en,Marketing & Project Management Coordinator
6094,Marketing & Sales Management,Senior,en,Marketing & Sales Management
6095,Marketing / Events Management,Senior,en,Marketing / Events Management
6096,Marketing / Qualitäts-Management-Beauftragte,Senior,de,Marketing / Quality Management Officer
6097,Marketing | Customer Relationship Management,Senior,en,Marketing | Customer Relationship Management
6098,Marketing Communication & Event Management,Senior,en,Marketing Communication & Event Management
6099,Marketing Communications & Event Management,Senior,en,Marketing Communications & Event Management
6100,Marketing Communications | Live Experience | Digital Event | Project Management | Strategy | Planning,Senior,en,Marketing Communications | Live Experience | Digital Event | Project Management | Strategy | Planning
6101,Marketing Communications Management,Senior,en,Marketing Communications Management
6102,Marketing Management,Senior,en,Marketing Management
6103,Marketing Specialist Digital Innovation & Lead Management,Senior,en,Marketing Specialist Digital Innovation & Lead Management
6104,Marketing Spezialist - Digitale Projekte und Event Management,Senior,de,Marketing Specialist - Digital Projects and Event Management
6105,Marketing und Management,Senior,de,Marketing and Management
6106,Marketing- und Managementassistentin,Senior,de,Marketing and Management Assistant
6107,Marketingkommunikation / Event Management,Senior,hi,Marketingkommunikation / Event Management
6108,Performance Marketing Professional Event Management DACH,Senior,de,Performance Marketing Professional Event Management DACH
6109,Project Management & Marketing,Senior,en,Project Management & Marketing
6110,Project Management Marketing,Senior,en,Project Management Marketing
6111,Roadshow & Event Management - Identity & Communications,Senior,en,Roadshow & Event Management - Identity & Communications
6112,Sales Management & Marketing Officer,Senior,en,Sales Management & Marketing Officer
6113,Strategisches Marketing & Sales Management,Senior,de,Strategic Marketing & Sales Management
6114,Teamleader Account Management - Marketing & Sales Services,Senior,en,Teamleader Account Management - Marketing & Sales Services
6115,Account Management & Sales,Senior,en,Account Management & Sales
6116,Business Analyst / Sales & Partner Management,Senior,en,Business Analyst / Sales & Partner Management
6117,Business Process Management - Sales,Senior,en,Business Process Management - Sales
6118,CoE Customer Relationship Managment / Sales,Senior,en,CoE Customer Relationship Managment / Sales
6119,CRM & Sales Support Wealth and Asset Management,Senior,en,CRM & Sales Support Wealth and Asset Management
6120,Data Management / Administration CRM SalesForce / Chef de projet fonctionnel,Senior,fr,Data Management / Administration CRM SalesForce / Functional Project Manager
6121,Facility Management - Vertrieb und Kalkulation,Senior,de,Facility Management - Sales and Calculation
6122,Head of Area Sales Management,Senior,en,Head of Area Sales Management
6123,Head of Group Regional Sales Management,Senior,en,Head of Group Regional Sales Management
6124,Head of GSS Sales & Relationship Management,Senior,en,Head of GSS Sales & Relationship Management
6125,Head of Inhouse Sales Management,Senior,en,Head of Inhouse Sales Management
6126,Head of Order Management Sales & Service,Senior,en,Head of Order Management Sales & Service
6127,Head of Product Management | Head of Sales Processing,Senior,en,Head of Product Management | Head of Sales Processing
6128,Head of Product Management and PreSales,Senior,en,Head of Product Management and PreSales
6129,Head of Project Management & Project Sales,Senior,en,Head of Project Management & Project Sales
6130,Head of Sales - Partner & Keyaccount Management,Senior,en,Head of Sales - Partner & Keyaccount Management
6131,Head of Sales & Account Management,Senior,en,Head of Sales & Account Management
6132,Head of Sales & Account Management Frankfurt,Senior,en,Head of Sales & Account Management Frankfurt
6133,Head of Sales & Event Management,Senior,en,Head of Sales & Event Management
6134,Head of Sales & Key Account Management,Senior,en,Head of Sales & Key Account Management
6135,Head of Sales & Product Management,Senior,en,Head of Sales & Product Management
6136,Head of Sales & Project Management,Senior,en,Head of Sales & Project Management
6137,Head of Sales / Member of the Management Team,Senior,en,Head of Sales / Member of the Management Team
6138,Head of Sales and Account Management,Senior,en,Head of Sales and Account Management
6139,Head of Sales and Account Management Germany,Senior,en,Head of Sales and Account Management Germany
6140,Head of Sales and Key Account Management,Senior,en,Head of Sales and Key Account Management
6141,Head of Sales DACH & Account Management,Senior,en,Head of Sales DACH & Account Management
6142,Head of Sales Germany and Product Management,Senior,en,Head of Sales Germany and Product Management
6143,Head of Sales Management,Senior,en,Head of Sales Management
6144,Head of Sales Platforms & Customer Management,Senior,en,Head of Sales Platforms & Customer Management
6145,Head of Sales Systems / CRM & Campaign Management,Senior,en,Head of Sales Systems / CRM & Campaign Management
6146,Head of Strategic Sales Management,Senior,en,Head of Strategic Sales Management
6147,Head of Territory Sales Management,Senior,en,Head of Territory Sales Management
6148,Head Sales Management & Support,Senior,en,Head Sales Management & Support
6149,International Sales Management,Senior,en,International Sales Management
6150,IT Projekt Management / CRM Salesforce Admin / Trainings-Management SAP,Senior,en,IT Projekt Management / CRM Salesforce Admin / Trainings-Management SAP
6151,IT Vertrieb und Account Management/ Datacenter,Senior,de,IT Sales and Account Management / Datacenter
6152,Lead Sales Management,Senior,en,Lead Sales Management
6153,Management & Sales,Senior,en,Management & Sales
6154,Markt- und VertriebsManagement: Vertriebsmanage...,Senior,de,Market and Sales Management: Sales Management...
6155,Marktplatz Vertrieb und Key Account Management,Senior,de,Marketplace Sales and Key Account Management
6156,Order Management und Inside Sales,Senior,en,Order Management und Inside Sales
6157,Sales & Business Development Management,Senior,en,Sales & Business Development Management
6158,Sales Account Management,Senior,en,Sales Account Management
6159,Sales Address Management,Senior,en,Sales Address Management
6160,Sales Coach & Project Management,Senior,en,Sales Coach & Project Management
6161,Sales Coordinator and Operations Management,Senior,en,Sales Coordinator and Operations Management
6162,Sales director Germany / Head of Key Account Management Germany,Senior,en,Sales director Germany / Head of Key Account Management Germany
6163,Sales Excellence - Customer Experience Management,Senior,en,Sales Excellence - Customer Experience Management
6164,Sales Management,Senior,en,Sales Management
6165,Sales Management - Direktvertrieb,Senior,de,Sales Management - Direct Sales
6166,Sales Process Management,Senior,en,Sales Process Management
6167,Sales Support Key Account Management,Senior,en,Sales Support Key Account Management
6168,Specialist Inside Sales Management Europe & LAA,Senior,en,Specialist Inside Sales Management Europe & LAA
6169,Strategic Sales Management,Senior,en,Strategic Sales Management
6170,Team Lead Sales Strategy and Process Management,Senior,en,Team Lead Sales Strategy and Process Management
6171,Trainee Sales Management,Senior,en,Trainee Sales Management
6172,Vertrieb / Key Account Management,Senior,de,Sales / Key Account Management
6173,Vertrieb // Business Development Management,Senior,de,Sales // Business Development Management
6174,VertriebsKommunikation + -Management,Senior,de,SalesCommunication + Management
6175,Account Management Support,Senior,en,Account Management Support
6176,Interim CEO | MD | CSO - Sales & Performance Management Consultant,Senior,hi,Interim CEO | MD | CSO - Sales & Performance Management Consultant
6177,Abteilungsdirektor Sales & Relationship Managem...,Senior,nl,Department Director Sales & Relationship Management...
6178,Vertriebsdirektor Asset Management,Senior,de,Sales Director Asset Management
6179,Gruppenleiter Project Management Office & Proce...,Senior,de,Group Leader Project Management Office & Proce...
6180,Teamleiter Account Management,Senior,ru,Team leader account management
6181,Teamleiter Customer Relationship Management,Senior,de,Team Leader Customer Relationship Management
6182,Teamleiter Key Account Management,Senior,ru,Team Leader Key Account Management
6183,Teamleiter Managed Services,Senior,de,Team Leader Managed Services
6184,Teamleiter Technisches Property Management,Senior,de,Team Leader Technical Property Management
6185,Teamleiter Business Prozess Management,Senior,de,Team Leader Business Process Management
6186,Gruppenleiter Messe & Event Management,Senior,de,Group Leader Fair & Event Management
6187,Bereichsleiter Vertrieb & Service Management,Senior,de,Head of Sales & Service Management
6188,Managing Consultant / Teamleiter Vertrieb / Büroleiter,Senior,de,Managing Consultant / Team Manager Sales / Office Manager
6189,Teamleiter Key Account Management Support,Senior,de,Team Leader Key Account Management Support
6190,"Leiter ""Master Data Management""",Senior,de,"Head of ""Master Data Management"""
6191,Leiter Akquisition & Key Account Management Modernisation,Senior,de,Head of Acquisition & Key Account Management Modernisation
6192,Leiter Application Management,Senior,de,Head of Application Management
6193,Leiter Channel Management,Senior,de,Head of Channel Management
6194,Leiter eProduct Management,Senior,de,Head of eProduct Management
6195,Leiter Key Account Management,Senior,de,Head of Key Account Management
6196,Leiter Managed Services,Senior,ur,Leiter Managed Services
6197,Leiter Order Management,Senior,de,Head of Order Management
6198,Leiter Process Management,Senior,de,Head of Process Management
6199,Leiterin Office Management,Senior,it,Head of Office Management
6200,Teamleitung Key Account Management,Senior,de,Team Leader Key Account Management
6201,Leiter Business Process Management,Senior,de,Head of Business Process Management
6202,Leiter Business Process Management/Rekrutierung,Senior,de,Head of Business Process Management/Recruitment
6203,Leiter IT Service Management,Senior,de,Head of IT Service Management
6204,Leiter IT-Management,Senior,de,Head of IT Management
6205,Bereichsleitung Key Account Management CRM,Senior,de,Key Account Management CRM
6206,Leiter Customer Relationship Management (CRM),Senior,en,Leiter Customer Relationship Management (CRM)
6207,AGV/IT Leiter Projekt-Management (Messe Kontakt),Senior,de,AGV/IT Head of Project Management (Trade Fair Contact)
6208,Leiter Marketing / International Brand Management,Senior,de,Head of Marketing / International Brand Management
6209,Leiter Marketing Management,Senior,de,Head of Marketing Management
6210,Leiter Marketing und Managementsysteme,Senior,de,Head of Marketing and Management Systems
6211,Leiter Social Media & Community Management / Kommunikation,Senior,de,Head of Social Media & Community Management / Communication
6212,Leiterin Marketing / Produkt Management,Senior,de,Head of Marketing / Product Management
6213,Leiter Operations Management,Senior,en,Leiter Operations Management
6214,Leiter Area Sales Management D-A-CH,Senior,de,Head of Area Sales Management D-A-CH
6215,Leiter Regional Sales Management National,Senior,en,Leiter Regional Sales Management National
6216,Leiter Sales Systems & Process Management / Leiter VID/KD,Senior,de,Head of Sales Systems & Process Management / Head of VID/KD
6217,Leiter Vertrieb Consulting und Managed Services,Senior,de,Head of Sales Consulting and Managed Services
6218,Leiter Vertrieb Industrie und Key Account Management,Senior,de,Head of Sales Industry and Key Account Management
6219,Leiter Vertrieb Managed Services / IT-Strategie...,Senior,de,Head of Sales Managed Services / IT Strategy...
6220,Leiter Vertrieb und Key Account Management,Senior,de,Head of Sales and Key Account Management
6221,Leiter Vertriebssteuerung / Key Account Management,Senior,de,Head of Sales Management / Key Account Management
6222,Vertriebsleitung / Sales Management,Senior,de,Sales Management / Sales Management
6223,Account Executive,Senior,en,Account Executive
6224,Account Executive Automotive DACH,Senior,de,Account Executive Automotive DACH
6225,Account Executive SaaS,Senior,en,Account Executive SaaS
6226,Acquisition Executive,Senior,en,Acquisition Executive
6227,Cloud Services Executive,Senior,en,Cloud Services Executive
6228,Customer Executive,Senior,en,Customer Executive
6229,Enterprise Account Executive,Senior,en,Enterprise Account Executive
6230,Executive board,Senior,en,Executive board
6231,Executive Board Member,Senior,en,Executive Board Member
6232,Executive Chairman,Senior,en,Executive Chairman
6233,Executive In Residence,Senior,en,Executive In Residence
6234,Executive Recruiter,Senior,en,Executive Recruiter
6235,Executive Researcher -Travis Research & CER Sourcing - lucy@travisresearch.co.uk,Senior,en,Executive Researcher -Travis Research & CER Sourcing - lucy@travisresearch.co.uk
6236,Executive Search,Senior,en,Executive Search
6237,Field Account Executive,Senior,en,Field Account Executive
6238,Head Executive Search & Partner,Senior,en,Head Executive Search & Partner
6239,"Account Executive""",Senior,en,"Account Executive"""
6240,Inhaberin  Leadership & Executive Development,Senior,de,Owner Leadership & Executive Development
6241,Interim Executive - Agent of Change,Senior,en,Interim Executive - Agent of Change
6242,Interim Management | Executive Search | Unified...,Senior,en,Interim Management | Executive Search | Unified...
6243,Jr. Account Executive,Senior,en,Jr. Account Executive
6244,Logistics & Supply Chain Executive Recruiter,Senior,en,Logistics & Supply Chain Executive Recruiter
6245,Member of the Executive Board,Senior,en,Member of the Executive Board
6246,Mid-Market Account Executive,Senior,en,Mid-Market Account Executive
6247,Sr. Executive Design & Estimations,Senior,en,Sr. Executive Design & Estimations
6248,Strategic Partnerships Executive,Senior,en,Strategic Partnerships Executive
6249,Teamlead & Enterprise Account Executive DACH,Senior,en,Teamlead & Enterprise Account Executive DACH
6250,Xerox Account Executive,Senior,en,Xerox Account Executive
6251,Business Development Account Executive,Senior,en,Business Development Account Executive
6252,Business Development Executive,Senior,en,Business Development Executive
6253,Business Development Executive Asset Management | Insurance,Senior,en,Business Development Executive Asset Management | Insurance
6254,Business Development Executive DACH,Senior,de,Business Development Executive DACH
6255,New Business Executive,Senior,en,New Business Executive
6256,Executive Consultant,Senior,en,Executive Consultant
6257,Business Development and Marketing Executive,Senior,en,Business Development and Marketing Executive
6258,Customer Marketing Executive,Senior,en,Customer Marketing Executive
6259,Digital Marketing Executive,Senior,en,Digital Marketing Executive
6260,Head of Sales Executive and Sales & Marketing M...,Senior,en,Head of Sales Executive and Sales & Marketing M...
6261,International Marketing Executive,Senior,en,International Marketing Executive
6262,Marketing & Channel Sales Executive,Senior,en,Marketing & Channel Sales Executive
6263,Marketing & Sales Executive,Senior,en,Marketing & Sales Executive
6264,Marketing and Events Executive,Senior,en,Marketing and Events Executive
6265,Marketing Executive,Senior,en,Marketing Executive
6266,Marketing Executive - DACH,Senior,hi,Marketing Executive - DACH
6267,Marketing Executive (Messe Kontakt),Senior,ur,Marketing Executive (Exhibition Contact)
6268,Marketing Executive | CRM Marketing | B2B | Commercial Services | German Market at American Express,Senior,en,Marketing Executive | CRM Marketing | B2B | Commercial Services | German Market at American Express
6269,Marketing Executive DACH,Senior,hi,Marketing Executive DACH
6270,Marketing Executive Germany,Senior,de,Marketing Executive Germany
6271,Nuvias Marketing Executive,Senior,pt,Nuvias Marketing Executive
6272,PR & Marketing Executive,Senior,en,PR & Marketing Executive
6273,Regional Marketing Executive DACH,Senior,hi,Regional Marketing Executive DACH
6274,Sr. Marketing Operations Executive,Senior,en,Sr. Marketing Operations Executive
6275,Trade Marketing Executive,Senior,en,Trade Marketing Executive
6276,Vendor Marketing Executive & Events,Senior,en,Vendor Marketing Executive & Events
6277,Channel Sales Executive,Senior,en,Channel Sales Executive
6278,Enterprise Sales Executive,Senior,en,Enterprise Sales Executive
6279,Export Sales Executive,Senior,en,Export Sales Executive
6280,External Sales Account Executive,Senior,en,External Sales Account Executive
6281,Global Executive Officer Global Sales Support,Senior,en,Global Executive Officer Global Sales Support
6282,Inside Sales Executive,Senior,en,Inside Sales Executive
6283,Sales Account Executive | I-Goal,Senior,en,Sales Account Executive | I-Goal
6284,Sales Executive,Senior,en,Sales Executive
6285,Sales Executive - Data Centre Services,Senior,en,Sales Executive - Data Centre Services
6286,Sales Executive - Eastern Europe,Senior,en,Sales Executive - Eastern Europe
6287,Sales Executive D/A/CH,Senior,pt,Sales Executive D/A/CH
6288,Sales Executive D-A-CH,Senior,pt,Sales Executive D-A-CH
6289,Sales Executive SE,Senior,en,Sales Executive SE
6290,Sales Leader| Qlik OEM | Executive Commercial Management| Speaker | Consultant | Healthcare IT & Life Sciences| IoT| Data Catalog | Data Literacy | Mensa,Senior,en,Sales Leader| Qlik OEM | Executive Commercial Management| Speaker | Consultant | Healthcare IT & Life Sciences| IoT| Data Catalog | Data Literacy | Mensa
6291,Solutions Executive - Enterprise Sales,Senior,en,Solutions Executive - Enterprise Sales
6292,Vertriebsinnendienst - Sales Support Executive,Senior,de,Internal Sales Service - Sales Support Executive
6293,Accout Manager Nord,Senior,en,Accout Manager Nord
6294,AE Manager DACH & NORDICS,Senior,ur,AE Manager DACH & NORDICS
6295,Alliance Manager Distribution NFON Group,Senior,en,Alliance Manager Distribution NFON Group
6296,Alliance Managerin,Senior,en,Alliance Managerin
6297,Application Manager,Senior,en,Application Manager
6298,Application Manager BI,Senior,en,Application Manager BI
6299,Application Manager ERP & BI,Senior,en,Application Manager ERP & BI
6300,Applications Manager,Senior,en,Applications Manager
6301,Applications Manager EMEA,Senior,en,Applications Manager EMEA
6302,Area Manager,Senior,en,Area Manager
6303,Area Manager / Key-Account,Senior,en,Area Manager / Key-Account
6304,Article Data Manager,Senior,en,Article Data Manager
6305,Asset Manager,Senior,en,Asset Manager
6306,Assistant,Senior,en,Assistant
6307,Assistant CEO,Senior,en,Assistant CEO
6308,Assistant CFO & COO,Senior,en,Assistant CFO & COO
6309,Assistant commercial et administratif NMC France SAS - B.U. Isolation,Senior,fr,Commercial and administrative assistant NMC France SAS - B.U. Isolation
6310,Assistant COO Corrugated Board Converting Systems,Senior,en,Assistant COO Corrugated Board Converting Systems
6311,Assistant Customer Relationship,Senior,en,Assistant Customer Relationship
6312,Assistant de direction,Senior,nl,Executive assistant
6313,Assistant General Affairs,Senior,en,Assistant General Affairs
6314,Assistant Manager,Senior,en,Assistant Manager
6315,Assistant marketing,Senior,en,Assistant marketing
6316,Assistant Newbuilding Division,Senior,en,Assistant Newbuilding Division
6317,Assistant Project Manager,Senior,en,Assistant Project Manager
6318,Assistant to CEO,Senior,en,Assistant to CEO
6319,Assistant to CFO,Senior,en,Assistant to CFO
6320,Assistant to General Management,Senior,en,Assistant to General Management
6321,Assistant to Holding Management,Senior,en,Assistant to Holding Management
6322,Assistant to the CEO,Senior,en,Assistant to the CEO
6323,Assistante,Senior,en,Assistante
6324,Assistante commerciale,Senior,fr,Sales Assistant
6325,Assistante commerciale et marketing,Senior,fr,Sales and Marketing Assistant
6326,Assistante Commerciale/ADV - France/Export,Senior,fr,Sales Assistant/ADV - France/Export
6327,Assistante communication,Senior,en,Assistante communication
6328,Assistante communication marketing,Senior,en,Assistante communication marketing
6329,Assistante de direction et communication,Senior,fr,Senior Management and Communications Assistant
6330,Assistante de gestion,Senior,fr,Management Assistant
6331,Assistante Direction Commerciale,Senior,nl,Sales Management Assistant
6332,Assistante marketing et communication,Senior,fr,Marketing and Communication Assistant
6333,Assistante technique,Senior,en,Assistante technique
6334,Associate Broker/Manager for Kurfiss Sotheby's International Realty's Rittenhouse Square and Bryn Mawr Offices,Senior,en,Associate Broker/Manager for Kurfiss Sotheby's International Realty's Rittenhouse Square and Bryn Mawr Offices
6335,Associate Manager,Senior,en,Associate Manager
6336,Associate Market Development Manager,Senior,en,Associate Market Development Manager
6337,Associate Market Manager,Senior,en,Associate Market Manager
6338,B2B Event Manager DACH & EMEA,Senior,pt,B2B Event Manager DACH & EMEA
6339,BPI Manager,Senior,en,BPI Manager
6340,Branch Manager,Senior,en,Branch Manager
6341,Brand Manager,Senior,en,Brand Manager
6342,Brand Manager & PR,Senior,en,Brand Manager & PR
6343,Brand Manager Volkswagen Financial Services Ireland,Senior,en,Brand Manager Volkswagen Financial Services Ireland
6344,Brand Managerin Westeuropa,Senior,it,Brand Manager Western Europe
6345,Campaign Manager,Senior,en,Campaign Manager
6346,Campaign Manager EMEA,Senior,nl,Campaign Manager EMEA
6347,Campaign Manager Lead Generation,Senior,en,Campaign Manager Lead Generation
6348,Category Development Manager NE,Senior,en,Category Development Manager NE
6349,CEO / Recruiting Manager (Executive Search),Senior,en,CEO / Recruiting Manager (Executive Search)
6350,Channel Development Manager,Senior,en,Channel Development Manager
6351,Channel Distribution Manager,Senior,en,Channel Distribution Manager
6352,Channel Manager,Senior,en,Channel Manager
6353,Channel Manager D/A/CH,Senior,en,Channel Manager D/A/CH
6354,Channel Manager DACH,Senior,en,Channel Manager DACH
6355,Channel Manager EMEA,Senior,en,Channel Manager EMEA
6356,Chef de Produit / Product Manager,Senior,pt,Product Manager / Product Manager
6357,Chief Executive Manager,Senior,en,Chief Executive Manager
6358,CIO / Organization Development Manager,Senior,en,CIO / Organization Development Manager
6359,CIO -IS Manager,Senior,ur,CIO -IS Manager
6360,Client Engagement Manager,Senior,en,Client Engagement Manager
6361,Client Managerin / Project Managerin,Senior,en,Client Managerin / Project Managerin
6362,Client Relationship Manager,Senior,en,Client Relationship Manager
6363,Client Relationship Manager BA Nord,Senior,en,Client Relationship Manager BA Nord
6364,Client Relationship Manager Global IPM / Health Solutions,Senior,en,Client Relationship Manager Global IPM / Health Solutions
6365,Client Success Manager,Senior,en,Client Success Manager
6366,co-founder and Senior Graphic Designer,Senior,en,co-founder and Senior Graphic Designer
6367,Commercial Excellence Manager,Senior,en,Commercial Excellence Manager
6368,Commercial Excellence Manager DACH,Senior,de,Commercial Excellence Manager DACH
6369,Commercial Insights & Analytics Manager,Senior,en,Commercial Insights & Analytics Manager
6370,Commercial Manager,Senior,en,Commercial Manager
6371,Commercial Manager Civil,Senior,en,Commercial Manager Civil
6372,Commercial Manager Dairy Europe,Senior,en,Commercial Manager Dairy Europe
6373,Commercial Manager Europe,Senior,en,Commercial Manager Europe
6374,Community Manager,Senior,en,Community Manager
6375,Community Managerin,Senior,en,Community Managerin
6376,Conference and Exhibition Manager,Senior,en,Conference and Exhibition Manager
6377,Content Manager,Senior,en,Content Manager
6378,Contracts Manager,Senior,en,Contracts Manager
6379,Corporate Applications Manager,Senior,en,Corporate Applications Manager
6380,Corporate Development Manager,Senior,en,Corporate Development Manager
6381,Corporate Event Manager,Senior,en,Corporate Event Manager
6382,Corporate Project Portfolio Manager,Senior,en,Corporate Project Portfolio Manager
6383,Country Manager,Senior,en,Country Manager
6384,Country Manager - Fingerspitzengefühl,Senior,de,Country Manager - Sensitivity
6385,Country Manager DACH,Senior,en,Country Manager DACH
6386,Country Manager Deutschland,Senior,de,Country Manager Germany
6387,Country Manager Germany,Senior,en,Country Manager Germany
6388,Country Manager Germany / Austria,Senior,en,Country Manager Germany / Austria
6389,Country Manager Industry Verticals Healthcare,Senior,en,Country Manager Industry Verticals Healthcare
6390,Country Manager LPR Deutschland,Senior,de,Country Manager LPR Germany
6391,Country Manager The Netherlands,Senior,en,Country Manager The Netherlands
6392,CSR and Event Manager,Senior,en,CSR and Event Manager
6393,CSR-Manager,Senior,en,CSR-Manager
6394,Customer Care Managerin,Senior,en,Customer Care Managerin
6395,Customer Data Manager,Senior,en,Customer Data Manager
6396,Customer Development Manager,Senior,en,Customer Development Manager
6397,Customer Development Manager E-Commerce,Senior,en,Customer Development Manager E-Commerce
6398,Customer Expansion Manager,Senior,en,Customer Expansion Manager
6399,Customer Manager,Senior,en,Customer Manager
6400,Customer Relation Manager and Process Development,Senior,en,Customer Relation Manager and Process Development
6401,Customer Relations & Team Manager,Senior,en,Customer Relations & Team Manager
6402,Customer Relations Manager,Senior,en,Customer Relations Manager
6403,Customer Relations Manager - Leadership,Senior,en,Customer Relations Manager - Leadership
6404,Customer Relationship Management Manager,Senior,en,Customer Relationship Management Manager
6405,Customer Relationship Manager,Senior,en,Customer Relationship Manager
6406,Customer Relationship Managerin,Senior,en,Customer Relationship Managerin
6407,Customer Service Manager,Senior,en,Customer Service Manager
6408,Customer Service Managerin,Senior,en,Customer Service Managerin
6409,Customer Success Manager,Senior,en,Customer Success Manager
6410,DACH Country Manager,Senior,en,DACH Country Manager
6411,DACH Team Assistant,Senior,en,DACH Team Assistant
6412,Data Manager,Senior,en,Data Manager
6413,Data Manager & BoM Coordinator,Senior,pt,Data Manager & BoM Coordinator
6414,Demand Generation Manager,Senior,en,Demand Generation Manager
6415,Demand Manager,Senior,en,Demand Manager
6416,Department Manager Process Management,Senior,en,Department Manager Process Management
6417,Deputy General Manager,Senior,en,Deputy General Manager
6418,Deputy Head of Equities | Equity Portfolio Manager,Senior,en,Deputy Head of Equities | Equity Portfolio Manager
6419,Development Manager,Senior,en,Development Manager
6420,Development Manager ( Akquisiteur ),Senior,nl,Development Manager (acquisitor)
6421,Directeur De Clientèle /account Manager,Senior,nl,Customer Director / Account Manager
6422,Direktmarketing Manager,Senior,ur,Direct Marketing Manager
6423,Direktmarketing Managerin,Senior,de,Direct marketing manager
6424,Distribution Manager,Senior,en,Distribution Manager
6425,Distribution Manager DACH,Senior,en,Distribution Manager DACH
6426,Division Manager,Senior,en,Division Manager
6427,Division Manager - Crowd & Traffic Control,Senior,en,Division Manager - Crowd & Traffic Control
6428,Divisional Dealer Development Manager,Senior,en,Divisional Dealer Development Manager
6429,Divisional Manager Material Testing,Senior,en,Divisional Manager Material Testing
6430,Eastern Regional Manager,Senior,en,Eastern Regional Manager
6431,eCommerce Customer Experience Manager,Senior,en,eCommerce Customer Experience Manager
6432,eCommerce Manager,Senior,en,eCommerce Manager
6433,E-Commerce Manager,Senior,en,E-Commerce Manager
6434,E-Commerce Manager & Prozessoptimierung & Social Media,Senior,de,E-Commerce Manager & Process Optimization & Social Media
6435,E-Commerce Manager Marketplaces,Senior,en,E-Commerce Manager Marketplaces
6436,E-Commerce und Pricing Manager,Senior,de,E-Commerce and Pricing Manager
6437,eCommerce-Manager,Senior,en,eCommerce-Manager
6438,E-Commerce-Managerin,Senior,pt,E-Commerce Manager
6439,EMEA Event Manager,Senior,pt,EMEA Event Manager
6440,EMEA Event Manager / Technology & innovation for events,Senior,en,EMEA Event Manager / Technology & innovation for events
6441,EMEA Process Improvement Manager,Senior,pt,EMEA Process Improvement Manager
6442,Engineering Manager,Senior,en,Engineering Manager
6443,ERP Manager,Senior,en,ERP Manager
6444,E-Trade Manager B2B D/A/CH,Senior,sw,E-Trade Manager B2B D/A/CH
6445,EU Event Manager,Senior,en,EU Event Manager
6446,Event & Facility Manager,Senior,en,Event & Facility Manager
6447,Event Manager,Senior,en,Event Manager
6448,Event Manager DACH by Avantgarde Experts at Google Cloud,Senior,en,Event Manager DACH by Avantgarde Experts at Google Cloud
6449,Event Manager Onkologie,Senior,ur,Event Manager Onkologie
6450,Event Manager Region Europe,Senior,en,Event Manager Region Europe
6451,Event Managerin,Senior,en,Event Managerin
6452,Event-Manager,Senior,en,Event-Manager
6453,Event-Managerin,Senior,en,Event-Managerin
6454,Eventmarketing Manager,Senior,en,Eventmarketing Manager
6455,Events Manager @Philips-Connected Care,Senior,en,Events Manager @Philips-Connected Care
6456,Executive Assistant,Senior,en,Executive Assistant
6457,Executive Assistant / Strategic Projects,Senior,en,Executive Assistant / Strategic Projects
6458,Executive Assistant | Office Management,Senior,en,Executive Assistant | Office Management
6459,Executive Assistant to CEO,Senior,en,Executive Assistant to CEO
6460,Exhibition & Event Manager Europe,Senior,en,Exhibition & Event Manager Europe
6461,Export Manager,Senior,en,Export Manager
6462,External Evenets & Partnerships Manager,Senior,en,External Evenets & Partnerships Manager
6463,Factory Manager,Senior,en,Factory Manager
6464,Fairs & Events Manager,Senior,en,Fairs & Events Manager
6465,Finance & Partner Manager,Senior,en,Finance & Partner Manager
6466,Founder / Senior Recruiter,Senior,en,Founder / Senior Recruiter
6467,Freelance Event Manager & Producer,Senior,en,Freelance Event Manager & Producer
6468,General  Manager,Senior,en,General  Manager
6469,General Manager,Senior,en,General Manager
6470,Général Manager,Senior,hi,General Manager
6471,General Manager - Cloud & Distribution,Senior,en,General Manager - Cloud & Distribution
6472,General Manager and President,Senior,en,General Manager and President
6473,General Manager Central & Eastern Europe,Senior,en,General Manager Central & Eastern Europe
6474,General Manager Customercenter D-A-CH,Senior,en,General Manager Customercenter D-A-CH
6475,General Manager DACH,Senior,de,General Manager DACH
6476,General Manager DACH / Prokurist,Senior,de,General Manager DACH / Procurator
6477,General Manager France,Senior,fr,General Manager France
6478,General Manager Netmail EMEA,Senior,pt,General Manager Netmail EMEA
6479,General Manager Production Management,Senior,en,General Manager Production Management
6480,General Manager SENA,Senior,sw,General Manager SENA
6481,Geschäftsführender Gesellschafter ART and SOURCE // General Manager CREACTIVES,Senior,de,Managing Partner ART and SOURCE // General Manager CREACTIVES
6482,Geschäftsführer & Senior Partner,Senior,de,Managing Director & Senior Partner
6483,Geschäftsführer / General Manager,Senior,de,Managing Director / General Manager
6484,Geschäftsführer/ General Manager,Senior,de,Managing Director/General Manager
6485,Global Application and Master Data Manager,Senior,en,Global Application and Master Data Manager
6486,Global B2B Campaign Manager,Senior,en,Global B2B Campaign Manager
6487,Global Brand & Events Manager,Senior,en,Global Brand & Events Manager
6488,Global Category Manager,Senior,en,Global Category Manager
6489,Global Customer Order Service Process & Systems Manager,Senior,en,Global Customer Order Service Process & Systems Manager
6490,Global Market Development Manager,Senior,en,Global Market Development Manager
6491,Global Market Manager,Senior,en,Global Market Manager
6492,Global Pricing Manager,Senior,en,Global Pricing Manager
6493,Global Relationship Manager,Senior,en,Global Relationship Manager
6494,Graphic Design Manager,Senior,en,Graphic Design Manager
6495,Group ICT Manager,Senior,en,Group ICT Manager
6496,Group Leads Generation & Customers Events Manager,Senior,en,Group Leads Generation & Customers Events Manager
6497,Group Manager Marcom & Events,Senior,en,Group Manager Marcom & Events
6498,Growth LEAD Manager,Senior,en,Growth LEAD Manager
6499,Growth Manager,Senior,en,Growth Manager
6500,Gruppenleiter Veranstaltungsmanagment & Go-to-Market Manager,Senior,de,Group Leader Event Management & Go-to-Market Manager
6501,Händler-Manager,Senior,de,Merchant Manager
6502,Head of Omni Channel Solutions Senior Manager,Senior,en,Head of Omni Channel Solutions Senior Manager
6503,Head of Product Management & Senior Project Man...,Senior,en,Head of Product Management & Senior Project Man...
6504,Hosting Manager,Senior,en,Hosting Manager
6505,I&C Event Manager,Senior,en,I&C Event Manager
6506,IAM Customers - General Manager,Senior,en,IAM Customers - General Manager
6507,ICT Manager,Senior,en,ICT Manager
6508,IM&T Enterprise Architecture Manager,Senior,nl,IM&T Enterprise Architecture Manager
6509,Implementation Manager ERP,Senior,en,Implementation Manager ERP
6510,Industry Manager,Senior,en,Industry Manager
6511,Information Manager Research,Senior,en,Information Manager Research
6512,Information System Transformation Manager,Senior,en,Information System Transformation Manager
6513,Innovation Manager,Senior,en,Innovation Manager
6514,Int. Senior Key Account Leader Out-of-Home,Senior,en,Int. Senior Key Account Leader Out-of-Home
6515,Internal Process Manager & ERP Coordination,Senior,en,Internal Process Manager & ERP Coordination
6516,International Channel Manager,Senior,en,International Channel Manager
6517,International Product Manager,Senior,en,International Product Manager
6518,International Project Manager,Senior,en,International Project Manager
6519,Internet Managerin,Senior,en,Internet Managerin
6520,Investment Manager & Partner,Senior,en,Investment Manager & Partner
6521,Kaufmännischer Facility Manager,Senior,de,Commercial Facility Manager
6522,Key Market Manager Bereich Prozesswasser,Senior,de,Key Market Manager Area Process Water
6523,Knowledge Manager,Senior,en,Knowledge Manager
6524,Lead Generation Manager,Senior,en,Lead Generation Manager
6525,Lead Manager,Senior,en,Lead Manager
6526,Lead Product Manager @ Bolloré Logistics,Senior,pt,Lead Product Manager @ Bolloré Logistics
6527,Lead Project Manager,Senior,en,Lead Project Manager
6528,Leiter Produktmanagement / Manager Product Management,Senior,de,Head of Product Management / Manager Product Management
6529,License Manager,Senior,en,License Manager
6530,M&A Manager,Senior,en,M&A Manager
6531,Management Assistant,Senior,en,Management Assistant
6532,Management Assistant / Customer Service Key Acc...,Senior,en,Management Assistant / Customer Service Key Acc...
6533,Management Assistant Wipak Group,Senior,en,Management Assistant Wipak Group
6534,Manager,Senior,en,Manager
6535,Manager - Data Analyst,Senior,en,Manager - Data Analyst
6536,Manager & Sr Technical Talent Acquisition Specialist,Senior,en,Manager & Sr Technical Talent Acquisition Specialist
6537,Manager / Prokurist People and Organisation,Senior,en,Manager / Prokurist People and Organisation
6538,Manager Agency Partnerships DACH,Senior,de,Manager Agency Partnerships DACH
6539,Manager Akquisition und Standortberatung,Senior,de,Manager acquisition and site consulting
6540,Manager Awards + Tradeshows,Senior,en,Manager Awards + Tradeshows
6541,Manager Backoffice,Senior,en,Manager Backoffice
6542,Manager Booking & Events,Senior,en,Manager Booking & Events
6543,Manager BU Connecting Rods,Senior,en,Manager BU Connecting Rods
6544,Manager Change & Process Enablement,Senior,en,Manager Change & Process Enablement
6545,Manager Channel Development,Senior,en,Manager Channel Development
6546,Manager Conferences and Events,Senior,en,Manager Conferences and Events
6547,Manager Corporate Relations,Senior,en,Manager Corporate Relations
6548,Manager Corporate Strategy,Senior,en,Manager Corporate Strategy
6549,Manager Customer Data Management,Senior,en,Manager Customer Data Management
6550,Manager Customer Engagement Solutions,Senior,en,Manager Customer Engagement Solutions
6551,Manager Customer Relations,Senior,en,Manager Customer Relations
6552,Manager Customer Relationship Management,Senior,en,Manager Customer Relationship Management
6553,Manager Customer Success,Senior,en,Manager Customer Success
6554,Manager Data Center Solution,Senior,en,Manager Data Center Solution
6555,Manager Demand Generation & Events,Senior,en,Manager Demand Generation & Events
6556,Manager Deployment und Migration,Senior,de,Manager Deployment and Migration
6557,Manager des Ventes,Senior,fr,Sales Manager
6558,Manager Development,Senior,en,Manager Development
6559,Manager Dialogmarketing,Senior,en,Manager Dialogmarketing
6560,Manager Dokumentation,Senior,en,Manager Dokumentation
6561,Manager Event & Sportmarketing,Senior,en,Manager Event & Sportmarketing
6562,Manager Exhibition & Events,Senior,en,Manager Exhibition & Events
6563,Manager Fairs&Events retarus GmbH,Senior,de,Manager Fairs&Events retarus GmbH
6564,Manager General Line Division,Senior,en,Manager General Line Division
6565,Manager Geschäftsentwicklung,Senior,de,Manager Business Development
6566,Manager Geschäftskundenvertrieb Telekommunikation,Senior,de,Manager Business Sales Telecommunications
6567,Manager Global Customer Relationship Management,Senior,en,Manager Global Customer Relationship Management
6568,Manager Globale Marktkommunikation,Senior,de,Manager Global Market Communication
6569,Manager Lead-Generierung,Senior,de,Manager Lead Generation
6570,Manager Lieferantenwechsel und Stammdaten,Senior,de,Manager Supplier Change and Master Data
6571,Manager MarCom,Senior,en,Manager MarCom
6572,Manager Marcom and Events,Senior,en,Manager Marcom and Events
6573,Manager Master Data,Senior,en,Manager Master Data
6574,Manager Mergers & Acquisitions,Senior,en,Manager Mergers & Acquisitions
6575,Manager of International Development,Senior,en,Manager of International Development
6576,Manager of Very Important Things,Senior,en,Manager of Very Important Things
6577,Manager Outsourcing,Senior,en,Manager Outsourcing
6578,Manager Prime Processing,Senior,en,Manager Prime Processing
6579,Manager Products & Solution Architect,Senior,en,Manager Products & Solution Architect
6580,Manager Produktmarketing  und -kommunikation,Senior,de,Manager Product Marketing and Communication
6581,Manager Professional Services,Senior,en,Manager Professional Services
6582,Manager Publisher Partnerships,Senior,en,Manager Publisher Partnerships
6583,Manager Smart Apps und Services,Senior,en,Manager Smart Apps und Services
6584,Manager Strategic Customer Development,Senior,en,Manager Strategic Customer Development
6585,Manager Strategic Projects,Senior,en,Manager Strategic Projects
6586,Manager Systems Engineering DACH,Senior,en,Manager Systems Engineering DACH
6587,Manager Technology Consulting,Senior,en,Manager Technology Consulting
6588,Manager Trade Fairs & Events,Senior,en,Manager Trade Fairs & Events
6589,Manager Trade Shows & Events,Senior,en,Manager Trade Shows & Events
6590,Manager Verkaufssteuerung,Senior,de,Manager Sales Control
6591,Manager Verkaufssysteme,Senior,de,Managers Sales Systems
6592,Managerin Customer Delivery und Engagement,Senior,de,Manager Customer Delivery and Engagement
6593,Managerin Gastveranstaltungen,Senior,de,Manager Guest events
6594,Managerin Kundenbetreuung,Senior,de,Manager Customer Support
6595,Managerin Unternehmenskommunikation,Senior,de,Manager Corporate Communications
6596,Managerin Unternehmenskommunikation D-A-CH,Senior,de,Manager Corporate Communications D-A-CH
6597,Marcom Manager,Senior,en,Marcom Manager
6598,Marcom Manager Central & Eastern Europe,Senior,en,Marcom Manager Central & Eastern Europe
6599,MarCom Manager Europe,Senior,en,MarCom Manager Europe
6600,MarCom Manager Tradeshows,Senior,en,MarCom Manager Tradeshows
6601,MarCom Project Manager,Senior,en,MarCom Project Manager
6602,MARCOM Regional Manager DACH,Senior,hi,MARCOM Regional Manager DACH
6603,Market Assistant,Senior,en,Market Assistant
6604,Market Development Manager,Senior,en,Market Development Manager
6605,Market Development Manager DACH & Benelux,Senior,it,Market Development Manager DACH & Benelux
6606,Market Development Manager Renewables + Team Leader BD2,Senior,en,Market Development Manager Renewables + Team Leader BD2
6607,Market Intelligence Manager in our N.E.X.T. Team,Senior,en,Market Intelligence Manager in our N.E.X.T. Team
6608,Market Manager,Senior,en,Market Manager
6609,Market Manager Cable Systems,Senior,en,Market Manager Cable Systems
6610,Market Manager Distribution,Senior,en,Market Manager Distribution
6611,Market Segment Manager,Senior,en,Market Segment Manager
6612,Markt Manager - Dichtheitsprüfgeräte für die Lebensmittelindustrie,Senior,de,Market Manager - leak testers for the food industry
6613,Master Data Manager,Senior,en,Master Data Manager
6614,Microsoft Global Alliance Manager,Senior,en,Microsoft Global Alliance Manager
6615,Mr Chiron's Assistant,Senior,en,Mr Chiron's Assistant
6616,Networker und Dealflow Manager,Senior,de,Networker and Dealflow Manager
6617,Office & Event Manager,Senior,en,Office & Event Manager
6618,Office Manager,Senior,en,Office Manager
6619,Office Manager | EA to Jens Friedrich CEO,Senior,ur,Office Manager | EA to Jens Friedrich CEO
6620,Office Managerin,Senior,en,Office Managerin
6621,Online & Public Relations Manager,Senior,en,Online & Public Relations Manager
6622,Online Kampagnen Managerin,Senior,en,Online Kampagnen Managerin
6623,Online Platform Manager Europe,Senior,en,Online Platform Manager Europe
6624,Onlinemarketing Manager,Senior,en,Onlinemarketing Manager
6625,Operativer Manager,Senior,en,Operativer Manager
6626,Opertions Manager Deutschland,Senior,de,Operations Manager Germany
6627,Partner Alliance Manager,Senior,en,Partner Alliance Manager
6628,Partner Channel Manager,Senior,en,Partner Channel Manager
6629,Partner Development Manager,Senior,en,Partner Development Manager
6630,Partner Manager,Senior,en,Partner Manager
6631,Partner Manager DACH,Senior,de,Partner Manager DACH
6632,Partner Success Manager,Senior,en,Partner Success Manager
6633,Personal Assistant,Senior,en,Personal Assistant
6634,Post Merger Integration & Project Manager,Senior,en,Post Merger Integration & Project Manager
6635,PR- & Content-Managerin,Senior,ur,PR- & Content-Managerin
6636,PR- & Social Media-Managerin,Senior,ur,PR- & Social Media-Managerin
6637,PR Manager,Senior,en,PR Manager
6638,Pricing Manager,Senior,en,Pricing Manager
6639,PR-Manager,Senior,en,PR-Manager
6640,PR-Managerin,Senior,ur,PR Manager
6641,Process & Innovations Manager,Senior,en,Process & Innovations Manager
6642,Process and Product Manager,Senior,en,Process and Product Manager
6643,Process Manager,Senior,en,Process Manager
6644,Procurement Manager,Senior,en,Procurement Manager
6645,Product Group Manager,Senior,en,Product Group Manager
6646,Product Management Assistant,Senior,en,Product Management Assistant
6647,Product Manager,Senior,en,Product Manager
6648,Product Manager Converged Solutions,Senior,en,Product Manager Converged Solutions
6649,Product Manager Leistungssteller,Senior,de,Product Manager Service Providers
6650,Product Manager Rugged Products,Senior,en,Product Manager Rugged Products
6651,Product Manager und Software-Verifizierung,Senior,de,Product Manager and Software Verification
6652,Product Manager. Solutions & Product Management,Senior,en,Product Manager. Solutions & Product Management
6653,Product Segment Manager Systems,Senior,en,Product Segment Manager Systems
6654,Produkt Manager,Senior,de,Product Manager
6655,Produktmanager / Senior Creative Technologist,Senior,de,Product Manager / Senior Creative Technologist
6656,Produktmarketing Manager,Senior,en,Produktmarketing Manager
6657,Produktmarketing Managerin,Senior,de,Product Marketing Manager
6658,Program Manager,Senior,en,Program Manager
6659,Project Assistant,Senior,en,Project Assistant
6660,Project Manager,Senior,en,Project Manager
6661,Project Manager / Data Scientist,Senior,en,Project Manager / Data Scientist
6662,Project Manager Customer Relationship Managment,Senior,en,Project Manager Customer Relationship Managment
6663,Project Manager Deutschland,Senior,de,Project Manager Germany
6664,Project Manager ERP,Senior,en,Project Manager ERP
6665,Project Manager Events,Senior,en,Project Manager Events
6666,Project Manager Events & PR,Senior,en,Project Manager Events & PR
6667,Project Manager Exhibitions/Events,Senior,en,Project Manager Exhibitions/Events
6668,Project Manager Fairs & Events,Senior,en,Project Manager Fairs & Events
6669,Project Manager Germany,Senior,en,Project Manager Germany
6670,Project Manager International Motor Shows and Events for the global Volkswagen Group brands,Senior,en,Project Manager International Motor Shows and Events for the global Volkswagen Group brands
6671,Project Manager Level C (IPMA),Senior,en,Project Manager Level C (IPMA)
6672,Project Manager Market Intelligence & Exhibitions,Senior,en,Project Manager Market Intelligence & Exhibitions
6673,Project Manager New Product Introduction,Senior,en,Project Manager New Product Introduction
6674,Project Manager Non-Food Compounds,Senior,it,Project Manager Non-Food Compounds
6675,Project Manager Product,Senior,en,Project Manager Product
6676,Project Manager Trade Fairs,Senior,en,Project Manager Trade Fairs
6677,Project Managerin,Senior,en,Project Managerin
6678,Projekt- / Channel Manager,Senior,en,Projekt- / Channel Manager
6679,Projekt Manager,Senior,it,Project Manager
6680,Projektleiter & Application Manager,Senior,de,Project Manager & Application Manager
6681,Prokurist / Senior Projektleiter,Senior,de,Procurator / Senior Project Manager
6682,Prokurist | General Manager,Senior,hi,Authorized signatory | General Manager
6683,Prozess Manager,Senior,de,Process Manager
6684,PS Manager EMEA Central,Senior,pt,PS Manager EMEA Central
6685,Public & Investor Relations Manager,Senior,en,Public & Investor Relations Manager
6686,Public Affairs Manager,Senior,en,Public Affairs Manager
6687,Public Relations Manager,Senior,en,Public Relations Manager
6688,QR Project & Change Manager,Senior,en,QR Project & Change Manager
6689,Quality / R&D Manager,Senior,en,Quality / R&D Manager
6690,R&D Manager,Senior,hi,R&D Manager
6691,Rail Systems Engineer and Project Manager with global business development and proposal management expertise,Senior,en,Rail Systems Engineer and Project Manager with global business development and proposal management expertise
6692,Real Estate Manager,Senior,en,Real Estate Manager
6693,Recruitment Manager,Senior,en,Recruitment Manager
6694,Referentin Startup-Partner Manager,Senior,tr,Speaker Startup Partner Manager
6695,Region Manager DACH,Senior,de,Region Manager DACH
6696,Regional Delivery Lead Northwest & Senior Project Manager,Senior,en,Regional Delivery Lead Northwest & Senior Project Manager
6697,Regional Event Manager DACH,Senior,de,Regional Event Manager DACH
6698,Regional Manager,Senior,en,Regional Manager
6699,Regional Manager Northern Europe,Senior,en,Regional Manager Northern Europe
6700,Regional Manager Österreich,Senior,de,Regional Manager Austria
6701,Regional Market Manager,Senior,en,Regional Market Manager
6702,Regionalleiter / Regional Manager,Senior,de,Regional Manager / Regional Manager
6703,Relationship Manager,Senior,en,Relationship Manager
6704,Relationship Manager Payment&DCC,Senior,en,Relationship Manager Payment&DCC
6705,Relationship Manager Unternehmenskunden,Senior,de,Relationship Manager Corporate Customers
6706,Relationship-Manager QlikView und Qlik Sense,Senior,de,Relationship Managers QlikView and Qlik Sense
6707,Reliability Technologies Manager,Senior,en,Reliability Technologies Manager
6708,Research Assistant,Senior,en,Research Assistant
6709,Responsable communications / logistique /Assistante commerciale,Senior,it,Communications/Logistics Manager/Sales Assistant
6710,Responsable des systèmes d'information | IS Manager,Senior,fr,Information Systems Manager  IS Manager
6711,Retail Data & Analytics Manager @ McKesson Europe AG,Senior,nl,Retail Data & Analytics Manager @ McKesson Europe AG
6712,Sap Application Engineer SCM & Project Manager,Senior,en,Sap Application Engineer SCM & Project Manager
6713,SEM Managerin,Senior,hi,SEM Manager
6714,Senior Account Executive Large Enterprise,Senior,en,Senior Account Executive Large Enterprise
6715,Senior Account Executive Service Cloud,Senior,en,Senior Account Executive Service Cloud
6716,Senior Account Executive@Oracle NetSuite,Senior,en,Senior Account Executive@Oracle NetSuite
6717,Senior Account Supervisor,Senior,en,Senior Account Supervisor
6718,Senior Advisory Partner Automotive,Senior,en,Senior Advisory Partner Automotive
6719,Senior Analyst ECM & IM,Senior,nl,Senior Analyst ECM & IM
6720,Senior Assistant Corporate Insurance Risk Management,Senior,en,Senior Assistant Corporate Insurance Risk Management
6721,Senior Associate,Senior,en,Senior Associate
6722,Senior Board Advisor,Senior,en,Senior Board Advisor
6723,Senior Brand Manager,Senior,en,Senior Brand Manager
6724,Senior Brand Managerin,Senior,en,Senior Brand Managerin
6725,Senior Campaign Manager,Senior,en,Senior Campaign Manager
6726,Senior Channel Head Electronic Retail,Senior,en,Senior Channel Head Electronic Retail
6727,Senior Client Service / Produktion,Senior,en,Senior Client Service / Produktion
6728,Senior Commercial Development Manager EMEA,Senior,pt,Senior Commercial Development Manager EMEA
6729,Senior Contact Manager,Senior,en,Senior Contact Manager
6730,Senior Conversion Manager,Senior,en,Senior Conversion Manager
6731,Senior Customer Insights Manager,Senior,en,Senior Customer Insights Manager
6732,Senior Customer Manager,Senior,en,Senior Customer Manager
6733,Senior Customer Relationship Manager,Senior,en,Senior Customer Relationship Manager
6734,Senior Data Analyst,Senior,en,Senior Data Analyst
6735,Senior Data Manager,Senior,en,Senior Data Manager
6736,Senior Data Scientist,Senior,it,Senior Data Scientist
6737,Senior Data Scientist & Data Thinker,Senior,en,Senior Data Scientist & Data Thinker
6738,Senior Database Specialist,Senior,en,Senior Database Specialist
6739,Senior Developer,Senior,en,Senior Developer
6740,Senior Engineer: Testing,Senior,en,Senior Engineer: Testing
6741,Senior Enterprise Account Executive,Senior,en,Senior Enterprise Account Executive
6742,Senior Event Manager,Senior,en,Senior Event Manager
6743,Senior Event Specialist,Senior,en,Senior Event Specialist
6744,Senior Eventmanager,Senior,en,Senior Eventmanager
6745,Senior Events Manager,Senior,en,Senior Events Manager
6746,Senior Events Specialist,Senior,en,Senior Events Specialist
6747,Senior Executive - Data Processing,Senior,en,Senior Executive - Data Processing
6748,Senior Executive Client Service,Senior,en,Senior Executive Client Service
6749,Senior Experte Data Management & Data Quality,Senior,en,Senior Experte Data Management & Data Quality
6750,Senior Fairs & Event Manager,Senior,en,Senior Fairs & Event Manager
6751,Senior Fairs & Exhibits Manager,Senior,en,Senior Fairs & Exhibits Manager
6752,Senior Full Stack Web Developer,Senior,en,Senior Full Stack Web Developer
6753,Senior Graphic Designer,Senior,en,Senior Graphic Designer
6754,Senior Installed Sound Specialist,Senior,en,Senior Installed Sound Specialist
6755,Senior Integration Engineer (Teamleiter),Senior,de,Senior Integration Engineer (Team Leader)
6756,Senior Investment Manager,Senior,en,Senior Investment Manager
6757,Senior JAVA Developer,Senior,en,Senior JAVA Developer
6758,Senior Manager,Senior,en,Senior Manager
6759,Senior Manager - Leitung Center of Competence I...,Senior,de,Senior Manager - Head of Center of Competence I...
6760,Senior Manager / Cloud Architect,Senior,en,Senior Manager / Cloud Architect
6761,Senior Manager Consulting,Senior,en,Senior Manager Consulting
6762,Senior Manager Controlling,Senior,en,Senior Manager Controlling
6763,Senior Manager Customer Service,Senior,en,Senior Manager Customer Service
6764,Senior Manager Demand Generation & Lead Management,Senior,en,Senior Manager Demand Generation & Lead Management
6765,Senior Manager Dynamics 365,Senior,en,Senior Manager Dynamics 365
6766,Senior Manager Exhibitions & Events,Senior,en,Senior Manager Exhibitions & Events
6767,Senior Manager Global Commercial Excellence,Senior,en,Senior Manager Global Commercial Excellence
6768,Senior Manager Global Events,Senior,en,Senior Manager Global Events
6769,Senior Manager Media International,Senior,en,Senior Manager Media International
6770,Senior Manager Process & Application Services,Senior,en,Senior Manager Process & Application Services
6771,Senior Manager Technical Service,Senior,en,Senior Manager Technical Service
6772,Senior Market Intelligence Analyst,Senior,en,Senior Market Intelligence Analyst
6773,Senior Media Buying,Senior,en,Senior Media Buying
6774,Senior Partner,Senior,en,Senior Partner
6775,Senior Partner Manager,Senior,en,Senior Partner Manager
6776,Senior Partner Manager - Deutschland Nord-Ost,Senior,de,Senior Partner Manager - Germany North-East
6777,Senior Partner Manager DACH,Senior,de,Senior Partner Manager DACH
6778,Senior Presales Solution Manager,Senior,en,Senior Presales Solution Manager
6779,Senior Product Manager,Senior,en,Senior Product Manager
6780,Senior Produkt Manager,Senior,de,Senior Product Manager
6781,Senior Produktmanager,Senior,de,Senior Product Manager
6782,Senior Project- and Process Manager,Senior,en,Senior Project- and Process Manager
6783,Senior Project Lead / Senior Projektleiter,Senior,de,Senior Project Lead / Senior Project Leader
6784,Senior Project Manager,Senior,en,Senior Project Manager
6785,Senior Project Manager / Fairs & Events,Senior,en,Senior Project Manager / Fairs & Events
6786,Senior Project Manager Events,Senior,en,Senior Project Manager Events
6787,Senior Project Manager Recruiting / Talent Acquisition,Senior,en,Senior Project Manager Recruiting / Talent Acquisition
6788,Senior Projekt Manager,Senior,en,Senior Projekt Manager
6789,Senior Projektleiter,Senior,de,Senior Project Leader
6790,Senior Projektleiterin,Senior,de,Senior Project Leader
6791,Senior Projektleitung,Senior,de,Senior Project Management
6792,Senior Projektmanager,Senior,en,Senior Projektmanager
6793,Senior Projektmanager Loyalty & Program,Senior,it,Senior Project Manager Loyalty & Program
6794,Senior Prozessmanagerin Datenqualität B2B,Senior,de,Senior Process Manager Data Quality B2B
6795,Senior Research & Insight Manager,Senior,en,Senior Research & Insight Manager
6796,Senior Research Manager,Senior,en,Senior Research Manager
6797,Senior Researcher,Senior,en,Senior Researcher
6798,Senior Retail Manager,Senior,en,Senior Retail Manager
6799,Senior Simulation Engineer,Senior,en,Senior Simulation Engineer
6800,Senior Software Developer,Senior,en,Senior Software Developer
6801,Senior Software Engineer,Senior,en,Senior Software Engineer
6802,Senior software professional,Senior,en,Senior software professional
6803,Senior Software Test Engineer,Senior,en,Senior Software Test Engineer
6804,Senior Strategic Adviser,Senior,en,Senior Strategic Adviser
6805,Senior Stylistic Supervisior,Senior,en,Senior Stylistic Supervisior
6806,Senior System Engineer,Senior,en,Senior System Engineer
6807,Senior Technical Advisor,Senior,en,Senior Technical Advisor
6808,Senior Trade Fair Organization Specialist,Senior,en,Senior Trade Fair Organization Specialist
6809,Senior VB Fachhandel/KMU,Senior,de,Senior VB specialist trade/SMEs
6810,Senior Venture Architect,Senior,en,Senior Venture Architect
6811,Senior Verkaufsberaterin Key Account Management,Senior,de,Senior Sales Consultant Key Account Management
6812,Senior Vice President,Senior,en,Senior Vice President
6813,Senior vice president Public Sector et Transport,Senior,nl,Senior vice president Public Sector et Transport
6814,Senior VP,Senior,en,Senior VP
6815,Senior Web Developer,Senior,en,Senior Web Developer
6816,Service Manager Munich Re,Senior,en,Service Manager Munich Re
6817,Services Manager / Projektingenieur B2B Custome...,Senior,nl,Services Manager / Projektingenieur B2B Custome...
6818,Smart Food Paris Manager,Senior,en,Smart Food Paris Manager
6819,Social Media Manager,Senior,en,Social Media Manager
6820,Social Media Managerin,Senior,en,Social Media Managerin
6821,Software Developer / Project Manager,Senior,en,Software Developer / Project Manager
6822,Software License and Contract Manager,Senior,en,Software License and Contract Manager
6823,Sourcing Manager DACH,Senior,en,Sourcing Manager DACH
6824,Sponsoring-Manager,Senior,en,Sponsoring-Manager
6825,Sr. Campaign Manager,Senior,en,Sr. Campaign Manager
6826,Sr. Content Manager,Senior,en,Sr. Content Manager
6827,Sr. Customer Relationship Manager,Senior,en,Sr. Customer Relationship Manager
6828,Sr. Event Manager,Senior,en,Sr. Event Manager
6829,Sr. Manager,Senior,en,Sr. Manager
6830,Sr. System Integrator Manager,Senior,en,Sr. System Integrator Manager
6831,Store Manager Megastore,Senior,en,Store Manager Megastore
6832,Strategic Alliance Manager,Senior,en,Strategic Alliance Manager
6833,Strategie Manager,Senior,en,Strategie Manager
6834,Strategische Change Managerin,Senior,de,Strategic Change Manager
6835,Strategischer Asset Manager,Senior,de,Strategic Asset Manager
6836,Strategy Manager,Senior,en,Strategy Manager
6837,Supply Chain Manager Rental Division,Senior,en,Supply Chain Manager Rental Division
6838,Supply-Chain-Manager,Senior,en,Supply-Chain-Manager
6839,Systems Development Manager,Senior,en,Systems Development Manager
6840,TDWI Community Managerin,Senior,en,TDWI Community Managerin
6841,Team Assistant,Senior,en,Team Assistant
6842,Team Assistant Customer Management OE,Senior,en,Team Assistant Customer Management OE
6843,Team Assistant Western Europe,Senior,en,Team Assistant Western Europe
6844,Team Lead Operational Excellence and Comms Manager,Senior,en,Team Lead Operational Excellence and Comms Manager
6845,Team Manager,Senior,en,Team Manager
6846,Team Manager Dialogmarketing,Senior,en,Team Manager Dialogmarketing
6847,Team Manager eCommerce Solutions,Senior,en,Team Manager eCommerce Solutions
6848,Team Manager WORLD CLASS CENTER ADVANCED MANUFACTURING - German Satellite,Senior,en,Team Manager WORLD CLASS CENTER ADVANCED MANUFACTURING - German Satellite
6849,Technical Assistant to the CTO,Senior,en,Technical Assistant to the CTO
6850,Technical Integrations Manager,Senior,en,Technical Integrations Manager
6851,Technical Manager,Senior,en,Technical Manager
6852,Technical Product Manager,Senior,en,Technical Product Manager
6853,Technical Project Manager,Senior,en,Technical Project Manager
6854,Territory Development Manager,Senior,en,Territory Development Manager
6855,Territory Manager - QLD & NSW,Senior,en,Territory Manager - QLD & NSW
6856,Trade & Category Manager,Senior,en,Trade & Category Manager
6857,Trade Fair Manager,Senior,en,Trade Fair Manager
6858,Trade Show Manager,Senior,en,Trade Show Manager
6859,Tradeshow and Events Manager,Senior,en,Tradeshow and Events Manager
6860,Training & Technical Service Manager,Senior,en,Training & Technical Service Manager
6861,Unternehmensentwicklung - Corporate Development Manager,Senior,de,Corporate Development - Corporate Development Manager
6862,Venture Development Manager,Senior,en,Venture Development Manager
6863,Verkaufsleiter - Field Force Manager,Senior,de,Sales Manager - Field Force Manager
6864,Vorstandsassistenz/ Executive Assistant to the Board,Senior,de,Executive Assistant/ Executive Assistant to the Board
6865,Wholesale Manager Schweiz,Senior,de,Wholesale Manager Switzerland
6866,World Event Manager,Senior,en,World Event Manager
6867,Assistentin / Assistant,Senior,en,Assistentin / Assistant
6868,Assistentin Innendienstleitung / Assistant Office Manager,Senior,de,Assistant Internal Service Manager / Assistant Office Manager
6869,Assistenz der Geschäftsleitung / Executive Assistant,Senior,de,Assistant to the Executive Board / Executive Assistant
6870,Executive Assistant / Assistentin der Geschäftsführung,Senior,de,Executive Assistant / Assistant to the Executive Board
6871,Office Manager/ Assistentin der Geschäftsführung,Senior,de,Office Manager/Managing Assistant
6872,✔ Senior Business Development Professional ✔ all round e-enthusiast ✔ ecommerce & e-payments addicted,Senior,en,✔ Senior Business Development Professional ✔ all round e-enthusiast ✔ ecommerce & e-payments addicted
6873,Account Manager I New Business Development,Senior,en,Account Manager I New Business Development
6874,Account Manager New Business,Senior,en,Account Manager New Business
6875,Account Manager und Business Development,Senior,de,Account Manager and Business Development
6876,Assistant Manager- Business Development,Senior,en,Assistant Manager- Business Development
6877,Assistant to CEO & Business Development,Senior,en,Assistant to CEO & Business Development
6878,Business Administration Manager,Senior,en,Business Administration Manager
6879,Business Alliance Manager,Senior,en,Business Alliance Manager
6880,Business Analyst / Manager CRM,Senior,en,Business Analyst / Manager CRM
6881,Business Application Manager,Senior,en,Business Application Manager
6882,Business Application Manager Europe,Senior,en,Business Application Manager Europe
6883,Business Customer Relationship Manager,Senior,en,Business Customer Relationship Manager
6884,Business Development - Account Manager Inside S...,Senior,en,Business Development - Account Manager Inside S...
6885,Business Development & Account Manager,Senior,en,Business Development & Account Manager
6886,Business Development & Innovation Manager,Senior,en,Business Development & Innovation Manager
6887,Business Development & Innovation Manager - Safety BU,Senior,en,Business Development & Innovation Manager - Safety BU
6888,Business Development & Key Account Manager,Senior,en,Business Development & Key Account Manager
6889,Business Development & Product Manager,Senior,en,Business Development & Product Manager
6890,Business Development / Personal Assistant,Senior,en,Business Development / Personal Assistant
6891,Business Development / Projekt Manager,Senior,en,Business Development / Projekt Manager
6892,Business Development Assistant,Senior,en,Business Development Assistant
6893,Business Development CRM/BI (Senior Consultant),Senior,sw,Business Development CRM/BI (Senior Consultant)
6894,Business Development Manager,Senior,en,Business Development Manager
6895,Business Development Manager - Enterprise Mobility,Senior,en,Business Development Manager - Enterprise Mobility
6896,Business Development Manager - Truck & Trailer,Senior,en,Business Development Manager - Truck & Trailer
6897,Business Development Manager - Verbruggen North America,Senior,nl,Business Development Manager - Verbruggen North America
6898,Business Development Manager & Executive Assistant,Senior,en,Business Development Manager & Executive Assistant
6899,Business Development Manager & Key Account Manager,Senior,en,Business Development Manager & Key Account Manager
6900,Business Development Manager & Strategic Planning,Senior,en,Business Development Manager & Strategic Planning
6901,Business Development Manager / Glass Complementary Products,Senior,en,Business Development Manager / Glass Complementary Products
6902,Business Development Manager / Market Research ...,Senior,en,Business Development Manager / Market Research ...
6903,Business Development Manager Asia-Pacific,Senior,en,Business Development Manager Asia-Pacific
6904,Business Development Manager AV,Senior,en,Business Development Manager AV
6905,Business Development Manager AV-Steuerungen & Signalmanagement,Senior,de,Business Development Manager AV Controls & Signal Management
6906,Business Development Manager Capital/OEM,Senior,en,Business Development Manager Capital/OEM
6907,Business Development Manager CEE,Senior,en,Business Development Manager CEE
6908,Business Development Manager CIS,Senior,en,Business Development Manager CIS
6909,Business Development Manager Customer Service,Senior,en,Business Development Manager Customer Service
6910,Business Development Manager Cybersecurity,Senior,en,Business Development Manager Cybersecurity
6911,Business Development Manager DACH,Senior,de,Business Development Manager DACH
6912,Business Development Manager D-A-CH,Senior,pt,Business Development Manager D-A-CH
6913,Business Development Manager Data Enabled Solutions / Alliance director FM companies,Senior,en,Business Development Manager Data Enabled Solutions / Alliance director FM companies
6914,Business Development Manager Deutschland     Gebietsvertriebsleiter Mitte,Senior,de,Business Development Manager Germany District Sales Manager Mitte
6915,Business Development Manager DMS/ECM,Senior,en,Business Development Manager DMS/ECM
6916,Business Development Manager EMEA,Senior,pt,Business Development Manager EMEA
6917,Business Development Manager EUROPE,Senior,en,Business Development Manager EUROPE
6918,Business Development Manager F&B,Senior,en,Business Development Manager F&B
6919,Business Development Manager Global,Senior,en,Business Development Manager Global
6920,Business Development Manager Health Care International,Senior,en,Business Development Manager Health Care International
6921,Business Development Manager Logistics,Senior,en,Business Development Manager Logistics
6922,Business Development Manager Sensors,Senior,en,Business Development Manager Sensors
6923,Business Development Manager USA,Senior,en,Business Development Manager USA
6924,Business Development Manager Virtualisierung,Senior,de,Business Development Manager Virtualization
6925,Business Development Managerin,Senior,en,Business Development Managerin
6926,Business Development Project Manager EMEA,Senior,pt,Business Development Project Manager EMEA
6927,Business Manager,Senior,en,Business Manager
6928,Business Manager bei Baumer Management Services AG,Senior,de,Business Manager at Baumer Management Services AG
6929,Business Manager CRM,Senior,en,Business Manager CRM
6930,Business Manager DACH,Senior,de,Business Manager DACH
6931,Business Manager ICT,Senior,en,Business Manager ICT
6932,Business Manager Population Health Management DACH,Senior,hi,Business Manager Population Health Management DACH
6933,Business Monitoring Manager B2B,Senior,en,Business Monitoring Manager B2B
6934,Business Operations Manager,Senior,en,Business Operations Manager
6935,Business Process & Systems Manager,Senior,en,Business Process & Systems Manager
6936,Business Process Manager,Senior,en,Business Process Manager
6937,Business Process Manager - Supply Chain Management,Senior,en,Business Process Manager - Supply Chain Management
6938,Business Process Manager QA,Senior,en,Business Process Manager QA
6939,Business Relationship Manager,Senior,en,Business Relationship Manager
6940,Business Segment Manager,Senior,en,Business Segment Manager
6941,Business Solution Manager,Senior,en,Business Solution Manager
6942,Business Unit Manager,Senior,en,Business Unit Manager
6943,Business Unit Manager - IT-Service-Management,Senior,en,Business Unit Manager - IT-Service-Management
6944,Business Unit Manager Airport Technology,Senior,en,Business Unit Manager Airport Technology
6945,Business Unit Manager Gaskets (ppa.),Senior,it,Business Unit Manager Gaskets (ppa.)
6946,Business-Manager,Senior,en,Business-Manager
6947,Cooperation & Business Development Manager,Senior,en,Cooperation & Business Development Manager
6948,Corporate & Business Communication Manager Germany,Senior,en,Corporate & Business Communication Manager Germany
6949,Corporate Business Process Manager,Senior,en,Corporate Business Process Manager
6950,CRM / Business Development Manager (Clients & Industries),Senior,en,CRM / Business Development Manager (Clients & Industries)
6951,CRM Application Manager (Business Support Appli...,Senior,en,CRM Application Manager (Business Support Appli...
6952,CRM Business Analyst Senior,Senior,en,CRM Business Analyst Senior
6953,CRM Business Development Manager,Senior,en,CRM Business Development Manager
6954,CRM Business Process Manager,Senior,en,CRM Business Process Manager
6955,CRM Business Solution Manager (Microsoft Dynamics 365),Senior,en,CRM Business Solution Manager (Microsoft Dynamics 365)
6956,CRM Manager / Business Process Management,Senior,en,CRM Manager / Business Process Management
6957,Customer Business Development Manager,Senior,en,Customer Business Development Manager
6958,EMEA Business Manager,Senior,pt,EMEA Business Manager
6959,European Business Development Manager HD,Senior,en,European Business Development Manager HD
6960,Fachlicher Projektleiter / Business Project Manager,Senior,de,Professional Project Manager / Business Project Manager
6961,Global Business & Digital Development Manager,Senior,en,Global Business & Digital Development Manager
6962,Global Business Development | Digital Consulting Manager,Senior,en,Global Business Development | Digital Consulting Manager
6963,Global Business Development Manager,Senior,en,Global Business Development Manager
6964,Global Category and Business Development Manager (area Foodservice),Senior,en,Global Category and Business Development Manager (area Foodservice)
6965,Globlal Business Development Manager,Senior,hi,Globlal Business Development Manager
6966,Head of Business Development & Market Manager Building Services,Senior,en,Head of Business Development & Market Manager Building Services
6967,Head of Business Development Manager,Senior,en,Head of Business Development Manager
6968,HP Enterprise - EMEA Business Development Manager,Senior,pt,HP Enterprise - EMEA Business Development Manager
6969,Int. Business Development Manager,Senior,en,Int. Business Development Manager
6970,International Account Manager - New Business Development,Senior,en,International Account Manager - New Business Development
6971,International Business Development Manager,Senior,en,International Business Development Manager
6972,International Business Development Manager Communication Services,Senior,en,International Business Development Manager Communication Services
6973,International Business Development Manager Digital Innovations,Senior,en,International Business Development Manager Digital Innovations
6974,IT Business Development Manager,Senior,en,IT Business Development Manager
6975,IT Business Manager,Senior,en,IT Business Manager
6976,IT Business Process Manager EMEA – CRM & Retail,Senior,pt,IT Business Process Manager EMEA – CRM & Retail
6977,Key Account & Business Development Manager,Senior,en,Key Account & Business Development Manager
6978,Key Account Manager / Business Development,Senior,en,Key Account Manager / Business Development
6979,Key Account Manager Bereich Business Solutions,Senior,de,Key Account Manager Business Solutions
6980,Leiter Presales Consulting & Business Development Manager,Senior,de,Head of Presales Consulting & Business Development Manager
6981,Manager (Head of) Business Solutions,Senior,en,Manager (Head of) Business Solutions
6982,Manager Administration Business Excellence,Senior,en,Manager Administration Business Excellence
6983,Manager Business Administration,Senior,en,Manager Business Administration
6984,Manager Business and Product Development,Senior,en,Manager Business and Product Development
6985,Manager Business Application,Senior,en,Manager Business Application
6986,Manager Business Application Team,Senior,en,Manager Business Application Team
6987,Manager Business Development,Senior,en,Manager Business Development
6988,Manager Business Development & Digital,Senior,en,Manager Business Development & Digital
6989,Manager Business Development / Key Account Management,Senior,en,Manager Business Development / Key Account Management
6990,Manager Business Development and M&A,Senior,en,Manager Business Development and M&A
6991,Manager Business Development CRM,Senior,en,Manager Business Development CRM
6992,Manager Business IT,Senior,en,Manager Business IT
6993,Manager CRM - Business Development,Senior,en,Manager CRM - Business Development
6994,Manager CRM Business,Senior,en,Manager CRM Business
6995,Manager Data Services & Business Development,Senior,en,Manager Data Services & Business Development
6996,Manager Database / Business Analytics,Senior,en,Manager Database / Business Analytics
6997,Manager Global Business Support,Senior,en,Manager Global Business Support
6998,Manager IT & Business Process Automation,Senior,en,Manager IT & Business Process Automation
6999,Manager IT Business & Services,Senior,en,Manager IT Business & Services
7000,Manager New Business,Senior,en,Manager New Business
7001,Manager of Business Affairs,Senior,en,Manager of Business Affairs
7002,Manager Project Team Business Consulting xRM,Senior,en,Manager Project Team Business Consulting xRM
7003,Manager Strategy & Business Development,Senior,en,Manager Strategy & Business Development
7004,New Business Account Manager,Senior,en,New Business Account Manager
7005,New Business Development & Innovation Manager,Senior,en,New Business Development & Innovation Manager
7006,New Business Development Manager,Senior,en,New Business Development Manager
7007,New Business Development Manager Dental,Senior,en,New Business Development Manager Dental
7008,New Business Manager,Senior,en,New Business Manager
7009,OEM Business Development Manager - Gebietsverkaufsleiter,Senior,de,OEM Business Development Manager - Area Sales Manager
7010,Partner Business Manager,Senior,en,Partner Business Manager
7011,Partner Manager / Business Development Manager,Senior,en,Partner Manager / Business Development Manager
7012,Powertrain Actuators Systems Business Group Communication Manager,Senior,en,Powertrain Actuators Systems Business Group Communication Manager
7013,PR- & Product Manager Home Electronics Business,Senior,en,PR- & Product Manager Home Electronics Business
7014,Process Manager (Business Process Management),Senior,en,Process Manager (Business Process Management)
7015,Produkt Managerin/Business Development Managerin - Europa,Senior,de,Product Manager/Business Development Manager - Europe
7016,Produktmanager/Manager Business Development,Senior,en,Produktmanager/Manager Business Development
7017,Program Manager and Business Analyst,Senior,en,Program Manager and Business Analyst
7018,Program Manager Integrated Business Apps,Senior,en,Program Manager Integrated Business Apps
7019,Project Manager / Business Process Improvement,Senior,en,Project Manager / Business Process Improvement
7020,Project Manager Business Development,Senior,en,Project Manager Business Development
7021,Project Manager Business Development International,Senior,en,Project Manager Business Development International
7022,Project Manager Business Technology,Senior,en,Project Manager Business Technology
7023,Project Manager CRM & Business Intelligence,Senior,en,Project Manager CRM & Business Intelligence
7024,Project Manager Digitial Business Transformation | Head of Work Stream Customer Data & CRM,Senior,en,Project Manager Digitial Business Transformation | Head of Work Stream Customer Data & CRM
7025,Project Manager IT Business Management,Senior,en,Project Manager IT Business Management
7026,Project Manager Strategic Business Development,Senior,en,Project Manager Strategic Business Development
7027,Projektleiter - Business Development Manager,Senior,de,Project Manager - Business Development Manager
7028,Prokurist / Business Unit Manager,Senior,ur,Prokurist / Business Unit Manager
7029,Regional Business Development Manager,Senior,en,Regional Business Development Manager
7030,Risk Manager / Business Analyst,Senior,en,Risk Manager / Business Analyst
7031,Senior Business Analyst,Senior,en,Senior Business Analyst
7032,Senior Business Application Engineer,Senior,en,Senior Business Application Engineer
7033,Senior Business Application Expert,Senior,en,Senior Business Application Expert
7034,Senior Business Consultant,Senior,en,Senior Business Consultant
7035,Senior Business Controller,Senior,en,Senior Business Controller
7036,Senior Business Developer,Senior,en,Senior Business Developer
7037,Senior Business Development,Senior,en,Senior Business Development
7038,Senior Business Development Expert,Senior,en,Senior Business Development Expert
7039,Senior Business Development Manager,Senior,en,Senior Business Development Manager
7040,Senior Business Development Manager - Investment Products,Senior,en,Senior Business Development Manager - Investment Products
7041,Senior Business Development Manager & Quality Management Representative,Senior,en,Senior Business Development Manager & Quality Management Representative
7042,Senior Business Development Manager DACH,Senior,de,Senior Business Development Manager DACH
7043,Senior Business Development Manager D-A-CH,Senior,pt,Senior Business Development Manager D-A-CH
7044,Senior Business Development Manager Germany,Senior,en,Senior Business Development Manager Germany
7045,Senior Business Development Manager Logistics,Senior,en,Senior Business Development Manager Logistics
7046,Senior Business Development Manager Western Eur...,Senior,en,Senior Business Development Manager Western Eur...
7047,Senior Business Development Representative,Senior,en,Senior Business Development Representative
7048,Senior Business Improvement Manager,Senior,en,Senior Business Improvement Manager
7049,Senior Business Intelligence & CRM Manager,Senior,en,Senior Business Intelligence & CRM Manager
7050,Senior Business Manager,Senior,en,Senior Business Manager
7051,Senior Business Partner CRM,Senior,en,Senior Business Partner CRM
7052,Senior Consultant for Business Intelligence Sol...,Senior,en,Senior Consultant for Business Intelligence Sol...
7053,Senior Coordinator Business Development and CRM,Senior,en,Senior Coordinator Business Development and CRM
7054,Senior CRM & Data Business Transformation Manager,Senior,en,Senior CRM & Data Business Transformation Manager
7055,Senior Data & Business Analyst,Senior,en,Senior Data & Business Analyst
7056,Senior Digital Business Consultant / Strategist,Senior,en,Senior Digital Business Consultant / Strategist
7057,Senior Events & Business associate,Senior,it,Senior Events & Business associate
7058,Senior IT Business Analyst,Senior,en,Senior IT Business Analyst
7059,Senior IT Project Manager Business Intelligence,Senior,en,Senior IT Project Manager Business Intelligence
7060,Senior Key Account Manager - Business Solutions,Senior,en,Senior Key Account Manager - Business Solutions
7061,Senior Manager - Business Development,Senior,en,Senior Manager - Business Development
7062,Senior Manager - Business Development/ Business...,Senior,en,Senior Manager - Business Development/ Business...
7063,Senior Manager Business & Innovation,Senior,en,Senior Manager Business & Innovation
7064,Senior Manager Business Development,Senior,en,Senior Manager Business Development
7065,Senior Manager Business Development & Strategy,Senior,en,Senior Manager Business Development & Strategy
7066,Senior Manager Business Support,Senior,en,Senior Manager Business Support
7067,Senior Manager Communications and Business Development CRM,Senior,en,Senior Manager Communications and Business Development CRM
7068,Senior Manager CRM Business,Senior,en,Senior Manager CRM Business
7069,Senior Manager of Local Business Outreach,Senior,en,Senior Manager of Local Business Outreach
7070,Senior Manager Strategy &  Business Development,Senior,en,Senior Manager Strategy &  Business Development
7071,Senior New Business Manager,Senior,en,Senior New Business Manager
7072,Senior Specialist CRM Business Analysis,Senior,en,Senior Specialist CRM Business Analysis
7073,Sr. Business Development Manager,Senior,en,Sr. Business Development Manager
7074,Sr. Manager - Global Business Systems and CRM,Senior,en,Sr. Manager - Global Business Systems and CRM
7075,Strategic Partner Business Manager,Senior,en,Strategic Partner Business Manager
7076,Strategy & Business Development Manager,Senior,en,Strategy & Business Development Manager
7077,Team Manager Business Solutions,Senior,en,Team Manager Business Solutions
7078,Teamleiterin Manager Business Development,Senior,de,Team leader Manager Business Development
7079,Tech Evangelist & Senior Business Development Analyst,Senior,en,Tech Evangelist & Senior Business Development Analyst
7080,Technical Business Development Manager,Senior,en,Technical Business Development Manager
7081,Technical Business Improvement Manager,Senior,en,Technical Business Improvement Manager
7082,TM1-Teamleiterin und Senior Managerin Business Intelligence,Senior,de,TM1 Team Leader and Senior Manager Business Intelligence
7083,Verkaufsleiter Geschäftsentwicklung - Chief Manager Business Development,Senior,de,Sales Manager Business Development - Chief Manager Business Development
7084,Vielseitiger und versierter Business Development Manager mit zehn Jahren internationaler Berufserfahrung,Senior,de,Versatile and experienced business development manager with ten years of international professional experience
7085,Berater & Interim Executive Manager,Senior,de,Consultant & Interim Executive Manager
7086,Senior Berater,Senior,tr,Senior Advisor
7087,Senior Berater / Projektleiter,Senior,de,Senior Adviser / Project Manager
7088,Senior Berater | Mitglied der Geschäftsleitung,Senior,de,Senior Adviser - Member of the Executive Board
7089,Senior-Beraterin Bürovermietung und Research,Senior,de,Senior consultant Office rental and research
7090,Consultant and Project Manager,Senior,en,Consultant and Project Manager
7091,Fachbereichsleiter SAP | Senior IT-Consultant | SAP-Basis,Senior,de,"Head of the SAP Department of Business Administration, Senior IT Consultant, SAP Base"
7092,Finance Manager & ERP Consultant supporting your next business transformation | Odoo (OpenERP) | Sap | Oracle,Senior,en,Finance Manager & ERP Consultant supporting your next business transformation | Odoo (OpenERP) | Sap | Oracle
7093,Functional Lead (Senior Consultant),Senior,en,Functional Lead (Senior Consultant)
7094,Gründer und Senior Consultant,Senior,de,Founder and Senior Consultant
7095,HR Consultant | HR Interim Manager | IT Recruit...,Senior,hi,HR Consultant | HR Interim Manager | IT Recruit...
7096,IT Senior Consultant,Senior,en,IT Senior Consultant
7097,Partner / Senior Recruitment Consultant,Senior,en,Partner / Senior Recruitment Consultant
7098,Partner Service Manager/Recruitment Consultant,Senior,en,Partner Service Manager/Recruitment Consultant
7099,Projektmanager / Senior Consultant,Senior,it,Project Manager / Senior Consultant
7100,Senior Applications Consultant,Senior,en,Senior Applications Consultant
7101,Senior Consultant,Senior,en,Senior Consultant
7102,Senior Consultant - Digital & E-Commerce,Senior,en,Senior Consultant - Digital & E-Commerce
7103,Senior Consultant & Head of Account Management,Senior,en,Senior Consultant & Head of Account Management
7104,Senior Consultant & Senior Developer,Senior,en,Senior Consultant & Senior Developer
7105,Senior Consultant / Projektmanager | Fachteamleiter,Senior,de,Senior Consultant / Project Manager
7106,Senior Consultant Brand Partnerships DACH,Senior,de,Senior Consultant Brand Partnerships DACH
7107,Senior Consultant Digital Transformation,Senior,en,Senior Consultant Digital Transformation
7108,Senior Consultant IT,Senior,en,Senior Consultant IT
7109,Senior Consultant -IT Services-,Senior,en,Senior Consultant -IT Services-
7110,Senior Consultant IT-Lösungen,Senior,de,Senior Consultant IT Solutions
7111,Senior Consultant NRW - Java Recruitment,Senior,sw,Senior Consultant NRW - Java Recruitment
7112,Senior Consultant RFID-Systeme,Senior,en,Senior Consultant RFID-Systeme
7113,Senior Consultant SAP BI,Senior,pt,Senior Consultant SAP BI
7114,Senior Consultant SAP C/4HANA,Senior,hi,Senior Consultant SAP C/4HANA
7115,Senior Consultant SAP HCM,Senior,en,Senior Consultant SAP HCM
7116,Senior Conversion Consultant,Senior,it,Senior Conversion Consultant
7117,Senior Customer Consultant,Senior,en,Senior Customer Consultant
7118,Senior IT Consultant,Senior,en,Senior IT Consultant
7119,Senior IT Consultant im Außendienst,Senior,de,Senior IT consultant in field service
7120,Senior Management Consultant,Senior,en,Senior Management Consultant
7121,Senior Managing Consultant,Senior,en,Senior Managing Consultant
7122,Senior Presales Consultant,Senior,it,Senior Presales Consultant
7123,Senior Programmatic Consultant,Senior,en,Senior Programmatic Consultant
7124,Senior Recruitment Consultant,Senior,en,Senior Recruitment Consultant
7125,Senior SAP Consultant,Senior,en,Senior SAP Consultant
7126,Senior Software Consultant,Senior,en,Senior Software Consultant
7127,Senior Strategic Services Consultant,Senior,en,Senior Strategic Services Consultant
7128,Senior WordPress Coach & Consultant,Senior,en,Senior WordPress Coach & Consultant
7129,Team Lead Consulting / Senior Consultant,Senior,en,Team Lead Consulting / Senior Consultant
7130,Team Manager / Consultant Executive Search,Senior,en,Team Manager / Consultant Executive Search
7131,Assistant to Head of Human Resources,Senior,en,Assistant to Head of Human Resources
7132,HR Assistant (compensation&evaluation specialist),Senior,en,HR Assistant (compensation&evaluation specialist)
7133,HR Manager,Senior,en,HR Manager
7134,HR Manager / Personalreferentin,Senior,en,HR Manager / Personalreferentin
7135,HR Manager Germany,Senior,de,HR Manager Germany
7136,HR Recruiting Manager,Senior,en,HR Recruiting Manager
7137,HR- und Event Manager / Qualitätsmanagement,Senior,de,HR and Event Manager / Quality Management
7138,Human Resources Manager,Senior,en,Human Resources Manager
7139,Manager HR Service & Recruiting,Senior,en,Manager HR Service & Recruiting
7140,Office Manager/HR & Payroll,Senior,en,Office Manager/HR & Payroll
7141,Assistante Commerciale et Administrative,Senior,fr,Commercial and Administrative Assistant
7142,Central Program Manager Digitalization,Senior,en,Central Program Manager Digitalization
7143,Corporate IT Infrastructure Manager,Senior,en,Corporate IT Infrastructure Manager
7144,Database- & IT-Manager,Senior,en,Database- & IT-Manager
7145,Digital & Innovation Project Manager,Senior,en,Digital & Innovation Project Manager
7146,Digital Content Manager,Senior,en,Digital Content Manager
7147,Digital Development Manager,Senior,en,Digital Development Manager
7148,Digital Evangelist & Project Manager,Senior,en,Digital Evangelist & Project Manager
7149,Digital Innovation Manager,Senior,en,Digital Innovation Manager
7150,Digital Manager,Senior,en,Digital Manager
7151,Digital Manager D-A-CH,Senior,hi,Digital Manager D-A-CH
7152,Digital Marcom Manager,Senior,en,Digital Marcom Manager
7153,Digital Media Manager,Senior,en,Digital Media Manager
7154,Digital Operations Manager,Senior,en,Digital Operations Manager
7155,Digital Project Manager,Senior,en,Digital Project Manager
7156,Digital Transformation Manager,Senior,en,Digital Transformation Manager
7157,Digitalization Manager Group,Senior,en,Digitalization Manager Group
7158,Event & Digital Manager,Senior,en,Event & Digital Manager
7159,Executive Administrative Assistant,Senior,en,Executive Administrative Assistant
7160,Global Category Manager IT - Digital Applications,Senior,en,Global Category Manager IT - Digital Applications
7161,Global Digital Manager,Senior,en,Global Digital Manager
7162,Global IT Application Manager (SAP),Senior,en,Global IT Application Manager (SAP)
7163,Global IT Demand Manager,Senior,en,Global IT Demand Manager
7164,Global IT Manager,Senior,en,Global IT Manager
7165,Global Manager IT,Senior,en,Global Manager IT
7166,Global Process Manager SAP S/4 Hana,Senior,ur,Global Process Manager SAP S/4 Hana
7167,Global Procurement Digital Solutions Deployment Manager,Senior,en,Global Procurement Digital Solutions Deployment Manager
7168,Group Digital Manager,Senior,en,Group Digital Manager
7169,Group IT Manager,Senior,en,Group IT Manager
7170,Group IT Manager DACH,Senior,en,Group IT Manager DACH
7171,Hauptabteilungsleiter IT / Senior Executive Manager IT,Senior,de,Head of IT / Senior Executive Manager IT
7172,Innovation Manager (Digital Innovation),Senior,en,Innovation Manager (Digital Innovation)
7173,International IT Demand Manager - Industrial,Senior,en,International IT Demand Manager - Industrial
7174,IT & Digital Manager,Senior,en,IT & Digital Manager
7175,IT & ERP Manager,Senior,en,IT & ERP Manager
7176,IT & System Manager,Senior,en,IT & System Manager
7177,IT Application Manager,Senior,en,IT Application Manager
7178,IT Application Project Manager,Senior,en,IT Application Project Manager
7179,IT Applications & Development Manager,Senior,en,IT Applications & Development Manager
7180,IT Configuration Manager & Service Now Administrator,Senior,en,IT Configuration Manager & Service Now Administrator
7181,IT Demand Manager,Senior,en,IT Demand Manager
7182,IT Infrastructure Manager,Senior,en,IT Infrastructure Manager
7183,IT Lead / Customer Solutions Manager,Senior,en,IT Lead / Customer Solutions Manager
7184,IT Manager,Senior,en,IT Manager
7185,IT Manager - Applications & Projects,Senior,en,IT Manager - Applications & Projects
7186,IT Manager & SAP Administrator,Senior,en,IT Manager & SAP Administrator
7187,IT Manager (IT Leiter SEE),Senior,ur,IT Manager (IT Leiter SEE)
7188,IT Manager / IT Leiter,Senior,de,IT Manager / IT Manager
7189,IT Manager / System Engineer,Senior,en,IT Manager / System Engineer
7190,IT Manager ESE Group,Senior,en,IT Manager ESE Group
7191,IT Manager France Air,Senior,en,IT Manager France Air
7192,IT Manager Germany / IT Leiter Deutschland,Senior,de,IT Manager Germany / IT Head of Germany
7193,IT Manager Infrastruktur,Senior,ur,IT Manager Infrastructure
7194,IT Manager Resopal GmbH / IT Infrastructure Leader EMEA at Wilsonart,Senior,nl,IT Manager Resopal GmbH / IT Infrastructure Leader EMEA at Wilsonart
7195,IT Manager SAP Mastére ME Management et stratégie d’entreprise,Senior,fr,IT Manager SAP Master ME Management and Business Strategy
7196,IT Product Manager,Senior,en,IT Product Manager
7197,IT Project and Process Manager,Senior,en,IT Project and Process Manager
7198,IT Project and Program Manager,Senior,en,IT Project and Program Manager
7199,IT Project Manager,Senior,en,IT Project Manager
7200,IT Project Manager Europe,Senior,en,IT Project Manager Europe
7201,IT Senior Projects Manager LKQ Europe,Senior,it,IT Senior Projects Manager LKQ Europe
7202,IT Service Manager,Senior,en,IT Service Manager
7203,IT Service Manager BMW,Senior,en,IT Service Manager BMW
7204,IT Solutions Manager,Senior,en,IT Solutions Manager
7205,IT Systems Manager,Senior,en,IT Systems Manager
7206,IT-Interim Manager,Senior,en,IT-Interim Manager
7207,IT-Manager,Senior,en,IT-Manager
7208,IT-Service Manager,Senior,en,IT-Service Manager
7209,IT-Systems Manager,Senior,en,IT-Systems Manager
7210,Manager / Digital Customer Management,Senior,en,Manager / Digital Customer Management
7211,Manager |  IT,Senior,hi,Manager |  IT
7212,Manager Digital & Compliance,Senior,en,Manager Digital & Compliance
7213,Manager Digital Innovation | Prokurist,Senior,hi,Manager Digital Innovation | Authorized signatory
7214,Manager Digital Services,Senior,en,Manager Digital Services
7215,Manager Digital Solutions,Senior,en,Manager Digital Solutions
7216,Manager Digital Strategy,Senior,en,Manager Digital Strategy
7217,Manager Digital Transformation,Senior,en,Manager Digital Transformation
7218,Manager Digitale Lösungen,Senior,de,Managers Digital Solutions
7219,Manager Digitale Transformation,Senior,en,Manager Digitale Transformation
7220,Manager Digitalization,Senior,en,Manager Digitalization
7221,Manager Global SAP Applications,Senior,en,Manager Global SAP Applications
7222,Manager IT,Senior,en,Manager IT
7223,Manager IT Services,Senior,en,Manager IT Services
7224,Manager IT Solutions Numériques ERAMET,Senior,fr,IT Manager Digital Solutions ERAMET
7225,Manager IT Systeme,Senior,en,Manager IT Systeme
7226,Manager IT- und Prozesssteuerung,Senior,de,Manager IT and process control
7227,Manager SAP,Senior,en,Manager SAP
7228,Manager SAP-Systeme/Konsolidierung,Senior,de,Manager SAP Systems/Consolidation
7229,Market Manager D/A/CH/IT,Senior,sw,Market Manager D/A/CH/IT
7230,New Digital Solutions Manager,Senior,en,New Digital Solutions Manager
7231,Product Manager Digital Solutions,Senior,en,Product Manager Digital Solutions
7232,Produktions Manager/ IT Experte,Senior,en,Produktions Manager/ IT Experte
7233,Program Manager / Senior IT Project Manager,Senior,en,Program Manager / Senior IT Project Manager
7234,Program Manager Digitalization,Senior,en,Program Manager Digitalization
7235,Program Manager IT Service Desk & Operations,Senior,en,Program Manager IT Service Desk & Operations
7236,Programm Manager Digitalisierung,Senior,de,Program Manager Digitization
7237,Project Manager Digitalisation,Senior,en,Project Manager Digitalisation
7238,Project Manager Group IT,Senior,en,Project Manager Group IT
7239,Project Manager IT - Digital Projects,Senior,en,Project Manager IT - Digital Projects
7240,Project Manager IT / IT Security Coordinator IHK,Senior,en,Project Manager IT / IT Security Coordinator IHK
7241,Project Manager SAP / ERP,Senior,en,Project Manager SAP / ERP
7242,Project Manager SAP GTS,Senior,en,Project Manager SAP GTS
7243,SAP Application Manager,Senior,en,SAP Application Manager
7244,SAP Application Manager FI,Senior,en,SAP Application Manager FI
7245,SAP Manager,Senior,en,SAP Manager
7246,SAP Project Manager,Senior,en,SAP Project Manager
7247,SAP-Senior Berater,Senior,tr,SAP senior consultant
7248,Senior Digital Manager,Senior,en,Senior Digital Manager
7249,Senior IT Architect,Senior,en,Senior IT Architect
7250,Senior IT Architekt und Mentor digitale Prozesse,Senior,de,Senior IT architect and mentor digital processes
7251,Senior IT Coordinator,Senior,en,Senior IT Coordinator
7252,Senior IT Manager Digitale Transformation,Senior,en,Senior IT Manager Digitale Transformation
7253,Senior IT Project Manager,Senior,en,Senior IT Project Manager
7254,Senior IT Specialist,Senior,en,Senior IT Specialist
7255,Senior Manager IT,Senior,en,Senior Manager IT
7256,Senior Manager IT- & Data Management,Senior,en,Senior Manager IT- & Data Management
7257,Senior Manager IT Innovations,Senior,en,Senior Manager IT Innovations
7258,Senior Project Manager DIGITAL,Senior,en,Senior Project Manager DIGITAL
7259,Senior Referent Strategie und Digitalisierung der Erdgas Südwest GmbH,Senior,de,Senior Speaker Strategy and Digitization of Gas Südwest GmbH
7260,Senior Vice President (SVP)  SAP Solutions,Senior,en,Senior Vice President (SVP)  SAP Solutions
7261,Senior Vice President IT & Prozesse - Mitglied der operativen Geschäftsleitung,Senior,de,Senior Vice President IT & Processes - Member of the operational management
7262,Service Team Manager - IT Operations,Senior,en,Service Team Manager - IT Operations
7263,Social  & Digital Media Manager,Senior,en,Social  & Digital Media Manager
7264,Stellv. Manager SAP Personalberatung,Senior,de,Stellv. Manager SAP Head Office
7265,Americas CRM Manager,Senior,en,Americas CRM Manager
7266,Application Manager CRM / DWH,Senior,ur,Application Manager CRM / DWH
7267,Application Manager ERP & CRM,Senior,en,Application Manager ERP & CRM
7268,Application Manager IT CRM,Senior,en,Application Manager IT CRM
7269,Application Manager Microsoft Dynamics CRM,Senior,en,Application Manager Microsoft Dynamics CRM
7270,Assistant Global CRM Team Leader,Senior,en,Assistant Global CRM Team Leader
7271,Assistant to Head of CRM,Senior,en,Assistant to Head of CRM
7272,Assistante de Direction Commerciale - Chef de projet CRM,Senior,fr,Sales Assistant - CRM Project Manager
7273,B2B CRM & Operations Manager EMEA,Senior,pt,B2B CRM & Operations Manager EMEA
7274,Brand Manager CRM/Digital,Senior,en,Brand Manager CRM/Digital
7275,Campaign Manager CRM SATURN,Senior,nl,Campaign Manager CRM SATURN
7276,Client Knowledge & CRM Manager,Senior,en,Client Knowledge & CRM Manager
7277,Corporate Online & CRM Manager Switzerland,Senior,en,Corporate Online & CRM Manager Switzerland
7278,CRM - Growth Managerin,Senior,en,CRM - Growth Managerin
7279,CRM & BI Product Manager ?,Senior,en,CRM & BI Product Manager ?
7280,CRM & communication Manager,Senior,en,CRM & communication Manager
7281,CRM & Content Manager,Senior,en,CRM & Content Manager
7282,CRM & Digital Manager,Senior,en,CRM & Digital Manager
7283,CRM & Direktmarketing Managerin,Senior,de,CRM & Direct Marketing Manager
7284,CRM & Lead Manager,Senior,en,CRM & Lead Manager
7285,CRM & Partner Manager,Senior,en,CRM & Partner Manager
7286,CRM & SFE Manager DACH,Senior,de,CRM & SFE Manager DACH
7287,CRM & Technical Project Manager,Senior,en,CRM & Technical Project Manager
7288,CRM / ERP IT Manager,Senior,en,CRM / ERP IT Manager
7289,CRM / Senior Manager Strategische Projekte,Senior,de,CRM / Senior Manager Strategic Projects
7290,CRM and analytics Manager @Flokk,Senior,en,CRM and analytics Manager @Flokk
7291,CRM Application Manager,Senior,en,CRM Application Manager
7292,CRM Application Manager / Global IT Baerlocher GmbH,Senior,de,CRM Application Manager / Global IT Baerlocher GmbH
7293,CRM Campaign and Content Manager,Senior,en,CRM Campaign and Content Manager
7294,CRM Group Manager,Senior,en,CRM Group Manager
7295,CRM Manager,Senior,en,CRM Manager
7296,CRM Manager - AG,Senior,ur,CRM Manager - AG
7297,CRM Manager - Group Commercial Excellence,Senior,en,CRM Manager - Group Commercial Excellence
7298,CRM Manager B2B,Senior,en,CRM Manager B2B
7299,CRM Manager bei Contorion,Senior,de,CRM Manager at Contorion
7300,CRM Manager Continental Europe,Senior,en,CRM Manager Continental Europe
7301,CRM Manager Customer Analytics,Senior,en,CRM Manager Customer Analytics
7302,CRM Manager D2C,Senior,en,CRM Manager D2C
7303,CRM Manager DACH,Senior,de,CRM Manager DACH
7304,CRM Manager EMEA,Senior,pt,CRM Manager EMEA
7305,CRM Manager EMEA (Europe Middle East & Africa),Senior,nl,CRM Manager EMEA (Europe Middle East & Africa)
7306,CRM Manager Homag Group,Senior,hi,CRM Manager Homag Group
7307,CRM Manager International,Senior,en,CRM Manager International
7308,CRM Manager Northern Europe,Senior,en,CRM Manager Northern Europe
7309,CRM Managerin,Senior,en,CRM Managerin
7310,CRM PRM Campaign Manager,Senior,en,CRM PRM Campaign Manager
7311,CRM Process Manager,Senior,en,CRM Process Manager
7312,CRM Product Manager,Senior,en,CRM Product Manager
7313,CRM Program Manager,Senior,en,CRM Program Manager
7314,CRM Project Manager,Senior,en,CRM Project Manager
7315,CRM Project Manager EMEA,Senior,en,CRM Project Manager EMEA
7316,CRM Project Manager EUN,Senior,en,CRM Project Manager EUN
7317,CRM Projekt Manager,Senior,en,CRM Projekt Manager
7318,CRM Solution Manager,Senior,en,CRM Solution Manager
7319,CRM Success Manager & Global Client Data Governor,Senior,en,CRM Success Manager & Global Client Data Governor
7320,CRM/ Online Fundraising Manager,Senior,en,CRM/ Online Fundraising Manager
7321,CRM-Implementation/Manager,Senior,en,CRM-Implementation/Manager
7322,CRM-Manager,Senior,en,CRM-Manager
7323,CRM-Managerin,Senior,en,CRM-Managerin
7324,CRM-Spezialist/Manager Microsoft Dynamics CRM,Senior,pt,CRM-Spezialist/Manager Microsoft Dynamics CRM
7325,Customer Experience & CRM Manager / Digital Channels,Senior,en,Customer Experience & CRM Manager / Digital Channels
7326,Customerservice Manager und CRM Systemmanager,Senior,de,Customerservice Manager and CRM System Manager
7327,Deputy Head of CRM / Senior Credit Officer (NPL...,Senior,en,Deputy Head of CRM / Senior Credit Officer (NPL...
7328,Digital & CRM Manager,Senior,en,Digital & CRM Manager
7329,Digital CRM Manager,Senior,en,Digital CRM Manager
7330,Field Force Effectiveness Manager/ Senior CRM Manager,Senior,en,Field Force Effectiveness Manager/ Senior CRM Manager
7331,Global CRM Manager,Senior,en,Global CRM Manager
7332,Global CRM Market Deployment Manager,Senior,en,Global CRM Market Deployment Manager
7333,Global CRM Project Management and Change Manager,Senior,en,Global CRM Project Management and Change Manager
7334,Global Digital CRM Manager,Senior,en,Global Digital CRM Manager
7335,Group CRM Manager,Senior,en,Group CRM Manager
7336,Group Manager CRM,Senior,en,Group Manager CRM
7337,Head of Lead Management/ CRM Manager,Senior,en,Head of Lead Management/ CRM Manager
7338,Inhaber/GL/CRM+CX Visionär/Senior Analyst/Trainer+Coach/Netzwerker,Senior,de,Owner/GL/CRM+CX Visionary/Senior Analyst/Trainer+Coach/Networker
7339,International CRM Manager,Senior,en,International CRM Manager
7340,IS Project Manager CRM,Senior,en,IS Project Manager CRM
7341,IT Application Manager CRM,Senior,en,IT Application Manager CRM
7342,IT CRM Service Manager,Senior,en,IT CRM Service Manager
7343,IT DIGITAL | RETAIL | CRM | ECOMMERCE Domain Manager,Senior,hi,IT DIGITAL | RETAIL | CRM | ECOMMERCE Domain Manager
7344,IT-Manager Digitalisierungsprojekte - Einführung CRM,Senior,de,IT Manager Digitization Projects - Introduction CRM
7345,Kampagnen Manager - CRM,Senior,en,Kampagnen Manager - CRM
7346,Lead CRM Manager,Senior,en,Lead CRM Manager
7347,Lead CRM Manager (Tchibo Community),Senior,sw,Lead CRM Manager (Tchibo Community)
7348,Manager / Expertise CRM - SI,Senior,en,Manager / Expertise CRM - SI
7349,Manager Campaing & CRM,Senior,en,Manager Campaing & CRM
7350,Manager Commercial Effectiveness (CRM),Senior,en,Manager Commercial Effectiveness (CRM)
7351,Manager Commercial Excellence Pricing & CRM - Continental Europe,Senior,en,Manager Commercial Excellence Pricing & CRM - Continental Europe
7352,Manager CRM,Senior,en,Manager CRM
7353,Manager CRM Online Retail,Senior,en,Manager CRM Online Retail
7354,Manager CRM Software,Senior,en,Manager CRM Software
7355,Manager CRM Solutions,Senior,en,Manager CRM Solutions
7356,Manager CRM Strategy & Operations,Senior,en,Manager CRM Strategy & Operations
7357,Manager CRM Systems,Senior,en,Manager CRM Systems
7358,Manager CRM/Media,Senior,en,Manager CRM/Media
7359,Manager Customer Relations / CRM,Senior,en,Manager Customer Relations / CRM
7360,Manager Direktmarketing & CRM,Senior,ur,Manager Direct Marketing & CRM
7361,Manager E-Solution & CRM,Senior,en,Manager E-Solution & CRM
7362,Manager Global CRM,Senior,en,Manager Global CRM
7363,Manager IT CRM,Senior,en,Manager IT CRM
7364,Manager Master Data Management SAP / CRM,Senior,en,Manager Master Data Management SAP / CRM
7365,Manager Offer Coordination & CRM,Senior,en,Manager Offer Coordination & CRM
7366,Manager SAP CRM,Senior,en,Manager SAP CRM
7367,Managerin für  CRM-Projekte,Senior,de,Manager for CRM projects
7368,nationaler Verkaufsleiter Industrie/Handel und CRM- Manager in Personalunion,Senior,de,National Sales Manager Industry/Trade and CRM Manager in Personnel Union
7369,Online CRM Manager,Senior,en,Online CRM Manager
7370,Pricing and CRM Manager EMEA Case IH and Steyr,Senior,en,Pricing and CRM Manager EMEA Case IH and Steyr
7371,Product Manager CRM & Customer Care,Senior,en,Product Manager CRM & Customer Care
7372,Product Managerin CRM,Senior,en,Product Managerin CRM
7373,Project Manager & Coordinator CRM Systems,Senior,en,Project Manager & Coordinator CRM Systems
7374,Project Manager & CRM Manager,Senior,en,Project Manager & CRM Manager
7375,Project Manager / CRM Consultant,Senior,en,Project Manager / CRM Consultant
7376,Project Manager CRM,Senior,en,Project Manager CRM
7377,Project Manager CRM Applications,Senior,en,Project Manager CRM Applications
7378,Project Manager CRM D.A.CH.,Senior,en,Project Manager CRM D.A.CH.
7379,Project Manager CRM/CBM,Senior,en,Project Manager CRM/CBM
7380,Project Manager Global CRM,Senior,en,Project Manager Global CRM
7381,Project Manager MS Dynamics CRM,Senior,en,Project Manager MS Dynamics CRM
7382,Project Manager SAP CRM y C4C,Senior,es,Project Manager SAP CRM y C4C
7383,Projekt Manager BI/CRM,Senior,en,Projekt Manager BI/CRM
7384,Prokurist / Leit. Senior Berater CRM  / IS-U,Senior,de,Senior Consultant CRM / IS-U
7385,SAP CRM Projekt Manager,Senior,en,SAP CRM Projekt Manager
7386,SAP Hybris CRM Senior Consultant,Senior,pt,SAP Hybris CRM Senior Consultant
7387,SAP-CRM Support Managerin,Senior,en,SAP-CRM Support Managerin
7388,Senior Application Manager CRM,Senior,en,Senior Application Manager CRM
7389,Senior Consultant SAP CRM,Senior,en,Senior Consultant SAP CRM
7390,Senior CRM / Email marketing Manager,Senior,en,Senior CRM / Email marketing Manager
7391,Senior CRM Analyst,Senior,en,Senior CRM Analyst
7392,Senior CRM and Data Analytics Manager,Senior,en,Senior CRM and Data Analytics Manager
7393,Senior CRM Consultant,Senior,en,Senior CRM Consultant
7394,Senior CRM Consultant (Inhouse),Senior,en,Senior CRM Consultant (Inhouse)
7395,Senior CRM Coordinator,Senior,en,Senior CRM Coordinator
7396,Senior CRM Manager,Senior,en,Senior CRM Manager
7397,Senior CRM Managerin,Senior,en,Senior CRM Managerin
7398,Senior CRM Planner // Teamlead,Senior,en,Senior CRM Planner // Teamlead
7399,Senior CRM Projektmanager,Senior,en,Senior CRM Projektmanager
7400,Senior CRM System Manager,Senior,en,Senior CRM System Manager
7401,Senior Digital CRM Manager,Senior,en,Senior Digital CRM Manager
7402,Senior Expert Global CRM,Senior,en,Senior Expert Global CRM
7403,Senior Global CRM Leader,Senior,en,Senior Global CRM Leader
7404,Senior Global CRM Manager,Senior,en,Senior Global CRM Manager
7405,Senior Information Technology Specialist for CRM application,Senior,en,Senior Information Technology Specialist for CRM application
7406,Senior Inhouse CRM Consultant,Senior,en,Senior Inhouse CRM Consultant
7407,Senior IT Consulting - Schwerpunkt MS Dynamics CRM,Senior,de,Senior IT Consulting - focus MS Dynamics CRM
7408,Senior IT Project Manager CRM,Senior,en,Senior IT Project Manager CRM
7409,Senior Manager CRM,Senior,en,Senior Manager CRM
7410,Senior Manager Interactive Media & CRM,Senior,en,Senior Manager Interactive Media & CRM
7411,Senior Manager Lead Generation & CRM,Senior,en,Senior Manager Lead Generation & CRM
7412,Senior Online marketing Manager /eCRM,Senior,en,Senior Online marketing Manager /eCRM
7413,Senior Product & Process Owner CRM,Senior,en,Senior Product & Process Owner CRM
7414,Senior Product Owner CRM,Senior,en,Senior Product Owner CRM
7415,Senior Projektmanager CRM,Senior,en,Senior Projektmanager CRM
7416,Senior Solution Specialist CRM,Senior,en,Senior Solution Specialist CRM
7417,Senior Specialist ERP & CRM,Senior,en,Senior Specialist ERP & CRM
7418,Senior System Manager CRM,Senior,en,Senior System Manager CRM
7419,Senior-Projektmanager CRM/Kommunikation,Senior,hi,Senior Project Manager CRM/Communications
7420,Solution Manager CRM/BI/Data,Senior,en,Solution Manager CRM/BI/Data
7421,Solution Manager IT CRM,Senior,en,Solution Manager IT CRM
7422,Solutions Manager CRM,Senior,en,Solutions Manager CRM
7423,Technischer Support & CRM Manager,Senior,de,Technical Support & CRM Manager
7424,Trainee CRM Manager,Senior,en,Trainee CRM Manager
7425,Verkaufsleiter Industrie/Handel und CRM- Manager in Personalunion,Senior,de,Sales Manager Industry/Trade and CRM Manager in Personalunion
7426,A&D Marketing Manager Germany & Switzerland,Senior,it,A&D Marketing Manager Germany & Switzerland
7427,Academia Segment Marketing Manager Europe,Senior,en,Academia Segment Marketing Manager Europe
7428,Account & Marketing Manager,Senior,en,Account & Marketing Manager
7429,Account Manager – Werbung · Marketing · Messen · Ausstellungen · Veranstaltungen,Senior,de,Account Manager – Advertising · Marketing · Fairs · Exhibitions · Events
7430,Account Manager (Messe Kontakt),Senior,de,Account Manager (trade fair contact)
7431,Account Manager / HR Marketing,Senior,en,Account Manager / HR Marketing
7432,Account Manager Marketing & Sales Germany,Senior,en,Account Manager Marketing & Sales Germany
7433,Account Manager Online Marketing,Senior,en,Account Manager Online Marketing
7434,Account Managerin Marketing & Kommunikation,Senior,de,Account Manager Marketing & Communication
7435,Account-Managerin & Marketing,Senior,en,Account-Managerin & Marketing
7436,Affiliate Marketing Manager,Senior,en,Affiliate Marketing Manager
7437,Aftermarket Marketing Product Manager,Senior,en,Aftermarket Marketing Product Manager
7438,Area Marketing Manager DACH,Senior,hi,Area Marketing Manager DACH
7439,Area Sales Manager / Marketing Manager,Senior,en,Area Sales Manager / Marketing Manager
7440,Assistant Achat & Marketing,Senior,en,Assistant Achat & Marketing
7441,Assistant CSO / Marketing,Senior,en,Assistant CSO / Marketing
7442,Assistant Manager Marketing,Senior,en,Assistant Manager Marketing
7443,Assistant Marketing & Communication,Senior,en,Assistant Marketing & Communication
7444,Assistant Marketing & Communications,Senior,en,Assistant Marketing & Communications
7445,Assistant Marketing & Events,Senior,en,Assistant Marketing & Events
7446,Assistant Marketing & Key Account Management,Senior,en,Assistant Marketing & Key Account Management
7447,Assistant Marketing & PR,Senior,en,Assistant Marketing & PR
7448,Assistant Marketing & Sales,Senior,en,Assistant Marketing & Sales
7449,Assistant Marketing & Sales Corporate Communica...,Senior,en,Assistant Marketing & Sales Corporate Communica...
7450,Assistant Marketing & Sales International,Senior,en,Assistant Marketing & Sales International
7451,Assistant Marketing and Sales,Senior,en,Assistant Marketing and Sales
7452,Assistant Marketing Business Unit Immunology,Senior,en,Assistant Marketing Business Unit Immunology
7453,Assistant Marketing Digital,Senior,en,Assistant Marketing Digital
7454,Assistant Marketing Manager,Senior,en,Assistant Marketing Manager
7455,Assistant Marketing Product Management Diagnostics Division,Senior,en,Assistant Marketing Product Management Diagnostics Division
7456,Assistant Marketing/Training/Sales,Senior,en,Assistant Marketing/Training/Sales
7457,Assistant Sales & Marketing,Senior,en,Assistant Sales & Marketing
7458,Assistant Sales and Marketing,Senior,en,Assistant Sales and Marketing
7459,Assistant Technical Marketing,Senior,en,Assistant Technical Marketing
7460,Assistant to Head of International Sales & Marketing / Regional Head of EMEA,Senior,en,Assistant to Head of International Sales & Marketing / Regional Head of EMEA
7461,Assistant to Head of Organizational Development and Marketing,Senior,en,Assistant to Head of Organizational Development and Marketing
7462,Assistant to head of Sales & Marketing,Senior,en,Assistant to head of Sales & Marketing
7463,Assistant to Marketing,Senior,en,Assistant to Marketing
7464,Assistant to Marketing Communication,Senior,en,Assistant to Marketing Communication
7465,Assistante administrative et commerciale - Communication,Senior,fr,Administrative and Commercial Assistant - Communication
7466,Assistante Marketing,Senior,en,Assistante Marketing
7467,Assistante Marketing & Communication,Senior,en,Assistante Marketing & Communication
7468,Assistantin Geschäftsführung / Kommunikation,Senior,de,Assistant Management / Communication
7469,Associate Manager - Marketing Automation // Salesforce Business Group Competence and Innovation Center,Senior,en,Associate Manager - Marketing Automation // Salesforce Business Group Competence and Innovation Center
7470,B2B Marketing Manager,Senior,en,B2B Marketing Manager
7471,B2B Marketing Manager EMEA,Senior,pt,B2B Marketing Manager EMEA
7472,B2B Marketing Managerin,Senior,en,B2B Marketing Managerin
7473,B2B Online Marketing Manager Central Europe,Senior,en,B2B Online Marketing Manager Central Europe
7474,B2B-Marketing-Manager,Senior,en,B2B-Marketing-Manager
7475,B2C Product Marketing Partnership Manager,Senior,en,B2C Product Marketing Partnership Manager
7476,Brand Manager Direct to Consumer Marketing/ CRM Leader DACH,Senior,en,Brand Manager Direct to Consumer Marketing/ CRM Leader DACH
7477,Brand Marketing Communication Manager,Senior,en,Brand Marketing Communication Manager
7478,Business Analyst Manager Marketing,Senior,en,Business Analyst Manager Marketing
7479,Business Development & Marketing BtoB Assistant,Senior,en,Business Development & Marketing BtoB Assistant
7480,Business Development & Marketing Manager,Senior,en,Business Development & Marketing Manager
7481,Business Development Manager (Messe Kontakt),Senior,ur,Business Development Manager (trade fair contact)
7482,Business Development Manager / Digitalization and Digital Transformation & Marketing & Communication,Senior,en,Business Development Manager / Digitalization and Digital Transformation & Marketing & Communication
7483,Business Development Manager / Marketing & Communication,Senior,en,Business Development Manager / Marketing & Communication
7484,Business Enablement Manager - Marketing & Sales,Senior,en,Business Enablement Manager - Marketing & Sales
7485,Business Insurance Manager & Marketing Manager,Senior,en,Business Insurance Manager & Marketing Manager
7486,Business Marketing Manager,Senior,en,Business Marketing Manager
7487,Business Marketing Manager DACH,Senior,de,Business Marketing Manager DACH
7488,Business Unit Manager Marketing,Senior,en,Business Unit Manager Marketing
7489,Business Unit Manager Marketing Communications & Services,Senior,en,Business Unit Manager Marketing Communications & Services
7490,Business Unit Marketing Manager,Senior,en,Business Unit Marketing Manager
7491,Campaign Manager Marketing Automation,Senior,en,Campaign Manager Marketing Automation
7492,Central Marketing Manager,Senior,en,Central Marketing Manager
7493,Channel & Commercial Marketing Manager,Senior,en,Channel & Commercial Marketing Manager
7494,Channel Marketing Manager,Senior,en,Channel Marketing Manager
7495,Channel Marketing Manager (Messe Kontakt),Senior,de,Channel Marketing Manager (trade fair contact)
7496,Channel Marketing Manager Central Europe,Senior,en,Channel Marketing Manager Central Europe
7497,Channel Marketing Manager DACH,Senior,hi,Channel Marketing Manager DACH
7498,Channel Marketing Manager DACH & Poland,Senior,en,Channel Marketing Manager DACH & Poland
7499,Channel Marketing Manager EDU,Senior,en,Channel Marketing Manager EDU
7500,Channel Marketing Manager Reseller (Messe Kontakt),Senior,de,Channel Marketing Manager Reseller (Trade Fair Contact)
7501,Channel Sales & Marketing Manager,Senior,en,Channel Sales & Marketing Manager
7502,Commercial Marketing Manager Particle Counting & Characterization EMEAI,Senior,en,Commercial Marketing Manager Particle Counting & Characterization EMEAI
7503,Communication - Marketing Manager / IT solutions and services,Senior,en,Communication - Marketing Manager / IT solutions and services
7504,Communication & Image Manager,Senior,en,Communication & Image Manager
7505,Communication & Marketing Manager Road Logistics,Senior,en,Communication & Marketing Manager Road Logistics
7506,Communication & Organizational Development Manager,Senior,en,Communication & Organizational Development Manager
7507,Communication and Marketing Manager,Senior,en,Communication and Marketing Manager
7508,Communication Manager,Senior,en,Communication Manager
7509,Communication Manager Germany,Senior,de,Communication Manager Germany
7510,Communication Project Manager,Senior,en,Communication Project Manager
7511,Communications & Events Manager - Marine & Offshore,Senior,en,Communications & Events Manager - Marine & Offshore
7512,Communications & Events Manager @ Plastic Omnium,Senior,nl,Communications & Events Manager @ Plastic Omnium
7513,Communications Manager,Senior,en,Communications Manager
7514,Communications Project Manager,Senior,en,Communications Project Manager
7515,Community Manager & Marketing Support,Senior,en,Community Manager & Marketing Support
7516,Consultant & Marketing Managerin,Senior,en,Consultant & Marketing Managerin
7517,Consultant / Projekt Manager Marketing & Online...,Senior,it,Consultant / Project Manager Marketing & Online...
7518,Content Marketing Manager,Senior,en,Content Marketing Manager
7519,Content Marketing Manager On-/Offline,Senior,en,Content Marketing Manager On-/Offline
7520,Content Marketing Managerin,Senior,en,Content Marketing Managerin
7521,Corporate Affairs & Communication Manager,Senior,en,Corporate Affairs & Communication Manager
7522,Corporate Communication Manager,Senior,en,Corporate Communication Manager
7523,Corporate Communication Manager Germany,Senior,de,Corporate Communication Manager Germany
7524,Corporate Communications Manager,Senior,en,Corporate Communications Manager
7525,Corporate Manager Marketing Laboratory and Analytical Technology,Senior,en,Corporate Manager Marketing Laboratory and Analytical Technology
7526,Corporate Marketing - Project Manager Exhibitions and Events,Senior,en,Corporate Marketing - Project Manager Exhibitions and Events
7527,Corporate Marketing & Communications Manager,Senior,en,Corporate Marketing & Communications Manager
7528,Corporate Marketing Event Manager,Senior,en,Corporate Marketing Event Manager
7529,Corporate Marketing Manager,Senior,en,Corporate Marketing Manager
7530,Corporate Marketing Manager - Messen/Werbung,Senior,de,Corporate Marketing Manager - Fairs/Advertising
7531,Corporate Projects and Communication Manager,Senior,en,Corporate Projects and Communication Manager
7532,Country Communication & Marketing Manager France,Senior,en,Country Communication & Marketing Manager France
7533,Country Marketing Manager,Senior,en,Country Marketing Manager
7534,Country Marketing Manager Germany & France,Senior,en,Country Marketing Manager Germany & France
7535,Country Marketing Managerin DACH,Senior,en,Country Marketing Managerin DACH
7536,CRM & Automation Marketing Manager,Senior,en,CRM & Automation Marketing Manager
7537,CRM & Direct Marketing Manager,Senior,en,CRM & Direct Marketing Manager
7538,CRM & Email-Marketing Manager,Senior,en,CRM & Email-Marketing Manager
7539,CRM & Marketing Assistant,Senior,en,CRM & Marketing Assistant
7540,CRM & Marketing Automation Manager,Senior,en,CRM & Marketing Automation Manager
7541,CRM & Retention Marketing Managerin,Senior,en,CRM & Retention Marketing Managerin
7542,CRM Manager / Marketing,Senior,en,CRM Manager / Marketing
7543,CRM Marketing Manager,Senior,en,CRM Marketing Manager
7544,CRM-Manager im Bereich Marketing,Senior,de,CRM Manager in Marketing
7545,Customer Marketing Manager DACH,Senior,de,Customer Marketing Manager DACH
7546,DACH Marketing Manager,Senior,hi,DACH Marketing Manager
7547,Data / CRM Marketing Manager,Senior,en,Data / CRM Marketing Manager
7548,Database Marketing Manager,Senior,en,Database Marketing Manager
7549,Department Manager Marketing,Senior,en,Department Manager Marketing
7550,Deputy Division Manager Sales & Marketing,Senior,en,Deputy Division Manager Sales & Marketing
7551,Deputy Marketing Manager,Senior,en,Deputy Marketing Manager
7552,Digital & Data Marketing Manager,Senior,en,Digital & Data Marketing Manager
7553,Digital and Communication Manager - Valeo Service France,Senior,en,Digital and Communication Manager - Valeo Service France
7554,Digital Communication Managerin,Senior,en,Digital Communication Managerin
7555,Digital Marketing & Communication Manager,Senior,en,Digital Marketing & Communication Manager
7556,Digital Marketing & Content Manager,Senior,en,Digital Marketing & Content Manager
7557,Digital Marketing & CRM Manager,Senior,en,Digital Marketing & CRM Manager
7558,Digital Marketing & Sales Manager,Senior,en,Digital Marketing & Sales Manager
7559,Digital Marketing and Innovation Manager/ Automotive,Senior,en,Digital Marketing and Innovation Manager/ Automotive
7560,Digital Marketing Manager,Senior,en,Digital Marketing Manager
7561,Digital Marketing Manager (zone LAT),Senior,tr,Digital Marketing Manager (zone LAT)
7562,Digital Marketing Manager B2B,Senior,en,Digital Marketing Manager B2B
7563,Digital Marketing Manager EMEA,Senior,pt,Digital Marketing Manager EMEA
7564,Digital Marketing Manager Global + EMEA,Senior,pt,Digital Marketing Manager Global + EMEA
7565,Digital Marketing Project Manager,Senior,en,Digital Marketing Project Manager
7566,Digital Offer Marketing Manager,Senior,en,Digital Offer Marketing Manager
7567,Direct Marketing Manager,Senior,en,Direct Marketing Manager
7568,Distribution Manager im GB Vertrieb & Marketing,Senior,de,Distribution Manager in GB Sales & Marketing
7569,Division Manager Communication,Senior,en,Division Manager Communication
7570,E-Commerce Marketing Manager,Senior,en,E-Commerce Marketing Manager
7571,Ecommerce Sales & Marketing Manager,Senior,en,Ecommerce Sales & Marketing Manager
7572,E-Mail-Marketing Manager,Senior,en,E-Mail-Marketing Manager
7573,EMEA Field Marketing Manager,Senior,pt,EMEA Field Marketing Manager
7574,EMEA Marketing Communications & Digital Marketing Manager,Senior,pt,EMEA Marketing Communications & Digital Marketing Manager
7575,EMEA Marketing Communications & eCommerce Manager,Senior,pt,EMEA Marketing Communications & eCommerce Manager
7576,EMEA Marketing Communications Manager,Senior,pt,EMEA Marketing Communications Manager
7577,EMEA Marketing Manager,Senior,pt,EMEA Marketing Manager
7578,EMEA Marketing Solutions Manager - Responsable Marketing EMEA,Senior,pt,EMEA Marketing Solutions Manager - Responsable Marketing EMEA
7579,Engineering & Manager Marketing,Senior,en,Engineering & Manager Marketing
7580,Enterprise Field Marketing Manager CE,Senior,en,Enterprise Field Marketing Manager CE
7581,EuroCentral Event Manager & Transportation & Mobility Marketing Program Manager,Senior,en,EuroCentral Event Manager & Transportation & Mobility Marketing Program Manager
7582,European Marketing and Communications Manager,Senior,en,European Marketing and Communications Manager
7583,European Sales & Marketing Manager,Senior,en,European Sales & Marketing Manager
7584,European Sales and Marketing Manager,Senior,en,European Sales and Marketing Manager
7585,Event & Communication Manager,Senior,en,Event & Communication Manager
7586,Event & Marketing Manager,Senior,en,Event & Marketing Manager
7587,Event & Marketing Manager / Marketing / Werbung / PR,Senior,de,Event & Marketing Manager / Marketing / Advertising / PR
7588,Event- & Online-Marketing Managering,Senior,en,Event- & Online-Marketing Managering
7589,Event and Communications Manager,Senior,en,Event and Communications Manager
7590,Event and Sports Communications - Manager Event Communication,Senior,en,Event and Sports Communications - Manager Event Communication
7591,Event Manager - Marketing,Senior,en,Event Manager - Marketing
7592,Event Manager | Marketing,Senior,hi,Event Manager | Marketing
7593,Event Manager Marketing Communications,Senior,en,Event Manager Marketing Communications
7594,Event Marketing Manager,Senior,en,Event Marketing Manager
7595,Event Marketing Manager (Messe Ansprechpartner),Senior,de,Event Marketing Manager (trade fair contact)
7596,Event- und Marketing-Manager,Senior,de,Event and Marketing Manager
7597,Event- und Marketing-Managerin,Senior,de,Event and Marketing Manager
7598,Event-Managerin / Kommunikation,Senior,de,Event Manager / Communication
7599,Event-Marketing Manager,Senior,en,Event-Marketing Manager
7600,Events & Digital Marketing Manager EMEA,Senior,pt,Events & Digital Marketing Manager EMEA
7601,Executive & Marketing Assistant,Senior,en,Executive & Marketing Assistant
7602,Executive Assistant Business Development & Marketing,Senior,en,Executive Assistant Business Development & Marketing
7603,Executive Assistant Marketing,Senior,en,Executive Assistant Marketing
7604,Executive Assistant Sales Marketing,Senior,en,Executive Assistant Sales Marketing
7605,Executive Assistant to Head of Sales and Marketing Mercedes-Benz Vans,Senior,en,Executive Assistant to Head of Sales and Marketing Mercedes-Benz Vans
7606,Executive Manager Sales & Marketing,Senior,en,Executive Manager Sales & Marketing
7607,Exhibition Manager | Marketing | Design,Senior,hi,Exhibition Manager | Marketing | Design
7608,Export Marketing & Sales Manager,Senior,en,Export Marketing & Sales Manager
7609,Field Marketing Manager,Senior,en,Field Marketing Manager
7610,Field Marketing Manager (Messe Kontakt),Senior,ur,Field Marketing Manager (Exhibition Contact)
7611,Field Marketing Manager Central,Senior,en,Field Marketing Manager Central
7612,Field Marketing Manager Central Europe,Senior,en,Field Marketing Manager Central Europe
7613,Field Marketing Manager DACH,Senior,de,Field Marketing Manager DACH
7614,Field Marketing Manager Europe,Senior,en,Field Marketing Manager Europe
7615,Field Marketing-Manager,Senior,en,Field Marketing-Manager
7616,Field Marketing-Manager DACH,Senior,en,Field Marketing-Manager DACH
7617,Finance/Marketing & Sales Managerin,Senior,en,Finance/Marketing & Sales Managerin
7618,France Field Marketing Manager,Senior,en,France Field Marketing Manager
7619,General Manager (Messe Kontakt),Senior,ur,General Manager (Exhibition Contact)
7620,General Manager Marketing & Sales,Senior,en,General Manager Marketing & Sales
7621,General Manager Sales & Marketing,Senior,en,General Manager Sales & Marketing
7622,Global Brand Communication Manager,Senior,en,Global Brand Communication Manager
7623,Global Communication Manager,Senior,en,Global Communication Manager
7624,Global Communications Manager,Senior,en,Global Communications Manager
7625,Global CRM and Marketing Manager - Nespresso Professional,Senior,en,Global CRM and Marketing Manager - Nespresso Professional
7626,Global Digital Marketing Manager,Senior,en,Global Digital Marketing Manager
7627,Global Digital Marketing Senior Manager Customer Engagement | CRM | Loyalty | Acquisition,Senior,en,Global Digital Marketing Senior Manager Customer Engagement | CRM | Loyalty | Acquisition
7628,Global Marketing & Business Development Manager – Infrastructure,Senior,en,Global Marketing & Business Development Manager – Infrastructure
7629,Global Marketing Communications Manager,Senior,en,Global Marketing Communications Manager
7630,Global Marketing Exhibition & Event Manager,Senior,en,Global Marketing Exhibition & Event Manager
7631,Global Marketing Exhibition Manager,Senior,en,Global Marketing Exhibition Manager
7632,Global Marketing Manager,Senior,en,Global Marketing Manager
7633,Global Marketing Manager | Green Polymer Additives,Senior,en,Global Marketing Manager | Green Polymer Additives
7634,Global Marketing Manager Automotive,Senior,en,Global Marketing Manager Automotive
7635,Global Marketing Manager CRM,Senior,en,Global Marketing Manager CRM
7636,Global Marketing Manager Exhibitions and Events,Senior,en,Global Marketing Manager Exhibitions and Events
7637,Global Project Manager Marketing & Sales Solutions,Senior,en,Global Project Manager Marketing & Sales Solutions
7638,Global Sales & Marketing Manager,Senior,en,Global Sales & Marketing Manager
7639,Global Sales & Marketing Manager Linings,Senior,en,Global Sales & Marketing Manager Linings
7640,Global Sales and Marketing Manager - Rack Mounting Solutions,Senior,en,Global Sales and Marketing Manager - Rack Mounting Solutions
7641,Global Senior Marketing Manager - HID & Forensics,Senior,en,Global Senior Marketing Manager - HID & Forensics
7642,Global Trade Show and Marketing Event Manager,Senior,en,Global Trade Show and Marketing Event Manager
7643,Grafik-Designerin (B.A.) & Online-Marketing-Managerin,Senior,tr,Graphic designer (B.A.) & online marketing manager
7644,Group Communication & Event Manager,Senior,en,Group Communication & Event Manager
7645,Group Communications Manager,Senior,en,Group Communications Manager
7646,Group Manager Communications,Senior,en,Group Manager Communications
7647,Group Manager Marketing & Business Development (CMO),Senior,en,Group Manager Marketing & Business Development (CMO)
7648,Group Manager Marketing Communications,Senior,en,Group Manager Marketing Communications
7649,Group Manager Performance Marketing,Senior,en,Group Manager Performance Marketing
7650,Group Marketing & Assistant to the Executive Board,Senior,en,Group Marketing & Assistant to the Executive Board
7651,Group Marketing Communication Manager (Worldwide),Senior,en,Group Marketing Communication Manager (Worldwide)
7652,Group Marketing Events Manager,Senior,en,Group Marketing Events Manager
7653,Group Marketing Manager,Senior,en,Group Marketing Manager
7654,Group Marketing Manager Aluminium Tubes,Senior,en,Group Marketing Manager Aluminium Tubes
7655,Group Markets Clients Relationship Manager &  Group Markets Event Marketing Manager,Senior,en,Group Markets Clients Relationship Manager &  Group Markets Event Marketing Manager
7656,Groupware/Kommunikation/Social Media Manager,Senior,it,Groupware/Communication/Social Media Manager
7657,Head of Enterprise Marketing Manager,Senior,en,Head of Enterprise Marketing Manager
7658,Head of Manager Marketing & Public Relations,Senior,en,Head of Manager Marketing & Public Relations
7659,Head of Marketing - Marketing Manager,Senior,en,Head of Marketing - Marketing Manager
7660,Head of Marketing & Innovations / Executive Assistant to the CEO,Senior,en,Head of Marketing & Innovations / Executive Assistant to the CEO
7661,Head of Marketing / Sales Manager,Senior,en,Head of Marketing / Sales Manager
7662,HR Marketing Manager,Senior,en,HR Marketing Manager
7663,Human Resources & Marketing Manager,Senior,en,Human Resources & Marketing Manager
7664,Industry Marketing & Business Development Manager,Senior,en,Industry Marketing & Business Development Manager
7665,Influencer Marketing & Event Manager,Senior,en,Influencer Marketing & Event Manager
7666,Innovation Manager - Events & Marketing,Senior,en,Innovation Manager - Events & Marketing
7667,Inside Sales & Marketing Manager,Senior,en,Inside Sales & Marketing Manager
7668,Int. Product Managerin & Marketing Managerin,Senior,en,Int. Product Managerin & Marketing Managerin
7669,Interim Manager und Consultant Marketing (Selbstständig),Senior,de,Interim Manager and Consultant Marketing (Self-employed)
7670,Internal Communication Manager,Senior,en,Internal Communication Manager
7671,International Development Manager | Sales & Marketing,Senior,en,International Development Manager | Sales & Marketing
7672,International Event Marketing Manager,Senior,en,International Event Marketing Manager
7673,International Marketing & PR Manager,Senior,en,International Marketing & PR Manager
7674,International Marketing & Product Manager ImuPro,Senior,it,International Marketing & Product Manager ImuPro
7675,International Marketing Communications Manager,Senior,en,International Marketing Communications Manager
7676,International Marketing Manager,Senior,en,International Marketing Manager
7677,International Marketing Manager & Manager Messen und Events,Senior,de,International Marketing Manager & Manager Trade Shows and Events
7678,International Marketing Manager (Messe Kontakt),Senior,ur,International Marketing Manager (Exhibition Contact)
7679,International Marketing Manager for Transportation and Marketing Officer for Swiss Area,Senior,en,International Marketing Manager for Transportation and Marketing Officer for Swiss Area
7680,International Sales & Marketing Manager,Senior,en,International Sales & Marketing Manager
7681,International Sales & Marketing Manager Flexible Foams,Senior,en,International Sales & Marketing Manager Flexible Foams
7682,International Sales and Marketing Assistant,Senior,en,International Sales and Marketing Assistant
7683,IT Demand Manager Sales & Marketing,Senior,en,IT Demand Manager Sales & Marketing
7684,IT Domain Manager for Sales and Marketing,Senior,en,IT Domain Manager for Sales and Marketing
7685,IT-Manager & Marketing,Senior,en,IT-Manager & Marketing
7686,Jr. Marketing Manager,Senior,en,Jr. Marketing Manager
7687,Jr. Online-Marketing Manager,Senior,en,Jr. Online-Marketing Manager
7688,Kauffrau für Bürokommunikation / Assistant Marketing,Senior,de,Businesswoman for Office Communications / Assistant Marketing
7689,Key Account Manager (Messe Kontakt),Senior,ur,Key Account Manager (trade fair contact)
7690,Key Account Manager / Marketing,Senior,en,Key Account Manager / Marketing
7691,Key Account Manager / Messe Kontakt,Senior,de,Key Account Manager / Trade Fair Contact
7692,Key Account Manager Convenience/Marketing Manager,Senior,en,Key Account Manager Convenience/Marketing Manager
7693,Key Account Managerin (Sales & Marketing),Senior,en,Key Account Managerin (Sales & Marketing)
7694,Kommunikation&PR Manager,Senior,de,Communication & PR Manager
7695,Lead Generation Marketing Manager,Senior,en,Lead Generation Marketing Manager
7696,Lead Marketing Assistant,Senior,en,Lead Marketing Assistant
7697,Leadmanager / Senior Professional Marketing Man...,Senior,en,Leadmanager / Senior Professional Marketing Man...
7698,Leiter Abteilung Marketing - Senior Manager Marketing,Senior,de,Head of Marketing - Senior Manager Marketing
7699,Leiterin Marketing/PR (Communications Manager),Senior,it,Head of Marketing/PR (Communications Manager)
7700,Leitung Messe und Marktforschung & Corporate Marketing | Senior Marketing Manager,Senior,de,"Head of Trade Fair and Market Research & Corporate Marketing, Senior Marketing Manager"
7701,Lintex Industrial Ltd - Marketing Development Manager,Senior,ur,Lintex Industrial Ltd - Marketing Development Manager
7702,Live Communications Manager,Senior,en,Live Communications Manager
7703,Management and Marketing Assistant,Senior,en,Management and Marketing Assistant
7704,Management Assistant & Marketing Services,Senior,en,Management Assistant & Marketing Services
7705,Manager - Marketing & Unternehmenskommunikation,Senior,de,Manager - Marketing & Corporate Communications
7706,Manager Account Based Marketing DACH/South Europe - ABM DACH AEC,Senior,en,Manager Account Based Marketing DACH/South Europe - ABM DACH AEC
7707,Manager Advertising & Marketing,Senior,en,Manager Advertising & Marketing
7708,Manager Akquisition & Marketing,Senior,en,Manager Akquisition & Marketing
7709,Manager Backoffice / Technik / Marketing,Senior,de,Manager Backoffice / Technology / Marketing
7710,Manager Brand Marketing,Senior,en,Manager Brand Marketing
7711,Manager Business Development / Marketing,Senior,en,Manager Business Development / Marketing
7712,Manager Business Marketing,Senior,en,Manager Business Marketing
7713,Manager Communication,Senior,en,Manager Communication
7714,Manager Communication & PR,Senior,en,Manager Communication & PR
7715,Manager Communication / Messe Kontakt,Senior,de,Manager Communication / Trade Fair Contact
7716,Manager Communications,Senior,en,Manager Communications
7717,Manager Communications & Customer Relations,Senior,en,Manager Communications & Customer Relations
7718,Manager Corporate & Marketing Communications,Senior,en,Manager Corporate & Marketing Communications
7719,Manager Corporate Communications,Senior,en,Manager Corporate Communications
7720,Manager Corporate Marketing&Communications,Senior,en,Manager Corporate Marketing&Communications
7721,Manager CRM & Collaborative Solutions & BSA Sales & Marketing,Senior,en,Manager CRM & Collaborative Solutions & BSA Sales & Marketing
7722,Manager CRM & Marketing Databases,Senior,en,Manager CRM & Marketing Databases
7723,Manager Database Marketing,Senior,en,Manager Database Marketing
7724,Manager Digital Marketing,Senior,en,Manager Digital Marketing
7725,Manager Digital Marketing Platforms & Tools,Senior,en,Manager Digital Marketing Platforms & Tools
7726,Manager Digital Sales & Marketing,Senior,en,Manager Digital Sales & Marketing
7727,Manager DirectMarketing und CRM,Senior,de,Manager DirectMarketing and CRM
7728,Manager Event Marketing,Senior,en,Manager Event Marketing
7729,Manager Event Marketing - Corporate & Marketing Communications,Senior,en,Manager Event Marketing - Corporate & Marketing Communications
7730,Manager Events & Kommunikation,Senior,de,Manager Events & Communication
7731,Manager Fairs & Online Marketing,Senior,en,Manager Fairs & Online Marketing
7732,Manager Field Marketing & Communications für Xerox GmbH,Senior,de,Manager Field Marketing & Communications for Xerox GmbH
7733,Manager Global Marketing Communications,Senior,en,Manager Global Marketing Communications
7734,Manager Group Communications DACH,Senior,en,Manager Group Communications DACH
7735,Manager HR Marketing and Employer Branding,Senior,en,Manager HR Marketing and Employer Branding
7736,Manager HSO CRM Solutions & Marketing,Senior,en,Manager HSO CRM Solutions & Marketing
7737,Manager Integrated Marketing Europe,Senior,en,Manager Integrated Marketing Europe
7738,Manager Internal Events Marketing Operations Western Europe,Senior,en,Manager Internal Events Marketing Operations Western Europe
7739,Manager International Strategic Marketing,Senior,en,Manager International Strategic Marketing
7740,Manager IT-Services Sales & Marketing Customer Integration,Senior,en,Manager IT-Services Sales & Marketing Customer Integration
7741,Manager Kommunikation und Content Marketing,Senior,de,Manager Communication and Content Marketing
7742,Manager Live-Kommunikation/ Marketing,Senior,hi,Manager Live-Communication/ Marketing
7743,Manager Marketing,Senior,en,Manager Marketing
7744,Manager Marketing & Administration / Prokurist,Senior,ur,Manager Marketing & Administration / Prokurist
7745,Manager Marketing & Business Development,Senior,en,Manager Marketing & Business Development
7746,Manager Marketing & Communication,Senior,en,Manager Marketing & Communication
7747,Manager Marketing & Communications,Senior,en,Manager Marketing & Communications
7748,Manager Marketing & Communications EMEA,Senior,pt,Manager Marketing & Communications EMEA
7749,Manager Marketing & Corporate Communication,Senior,en,Manager Marketing & Corporate Communication
7750,Manager Marketing & Corporate Communications,Senior,en,Manager Marketing & Corporate Communications
7751,Manager Marketing & Event,Senior,en,Manager Marketing & Event
7752,Manager Marketing & Events,Senior,en,Manager Marketing & Events
7753,Manager Marketing & Kommunikation,Senior,de,Manager Marketing & Communication
7754,Manager Marketing & PR,Senior,en,Manager Marketing & PR
7755,Manager Marketing & Public Relations,Senior,en,Manager Marketing & Public Relations
7756,Manager Marketing & Sales,Senior,en,Manager Marketing & Sales
7757,Manager Marketing & Sales Development,Senior,en,Manager Marketing & Sales Development
7758,Manager Marketing & Vertrieb,Senior,de,Manager Marketing & Sales
7759,Manager Marketing (Messe Ansprechpartner),Senior,de,Manager Marketing (trade fair contact)
7760,Manager Marketing and Communications,Senior,en,Manager Marketing and Communications
7761,Manager Marketing and PR,Senior,en,Manager Marketing and PR
7762,Manager Marketing Communication,Senior,en,Manager Marketing Communication
7763,Manager Marketing Communications,Senior,en,Manager Marketing Communications
7764,Manager Marketing Communications and Services EMEA,Senior,en,Manager Marketing Communications and Services EMEA
7765,Manager Marketing Communications DACH,Senior,de,Manager Marketing Communications DACH
7766,Manager Marketing Communications EMEA,Senior,pt,Manager Marketing Communications EMEA
7767,Manager Marketing CRM & Communications,Senior,en,Manager Marketing CRM & Communications
7768,Manager Marketing Intelligence,Senior,en,Manager Marketing Intelligence
7769,Manager Marketing Kommunikation,Senior,de,Manager Marketing Communication
7770,Manager Marketing Kommunikation Dacia DACH,Senior,de,Manager Marketing Communication Dacia DACH
7771,Manager Marketing Performance & Customer Data Science,Senior,en,Manager Marketing Performance & Customer Data Science
7772,Manager Marketing Process Technology,Senior,en,Manager Marketing Process Technology
7773,Manager Marketing Robotics / PR,Senior,en,Manager Marketing Robotics / PR
7774,Manager Marketing Service,Senior,en,Manager Marketing Service
7775,Manager Marketing Services,Senior,en,Manager Marketing Services
7776,Manager Marketing und Interne Kommunikation,Senior,de,Manager Marketing and Internal Communication
7777,Manager Marketing und Kommunikation,Senior,de,Manager Marketing and Communication
7778,Manager Marketing und Unternehmenskommunikation,Senior,de,Manager Marketing and Corporate Communications
7779,Manager Marketing&Kommunikation,Senior,hi,Manager Marketing&Communication
7780,Manager Marketing/Communication,Senior,en,Manager Marketing/Communication
7781,Manager Marketing/PR,Senior,en,Manager Marketing/PR
7782,Manager Marketing-Communication,Senior,en,Manager Marketing-Communication
7783,Manager Marketing-Projekte,Senior,de,Manager Marketing Projects
7784,Manager Media & Communications,Senior,en,Manager Media & Communications
7785,Manager Messen & Events,Senior,en,Manager Messen & Events
7786,Manager of Marketing & PR,Senior,en,Manager of Marketing & PR
7787,Manager Online-Marketing,Senior,en,Manager Online-Marketing
7788,Manager Outbound Marketing - Connected Home Division,Senior,en,Manager Outbound Marketing - Connected Home Division
7789,Manager PR & Marketing (Cross-Border),Senior,en,Manager PR & Marketing (Cross-Border)
7790,Manager PR und Kommunikation,Senior,de,Manager PR and Communication
7791,Manager Process Digitalization Sales & Marketing,Senior,en,Manager Process Digitalization Sales & Marketing
7792,Manager Sales & Marketing,Senior,en,Manager Sales & Marketing
7793,Manager Sales & Marketing Development,Senior,en,Manager Sales & Marketing Development
7794,Manager Sales & Marketing OTC,Senior,en,Manager Sales & Marketing OTC
7795,Manager Sales and Marketing (Messe Kontakt),Senior,ur,Manager Sales and Marketing (Exhibition Contact)
7796,Manager Sales and Marketing I SAP Gold Partner für den Mittelstand,Senior,de,Manager Sales and Marketing I SAP Gold Partner for SMEs
7797,Manager Sales Coordination & Marketing,Senior,en,Manager Sales Coordination & Marketing
7798,Manager Strategischer Vertrieb & Marketing,Senior,de,Manager Strategic Sales & Marketing
7799,Manager Strategy & Marketing,Senior,en,Manager Strategy & Marketing
7800,Manager Technical Marketing & IP,Senior,en,Manager Technical Marketing & IP
7801,Manager Trade Fairs & Events / Brand & Customer Communications,Senior,en,Manager Trade Fairs & Events / Brand & Customer Communications
7802,Manager Unternehmenskommunikation/Marketing,Senior,de,Manager Corporate Communications/Marketing
7803,Manager Vertrieb und Marketing,Senior,de,Manager Sales and Marketing
7804,Manager Vertrieb/Marketing,Senior,de,Manager Sales/Marketing
7805,Managerin Corporate Marketing & Events,Senior,en,Managerin Corporate Marketing & Events
7806,Managerin für Marketing & PR,Senior,de,Manager for Marketing & PR
7807,Managerin Marketing &  Unternehmenskommunikation,Senior,de,Manager Marketing & Corporate Communications
7808,Managerin Marketing & Events,Senior,en,Managerin Marketing & Events
7809,Managerin Marketing & Kommunikation,Senior,de,Manager Marketing & Communication
7810,Managerin Marketing Kommunikation,Senior,de,Manager Marketing Communication
7811,Managerin Marketingkommunikation u. Events,Senior,de,Manager Marketing Communication & Events
7812,Managerin Marketingprojekte,Senior,de,Manager Marketing Projects
7813,Managerin Veranstaltungen & Netzwerke (Marke & Kommunikation),Senior,de,Manager Events & Networks (brand & communication)
7814,Market Communication Manager,Senior,en,Market Communication Manager
7815,Market Communications Manager,Senior,en,Market Communications Manager
7816,Marketing  Communication Manager,Senior,en,Marketing  Communication Manager
7817,Marketing  Communication Manager (w),Senior,en,Marketing  Communication Manager (w)
7818,Marketing  Manager,Senior,en,Marketing  Manager
7819,Marketing & Account Manager,Senior,en,Marketing & Account Manager
7820,Marketing & Area Sales Manager,Senior,en,Marketing & Area Sales Manager
7821,Marketing & Business Development Manager,Senior,en,Marketing & Business Development Manager
7822,Marketing & Communication Manager,Senior,en,Marketing & Communication Manager
7823,Marketing & Communication Manager @ ROCKWOOL Core Solutions,Senior,en,Marketing & Communication Manager @ ROCKWOOL Core Solutions
7824,Marketing & Communication Manager France Benelux,Senior,nl,Marketing & Communication Manager France Benelux
7825,Marketing & Communication Manager Germany,Senior,en,Marketing & Communication Manager Germany
7826,Marketing & Communication Managerin,Senior,en,Marketing & Communication Managerin
7827,Marketing & Communication/Social Media Manager/Exhibitions,Senior,en,Marketing & Communication/Social Media Manager/Exhibitions
7828,Marketing & Communications Manager,Senior,en,Marketing & Communications Manager
7829,Marketing & Communications Manager - Smart Automation Solutions Division,Senior,en,Marketing & Communications Manager - Smart Automation Solutions Division
7830,Marketing & Communications Manager Online,Senior,en,Marketing & Communications Manager Online
7831,Marketing & Communications Managerin,Senior,en,Marketing & Communications Managerin
7832,Marketing & CRM Manager,Senior,en,Marketing & CRM Manager
7833,Marketing & Database Manager,Senior,en,Marketing & Database Manager
7834,Marketing & Digital Strategy Manager,Senior,en,Marketing & Digital Strategy Manager
7835,Marketing & Event Manager,Senior,en,Marketing & Event Manager
7836,Marketing & Event Manager & Technical Consultant,Senior,en,Marketing & Event Manager & Technical Consultant
7837,Marketing & Events Manager,Senior,en,Marketing & Events Manager
7838,Marketing & Events Manager EMEA,Senior,en,Marketing & Events Manager EMEA
7839,Marketing & Growth Manager,Senior,en,Marketing & Growth Manager
7840,Marketing & HR Manager,Senior,en,Marketing & HR Manager
7841,Marketing & HR Managerin,Senior,en,Marketing & HR Managerin
7842,Marketing & Key Account Manager,Senior,en,Marketing & Key Account Manager
7843,Marketing & Loyalty Manager France,Senior,en,Marketing & Loyalty Manager France
7844,Marketing & Operations Manager,Senior,en,Marketing & Operations Manager
7845,Marketing & Partner Manager,Senior,en,Marketing & Partner Manager
7846,Marketing & PR Manager,Senior,en,Marketing & PR Manager
7847,Marketing & PR Manager D-A-CH,Senior,hi,Marketing & PR Manager D-A-CH
7848,Marketing & Product Management Assistant,Senior,en,Marketing & Product Management Assistant
7849,Marketing & Product Manager,Senior,en,Marketing & Product Manager
7850,Marketing & Proposals Manager,Senior,en,Marketing & Proposals Manager
7851,Marketing & Public Relations Manager,Senior,en,Marketing & Public Relations Manager
7852,Marketing & Public Relations Managerin,Senior,en,Marketing & Public Relations Managerin
7853,Marketing & Sales Assistant,Senior,en,Marketing & Sales Assistant
7854,Marketing & Sales Management Assistant,Senior,en,Marketing & Sales Management Assistant
7855,Marketing & Sales Manager,Senior,en,Marketing & Sales Manager
7856,Marketing & Sales Manager Battery Management Systems,Senior,en,Marketing & Sales Manager Battery Management Systems
7857,Marketing & Sales Managerin,Senior,en,Marketing & Sales Managerin
7858,Marketing- & Sales-Manager,Senior,en,Marketing- & Sales-Manager
7859,Marketing /  Sales Manager,Senior,en,Marketing /  Sales Manager
7860,Marketing / Inside Sales Manager,Senior,en,Marketing / Inside Sales Manager
7861,Marketing / Kommunikation Event Manager,Senior,de,Marketing / Communication Event Manager
7862,Marketing / Online Marketing Manager,Senior,en,Marketing / Online Marketing Manager
7863,Marketing / PR Manager,Senior,en,Marketing / PR Manager
7864,Marketing / Public Relations Manager,Senior,en,Marketing / Public Relations Manager
7865,Marketing / Sales Managerin,Senior,en,Marketing / Sales Managerin
7866,Marketing / Senior Customer Events & Sponsoring Specialist,Senior,en,Marketing / Senior Customer Events & Sponsoring Specialist
7867,Marketing Account Manager (Messe Kontakt),Senior,de,Marketing Account Manager (trade fair contact)
7868,Marketing Activation Manager EMEA,Senior,pt,Marketing Activation Manager EMEA
7869,Marketing Administrative Assistant,Senior,en,Marketing Administrative Assistant
7870,Marketing and communication Manager,Senior,en,Marketing and communication Manager
7871,Marketing and Communication Manager @VINCI Energies,Senior,nl,Marketing and Communication Manager @VINCI Energies
7872,Marketing and Communications Manager,Senior,en,Marketing and Communications Manager
7873,Marketing and Event Management Assistant,Senior,en,Marketing and Event Management Assistant
7874,Marketing and Event Manager,Senior,en,Marketing and Event Manager
7875,Marketing and People Development Managerin,Senior,en,Marketing and People Development Managerin
7876,Marketing and Project Management / Executive Assistant,Senior,en,Marketing and Project Management / Executive Assistant
7877,Marketing And Public Relations Manager,Senior,en,Marketing And Public Relations Manager
7878,Marketing and Sales Manager,Senior,en,Marketing and Sales Manager
7879,Marketing and Sales Manager Power transformers,Senior,en,Marketing and Sales Manager Power transformers
7880,Marketing Assistant,Senior,en,Marketing Assistant
7881,Marketing Assistant & Content Creator,Senior,en,Marketing Assistant & Content Creator
7882,Marketing Assistant/ Dept.Internal Event Coordinator,Senior,pt,Marketing Assistant/ Dept.Internal Event Coordinator
7883,Marketing Automation Manager,Senior,en,Marketing Automation Manager
7884,Marketing Brand Manager,Senior,en,Marketing Brand Manager
7885,Marketing Campaign Manager,Senior,en,Marketing Campaign Manager
7886,Marketing Communication & Event Manager,Senior,en,Marketing Communication & Event Manager
7887,Marketing Communication Assistant,Senior,en,Marketing Communication Assistant
7888,Marketing Communication Manager,Senior,en,Marketing Communication Manager
7889,Marketing Communication Manager (Europe) AES,Senior,nl,Marketing Communication Manager (Europe) AES
7890,Marketing Communication Manager BWT France,Senior,en,Marketing Communication Manager BWT France
7891,Marketing Communication Manager Continental Europe,Senior,en,Marketing Communication Manager Continental Europe
7892,Marketing Communication Manager mit Führungsverantwortung,Senior,de,Marketing Communication Manager with leadership responsibility
7893,Marketing Communication Managerin,Senior,en,Marketing Communication Managerin
7894,Marketing Communications & Event Manager,Senior,en,Marketing Communications & Event Manager
7895,Marketing Communications & Events Manager,Senior,en,Marketing Communications & Events Manager
7896,Marketing Communications Assistant,Senior,en,Marketing Communications Assistant
7897,Marketing Communications Assistant Europe,Senior,en,Marketing Communications Assistant Europe
7898,Marketing Communications Manager,Senior,en,Marketing Communications Manager
7899,Marketing Communications Manager (Europe),Senior,en,Marketing Communications Manager (Europe)
7900,Marketing Communications Manager : International Events & Trade Shows,Senior,en,Marketing Communications Manager : International Events & Trade Shows
7901,Marketing Communications Manager | Teamleiter EMEA,Senior,de,Marketing Communications Manager 的 Team Leader EMEA
7902,Marketing Communications Manager EMEA,Senior,pt,Marketing Communications Manager EMEA
7903,Marketing Communications Manager Europe & North America,Senior,en,Marketing Communications Manager Europe & North America
7904,Marketing Communications Manager Healthcare,Senior,en,Marketing Communications Manager Healthcare
7905,Marketing Communications Managerin,Senior,en,Marketing Communications Managerin
7906,Marketing Communications Project Manager,Senior,en,Marketing Communications Project Manager
7907,Marketing Content & Planning Manager,Senior,en,Marketing Content & Planning Manager
7908,Marketing Data Manager Global P&S,Senior,en,Marketing Data Manager Global P&S
7909,Marketing Database Manager,Senior,en,Marketing Database Manager
7910,Marketing Department and Executive Assistant,Senior,en,Marketing Department and Executive Assistant
7911,Marketing Development Manager Healthcare EMEA,Senior,pt,Marketing Development Manager Healthcare EMEA
7912,Marketing Event & Agency Manager,Senior,en,Marketing Event & Agency Manager
7913,Marketing Event & Asset Manager EMEA,Senior,pt,Marketing Event & Asset Manager EMEA
7914,Marketing Event Manager,Senior,en,Marketing Event Manager
7915,Marketing Event Manager - DACH,Senior,de,Marketing Event Manager - DACH
7916,Marketing Event Manager EMEA / LATAM,Senior,hi,Marketing Event Manager EMEA / LATAM
7917,Marketing Events Manager EMEA,Senior,pt,Marketing Events Manager EMEA
7918,Marketing Events Manager Europe,Senior,en,Marketing Events Manager Europe
7919,Marketing Intelligence Manager,Senior,en,Marketing Intelligence Manager
7920,Marketing Leiterin/ E-Commerce-Managerin,Senior,it,Marketing Manager/E-Commerce Manager
7921,Marketing Manager,Senior,en,Marketing Manager
7922,Marketing Manager - Brand & Communications,Senior,en,Marketing Manager - Brand & Communications
7923,Marketing Manager - Customer Success & CRM,Senior,en,Marketing Manager - Customer Success & CRM
7924,Marketing Manager - Digital Marketing Cloud,Senior,en,Marketing Manager - Digital Marketing Cloud
7925,Marketing Manager  Europe & DACH,Senior,de,Marketing Manager Europe & DACH
7926,Marketing Manager - Events & operatives Marketing,Senior,en,Marketing Manager - Events & operatives Marketing
7927,Marketing Manager - International,Senior,en,Marketing Manager - International
7928,Marketing Manager - Messen & Events,Senior,nl,Marketing Manager - Messen & Events
7929,Marketing Manager - Schwerpunkt Eventmanagement,Senior,de,Marketing Manager - Focus Event Management
7930,Marketing Manager & Corporate Communications,Senior,en,Marketing Manager & Corporate Communications
7931,Marketing Manager & Global Regulatory Strategist,Senior,en,Marketing Manager & Global Regulatory Strategist
7932,Marketing Manager & Sales Back Office Manager @Tenax International Srl,Senior,en,Marketing Manager & Sales Back Office Manager @Tenax International Srl
7933,Marketing Manager (Messe Ansprechpartner),Senior,de,Marketing Manager (trade fair contact)
7934,Marketing Manager (Messe Kontakt),Senior,ur,Marketing Manager (Exhibition Contact)
7935,Marketing Manager (PR & Marketing EMEA),Senior,pt,Marketing Manager (PR & Marketing EMEA)
7936,Marketing Manager (Sales Marketing),Senior,en,Marketing Manager (Sales Marketing)
7937,Marketing Manager (SDR/BDR),Senior,en,Marketing Manager (SDR/BDR)
7938,Marketing Manager / Ausbildungsleiter / Produktmanager (Sensorik),Senior,de,Marketing Manager / Training Manager / Product Manager (sensory)
7939,Marketing Manager / CRM,Senior,en,Marketing Manager / CRM
7940,Marketing Manager / Dipl.- Ing.,Senior,it,Marketing Manager / Dipl.- Ing.
7941,Marketing Manager / Fachpressesprecher,Senior,de,Marketing Manager / Spokesperson
7942,Marketing Manager / Head of Human Resources,Senior,en,Marketing Manager / Head of Human Resources
7943,Marketing Manager / International Sales Support,Senior,en,Marketing Manager / International Sales Support
7944,Marketing Manager / Messe Kontakt,Senior,de,Marketing Manager / Trade Fair Contact
7945,Marketing Manager / Messekontakt,Senior,de,Marketing Manager / Trade Fair Contact
7946,Marketing Manager / Personal Assistant of CEO,Senior,en,Marketing Manager / Personal Assistant of CEO
7947,Marketing Manager / Prokurist / Verkaufsleiter,Senior,de,Marketing Manager / Procurator / Sales Manager
7948,Marketing Manager / Prokuristin,Senior,ur,Marketing Manager / Prokuristin
7949,Marketing Manager / Strategic Project Development & Acquisition Germany,Senior,en,Marketing Manager / Strategic Project Development & Acquisition Germany
7950,Marketing Manager / Werbung,Senior,de,Marketing Manager / Advertising
7951,Marketing Manager | Business Development,Senior,hi,Marketing Manager | Business Development
7952,Marketing Manager | Digital & Kommunikation,Senior,de,Marketing Manager - Digital & Communication
7953,Marketing Manager | Fairs and Events,Senior,en,Marketing Manager | Fairs and Events
7954,Marketing Manager | Marketing und Kommunikation,Senior,de,Marketing Manager - Marketing and Communication
7955,Marketing Manager 2H Business,Senior,en,Marketing Manager 2H Business
7956,Marketing Manager Ambient Media,Senior,en,Marketing Manager Ambient Media
7957,Marketing Manager and Project Development Assistant -International,Senior,en,Marketing Manager and Project Development Assistant -International
7958,Marketing Manager Application Technology,Senior,en,Marketing Manager Application Technology
7959,Marketing Manager Architecture,Senior,en,Marketing Manager Architecture
7960,Marketing Manager B2B,Senior,en,Marketing Manager B2B
7961,Marketing Manager B2B / Digital Media,Senior,en,Marketing Manager B2B / Digital Media
7962,Marketing Manager Business Intelligence,Senior,en,Marketing Manager Business Intelligence
7963,Marketing Manager CEMEA,Senior,hi,Marketing Manager CEMEA
7964,Marketing Manager Central & Eastern Europe,Senior,en,Marketing Manager Central & Eastern Europe
7965,Marketing Manager Central Europe,Senior,en,Marketing Manager Central Europe
7966,Marketing Manager Communications,Senior,en,Marketing Manager Communications
7967,Marketing Manager Communications (Leiter Marketing DACH),Senior,de,Marketing Manager Communications (Head of Marketing DACH)
7968,Marketing Manager Communications NWE,Senior,en,Marketing Manager Communications NWE
7969,Marketing Manager Communities & Verticals CE,Senior,en,Marketing Manager Communities & Verticals CE
7970,Marketing Manager Contruction,Senior,en,Marketing Manager Contruction
7971,Marketing Manager Corporate Events & Sponsoring,Senior,en,Marketing Manager Corporate Events & Sponsoring
7972,Marketing Manager Corporate Marketing,Senior,en,Marketing Manager Corporate Marketing
7973,Marketing Manager CRM,Senior,en,Marketing Manager CRM
7974,Marketing Manager CRM & Dialogmarketing,Senior,en,Marketing Manager CRM & Dialogmarketing
7975,Marketing Manager DACH,Senior,de,Marketing Manager DACH
7976,Marketing Manager DACH - FR,Senior,de,Marketing Manager DACH - FR
7977,Marketing Manager DACH & NL,Senior,hi,Marketing Manager DACH & NL
7978,Marketing Manager De'Longhi Brand,Senior,nl,Marketing Manager De'Longhi Brand
7979,Marketing Manager Deutschland,Senior,de,Marketing Manager Germany
7980,Marketing Manager Deutschland/Österreich,Senior,de,Marketing Manager Germany/Austria
7981,Marketing Manager Digital,Senior,en,Marketing Manager Digital
7982,Marketing Manager Digital Advertisement,Senior,en,Marketing Manager Digital Advertisement
7983,Marketing Manager Digital Media,Senior,en,Marketing Manager Digital Media
7984,Marketing Manager Digitale Services,Senior,en,Marketing Manager Digitale Services
7985,Marketing Manager Eastern Europe,Senior,en,Marketing Manager Eastern Europe
7986,Marketing Manager eCRM,Senior,en,Marketing Manager eCRM
7987,Marketing Manager EMEA,Senior,pt,Marketing Manager EMEA
7988,Marketing Manager EMEA & Russia,Senior,pt,Marketing Manager EMEA & Russia
7989,Marketing Manager EMEA Central,Senior,pt,Marketing Manager EMEA Central
7990,Marketing Manager EMEA Region,Senior,pt,Marketing Manager EMEA Region
7991,Marketing Manager Europe,Senior,en,Marketing Manager Europe
7992,Marketing Manager Europe East,Senior,en,Marketing Manager Europe East
7993,Marketing Manager Event & Partnership,Senior,en,Marketing Manager Event & Partnership
7994,Marketing Manager Events,Senior,en,Marketing Manager Events
7995,Marketing Manager Events & Projekte,Senior,de,Marketing Manager Events & Projects
7996,Marketing Manager Exhibitions & Events,Senior,en,Marketing Manager Exhibitions & Events
7997,Marketing Manager Exteriors division France,Senior,en,Marketing Manager Exteriors division France
7998,Marketing Manager Food Service,Senior,en,Marketing Manager Food Service
7999,Marketing Manager France,Senior,fr,Marketing Manager France
8000,Marketing Manager France & Export,Senior,en,Marketing Manager France & Export
8001,Marketing Manager für den Bereich Security Cons...,Senior,de,Marketing Manager for Security Cons...
8002,Marketing Manager Germany,Senior,de,Marketing Manager Germany
8003,Marketing Manager Global Marketing Communication,Senior,en,Marketing Manager Global Marketing Communication
8004,Marketing Manager HRSflow D-A-CH,Senior,nl,Marketing Manager HRSflow D-A-CH
8005,Marketing Manager HVAC/R,Senior,hi,Marketing Manager HVAC/R
8006,Marketing Manager I Global Communication and Brand Management,Senior,en,Marketing Manager I Global Communication and Brand Management
8007,Marketing Manager IDEXX Companion Animal Group D/A/CH,Senior,it,Marketing Manager IDEXX Companion Animal Group D/A/CH
8008,Marketing Manager Industrie,Senior,en,Marketing Manager Industrie
8009,Marketing Manager Instruments & Hygiene,Senior,en,Marketing Manager Instruments & Hygiene
8010,Marketing Manager Internal Communication,Senior,en,Marketing Manager Internal Communication
8011,Marketing Manager International,Senior,en,Marketing Manager International
8012,Marketing Manager International sales,Senior,en,Marketing Manager International sales
8013,Marketing Manager Kommunikation,Senior,de,Marketing Manager Communication
8014,Marketing Manager Messe,Senior,de,Marketing Manager Fair
8015,Marketing Manager North Europe & Sales Manager Suisse,Senior,nl,Marketing Manager North Europe & Sales Manager Suisse
8016,Marketing Manager Northern Europe,Senior,en,Marketing Manager Northern Europe
8017,Marketing Manager online/offline,Senior,en,Marketing Manager online/offline
8018,Marketing Manager Partnermarketing und Kommunikation,Senior,de,Marketing Manager Partner Marketing and Communication
8019,Marketing Manager POS Display,Senior,en,Marketing Manager POS Display
8020,Marketing Manager Process Control,Senior,en,Marketing Manager Process Control
8021,Marketing Manager Retail,Senior,en,Marketing Manager Retail
8022,Marketing Manager Retail EMEA,Senior,pt,Marketing Manager Retail EMEA
8023,Marketing Manager Schweiz,Senior,de,Marketing Manager Switzerland
8024,Marketing Manager Schwerpunkt Art Direction,Senior,de,Marketing Manager Focus Art Direction
8025,Marketing Manager Shows & Events,Senior,en,Marketing Manager Shows & Events
8026,Marketing Manager Shows and Events,Senior,en,Marketing Manager Shows and Events
8027,Marketing Manager Strategie,Senior,en,Marketing Manager Strategie
8028,Marketing Manager Strategy & Digitalization,Senior,en,Marketing Manager Strategy & Digitalization
8029,Marketing Manager Strategy & Team Coordination,Senior,en,Marketing Manager Strategy & Team Coordination
8030,Marketing Manager Technical Foams,Senior,en,Marketing Manager Technical Foams
8031,Marketing Manager Trade Marketing,Senior,en,Marketing Manager Trade Marketing
8032,Marketing Manager Trade Show & Events International,Senior,en,Marketing Manager Trade Show & Events International
8033,Marketing Manager Trades Shows and Events,Senior,en,Marketing Manager Trades Shows and Events
8034,Marketing Manager und Assistent der Geschäftsleitung,Senior,de,Marketing Manager and Assistant to the Executive Board
8035,Marketing Manager und Assistenz der Geschäftsleitung,Senior,de,Marketing Manager and Management Assistant
8036,Marketing Manager Vertrieb,Senior,de,Marketing Manager Sales
8037,Marketing Manager/ Marketing Management,Senior,en,Marketing Manager/ Marketing Management
8038,Marketing Managerin,Senior,en,Marketing Managerin
8039,Marketing Managerin & Messeverantwortung,Senior,de,Marketing Manager & Trade Fair Responsibility
8040,Marketing Managerin (Messe Kontakt),Senior,de,Marketing Manager (trade fair contact)
8041,Marketing Managerin / Public Relations,Senior,en,Marketing Managerin / Public Relations
8042,Marketing Managerin B2B Markt,Senior,de,Marketing Manager B2B Market
8043,Marketing Managerin Brand Communications & Event,Senior,en,Marketing Managerin Brand Communications & Event
8044,Marketing Managerin DACH,Senior,de,Marketing Manager DACH
8045,Marketing Managerin Equipment,Senior,en,Marketing Managerin Equipment
8046,Marketing Managerin Event & Trade Fair,Senior,en,Marketing Managerin Event & Trade Fair
8047,Marketing Managerin Kommunikation,Senior,de,Marketing Manager Communication
8048,Marketing Managerin Trade Shows,Senior,en,Marketing Managerin Trade Shows
8049,Marketing Managerin/Teamleitung,Senior,de,Marketing Manager/Team Leader
8050,Marketing Operations Manager,Senior,en,Marketing Operations Manager
8051,Marketing Operations Manager EMEA,Senior,pt,Marketing Operations Manager EMEA
8052,Marketing Operations Program Manager,Senior,en,Marketing Operations Program Manager
8053,Marketing Process Manager Fairs & Events,Senior,en,Marketing Process Manager Fairs & Events
8054,Marketing Process Managerin Fairs & Events,Senior,en,Marketing Process Managerin Fairs & Events
8055,Marketing Professional / Event Manager,Senior,en,Marketing Professional / Event Manager
8056,Marketing Program Manager,Senior,en,Marketing Program Manager
8057,Marketing Program Manager - Liquid Phase separations & Lab Informatics,Senior,en,Marketing Program Manager - Liquid Phase separations & Lab Informatics
8058,Marketing Programs Manager,Senior,en,Marketing Programs Manager
8059,Marketing Project and Event Manager,Senior,en,Marketing Project and Event Manager
8060,Marketing Project Manager,Senior,en,Marketing Project Manager
8061,Marketing Project Manager i Glamox AS,Senior,en,Marketing Project Manager i Glamox AS
8062,Marketing Sales Manager,Senior,en,Marketing Sales Manager
8063,Marketing Sales Strategy Manager,Senior,en,Marketing Sales Strategy Manager
8064,Marketing Service Manager,Senior,en,Marketing Service Manager
8065,Marketing Services Manager,Senior,en,Marketing Services Manager
8066,Marketing Services Project Manager,Senior,en,Marketing Services Project Manager
8067,Marketing Technology Manager CRM,Senior,en,Marketing Technology Manager CRM
8068,Marketing und Communications Manager Medical,Senior,de,Marketing and Communications Manager Medical
8069,Marketing und Community Manager,Senior,de,Marketing and Community Manager
8070,Marketing- und E-Commerce Manager,Senior,de,Marketing and e-commerce manager
8071,Marketing und Event Manager,Senior,de,Marketing and Event Manager
8072,Marketing und Event Manager DACH,Senior,de,Marketing and Event Manager DACH
8073,Marketing und Event Managerin,Senior,de,Marketing and Event Manager
8074,Marketing- und Kommunikations-Manager,Senior,de,Marketing and Communication Manager
8075,Marketing- und Kommunikations-Managerin,Senior,de,Marketing and Communication Manager
8076,Marketing und Management Assistant,Senior,de,Marketing and Management Assistant
8077,Marketing und PR Manager,Senior,de,Marketing and PR Manager
8078,Marketing und Produkt Manager,Senior,de,Marketing and Product Manager
8079,Marketing und Sales Operations Manager,Senior,de,Marketing and Sales Operations Manager
8080,Marketing- und Sales-Manager,Senior,de,Marketing and Sales Managers
8081,Marketing und Vertriebs Managerin,Senior,de,Marketing and Sales Manager
8082,Marketing-/ Kommunikations-Manager,Senior,de,Marketing/Communication Manager
8083,Marketing/Business Development Manager,Senior,en,Marketing/Business Development Manager
8084,Marketing/Communications Manager,Senior,en,Marketing/Communications Manager
8085,Marketing/Event-Manager,Senior,en,Marketing/Event-Manager
8086,Marketingkampagnen-Manager,Senior,tr,The Marketing Campaign Manager
8087,Marketingleiterin / Marketing Manager,Senior,de,Marketing Manager / Marketing Manager
8088,Marketingleitung / Marketing Manager,Senior,de,Marketing Management / Marketing Manager
8089,Marketingleitung /Marketing Manager,Senior,de,Marketing Management / Marketing Manager
8090,Marketing-Manager,Senior,en,Marketing-Manager
8091,Marketing-Manager Online,Senior,en,Marketing-Manager Online
8092,Marketing-Managerin,Senior,en,Marketing-Managerin
8093,Marketing-Managerin (Media),Senior,ur,Marketing Manager (Media)
8094,Marketing-Managerin Kommunikation/Werbung,Senior,de,Marketing Manager Communication/Advertising
8095,Marketing-Referentin / Account Manager,Senior,nl,Marketing Representative / Account Manager
8096,Medien & Marketing Manager,Senior,en,Medien & Marketing Manager
8097,Messe & Event Manager,Senior,de,Fair & Event Manager
8098,Messe Kontakt / Key Account Manager,Senior,de,Trade Fair Contact / Key Account Manager
8099,Multi Channel Marketing Manager,Senior,en,Multi Channel Marketing Manager
8100,Multichannel Communication Manager,Senior,en,Multichannel Communication Manager
8101,National Marketing & Communication Manager,Senior,en,National Marketing & Communication Manager
8102,National Marketing&Communication Manager,Senior,en,National Marketing&Communication Manager
8103,National Partnership Manager - Sport & Event Marketing,Senior,en,National Partnership Manager - Sport & Event Marketing
8104,National Sales Marketing Manager Solar Energy,Senior,en,National Sales Marketing Manager Solar Energy
8105,New Business Development - Regional Marketing Manager,Senior,en,New Business Development - Regional Marketing Manager
8106,Online- / Social Media Manager Marketing Deutschland,Senior,de,Online / Social Media Manager Marketing Germany
8107,Online Marketing - Senior Key Account Managerin,Senior,en,Online Marketing - Senior Key Account Managerin
8108,Online Marketing & Community Manager,Senior,en,Online Marketing & Community Manager
8109,Online Marketing & E-Commerce Manager,Senior,en,Online Marketing & E-Commerce Manager
8110,Online Marketing & Sales Manager,Senior,en,Online Marketing & Sales Manager
8111,Online Marketing + Event Manager,Senior,en,Online Marketing + Event Manager
8112,Online Marketing Assistant,Senior,en,Online Marketing Assistant
8113,Online Marketing Manager,Senior,en,Online Marketing Manager
8114,Online Marketing Manager & IT-Consultant,Senior,en,Online Marketing Manager & IT-Consultant
8115,Online Marketing Manager / Leadmanagement,Senior,en,Online Marketing Manager / Leadmanagement
8116,Online Marketing Manager | Google AdWords Specialist,Senior,hi,Online Marketing Manager | Google AdWords Specialist
8117,Online Marketing Manager B2B,Senior,en,Online Marketing Manager B2B
8118,Online Marketing Manager B2B D/A/CH,Senior,sw,Online Marketing Manager B2B D/A/CH
8119,Online Marketing Managerin,Senior,en,Online Marketing Managerin
8120,Online Marketing und Event Manager,Senior,de,Online Marketing and Event Manager
8121,Online und Community Marketing Managerin,Senior,de,Online and Community Marketing Manager
8122,Online-Marketing & eCommerce Managerin,Senior,en,Online-Marketing & eCommerce Managerin
8123,Online-Marketing Manager,Senior,en,Online-Marketing Manager
8124,Online-Marketing Managerin / Online marketing manager,Senior,en,Online-Marketing Managerin / Online marketing manager
8125,Online-Marketing und Event Managerin,Senior,de,Online Marketing and Event Manager
8126,Online-Marketing-Manager,Senior,en,Online-Marketing-Manager
8127,Online-Marketing-Manager E-Mail & CRM,Senior,en,Online-Marketing-Manager E-Mail & CRM
8128,Operational & Digital Marketing - Communication Project Manager,Senior,en,Operational & Digital Marketing - Communication Project Manager
8129,Operational Marketing & Communications Manager - Group,Senior,en,Operational Marketing & Communications Manager - Group
8130,Operational Marketing and Communication Manager,Senior,en,Operational Marketing and Communication Manager
8131,Performance Marketing Manager,Senior,en,Performance Marketing Manager
8132,Performance Marketing Manager - Affiliate & Native Display at Gorillas,Senior,en,Performance Marketing Manager - Affiliate & Native Display at Gorillas
8133,PR & Communications Manager,Senior,en,PR & Communications Manager
8134,PR & Content Marketing Managerin,Senior,en,PR & Content Marketing Managerin
8135,PR & Marketing Communications Manager,Senior,en,PR & Marketing Communications Manager
8136,PR & Marketing Manager,Senior,en,PR & Marketing Manager
8137,PR / Communications Managerin,Senior,en,PR / Communications Managerin
8138,PR und Marketing Manager,Senior,de,PR and Marketing Manager
8139,PR/Marketing Manager,Senior,en,PR/Marketing Manager
8140,PR-/Marketing Managerin,Senior,en,PR-/Marketing Managerin
8141,Process- & Project Manager Sales Channel Management & Marketing,Senior,en,Process- & Project Manager Sales Channel Management & Marketing
8142,Product & Campaign Marketing Manager,Senior,en,Product & Campaign Marketing Manager
8143,Product & Marketing Manager,Senior,en,Product & Marketing Manager
8144,Product & Sales Marketing Manager,Senior,en,Product & Sales Marketing Manager
8145,Product and Marketing Manager,Senior,en,Product and Marketing Manager
8146,Product Manager EMEA Platform & Solutions Marketing,Senior,en,Product Manager EMEA Platform & Solutions Marketing
8147,Product Manager Trade Marketing,Senior,en,Product Manager Trade Marketing
8148,Product Marketing Manager,Senior,en,Product Marketing Manager
8149,Product Marketing Manager (CRM),Senior,en,Product Marketing Manager (CRM)
8150,Product Marketing Manager B2B Health,Senior,en,Product Marketing Manager B2B Health
8151,Produkt & Marketing Manager,Senior,en,Produkt & Marketing Manager
8152,Produkt Marketing Manager,Senior,de,Product Marketing Manager
8153,Produkt Marketing Manager / Vertriebsingenieur,Senior,de,Product Marketing Manager / Sales Engineer
8154,Produkt Marketing Managerin,Senior,de,Product Marketing Manager
8155,Produktentwickler/Marketing-Manager,Senior,nl,Product Developer/Marketing Manager
8156,Project & Product Manager - CRM & Marketing automation,Senior,en,Project & Product Manager - CRM & Marketing automation
8157,Project Manager - Marketing and Communication,Senior,en,Project Manager - Marketing and Communication
8158,Project Manager Communication & PR,Senior,en,Project Manager Communication & PR
8159,Project Manager Digital Marketing,Senior,en,Project Manager Digital Marketing
8160,Project Manager E-Commerce & Digital Marketing,Senior,en,Project Manager E-Commerce & Digital Marketing
8161,Project Manager Event & Partner Marketing,Senior,en,Project Manager Event & Partner Marketing
8162,Project Manager External Communications,Senior,en,Project Manager External Communications
8163,Project Manager Location Marketing,Senior,en,Project Manager Location Marketing
8164,Project Manager Marketing,Senior,en,Project Manager Marketing
8165,Project Manager Marketing & Communications,Senior,en,Project Manager Marketing & Communications
8166,Project Manager Marketing & Corporate Communications,Senior,en,Project Manager Marketing & Corporate Communications
8167,Project Manager Marketing & Fairs / Projektleiterin Marketing & Messen,Senior,de,Project Manager Marketing & Fairs / Project Manager Marketing & Fairs
8168,Project Manager Marketing & Sales,Senior,en,Project Manager Marketing & Sales
8169,Project Manager Marketing Communication,Senior,en,Project Manager Marketing Communication
8170,Project Manager Marketing Communications,Senior,en,Project Manager Marketing Communications
8171,Project Manager Technical Marketing and Business Development Tepex Automotive,Senior,en,Project Manager Technical Marketing and Business Development Tepex Automotive
8172,Projekt Managerin | Marketing Events & Messen,Senior,de,Project Manager 的 Marketing Events & Fairs
8173,Recruiting und Marketing Manager,Senior,de,Recruiting and Marketing Manager
8174,Regional Communication Manager,Senior,en,Regional Communication Manager
8175,Regional Communication Manager DACH,Senior,de,Regional Communication Manager DACH
8176,Regional Field Marketing Manager,Senior,en,Regional Field Marketing Manager
8177,Regional Marketing & Communications Manager,Senior,en,Regional Marketing & Communications Manager
8178,Regional Marketing Manager,Senior,en,Regional Marketing Manager
8179,Regional Marketing Manager - Sales Region,Senior,en,Regional Marketing Manager - Sales Region
8180,Regional Marketing Manager | Europe Central,Senior,en,Regional Marketing Manager | Europe Central
8181,Regional Marketing Manager DACH,Senior,de,Regional Marketing Manager DACH
8182,Regional Sales & Marketing Operations Manager Europe Duty Free,Senior,en,Regional Sales & Marketing Operations Manager Europe Duty Free
8183,Responsable Communication commerciale et Travel Manager,Senior,fr,Sales Communications and Travel Manager
8184,Retail CRM & Marketing Manager,Senior,en,Retail CRM & Marketing Manager
8185,Sales & Marketing Assistant,Senior,en,Sales & Marketing Assistant
8186,Sales- & Marketing Assistant,Senior,en,Sales- & Marketing Assistant
8187,Sales & Marketing Assistant Leadacquisition,Senior,en,Sales & Marketing Assistant Leadacquisition
8188,Sales & Marketing Management Assistant,Senior,en,Sales & Marketing Management Assistant
8189,Sales & Marketing Manager,Senior,en,Sales & Marketing Manager
8190,Sales & Marketing Manager - Refining Division Switzerland,Senior,en,Sales & Marketing Manager - Refining Division Switzerland
8191,Sales & Marketing Manager AGR Germany,Senior,en,Sales & Marketing Manager AGR Germany
8192,Sales & Marketing Manager France Infrastruture sector,Senior,fr,Sales & Marketing Manager France Infrastructure sector
8193,Sales & Marketing Manager HPW AG,Senior,en,Sales & Marketing Manager HPW AG
8194,Sales & Marketing Manager Industry,Senior,en,Sales & Marketing Manager Industry
8195,Sales & Marketing Manager Middle East,Senior,en,Sales & Marketing Manager Middle East
8196,Sales & Marketing Manager South & West Europe Region & EMEA Luxury Segment BDM,Senior,en,Sales & Marketing Manager South & West Europe Region & EMEA Luxury Segment BDM
8197,Sales & Marketing Manager Speedo Deutschland,Senior,de,Sales & Marketing Manager Speedo Germany
8198,Sales & Marketing Managerin,Senior,en,Sales & Marketing Managerin
8199,Sales & Marketing Operations Manager Truck & Trailer EMEAR,Senior,en,Sales & Marketing Operations Manager Truck & Trailer EMEAR
8200,Sales & Marketing Operations Senior Manager,Senior,en,Sales & Marketing Operations Senior Manager
8201,Sales & Marketing Team Manager,Senior,en,Sales & Marketing Team Manager
8202,Sales & Marketing Transformation Manager,Senior,en,Sales & Marketing Transformation Manager
8203,Sales- & Marketing-Manager,Senior,en,Sales- & Marketing-Manager
8204,Sales- & Marketing-Manager LAC,Senior,en,Sales- & Marketing-Manager LAC
8205,Sales- & Marketing-Managerin,Senior,ur,Sales & Marketing Manager
8206,Sales / Marketing Manager,Senior,en,Sales / Marketing Manager
8207,Sales and Marketing Assistant,Senior,en,Sales and Marketing Assistant
8208,Sales and Marketing Manager,Senior,en,Sales and Marketing Manager
8209,Sales and Marketing Manager (Social Media),Senior,en,Sales and Marketing Manager (Social Media)
8210,Sales and Marketing Manager B2B,Senior,en,Sales and Marketing Manager B2B
8211,Sales and Marketing Manager France,Senior,en,Sales and Marketing Manager France
8212,Sales and Marketing Manager Vision division,Senior,en,Sales and Marketing Manager Vision division
8213,Sales Manager & Marketing Manager / CRM & CSR Management,Senior,en,Sales Manager & Marketing Manager / CRM & CSR Management
8214,Sales Manager Conferences & Online Marketing,Senior,en,Sales Manager Conferences & Online Marketing
8215,Sales Manager Direct Marketing,Senior,en,Sales Manager Direct Marketing
8216,Sales Marketing Assistant,Senior,en,Sales Marketing Assistant
8217,Sales Marketing Manager,Senior,en,Sales Marketing Manager
8218,Sales Representative & Marketing Manager,Senior,en,Sales Representative & Marketing Manager
8219,Sales und Marketing Manager,Senior,de,Sales and Marketing Manager
8220,Sales und Marketing Managerin,Senior,de,Sales and Marketing Manager
8221,Salesforce Marketing Cloud Manager,Senior,en,Salesforce Marketing Cloud Manager
8222,Sales-Marketing Manager,Senior,en,Sales-Marketing Manager
8223,Section Manager Marketing,Senior,en,Section Manager Marketing
8224,Sen.Marketing Manager,Senior,en,Sen.Marketing Manager
8225,Senior Account Manager Digital- & Performance-Marketing,Senior,en,Senior Account Manager Digital- & Performance-Marketing
8226,Senior Account Manager Marketing Automation & Lead Management,Senior,en,Senior Account Manager Marketing Automation & Lead Management
8227,Senior B2B Digital Content Marketing Manager,Senior,en,Senior B2B Digital Content Marketing Manager
8228,Senior B2B Marketing Manager,Senior,en,Senior B2B Marketing Manager
8229,Senior Beraterin Business Development Performance Marketing,Senior,tr,Senior Consultant Business Development Performance Marketing
8230,Senior Brand and Marketing Campaign Manager iTero EMEA,Senior,en,Senior Brand and Marketing Campaign Manager iTero EMEA
8231,Senior Brand Marketing Manager,Senior,en,Senior Brand Marketing Manager
8232,Senior Buyer Marketing and Travelmanagement,Senior,en,Senior Buyer Marketing and Travelmanagement
8233,Senior Channel Marketing Manager,Senior,en,Senior Channel Marketing Manager
8234,Senior Channel Marketing Manager Central Europe,Senior,en,Senior Channel Marketing Manager Central Europe
8235,Senior Communication Manager,Senior,en,Senior Communication Manager
8236,Senior Communications Specialist,Senior,en,Senior Communications Specialist
8237,Senior Communications Specialist Central Europe,Senior,en,Senior Communications Specialist Central Europe
8238,Senior Consultant Marketing & Communication,Senior,en,Senior Consultant Marketing & Communication
8239,Senior Coordinator Marketing,Senior,en,Senior Coordinator Marketing
8240,Senior Corporate Brand Communications,Senior,en,Senior Corporate Brand Communications
8241,Senior Corporate Communication Manager,Senior,en,Senior Corporate Communication Manager
8242,Senior CRM & Marketing Project Manager,Senior,en,Senior CRM & Marketing Project Manager
8243,Senior CRM Manager - Unternehmensentwicklung & Marketing,Senior,de,Senior CRM Manager - Corporate Development & Marketing
8244,Senior CRM Manager / Senior E-Mail Marketing Ma...,Senior,it,Senior CRM Manager / Senior E-Mail Marketing Ma...
8245,Senior Customer Marketing Manager,Senior,en,Senior Customer Marketing Manager
8246,Senior DACH Marketing Manager,Senior,en,Senior DACH Marketing Manager
8247,Senior Developer Marketing Specialist,Senior,en,Senior Developer Marketing Specialist
8248,Senior Digital Communication Managerin,Senior,en,Senior Digital Communication Managerin
8249,Senior Digital Marketing Manager,Senior,en,Senior Digital Marketing Manager
8250,Senior Direktor Marketing und Vertrieb (Messe Kontakt),Senior,de,Senior Director Marketing and Sales (Trade Fair Contact)
8251,Senior eCommerce Marketing Manager,Senior,en,Senior eCommerce Marketing Manager
8252,Senior Event Marketing Manager,Senior,en,Senior Event Marketing Manager
8253,Senior Events and National Veterinary Schools Communication manager,Senior,en,Senior Events and National Veterinary Schools Communication manager
8254,Senior Expert E-Business & Marketing,Senior,en,Senior Expert E-Business & Marketing
8255,Senior Expert Software & Online Dialog Marketing,Senior,en,Senior Expert Software & Online Dialog Marketing
8256,Senior Field Marketing Manager,Senior,en,Senior Field Marketing Manager
8257,Senior Field Marketing Manager DACH,Senior,de,Senior Field Marketing Manager DACH
8258,Senior Global Communications Manager,Senior,en,Senior Global Communications Manager
8259,Senior Global Marketing Manager,Senior,en,Senior Global Marketing Manager
8260,Senior Group Key Account & Marketing Manager,Senior,en,Senior Group Key Account & Marketing Manager
8261,Senior Group Manager Central European and Nordics Marketing Programs and Communications at MathWorks,Senior,en,Senior Group Manager Central European and Nordics Marketing Programs and Communications at MathWorks
8262,Senior HR Marketing Manager,Senior,en,Senior HR Marketing Manager
8263,Senior International Marketing Manager,Senior,en,Senior International Marketing Manager
8264,Senior Key Account Manager & Online Marketing Manager (IHK),Senior,en,Senior Key Account Manager & Online Marketing Manager (IHK)
8265,Senior Manager - CRM & Digital Marketing,Senior,en,Senior Manager - CRM & Digital Marketing
8266,Senior Manager - Global BMW Program- Sales&Marketing,Senior,en,Senior Manager - Global BMW Program- Sales&Marketing
8267,Senior Manager – Product Marketing Scheer PAS,Senior,nl,Senior Manager – Product Marketing Scheer PAS
8268,Senior Manager Application Development & Business Solution Management Sales and Marketing,Senior,en,Senior Manager Application Development & Business Solution Management Sales and Marketing
8269,Senior Manager Brand & Communication,Senior,en,Senior Manager Brand & Communication
8270,Senior Manager Communication,Senior,en,Senior Manager Communication
8271,Senior Manager Communications at Magna Powertrain,Senior,en,Senior Manager Communications at Magna Powertrain
8272,Senior Manager Corporate Communications,Senior,en,Senior Manager Corporate Communications
8273,Senior Manager CRM / Team-Leader (Group Strategic Marketing),Senior,en,Senior Manager CRM / Team-Leader (Group Strategic Marketing)
8274,Senior Manager Demand Generation & Marketing Operations,Senior,en,Senior Manager Demand Generation & Marketing Operations
8275,Senior Manager Digital Marketing & Communication,Senior,en,Senior Manager Digital Marketing & Communication
8276,Senior Manager EMEA Channel Marketing,Senior,en,Senior Manager EMEA Channel Marketing
8277,Senior Manager EMEA Marketing,Senior,en,Senior Manager EMEA Marketing
8278,Senior Manager Global Marketing,Senior,en,Senior Manager Global Marketing
8279,Senior Manager Kommunikation & Marketing,Senior,en,Senior Manager Kommunikation & Marketing
8280,Senior Manager Marketing,Senior,en,Senior Manager Marketing
8281,Senior Manager Marketing - Digital Prosthetics,Senior,en,Senior Manager Marketing - Digital Prosthetics
8282,Senior Manager Marketing & Communications,Senior,en,Senior Manager Marketing & Communications
8283,Senior Manager Marketing & Inside Sales,Senior,en,Senior Manager Marketing & Inside Sales
8284,Senior Manager Marketing & Sales,Senior,en,Senior Manager Marketing & Sales
8285,Senior Manager Marketing & Sales Operations,Senior,en,Senior Manager Marketing & Sales Operations
8286,Senior Manager Marketing / PR,Senior,en,Senior Manager Marketing / PR
8287,Senior Manager Marketing and Online Communications,Senior,en,Senior Manager Marketing and Online Communications
8288,Senior Manager Marketing Central Europe,Senior,en,Senior Manager Marketing Central Europe
8289,Senior Manager Marketing Communications,Senior,en,Senior Manager Marketing Communications
8290,Senior Manager Marketing Cyber Security DACH,Senior,de,Senior Manager Marketing Cyber Security DACH
8291,Senior Manager Marketing Services / Corporate Communications,Senior,en,Senior Manager Marketing Services / Corporate Communications
8292,Senior Manager Marketing Technology + Tools,Senior,en,Senior Manager Marketing Technology + Tools
8293,Senior Manager Marketing/PR,Senior,en,Senior Manager Marketing/PR
8294,Senior Manager Online-Marketing,Senior,en,Senior Manager Online-Marketing
8295,Senior Manager Product & Program Marketing,Senior,en,Senior Manager Product & Program Marketing
8296,Senior Marketing & Brand Manager,Senior,en,Senior Marketing & Brand Manager
8297,Senior Marketing & Communications Manager,Senior,en,Senior Marketing & Communications Manager
8298,Senior Marketing & Communications Specialist,Senior,en,Senior Marketing & Communications Specialist
8299,Senior Marketing & Design Manager,Senior,en,Senior Marketing & Design Manager
8300,Senior Marketing & Event Manager EMEIA,Senior,it,Senior Marketing & Event Manager EMEIA
8301,Senior Marketing & Events Manager B2B DACH,Senior,de,Senior Marketing & Events Manager B2B DACH
8302,Senior Marketing & PR Manager,Senior,en,Senior Marketing & PR Manager
8303,Senior Marketing & Sales Manager,Senior,en,Senior Marketing & Sales Manager
8304,Senior Marketing Analyst / Salesforce Administrator,Senior,en,Senior Marketing Analyst / Salesforce Administrator
8305,Senior Marketing and Event Manager,Senior,en,Senior Marketing and Event Manager
8306,Senior Marketing and Pricing Manager,Senior,en,Senior Marketing and Pricing Manager
8307,Senior Marketing Communations Managerin,Senior,en,Senior Marketing Communations Managerin
8308,Senior Marketing Communications Manager,Senior,en,Senior Marketing Communications Manager
8309,Senior Marketing Communications Specialist,Senior,en,Senior Marketing Communications Specialist
8310,Senior Marketing Consultant,Senior,en,Senior Marketing Consultant
8311,Senior Marketing Coordinator,Senior,en,Senior Marketing Coordinator
8312,Senior Marketing Event Manager,Senior,en,Senior Marketing Event Manager
8313,Senior Marketing Event Specialist,Senior,en,Senior Marketing Event Specialist
8314,Senior Marketing Executive ‑ Europe,Senior,en,Senior Marketing Executive ‑ Europe
8315,Senior Marketing Manager,Senior,en,Senior Marketing Manager
8316,Senior Marketing Manager - Corporate Marketing and Business Development,Senior,en,Senior Marketing Manager - Corporate Marketing and Business Development
8317,Senior Marketing Manager – Demand Generation EMEA,Senior,pt,Senior Marketing Manager – Demand Generation EMEA
8318,Senior Marketing Manager - Global Marketing,Senior,en,Senior Marketing Manager - Global Marketing
8319,Senior Marketing Manager (Direct marketing),Senior,en,Senior Marketing Manager (Direct marketing)
8320,Senior Marketing Manager / Team Leader,Senior,en,Senior Marketing Manager / Team Leader
8321,Senior Marketing Manager Central + Eastern Europe,Senior,en,Senior Marketing Manager Central + Eastern Europe
8322,Senior Marketing Manager CRM,Senior,en,Senior Marketing Manager CRM
8323,Senior Marketing Manager CRM Retention,Senior,en,Senior Marketing Manager CRM Retention
8324,Senior Marketing Manager DACH,Senior,de,Senior Marketing Manager DACH
8325,Senior Marketing Manager Digital Experience - MAN Digital Solutions,Senior,en,Senior Marketing Manager Digital Experience - MAN Digital Solutions
8326,Senior Marketing Manager EMEA,Senior,pt,Senior Marketing Manager EMEA
8327,Senior Marketing Manager France at Celonis,Senior,it,Senior Marketing Manager France at Celonis
8328,Senior Marketing Manager Southern Europe,Senior,en,Senior Marketing Manager Southern Europe
8329,Senior Marketing Managerin,Senior,en,Senior Marketing Managerin
8330,Senior Marketing Managerin | Teamlead,Senior,en,Senior Marketing Managerin | Teamlead
8331,Senior Marketing Mitarbeiterin/Marketingmanagement,Senior,de,Senior Marketing Employee/Marketing Management
8332,Senior Marketing Professional,Senior,en,Senior Marketing Professional
8333,Senior Marketing Project Manager,Senior,en,Senior Marketing Project Manager
8334,Senior Marketing Referent,Senior,en,Senior Marketing Referent
8335,Senior Marketing Service & Event Specialist,Senior,en,Senior Marketing Service & Event Specialist
8336,Senior Marketing Specialist,Senior,en,Senior Marketing Specialist
8337,Senior Marketing Specialist - Central Europe,Senior,en,Senior Marketing Specialist - Central Europe
8338,Senior Marketing Specialist (Event),Senior,en,Senior Marketing Specialist (Event)
8339,Senior Marketing Specialist (高级营销专家),Senior,zh,Senior Marketing Specialist
8340,Senior Marketing Specialist Central Europe,Senior,en,Senior Marketing Specialist Central Europe
8341,Senior Marketing-Managerin Customer Communication & Digitization,Senior,en,Senior Marketing-Managerin Customer Communication & Digitization
8342,Senior Marketingreferentin,Senior,de,Senior Marketing Officer
8343,Senior Online Marketing CRM Manager,Senior,en,Senior Online Marketing CRM Manager
8344,Senior Online Marketing Manager,Senior,en,Senior Online Marketing Manager
8345,Senior Online Marketing Manager SEO,Senior,en,Senior Online Marketing Manager SEO
8346,Senior Partner Manager | Marketing+Communication | Creative communication strategies + Definitive data analysis,Senior,en,Senior Partner Manager | Marketing+Communication | Creative communication strategies + Definitive data analysis
8347,Senior Performance Marketing Manager,Senior,en,Senior Performance Marketing Manager
8348,Senior PR & Marketing Manager,Senior,en,Senior PR & Marketing Manager
8349,Senior Product Manager | Digital Marketing,Senior,en,Senior Product Manager | Digital Marketing
8350,Senior Product Manager International Marketing,Senior,en,Senior Product Manager International Marketing
8351,Senior Product Marketing Manager,Senior,en,Senior Product Marketing Manager
8352,Senior Product Marketing Manager Cloud Solutions,Senior,en,Senior Product Marketing Manager Cloud Solutions
8353,Senior Project Manager CRM & Digital Marketing,Senior,en,Senior Project Manager CRM & Digital Marketing
8354,Senior Projektleitung Beratung/Marketing,Senior,de,Senior Project Management Consulting/Marketing
8355,Senior Projektmanager Marketing / CRM,Senior,en,Senior Projektmanager Marketing / CRM
8356,Senior Projektmanager Online Marketing,Senior,en,Senior Projektmanager Online Marketing
8357,Senior Projektmanagerin Marketing und Kommunikation,Senior,de,Senior Project Manager Marketing and Communication
8358,Senior Projektmanagerin Marketing-Kommunikation (B2B),Senior,it,Senior Project Manager Marketing Communications (B2B)
8359,Senior Projektpartner (Messe Kontakt),Senior,de,Senior project partner (trade fair contact)
8360,Senior Referent Online Marketing,Senior,en,Senior Referent Online Marketing
8361,Senior Referentin Event Marketing,Senior,tr,Senior Consultant Event Marketing
8362,Senior Referentin Kommunikation und Entwicklung und Eventmanagerin,Senior,de,Senior Speaker Communication and Development and Event Manager
8363,Senior Referentin Marketing,Senior,tr,Senior Marketing Officer
8364,Senior Regional Marketing Manager,Senior,en,Senior Regional Marketing Manager
8365,Senior Regional Marketing Manager EMEA,Senior,pt,Senior Regional Marketing Manager EMEA
8366,Senior Sales & Marketing Assistentin,Senior,en,Senior Sales & Marketing Assistentin
8367,Senior Sales & Marketing Manager,Senior,en,Senior Sales & Marketing Manager
8368,Senior Sales & Marketing Manager Europe/US/LA,Senior,en,Senior Sales & Marketing Manager Europe/US/LA
8369,Senior Sales and Marketing Manager,Senior,en,Senior Sales and Marketing Manager
8370,Senior Sales Manager - Sales & Marketing,Senior,en,Senior Sales Manager - Sales & Marketing
8371,Senior Sales Manager & Marketing Industrial Cases,Senior,en,Senior Sales Manager & Marketing Industrial Cases
8372,Senior Sales Manager Sales & Marketing,Senior,en,Senior Sales Manager Sales & Marketing
8373,Senior Sales Marketing Manager,Senior,en,Senior Sales Marketing Manager
8374,Senior Specialist Digital Marketing,Senior,en,Senior Specialist Digital Marketing
8375,Senior Specialist Marketing & Business Development,Senior,en,Senior Specialist Marketing & Business Development
8376,Senior Specialist Marketing global,Senior,en,Senior Specialist Marketing global
8377,Senior Specialist Marketing Manager,Senior,en,Senior Specialist Marketing Manager
8378,Senior Spezialist Digitale Kommunikation,Senior,de,Senior Specialist Digital Communication
8379,Senior Team Assistant Sales & Marketing,Senior,en,Senior Team Assistant Sales & Marketing
8380,Senior Trade Marketing Manager,Senior,en,Senior Trade Marketing Manager
8381,Senior Vice President (Messe Kontakt),Senior,ur,Senior Vice President (Exhibition Contact)
8382,Senior Vice President Marketing & Sales,Senior,en,Senior Vice President Marketing & Sales
8383,Senior Vice President Sales & Marketing,Senior,en,Senior Vice President Sales & Marketing
8384,Senior Vice President Strategic Marketing & Sales,Senior,en,Senior Vice President Strategic Marketing & Sales
8385,Senior VP Sales & Marketing,Senior,en,Senior VP Sales & Marketing
8386,Service Sales & Marketing Manager,Senior,en,Service Sales & Marketing Manager
8387,Social Media Manager und Marketing/Kommunikation,Senior,de,Social Media Manager and Marketing/Communication
8388,Software Marketing Manager - SAP PLM,Senior,en,Software Marketing Manager - SAP PLM
8389,South Europe Marketing Manager,Senior,en,South Europe Marketing Manager
8390,Sr. CRM Marketing Manager,Senior,en,Sr. CRM Marketing Manager
8391,Sr. Event Marketing Manager,Senior,en,Sr. Event Marketing Manager
8392,Sr. Manager EMEA Marketing,Senior,en,Sr. Manager EMEA Marketing
8393,Sr. Marketing & Communications Manager,Senior,en,Sr. Marketing & Communications Manager
8394,Sr. Marketing Manager,Senior,en,Sr. Marketing Manager
8395,Sr. Regional Marketing Manager DACH,Senior,hi,Sr. Regional Marketing Manager DACH
8396,Stellvertretender Marketing-Leiter & PR & Content Manager,Senior,de,Deputy Marketing Manager & PR & Content Manager
8397,Strategic Marketing & Innovation Manager,Senior,en,Strategic Marketing & Innovation Manager
8398,Strategic Marketing & PR Manager,Senior,en,Strategic Marketing & PR Manager
8399,Strategic Marketing & Sales Manager,Senior,en,Strategic Marketing & Sales Manager
8400,Strategic Marketing Manager,Senior,en,Strategic Marketing Manager
8401,Strategic Sales & Marketing Manager Germany and Scandinavia,Senior,en,Strategic Sales & Marketing Manager Germany and Scandinavia
8402,Strategy Implementation & Transformation Manager - Sales & Marketing,Senior,en,Strategy Implementation & Transformation Manager - Sales & Marketing
8403,Team Assistant Marketing,Senior,en,Team Assistant Marketing
8404,Team Assistant Sales & Marketing,Senior,en,Team Assistant Sales & Marketing
8405,Team Manager Marketing,Senior,en,Team Manager Marketing
8406,Team Manager Marketing & Branding,Senior,en,Team Manager Marketing & Branding
8407,Team Manager Marketing | Product Manager,Senior,en,Team Manager Marketing | Product Manager
8408,Team Manager PR & Communications,Senior,en,Team Manager PR & Communications
8409,Teamleiter Marketing / Product Manager,Senior,de,Team Leader Marketing / Product Manager
8410,Technical Marketing Manager,Senior,en,Technical Marketing Manager
8411,Technical Marketing Operations Manager,Senior,en,Technical Marketing Operations Manager
8412,Trade Marketing & Event Manager,Senior,en,Trade Marketing & Event Manager
8413,Trade Marketing & PR Manager Europe,Senior,en,Trade Marketing & PR Manager Europe
8414,Trade Marketing / Event Managerin,Senior,en,Trade Marketing / Event Managerin
8415,Trade Marketing Manager,Senior,en,Trade Marketing Manager
8416,Trade Marketing Manager Consumer Printing und Computing Portfolio,Senior,de,Trade Marketing Manager Consumer Printing and Computing Portfolio
8417,Trade Marketing Manager Events,Senior,en,Trade Marketing Manager Events
8418,Trade Marketing Managerin,Senior,en,Trade Marketing Managerin
8419,Training Manager/ Messemanager,Senior,de,Training Manager/Trade Fair Manager
8420,Unternehmensberater & Interim Manager für Marketing & Vertrieb,Senior,de,Management Consultant & Interim Manager for Marketing & Sales
8421,Vertriebsassistentin/Marketing Assistant,Senior,de,Sales Assistant/Marketing Assistant
8422,Vertriebsleiter & Marketing Manager,Senior,de,Sales Manager & Marketing Manager
8423,Customer Operations Manager,Senior,en,Customer Operations Manager
8424,DACH Operations Manager,Senior,en,DACH Operations Manager
8425,Inter-Company Operations Manager,Senior,en,Inter-Company Operations Manager
8426,Manager Customer Management Operations,Senior,en,Manager Customer Management Operations
8427,Manager Operations,Senior,en,Manager Operations
8428,Operations & Recruiting Manager,Senior,en,Operations & Recruiting Manager
8429,Operations Manager,Senior,en,Operations Manager
8430,Operations Manager / Prokuristin,Senior,ur,Operations Manager / Prokuristin
8431,Operations Manager Berufung,Senior,de,Operations Manager Appeal
8432,Operations Manager Central & Eastern Europe,Senior,en,Operations Manager Central & Eastern Europe
8433,Revenue Operations Manager,Senior,en,Revenue Operations Manager
8434,Service & Operations Manager,Senior,en,Service & Operations Manager
8435,Assistant to Head of IT Services and Global Purchasing,Senior,en,Assistant to Head of IT Services and Global Purchasing
8436,IT Purchasing Manager,Senior,en,IT Purchasing Manager
8437,Purchasing Manager,Senior,en,Purchasing Manager
8438,☁️ Salesforce Manager,Senior,en,☁️ Salesforce Manager
8439,Account / Sales Manager,Senior,en,Account / Sales Manager
8440,Account Manager,Senior,en,Account Manager
8441,Account Manager - Industry Liaison,Senior,en,Account Manager - Industry Liaison
8442,Account Manager - Pipe Manufacturers & Yellow/Green Goods,Senior,en,Account Manager - Pipe Manufacturers & Yellow/Green Goods
8443,Account Manager - Sales Development,Senior,en,Account Manager - Sales Development
8444,Account Manager & Salesforce Admin,Senior,en,Account Manager & Salesforce Admin
8445,Account Manager / Digital Strategist,Senior,en,Account Manager / Digital Strategist
8446,Account Manager / IT Consultant,Senior,en,Account Manager / IT Consultant
8447,Account Manager / Leiter Vertrieb,Senior,de,Account Manager / Sales Manager
8448,Account Manager / Media Consultant,Senior,en,Account Manager / Media Consultant
8449,Account Manager / Teamleiter Vertriebsinnendienst,Senior,de,Account Manager / Team Manager Internal Sales Service
8450,Account Manager @UPTOO,Senior,sw,Account Manager @UPTOO
8451,Account Manager | CRM Consultant Mercedes-Benz,Senior,hi,Account Manager | CRM Consultant Mercedes-Benz
8452,Account Manager Automotive,Senior,en,Account Manager Automotive
8453,Account Manager bundesweit,Senior,de,Account Manager nationwide
8454,Account Manager CRM,Senior,en,Account Manager CRM
8455,Account Manager CRM / Client Service,Senior,en,Account Manager CRM / Client Service
8456,Account Manager D/A/CH,Senior,de,Account Manager D/A/CH
8457,Account Manager D-A-CH,Senior,de,Account Manager D-A-CH
8458,Account Manager Digital,Senior,en,Account Manager Digital
8459,Account Manager EMEA,Senior,pt,Account Manager EMEA
8460,Account Manager Events,Senior,en,Account Manager Events
8461,Account Manager Innendienst,Senior,de,Account Manager Internal Service
8462,Account Manager Inside Sales,Senior,en,Account Manager Inside Sales
8463,Account Manager International Sales (Messe Kontakt),Senior,ur,Account Manager International Sales (trade fair contact)
8464,Account Manager Investitionsgüter,Senior,de,Account Manager Capital goods
8465,Account Manager Schulungs- und Dienstleistungsvertrieb,Senior,de,Account Manager Training and service distribution
8466,Account Manager SME Pre-Sales DACH,Senior,de,Account Manager SME Pre-Sales DACH
8467,Account Manager Vertrieb,Senior,de,Account Manager Sales
8468,Account Manager Vertriebsprojekte,Senior,de,Account Manager Sales Projects
8469,Account Manager/ Technik_Vertrieb,Senior,de,Account Manager/ Technology_Sales
8470,Account Managerin,Senior,en,Account Managerin
8471,Account/ Sales Manager,Senior,en,Account/ Sales Manager
8472,Account-Manager,Senior,en,Account-Manager
8473,Account-Manager (B2B),Senior,en,Account-Manager (B2B)
8474,Account-Managerin,Senior,en,Account-Managerin
8475,Account-Managerin Migräne,Senior,de,Account manager Migraine
8476,Advantech Online Sales Manager Central Europe,Senior,en,Advantech Online Sales Manager Central Europe
8477,AEC Sales Manager,Senior,en,AEC Sales Manager
8478,Agency Sales Manager,Senior,en,Agency Sales Manager
8479,Application Manager Salesforce,Senior,en,Application Manager Salesforce
8480,Area Manager Sales,Senior,en,Area Manager Sales
8481,Area Sales & Business Development Manager,Senior,en,Area Sales & Business Development Manager
8482,Area Sales & Distributors Manager,Senior,en,Area Sales & Distributors Manager
8483,Area Sales Manager,Senior,en,Area Sales Manager
8484,Area Sales Manager - DACH,Senior,de,Area Sales Manager - DACH
8485,Area Sales Manager - Mobility Consultant,Senior,en,Area Sales Manager - Mobility Consultant
8486,Area Sales Manager - Skandinavien,Senior,nl,Area Sales Manager - Scandinavia
8487,Area Sales Manager & Key Account Manager,Senior,en,Area Sales Manager & Key Account Manager
8488,Area Sales Manager / Assistant of the devision management,Senior,en,Area Sales Manager / Assistant of the devision management
8489,Area Sales Manager / Marine and Generator Appli...,Senior,en,Area Sales Manager / Marine and Generator Appli...
8490,Area Sales Manager B2B Remmers Baustofftechnik GmbH,Senior,de,Area Sales Manager B2B Remmers Baustofftechnik GmbH
8491,Area Sales Manager BioLine for Germany and Austria,Senior,en,Area Sales Manager BioLine for Germany and Austria
8492,Area Sales Manager Coffee,Senior,en,Area Sales Manager Coffee
8493,Area Sales Manager DACH Süd,Senior,de,Area Sales Manager DACH South
8494,Area Sales Manager D-A-CH/DK/NOR/SE/FIN,Senior,nl,Area Sales Manager D-A-CH/DK/NOR/SE/FIN
8495,Area Sales Manager EMEA,Senior,pt,Area Sales Manager EMEA
8496,Area Sales Manager Germany,Senior,en,Area Sales Manager Germany
8497,Area Sales Manager International Sales,Senior,en,Area Sales Manager International Sales
8498,Area Sales Manager Japan,Senior,en,Area Sales Manager Japan
8499,Area Sales Manager Schweiz,Senior,de,Area Sales Manager Switzerland
8500,Area Sales Manager Süd,Senior,de,Area Sales Manager South
8501,Assistant CEO & Sales Management,Senior,en,Assistant CEO & Sales Management
8502,Assistant Sales and R&D,Senior,en,Assistant Sales and R&D
8503,Assistant Sales International,Senior,en,Assistant Sales International
8504,Assistant Sales Manager,Senior,en,Assistant Sales Manager
8505,Assistant to Head of Sales,Senior,en,Assistant to Head of Sales
8506,Assistant to Sales,Senior,en,Assistant to Sales
8507,Assistant to the Head of Sales,Senior,en,Assistant to the Head of Sales
8508,B2B Global Key Account Manager,Senior,en,B2B Global Key Account Manager
8509,B2B Regional Salesforce Manager West,Senior,en,B2B Regional Salesforce Manager West
8510,B2B Sales Manager,Senior,en,B2B Sales Manager
8511,B2B Sales Manager International,Senior,en,B2B Sales Manager International
8512,"B2B-Key Account Manager DACH ""Under Armour""",Senior,de,"B2B-Key Account Manager DACH ""Under Armour"""
8513,Business- & Sales Manager AT,Senior,en,Business- & Sales Manager AT
8514,Business Development & Sales Manager,Senior,en,Business Development & Sales Manager
8515,Business Development / Sales Manager,Senior,en,Business Development / Sales Manager
8516,Business Development and Sales Manager,Senior,en,Business Development and Sales Manager
8517,Business Development Manager - Inside Sales (Lead Gen. & Market Pen.),Senior,en,Business Development Manager - Inside Sales (Lead Gen. & Market Pen.)
8518,Business Development Manager - International Sales,Senior,en,Business Development Manager - International Sales
8519,Business Development Manager & Inside Sales,Senior,en,Business Development Manager & Inside Sales
8520,Business Development Manager / Deputy Head of Sales,Senior,en,Business Development Manager / Deputy Head of Sales
8521,Business Development Manager / Project Sales,Senior,en,Business Development Manager / Project Sales
8522,Business Development Managerin KYOCERA Sales Excellence,Senior,en,Business Development Managerin KYOCERA Sales Excellence
8523,Business Development Sales Manager,Senior,en,Business Development Sales Manager
8524,Business Manager (Business Development & Sales Control),Senior,en,Business Manager (Business Development & Sales Control)
8525,Business Unit Manager / Leiter Vertrieb,Senior,de,Business Unit Manager / Head of Sales
8526,Business Unit Manager Sales Nuclear Valves,Senior,en,Business Unit Manager Sales Nuclear Valves
8527,Category Manager Sales ERP,Senior,en,Category Manager Sales ERP
8528,Central & Eastern Europe Region Sales Manager,Senior,en,Central & Eastern Europe Region Sales Manager
8529,Channel Account Manager,Senior,en,Channel Account Manager
8530,Channel Manager & Inside Sales,Senior,en,Channel Manager & Inside Sales
8531,Channel Manager Online Sales B2B,Senior,en,Channel Manager Online Sales B2B
8532,Channel Sales Manager,Senior,en,Channel Sales Manager
8533,Channel Sales Manager DACH,Senior,en,Channel Sales Manager DACH
8534,Channel Sales und Partner Manager,Senior,de,Channel Sales and Partner Manager
8535,Chief Sales Manager,Senior,en,Chief Sales Manager
8536,Conference & Events Sales Manager,Senior,en,Conference & Events Sales Manager
8537,Corporate Regional Sales Manager,Senior,en,Corporate Regional Sales Manager
8538,Corporate Sales Management: Manager International Business Support Asia,Senior,en,Corporate Sales Management: Manager International Business Support Asia
8539,Country Sales Manager,Senior,en,Country Sales Manager
8540,Country Sales Manager & Teamlead ONLY,Senior,en,Country Sales Manager & Teamlead ONLY
8541,Country Sales Manager Austria,Senior,en,Country Sales Manager Austria
8542,Country Sales Manager New Business & Rental Ser...,Senior,en,Country Sales Manager New Business & Rental Ser...
8543,Country Sales Manager/Head of Retail D/A/CH,Senior,en,Country Sales Manager/Head of Retail D/A/CH
8544,CRM & After Sales Manager,Senior,en,CRM & After Sales Manager
8545,CRM Application Manager (Salesforce.com),Senior,en,CRM Application Manager (Salesforce.com)
8546,CRM Manager & InHouse Berater (Salesforce & Pardot),Senior,en,CRM Manager & InHouse Berater (Salesforce & Pardot)
8547,CRM Manager (Salesforce),Senior,en,CRM Manager (Salesforce)
8548,CRM Manager / Salesforce Engineer,Senior,en,CRM Manager / Salesforce Engineer
8549,CRM Manager Salesforce,Senior,en,CRM Manager Salesforce
8550,CRM Project & Governance Manager - Salesforce,Senior,en,CRM Project & Governance Manager - Salesforce
8551,CRM Project Manager - Original Equipment - Global Sales Excellence,Senior,en,CRM Project Manager - Original Equipment - Global Sales Excellence
8552,CRM/Salesforce Manager,Senior,en,CRM/Salesforce Manager
8553,Deparment Manager Sales Support,Senior,en,Deparment Manager Sales Support
8554,Deputy Sales Manager,Senior,en,Deputy Sales Manager
8555,Digital & IT - Sales / CRM Domain Manager /Digital & IT CMO,Senior,en,Digital & IT - Sales / CRM Domain Manager /Digital & IT CMO
8556,Digital Sales Manager,Senior,en,Digital Sales Manager
8557,dipl.-Ing. Regional Sales Manager,Senior,it,dipl.-Ing. Regional Sales Manager
8558,Direct Sales Manager,Senior,en,Direct Sales Manager
8559,Directeur Commercial Equipement et Services. Sales Manager Equipment and Services,Senior,fr,Sales Manager Equipment and Services Sales Manager Equipment and Services
8560,Divisional Sales Manager,Senior,en,Divisional Sales Manager
8561,Eastern Regional Sales Manager - Engineered Products,Senior,en,Eastern Regional Sales Manager - Engineered Products
8562,E-Commerce Consultant / Key Account Manager,Senior,en,E-Commerce Consultant / Key Account Manager
8563,EDI Senior Sales Executive DACH,Senior,de,EDI Senior Sales Executive DACH
8564,Enterprise Account Manager,Senior,en,Enterprise Account Manager
8565,Enterprise Inside Sales Account Manager,Senior,en,Enterprise Inside Sales Account Manager
8566,Enterprise Sales Manager,Senior,en,Enterprise Sales Manager
8567,Enterprise Sales Manager DACH,Senior,en,Enterprise Sales Manager DACH
8568,Enterprise Sales Manager Emea,Senior,pt,Enterprise Sales Manager Emea
8569,Enterprise-Sales Manager D-A-CH,Senior,en,Enterprise-Sales Manager D-A-CH
8570,Europe Sales Manager,Senior,en,Europe Sales Manager
8571,Europe Sales Manager / General Manager,Senior,en,Europe Sales Manager / General Manager
8572,European Aerospace Sales Manager,Senior,en,European Aerospace Sales Manager
8573,Executive Key Account Manager,Senior,en,Executive Key Account Manager
8574,Executive Manager  International Sales Processes,Senior,en,Executive Manager  International Sales Processes
8575,Executive Partner Account Manager - Deutsche Te...,Senior,de,Executive Partner Account Manager - Deutsche Te...
8576,Export Sales Assistant,Senior,en,Export Sales Assistant
8577,Export Sales Manager,Senior,en,Export Sales Manager
8578,Field & Digital Sales Manager,Senior,en,Field & Digital Sales Manager
8579,Focus Sales Manager,Senior,en,Focus Sales Manager
8580,Foreign Sales Manager,Senior,en,Foreign Sales Manager
8581,Freelance Business Developer (ex-Oracle) / Sales Manager @Inventiv-IT / Business Developer @Jahia,Senior,sw,Freelance Business Developer (ex-Oracle) / Sales Manager @Inventiv-IT / Business Developer @Jahia
8582,Gebietsverkaufsleiter / Area Sales Manager,Senior,de,Area Sales Manager / Area Sales Manager
8583,Gebietsverkaufsleiter | Area Sales Manager,Senior,de,Area Sales Manager
8584,Gebietsverkaufsleiter West-Deutschland / Area Sales Manager Scandinavia,Senior,de,Area Sales Manager West Germany / Area Sales Manager Scandinavia
8585,General Manager Direct Sales EMEA,Senior,pt,General Manager Direct Sales EMEA
8586,General Manager Sales & Key Accounts,Senior,en,General Manager Sales & Key Accounts
8587,General Manager Sales Germany,Senior,en,General Manager Sales Germany
8588,General Sales Manager,Senior,en,General Sales Manager
8589,General Sales Manager D|A|CH Region,Senior,it,General Sales Manager D|A|CH Region
8590,Geschäftsführer / Sales Manager,Senior,de,Managing Director / Sales Manager
8591,Global Account Manager,Senior,en,Global Account Manager
8592,Global CRM Project Manager | Sales Service & Startegy Manager,Senior,it,Global CRM Project Manager | Sales Service & Startegy Manager
8593,Global Key Account Manager,Senior,en,Global Key Account Manager
8594,Global Project Sales Manager,Senior,en,Global Project Sales Manager
8595,Global Sales - Process and Support Manager,Senior,en,Global Sales - Process and Support Manager
8596,Global Sales & Account Manager,Senior,en,Global Sales & Account Manager
8597,Global Sales Coordination Manager,Senior,en,Global Sales Coordination Manager
8598,Global Sales Excellence Manager / Reg. Coordinator CE Asia/Pacific,Senior,en,Global Sales Excellence Manager / Reg. Coordinator CE Asia/Pacific
8599,Global Sales Manager,Senior,en,Global Sales Manager
8600,Global Sales Manager & Sales Operations Leader,Senior,en,Global Sales Manager & Sales Operations Leader
8601,Global Sales Manager PVC,Senior,en,Global Sales Manager PVC
8602,Global Sales Operations Manager,Senior,en,Global Sales Operations Manager
8603,Global Sales Operations Manager - Partnerships,Senior,en,Global Sales Operations Manager - Partnerships
8604,Global Sales Process & Technology Manager,Senior,en,Global Sales Process & Technology Manager
8605,Global Sales Process Manager,Senior,en,Global Sales Process Manager
8606,Global Sales Training Manager,Senior,en,Global Sales Training Manager
8607,Global Strategic Account Manager,Senior,en,Global Strategic Account Manager
8608,Group Manager Commercial & Sales Solutions,Senior,en,Group Manager Commercial & Sales Solutions
8609,Group Manager Sales,Senior,en,Group Manager Sales
8610,Group Manager Sales Administration / Distribution DE,Senior,en,Group Manager Sales Administration / Distribution DE
8611,Group Sales Manager,Senior,en,Group Sales Manager
8612,Group Sales Operations Manager,Senior,en,Group Sales Operations Manager
8613,Group Senior Sales Analyst,Senior,en,Group Senior Sales Analyst
8614,Head of Field Sales & Key Account Manager,Senior,en,Head of Field Sales & Key Account Manager
8615,Head of Sales / Key Account Manager,Senior,en,Head of Sales / Key Account Manager
8616,Head of Sales CSO / Cooperation Manager Smart A...,Senior,en,Head of Sales CSO / Cooperation Manager Smart A...
8617,Head of Sales Europe & General Manager DACH,Senior,en,Head of Sales Europe & General Manager DACH
8618,Hybrid Sales Coordinator / Assistant Management...,Senior,en,Hybrid Sales Coordinator / Assistant Management...
8619,Inhouse Senior Consultant SAP Sales Cloud,Senior,en,Inhouse Senior Consultant SAP Sales Cloud
8620,Innovation Introducer - Sales Development Manager,Senior,en,Innovation Introducer - Sales Development Manager
8621,Inside Sales Account Manager,Senior,en,Inside Sales Account Manager
8622,Inside Sales Manager,Senior,en,Inside Sales Manager
8623,Inside Sales Manager / Consultant New Business / Salesforce Administration,Senior,en,Inside Sales Manager / Consultant New Business / Salesforce Administration
8624,Inside Sales Manager / Vertriebsleiter Innendienst,Senior,de,Inside Sales Manager / Internal Sales Manager
8625,Inside Sales Manager für Telefónica,Senior,de,Inside Sales Manager for Telefónica
8626,Inside Sales Manager/Kreditspezialist,Senior,nl,Inside Sales Manager/Credit Specialist
8627,Inside Sales Managerin,Senior,en,Inside Sales Managerin
8628,Inside Sales Senior Professional - Teamlead,Senior,en,Inside Sales Senior Professional - Teamlead
8629,Int. Sales Manager,Senior,en,Int. Sales Manager
8630,Internal Sales Manager,Senior,en,Internal Sales Manager
8631,International Sales & Business Development Manager,Senior,en,International Sales & Business Development Manager
8632,International Sales & Customer Service Manager,Senior,en,International Sales & Customer Service Manager
8633,International Sales & Expansion Manager,Senior,en,International Sales & Expansion Manager
8634,International Sales & Project Manager,Senior,en,International Sales & Project Manager
8635,International Sales Development Manager,Senior,en,International Sales Development Manager
8636,International Sales Manager,Senior,en,International Sales Manager
8637,International Sales Manager - Germany,Senior,de,International Sales Manager - Germany
8638,International Sales Manager / Vertrieb,Senior,de,International Sales Manager / Sales
8639,International Sales Project Manager,Senior,en,International Sales Project Manager
8640,International Senior Account Manager,Senior,en,International Senior Account Manager
8641,Internationaler Key Account Manager,Senior,en,Internationaler Key Account Manager
8642,Intl. Sales Manager,Senior,en,Intl. Sales Manager
8643,IT Product & Sales Manager,Senior,en,IT Product & Sales Manager
8644,IT Project Manager / Vertrieb,Senior,de,IT Project Manager / Sales
8645,IT Sales Manager (D-A-CH),Senior,ur,IT Sales Manager (D-A-CH)
8646,Jr. Account Manager CRM,Senior,en,Jr. Account Manager CRM
8647,Kay Account Manager,Senior,en,Kay Account Manager
8648,Key - Account Manager,Senior,en,Key - Account Manager
8649,Key Acccount Manager System-Geschäft / stv. Vertriebsleiter,Senior,de,Key Acccount Manager System Business / stv. Sales Manager
8650,Key Account Manager,Senior,en,Key Account Manager
8651,Key Account Manager - Business Partner Sales,Senior,en,Key Account Manager - Business Partner Sales
8652,Key Account Manager  DACH,Senior,hi,Key Account Manager  DACH
8653,Key Account Manager - Global Sales,Senior,en,Key Account Manager - Global Sales
8654,Key Account Manager  Vertrieb national / intern...,Senior,de,Key Account Manager Sales national / internal...
8655,Key Account Manager - Vertriebsleitung,Senior,de,Key Account Manager - Sales Manager
8656,Key Account Manager & Internal Sales Team Leader,Senior,en,Key Account Manager & Internal Sales Team Leader
8657,Key Account Manager & Sales Engineer,Senior,en,Key Account Manager & Sales Engineer
8658,Key Account Manager / Corporate Sales Manager (...,Senior,en,Key Account Manager / Corporate Sales Manager (...
8659,Key Account Manager / Group Head of Sales,Senior,en,Key Account Manager / Group Head of Sales
8660,Key Account Manager / OEM,Senior,en,Key Account Manager / OEM
8661,Key Account Manager / Projektleiter,Senior,de,Key Account Manager / Project Manager
8662,Key Account Manager / Projektmanager,Senior,en,Key Account Manager / Projektmanager
8663,Key Account Manager / Solution Architect,Senior,en,Key Account Manager / Solution Architect
8664,Key Account Manager / stellvertr.Abteilungsleitung Vertrieb Profi,Senior,de,Key Account Manager / Deputy Head of Department Sales Professional
8665,Key Account Manager Automotive,Senior,en,Key Account Manager Automotive
8666,Key Account Manager B2B,Senior,en,Key Account Manager B2B
8667,Key Account Manager B2B Enterprise,Senior,en,Key Account Manager B2B Enterprise
8668,Key Account Manager Coffee and Machine systems Retail and E-Tailer,Senior,en,Key Account Manager Coffee and Machine systems Retail and E-Tailer
8669,Key Account Manager Consumer Goods,Senior,en,Key Account Manager Consumer Goods
8670,Key Account Manager Corporate Accounts,Senior,en,Key Account Manager Corporate Accounts
8671,Key Account Manager DACH,Senior,hi,Key Account Manager DACH
8672,Key Account Manager D-A-CH,Senior,en,Key Account Manager D-A-CH
8673,Key Account Manager Deutschland,Senior,de,Key Account Manager Germany
8674,Key Account Manager E-Commerce,Senior,en,Key Account Manager E-Commerce
8675,Key Account Manager Europa/Südamerika,Senior,pt,Key Account Manager Europe/South America
8676,Key Account Manager Europe,Senior,en,Key Account Manager Europe
8677,Key Account Manager Global Accounts,Senior,en,Key Account Manager Global Accounts
8678,Key Account Manager Global Sales Industrial Solution,Senior,en,Key Account Manager Global Sales Industrial Solution
8679,Key Account Manager Government,Senior,en,Key Account Manager Government
8680,Key Account Manager Healthcare S-DACH,Senior,en,Key Account Manager Healthcare S-DACH
8681,Key Account Manager HUGO Menswear | Sales Germany & Austria,Senior,en,Key Account Manager HUGO Menswear | Sales Germany & Austria
8682,Key Account Manager Indirect Sales,Senior,en,Key Account Manager Indirect Sales
8683,Key Account Manager Industrial Engines,Senior,en,Key Account Manager Industrial Engines
8684,Key Account Manager Media,Senior,en,Key Account Manager Media
8685,Key Account Manager Medical Division,Senior,en,Key Account Manager Medical Division
8686,Key Account Manager Sales,Senior,en,Key Account Manager Sales
8687,Key Account Manager Solution,Senior,en,Key Account Manager Solution
8688,Key Account Manager Tobacco,Senior,en,Key Account Manager Tobacco
8689,Key Account Manager Vertrieb,Senior,de,Key Account Manager Sales
8690,Key Account Manager Vertrieb Non-Automotive,Senior,de,Key Account Manager Sales Non-Automotive
8691,Key Account Manager/ strategic sales and project management,Senior,en,Key Account Manager/ strategic sales and project management
8692,Key Account Manager/ Vertrieb,Senior,de,Key Account Manager/ Sales
8693,Key Account Manager/Verantwortlich Sales,Senior,de,Key Account Manager/Responsible Sales
8694,Key Account Managerin,Senior,en,Key Account Managerin
8695,Key Account Sales Manager,Senior,en,Key Account Sales Manager
8696,Key Account-/Sales Manager,Senior,en,Key Account-/Sales Manager
8697,Key-Account Manager,Senior,en,Key-Account Manager
8698,Key-Account Manager Automotive und Oberfläche,Senior,de,Key-Account Manager Automotive and Surface
8699,Key-Account Manager Vertrieb,Senior,en,Key-Account Manager Vertrieb
8700,Key-Account Managerin,Senior,en,Key-Account Managerin
8701,Key-Account-Manager,Senior,en,Key-Account-Manager
8702,Key-Account-Manager / Bereichsleiter,Senior,de,Key account manager / division manager
8703,Key-Account-Manager Coop/Retail,Senior,en,Key-Account-Manager Coop/Retail
8704,Key-Account-Manager Distribution Sales,Senior,en,Key-Account-Manager Distribution Sales
8705,Key-Account-Managerin Vertragsmanagement,Senior,de,Key account manager Contract management
8706,Kundenbetreuer / Key Account Manager,Senior,de,Customer Manager / Key Account Manager
8707,Kundenbetreuung / Account Manager,Senior,de,Customer support / Account Manager
8708,Lead Sales Manager,Senior,en,Lead Sales Manager
8709,Leitender Key Account Manager,Senior,en,Leitender Key Account Manager
8710,Leiter Vertrieb & Akademie/ Senior Consultant,Senior,de,Head of Sales & Academy/ Senior Consultant
8711,Leiter Vertrieb / Sales Manager,Senior,de,Head of Sales / Sales Manager
8712,Leiter Vertriebsaußendienst   -    Sales Manager,Senior,de,Head of Sales Department - Sales Manager
8713,Leiter Vertriebscenter BMW / Global Account Manager BMW,Senior,de,Head of Sales Center BMW / Global Account Manager BMW
8714,Leiter Vertriebsinnendienst D-A-CH - Manager Sa...,Senior,de,Head of Internal Sales Service D-A-CH - Manager Sa...
8715,Leitung Partnermanagement / Senior Sales Manager,Senior,de,Head of Partner Management / Senior Sales Manager
8716,Major Account Manager,Senior,en,Major Account Manager
8717,Manager  Sales & Customer Service,Senior,en,Manager  Sales & Customer Service
8718,Manager / Vertrieb,Senior,de,Manager / Sales
8719,Manager B2B Sales Development,Senior,en,Manager B2B Sales Development
8720,Manager Business Development and Sales,Senior,en,Manager Business Development and Sales
8721,Manager Channel & Small-Medium Enterprise Sales...,Senior,en,Manager Channel & Small-Medium Enterprise Sales...
8722,Manager Competence Groups and Sales,Senior,en,Manager Competence Groups and Sales
8723,Manager Coordination International Sales,Senior,en,Manager Coordination International Sales
8724,Manager CRM & Inside Sales,Senior,en,Manager CRM & Inside Sales
8725,Manager CRM & Sales Back Office,Senior,en,Manager CRM & Sales Back Office
8726,Manager CRM & Sales Enablement,Senior,en,Manager CRM & Sales Enablement
8727,Manager CRM (Salesforce) International,Senior,en,Manager CRM (Salesforce) International
8728,Manager CRM Sales - Quoting Solutions,Senior,en,Manager CRM Sales - Quoting Solutions
8729,Manager Digital Concepts & Sales,Senior,en,Manager Digital Concepts & Sales
8730,Manager Digital Sales,Senior,en,Manager Digital Sales
8731,Manager Europe Sales & Recruiting,Senior,en,Manager Europe Sales & Recruiting
8732,Manager Field Sales Force,Senior,en,Manager Field Sales Force
8733,Manager Global Business Processes Sales,Senior,en,Manager Global Business Processes Sales
8734,Manager Global Corporate Sales,Senior,en,Manager Global Corporate Sales
8735,Manager International Sales | Team Lead,Senior,en,Manager International Sales | Team Lead
8736,Manager National OnSite Sales und Business Development,Senior,en,Manager National OnSite Sales und Business Development
8737,Manager of Sales,Senior,en,Manager of Sales
8738,Manager of Sales Service,Senior,en,Manager of Sales Service
8739,Manager Online-Vertrieb,Senior,en,Manager Online-Vertrieb
8740,Manager Products and Sales,Senior,en,Manager Products and Sales
8741,Manager Regional Sales,Senior,en,Manager Regional Sales
8742,Manager Renewal Sales,Senior,en,Manager Renewal Sales
8743,Manager Sales & Account Management,Senior,en,Manager Sales & Account Management
8744,Manager Sales & Alliances,Senior,en,Manager Sales & Alliances
8745,Manager Sales & Business Consulting,Senior,en,Manager Sales & Business Consulting
8746,Manager Sales & Business Development E-Commerce,Senior,en,Manager Sales & Business Development E-Commerce
8747,Manager Sales & Business Relations,Senior,en,Manager Sales & Business Relations
8748,Manager Sales / Head of Recruitment,Senior,en,Manager Sales / Head of Recruitment
8749,Manager Sales / Vertriebsleitung,Senior,de,Manager Sales / Sales Management
8750,Manager Sales Administration,Senior,en,Manager Sales Administration
8751,Manager Sales Administration D/A/CH,Senior,pt,Manager Sales Administration D/A/CH
8752,Manager Sales and Business Development,Senior,en,Manager Sales and Business Development
8753,Manager Sales API,Senior,en,Manager Sales API
8754,Manager Sales Central Europe,Senior,en,Manager Sales Central Europe
8755,Manager Sales Controlling Germany,Senior,en,Manager Sales Controlling Germany
8756,Manager Sales Deutschland,Senior,de,Manager Sales Germany
8757,Manager Sales Germany,Senior,en,Manager Sales Germany
8758,Manager Sales Intelligence,Senior,en,Manager Sales Intelligence
8759,Manager Sales Operations,Senior,en,Manager Sales Operations
8760,Manager Sales Processes,Senior,en,Manager Sales Processes
8761,Manager Sales Services,Senior,en,Manager Sales Services
8762,Manager Sales South Central Europe & Strategic Distribution,Senior,en,Manager Sales South Central Europe & Strategic Distribution
8763,Manager Sales Steering & Process Optimization,Senior,en,Manager Sales Steering & Process Optimization
8764,Manager Sales Strategy,Senior,en,Manager Sales Strategy
8765,Manager Sales Support,Senior,en,Manager Sales Support
8766,Manager Sales Support & Projects - Laser,Senior,en,Manager Sales Support & Projects - Laser
8767,Manager Sales Support valantic Supply Chain Excellence GmbH,Senior,ur,Manager Sales Support valantic Supply Chain Excellence GmbH
8768,Manager Sales Support/ B2B Indirect Sales,Senior,en,Manager Sales Support/ B2B Indirect Sales
8769,Manager Sales und Business Development,Senior,de,Manager Sales and Business Development
8770,Manager Service Sales,Senior,en,Manager Service Sales
8771,Manager Strategic Sales,Senior,en,Manager Strategic Sales
8772,Manager Strategischer Vertrieb,Senior,de,Strategic Sales Manager
8773,Manager Vertrieb und Geschäftsentwicklung,Senior,de,Manager Sales and Business Development
8774,Manager Vertriebsentwicklung & -controlling,Senior,de,Manager Sales Development & Controlling
8775,Manager Vertriebsmarketing & Kundenkommunikation,Senior,de,Manager Sales Marketing & Customer Communication
8776,Manager Vertriebssteuerung & Vertriebsservice,Senior,de,Manager Sales Control & Sales Service
8777,Managing Partner - FotoWare Sales Manager,Senior,en,Managing Partner - FotoWare Sales Manager
8778,Market Intelligence Sales Manager,Senior,en,Market Intelligence Sales Manager
8779,Market Manager / Key Account Manager,Senior,en,Market Manager / Key Account Manager
8780,National Account Manager,Senior,en,National Account Manager
8781,National Key Account Manager,Senior,en,National Key Account Manager
8782,National Key Account Manager FS,Senior,en,National Key Account Manager FS
8783,National Sales Manager,Senior,en,National Sales Manager
8784,National Sales Manager Germany& Austria,Senior,de,National Sales Manager Germany& Austria
8785,Nationaler Key Account Manager,Senior,en,Nationaler Key Account Manager
8786,Nationaler Key-Account-Manager - Bereich Digitalisierung,Senior,de,National Key Account Manager - Digitalization
8787,Network Sales & Operations Manager,Senior,en,Network Sales & Operations Manager
8788,NLWC Sales Development Manager,Senior,en,NLWC Sales Development Manager
8789,North America Sales Manager,Senior,en,North America Sales Manager
8790,Office & Sales Assistant,Senior,en,Office & Sales Assistant
8791,Online Sales Manager,Senior,en,Online Sales Manager
8792,Online Sales Manager Europe,Senior,en,Online Sales Manager Europe
8793,Operations and Sales Manager,Senior,en,Operations and Sales Manager
8794,Operations Manager (Customer Service & Sales) - Special Accounts & Tankcontainer,Senior,en,Operations Manager (Customer Service & Sales) - Special Accounts & Tankcontainer
8795,Operations Manager Corporate Sales,Senior,en,Operations Manager Corporate Sales
8796,Operations Manager Sales,Senior,en,Operations Manager Sales
8797,Partner Account Manager,Senior,en,Partner Account Manager
8798,Partner Channel Sales Manager,Senior,en,Partner Channel Sales Manager
8799,Partner Manager & Head of Sales/Inside Sales,Senior,en,Partner Manager & Head of Sales/Inside Sales
8800,Partner Manager & Vertriebsbeauftragter,Senior,de,Partner Manager & Sales Representative
8801,Pre Sales Manager,Senior,en,Pre Sales Manager
8802,Pre-Sales Manager,Senior,en,Pre-Sales Manager
8803,President und Sales Manager,Senior,de,President and Sales Manager
8804,Process Manager Sales Operations,Senior,en,Process Manager Sales Operations
8805,Process Optimisation Manager - Sales Service International,Senior,en,Process Optimisation Manager - Sales Service International
8806,Product and Sales Manager,Senior,en,Product and Sales Manager
8807,Product Group Manager / Head Of Sales Flexible ...,Senior,en,Product Group Manager / Head Of Sales Flexible ...
8808,Product Manager Salesforce Implementation,Senior,en,Product Manager Salesforce Implementation
8809,Product Sales Manager Wet Cooling,Senior,en,Product Sales Manager Wet Cooling
8810,Program Manager Salesforce,Senior,en,Program Manager Salesforce
8811,Program Manager TeleSales Kampagnen,Senior,pt,Program Manager TeleSales Campaign
8812,Project & Sales Manager,Senior,en,Project & Sales Manager
8813,Project Manager & Sales Engineer,Senior,en,Project Manager & Sales Engineer
8814,Project Manager | Digital Sales Development & Product Communication | B2B,Senior,en,Project Manager | Digital Sales Development & Product Communication | B2B
8815,Project Manager After Sales (Customer Service Dep),Senior,en,Project Manager After Sales (Customer Service Dep)
8816,Project Manager and Salesforce Business Analyst,Senior,en,Project Manager and Salesforce Business Analyst
8817,Project Manager CRM - Salesforce,Senior,en,Project Manager CRM - Salesforce
8818,Project Manager Sales Excellence,Senior,en,Project Manager Sales Excellence
8819,Projekt Manager / Vertrieb,Senior,de,Project Manager / Sales
8820,Projekt Manager Sales,Senior,en,Projekt Manager Sales
8821,Projekt-/ Account Manager Digital & Mobile,Senior,en,Projekt-/ Account Manager Digital & Mobile
8822,Projektmanager / Key Account Manager / Vertrieb,Senior,de,Project Manager / Key Account Manager / Sales
8823,Projektvertrieb / Key Account Manager,Senior,de,Project Distribution / Key Account Manager
8824,Publisher Sales Manager DACH,Senior,de,Publisher Sales Manager DACH
8825,Referent Vertrieb / Key Account Manager,Senior,de,Speaker Sales / Key Account Manager
8826,Regional Account Manager,Senior,en,Regional Account Manager
8827,Regional Account Manager EMEA,Senior,pt,Regional Account Manager EMEA
8828,Regional Account Manager Public Safety,Senior,en,Regional Account Manager Public Safety
8829,Regional Key Account Manager ve společnosti Bossard Group,Senior,tr,Regional Key Account Manager at Bossard Group
8830,Regional Sales Manager,Senior,en,Regional Sales Manager
8831,Regional Sales Manager / Business Development,Senior,en,Regional Sales Manager / Business Development
8832,Regional Sales Manager Central Europe,Senior,en,Regional Sales Manager Central Europe
8833,Regional Sales Manager DACH,Senior,de,Regional Sales Manager DACH
8834,Regional Sales Manager D-A-CH Datacenter Business,Senior,pt,Regional Sales Manager D-A-CH Datacenter Business
8835,Regional Sales Manager Deutschland,Senior,de,Regional Sales Manager Germany
8836,Regional Sales Manager Europe,Senior,en,Regional Sales Manager Europe
8837,Regional Sales Manager Germany,Senior,de,Regional Sales Manager Germany
8838,Regional Sales Manager Germany & Switzerland,Senior,de,Regional Sales Manager Germany & Switzerland
8839,Regional Sales Manager Germany / Benelux,Senior,en,Regional Sales Manager Germany / Benelux
8840,Regional Sales Manager I Teamleiter,Senior,de,Regional Sales Manager I Team Leader
8841,Regional Sales Manager International Central,Senior,en,Regional Sales Manager International Central
8842,Regional Sales Manager Middle East,Senior,en,Regional Sales Manager Middle East
8843,Regional Sales Manager NRW / Vertriebsleitung,Senior,de,Regional Sales Manager NRW / Sales Manager
8844,Regional Sales Manager South,Senior,en,Regional Sales Manager South
8845,Regional Sales Manager South Germany,Senior,en,Regional Sales Manager South Germany
8846,Regional Sales Manager West,Senior,en,Regional Sales Manager West
8847,Regional Sales Operations Manager,Senior,en,Regional Sales Operations Manager
8848,Relationship Manager Sales,Senior,en,Relationship Manager Sales
8849,Responsable Opérationnelle Data Ventes / Sales Operations Data Manager,Senior,fr,Operations Manager Data Sales / Sales Operations Data Manager
8850,Retail Sales Manager - McKesson,Senior,en,Retail Sales Manager - McKesson
8851,Sales & Account Manager,Senior,en,Sales & Account Manager
8852,Sales & Acquisition Manager Theatrical,Senior,en,Sales & Acquisition Manager Theatrical
8853,Sales & Business Development Manager,Senior,en,Sales & Business Development Manager
8854,Sales- & Business Development Manager,Senior,en,Sales- & Business Development Manager
8855,Sales & Customer Success Manager,Senior,en,Sales & Customer Success Manager
8856,Sales & Franchise Manager,Senior,en,Sales & Franchise Manager
8857,Sales & HR Manager,Senior,en,Sales & HR Manager
8858,Sales- & IT-Manager,Senior,en,Sales- & IT-Manager
8859,Sales & Key Account Manager DACH,Senior,en,Sales & Key Account Manager DACH
8860,Sales & New Business Manager,Senior,en,Sales & New Business Manager
8861,Sales & Partner Manager,Senior,en,Sales & Partner Manager
8862,Sales & Performance Managerin / Preismanagement,Senior,de,Sales & Performance Manager / Price Management
8863,Sales & Product Manager,Senior,en,Sales & Product Manager
8864,Sales & Product Manager Techmaflex,Senior,en,Sales & Product Manager Techmaflex
8865,Sales & Project Manager,Senior,en,Sales & Project Manager
8866,Sales & Project Manager Digital Transformation,Senior,en,Sales & Project Manager Digital Transformation
8867,Sales & Purchase Assistant,Senior,en,Sales & Purchase Assistant
8868,Sales & Quality Manager,Senior,en,Sales & Quality Manager
8869,Sales Account & Business Development Manager After-Sales,Senior,en,Sales Account & Business Development Manager After-Sales
8870,Sales Account Manager,Senior,en,Sales Account Manager
8871,Sales Account Manager DACH & BENELUX,Senior,de,Sales Account Manager DACH & BENELUX
8872,Sales Administration Assistant,Senior,en,Sales Administration Assistant
8873,Sales Administration Manager,Senior,en,Sales Administration Manager
8874,Sales and Application Manager,Senior,en,Sales and Application Manager
8875,Sales and Business Development Manager,Senior,en,Sales and Business Development Manager
8876,Sales and Business Development Managerin,Senior,en,Sales and Business Development Managerin
8877,Sales and Poject Manager,Senior,en,Sales and Poject Manager
8878,Sales and Product Manager Europe,Senior,en,Sales and Product Manager Europe
8879,Sales and Project Manager,Senior,en,Sales and Project Manager
8880,Sales and Project Manager Fuel Gas Systems,Senior,en,Sales and Project Manager Fuel Gas Systems
8881,Sales and Service Business Manager,Senior,en,Sales and Service Business Manager
8882,Sales Assistant,Senior,en,Sales Assistant
8883,Sales Assistant DACH,Senior,en,Sales Assistant DACH
8884,Sales Assistante,Senior,en,Sales Assistante
8885,Sales Business Process Manager,Senior,en,Sales Business Process Manager
8886,Sales Coordinator & Distribution Manager  EMEA,Senior,en,Sales Coordinator & Distribution Manager  EMEA
8887,Sales Country Manager Germany and Austria,Senior,en,Sales Country Manager Germany and Austria
8888,Sales Data Integration Manager,Senior,en,Sales Data Integration Manager
8889,Sales Development Manager,Senior,en,Sales Development Manager
8890,Sales Development Manager - Aeronautical Equipment,Senior,en,Sales Development Manager - Aeronautical Equipment
8891,Sales Development Manager EPS,Senior,en,Sales Development Manager EPS
8892,Sales Development Manager for DACH + Central Eastern Europe,Senior,en,Sales Development Manager for DACH + Central Eastern Europe
8893,Sales Development Manager Solvair Solutions Central Europe,Senior,en,Sales Development Manager Solvair Solutions Central Europe
8894,Sales Division Manager | Gebietsleiter | Prokurist,Senior,de,Sales Division Manager - Area Manager - Procurist
8895,Sales Effectiveness Manager EMEA,Senior,en,Sales Effectiveness Manager EMEA
8896,Sales Enablement Manager,Senior,en,Sales Enablement Manager
8897,Sales Excellence Manager,Senior,en,Sales Excellence Manager
8898,Sales Executive / Business Development Manager,Senior,en,Sales Executive / Business Development Manager
8899,Sales Executive Manager,Senior,en,Sales Executive Manager
8900,Sales Executive Manager | Teamleitung,Senior,de,Sales Executive Manager
8901,Sales Force Effectiveness and Business Insights Manager DACH,Senior,en,Sales Force Effectiveness and Business Insights Manager DACH
8902,Sales Intelligence Managerin,Senior,en,Sales Intelligence Managerin
8903,Sales Leader & Key Account Manager Healthcare,Senior,en,Sales Leader & Key Account Manager Healthcare
8904,Sales Management Assistant,Senior,en,Sales Management Assistant
8905,Sales Manager,Senior,en,Sales Manager
8906,Sales Manager - B2B & eCommerce,Senior,en,Sales Manager - B2B & eCommerce
8907,Sales Manager  Europe,Senior,en,Sales Manager  Europe
8908,Sales Manager - Europe,Senior,en,Sales Manager - Europe
8909,Sales Manager - New Accounts,Senior,en,Sales Manager - New Accounts
8910,Sales Manager - Team Key Account & Systemhaus,Senior,en,Sales Manager - Team Key Account & Systemhaus
8911,Sales Manager - Vertrieb,Senior,de,Sales Manager - Sales
8912,Sales Manager & Controller,Senior,en,Sales Manager & Controller
8913,Sales Manager & CS-Agent,Senior,en,Sales Manager & CS-Agent
8914,Sales Manager & e-Commerce Projektleiter,Senior,de,Sales Manager & e-Commerce Project Manager
8915,Sales Manager (Elektronische Medien),Senior,de,Sales Manager (electronic media)
8916,Sales Manager (Vertriebsleiter),Senior,de,Sales Manager (Sales Manager)
8917,Sales Manager / Büroleiter Köln,Senior,de,Sales Manager / Office Manager Cologne
8918,Sales Manager / Business Development,Senior,en,Sales Manager / Business Development
8919,Sales Manager / Business Development Manager,Senior,en,Sales Manager / Business Development Manager
8920,Sales Manager / Customer Consultant,Senior,en,Sales Manager / Customer Consultant
8921,Sales Manager / Head of Sales,Senior,en,Sales Manager / Head of Sales
8922,Sales Manager / Key Account Manager DACH,Senior,de,Sales Manager / Key Account Manager DACH
8923,Sales Manager / Licensing Sales Specialist,Senior,en,Sales Manager / Licensing Sales Specialist
8924,Sales Manager / Prokurist,Senior,ur,Sales Manager / Authorized Signatory
8925,Sales Manager / Vertrieb (Messe Kontakt),Senior,de,Sales Manager / Sales (trade fair contact)
8926,Sales Manager / Vertriebsleiter,Senior,de,Sales Manager / Sales Manager
8927,Sales Manager / Vertriebsleiter (IATD Germany),Senior,de,Sales Manager / Sales Manager (IATD Germany)
8928,Sales Manager Agency,Senior,en,Sales Manager Agency
8929,Sales Manager and  Business Development,Senior,en,Sales Manager and  Business Development
8930,Sales Manager and Account Manager IC,Senior,en,Sales Manager and Account Manager IC
8931,Sales Manager Business Analytics,Senior,en,Sales Manager Business Analytics
8932,Sales Manager Business Solutions,Senior,en,Sales Manager Business Solutions
8933,Sales Manager Business Unit LAB,Senior,en,Sales Manager Business Unit LAB
8934,Sales Manager BY,Senior,en,Sales Manager BY
8935,Sales Manager Central Europe,Senior,en,Sales Manager Central Europe
8936,Sales Manager Conferences & Onlinemarketing,Senior,en,Sales Manager Conferences & Onlinemarketing
8937,Sales Manager Consulting,Senior,en,Sales Manager Consulting
8938,Sales Manager Corporate Sales B2B,Senior,en,Sales Manager Corporate Sales B2B
8939,Sales Manager Country Board Germany,Senior,en,Sales Manager Country Board Germany
8940,Sales Manager Customer Care,Senior,en,Sales Manager Customer Care
8941,Sales Manager D/A/CH,Senior,hi,Sales Manager D/A/CH
8942,Sales Manager DACH,Senior,de,Sales Manager DACH
8943,Sales Manager D-A-CH,Senior,hi,Sales Manager D-A-CH
8944,Sales Manager D-A-CH+NL,Senior,sw,Sales Manager D-A-CH+NL
8945,Sales Manager Deutschland,Senior,de,Sales Manager Germany
8946,Sales Manager Digital Retail,Senior,en,Sales Manager Digital Retail
8947,Sales Manager Division Paper,Senior,en,Sales Manager Division Paper
8948,Sales Manager EMEA,Senior,pt,Sales Manager EMEA
8949,Sales Manager Enterprise & Global International Accounts,Senior,en,Sales Manager Enterprise & Global International Accounts
8950,Sales Manager Europe,Senior,en,Sales Manager Europe
8951,Sales Manager Europe (HVOR) ( Vertriebsleitung),Senior,de,Sales Manager Europe (HVOR) (Sales Manager)
8952,Sales Manager Europe ?,Senior,en,Sales Manager Europe ?
8953,Sales Manager Export,Senior,en,Sales Manager Export
8954,Sales Manager Food Manufacturers Switzerland,Senior,en,Sales Manager Food Manufacturers Switzerland
8955,Sales Manager France,Senior,fr,Sales Manager France
8956,Sales Manager Germany,Senior,en,Sales Manager Germany
8957,Sales Manager Germany - BU General Purpose Vinyls,Senior,en,Sales Manager Germany - BU General Purpose Vinyls
8958,Sales Manager Germany - Leiter Vertrieb Deutschland,Senior,de,Sales Manager Germany - Head of Sales Germany
8959,Sales Manager I Global Sales Excellence,Senior,en,Sales Manager I Global Sales Excellence
8960,Sales Manager Inside Sales - General Sales,Senior,en,Sales Manager Inside Sales - General Sales
8961,Sales Manager International,Senior,en,Sales Manager International
8962,Sales Manager IT-Service,Senior,en,Sales Manager IT-Service
8963,Sales Manager Key Account Bund & Region Berlin,Senior,en,Sales Manager Key Account Bund & Region Berlin
8964,Sales Manager MEKRA Retrofit and MEKRAtronics,Senior,en,Sales Manager MEKRA Retrofit and MEKRAtronics
8965,Sales Manager Microsoft Dynamics 365 (CRM),Senior,en,Sales Manager Microsoft Dynamics 365 (CRM)
8966,Sales Manager Nederland,Senior,nl,Sales Manager Nederland
8967,Sales Manager Northern/Southern Region,Senior,en,Sales Manager Northern/Southern Region
8968,Sales Manager OEM,Senior,en,Sales Manager OEM
8969,Sales Manager Oncology & Urology / Top Executive,Senior,en,Sales Manager Oncology & Urology / Top Executive
8970,Sales Manager Online/Print,Senior,en,Sales Manager Online/Print
8971,Sales Manager Public,Senior,en,Sales Manager Public
8972,Sales Manager Retail Deutschland,Senior,de,Sales Manager Retail Germany
8973,Sales Manager Retail Lighting,Senior,en,Sales Manager Retail Lighting
8974,Sales Manager South Europe 1 - Applied Research,Senior,en,Sales Manager South Europe 1 - Applied Research
8975,Sales Manager Strategic Sales Digital Products,Senior,en,Sales Manager Strategic Sales Digital Products
8976,Sales Manager Systeme,Senior,en,Sales Manager Systeme
8977,Sales Manager Systems DACH,Senior,de,Sales Manager Systems DACH
8978,Sales Manager Teamleiter,Senior,en,Sales Manager Teamleiter
8979,Sales Manager und ISMS Lead Auditor,Senior,de,Sales Manager and ISMS Lead Auditor
8980,Sales Manager/ stv. Vertriebsleitung,Senior,de,Sales Manager/Stv. Sales Manager
8981,Sales Manager/ Verkaufsleiter (Werk Berlin,Senior,de,Sales Manager/ Sales Manager (Werk Berlin)
8982,Sales Manager/Congress Manager,Senior,en,Sales Manager/Congress Manager
8983,Sales Manager/International HR,Senior,en,Sales Manager/International HR
8984,Sales ManagerGeneral Manager,Senior,en,Sales ManagerGeneral Manager
8985,Sales Managerin,Senior,en,Sales Managerin
8986,Sales Managerin Export,Senior,en,Sales Managerin Export
8987,Sales Managerin Immobiliendienstleistungen,Senior,de,Sales Manager Real Estate Services
8988,Sales Office & Business Development Manager,Senior,en,Sales Office & Business Development Manager
8989,Sales Office Manager,Senior,en,Sales Office Manager
8990,Sales Operation Manager OEM,Senior,en,Sales Operation Manager OEM
8991,Sales Operations and Process Manager,Senior,en,Sales Operations and Process Manager
8992,Sales Operations and Supply Chain Manager,Senior,en,Sales Operations and Supply Chain Manager
8993,Sales Operations Manager,Senior,en,Sales Operations Manager
8994,Sales Operations Manager & Salesforce CRM Administrator,Senior,en,Sales Operations Manager & Salesforce CRM Administrator
8995,Sales Operations Manager / Client Services Manager/ CRM,Senior,en,Sales Operations Manager / Client Services Manager/ CRM
8996,Sales Operations Managerin,Senior,en,Sales Operations Managerin
8997,Sales Performance and Controlling Manager,Senior,en,Sales Performance and Controlling Manager
8998,Sales Process Manager,Senior,en,Sales Process Manager
8999,Sales Project Manager,Senior,en,Sales Project Manager
9000,Sales Quality Manager,Senior,en,Sales Quality Manager
9001,Sales Solution Manager,Senior,en,Sales Solution Manager
9002,Sales Support Manager,Senior,en,Sales Support Manager
9003,Sales Support Specialist & CRM Manager,Senior,en,Sales Support Specialist & CRM Manager
9004,Sales System Manager D/A/CH,Senior,en,Sales System Manager D/A/CH
9005,Sales Systems Manager DACH,Senior,de,Sales Systems Manager DACH
9006,Salesforce CRM Business Process Manager,Senior,en,Salesforce CRM Business Process Manager
9007,Salesforce CRM Solution Manager,Senior,en,Salesforce CRM Solution Manager
9008,Salesforce Manager,Senior,en,Salesforce Manager
9009,Salesforce Practice Manager,Senior,en,Salesforce Practice Manager
9010,Salesforce Product Manager,Senior,en,Salesforce Product Manager
9011,Salesforce Project Manager & Senior Consultant,Senior,en,Salesforce Project Manager & Senior Consultant
9012,Salesforce Project Manager and Administrator,Senior,en,Salesforce Project Manager and Administrator
9013,Salesforce Senior Manager,Senior,en,Salesforce Senior Manager
9014,Salesforce/Veeva CRM Manager,Senior,tr,Salesforce/Veeva CRM Manager
9015,Sales-Manager,Senior,en,Sales-Manager
9016,Sales-Manager in Internal Sales Export,Senior,en,Sales-Manager in Internal Sales Export
9017,Senior Account Manager,Senior,en,Senior Account Manager
9018,Senior Account Manager - Direct Sales,Senior,en,Senior Account Manager - Direct Sales
9019,Senior Account Manager - Vertrieb,Senior,de,Senior Account Manager - Sales
9020,Senior Account Manager & Account Supervisor,Senior,en,Senior Account Manager & Account Supervisor
9021,Senior Account Manager & Digital Strategist,Senior,en,Senior Account Manager & Digital Strategist
9022,Senior Account Manager Partnership Sales,Senior,en,Senior Account Manager Partnership Sales
9023,Senior Account Manager Sales & Solutions,Senior,en,Senior Account Manager Sales & Solutions
9024,Senior Account Managerin,Senior,en,Senior Account Managerin
9025,Senior Applicaton Engineer/ Vertrieb,Senior,de,Senior Applicaton Engineer/ Sales
9026,Senior Area Sales Manager,Senior,en,Senior Area Sales Manager
9027,Senior Assistenz Vorstand & Vertrieb,Senior,de,Senior Assistant Management & Sales
9028,Senior Associate Consultant - Technical Sales,Senior,en,Senior Associate Consultant - Technical Sales
9029,Senior Bewerter & Vertriebskoordinator,Senior,de,Senior evaluator & sales coordinator
9030,Senior Bid Manager Technical Sales,Senior,en,Senior Bid Manager Technical Sales
9031,Senior Client Consultant - Sales Effectiveness,Senior,en,Senior Client Consultant - Sales Effectiveness
9032,Senior Client/Sales Executive,Senior,en,Senior Client/Sales Executive
9033,Senior Consultant / Teamleiter Vertrieb und Tes...,Senior,de,Senior Consultant / Team Leader Sales and Tes...
9034,Senior Consultant Sales Management,Senior,en,Senior Consultant Sales Management
9035,Senior Customer Success Manager & Sales Consultant,Senior,en,Senior Customer Success Manager & Sales Consultant
9036,Senior District Sales Manager,Senior,en,Senior District Sales Manager
9037,Senior Enterprise Sales Executive,Senior,en,Senior Enterprise Sales Executive
9038,Senior Inside Sales,Senior,en,Senior Inside Sales
9039,Senior Inside Sales & CRM Administrator,Senior,en,Senior Inside Sales & CRM Administrator
9040,Senior Inside Sales Consultant / Anzeigenberater,Senior,de,Senior Inside Sales Consultant / Ad Consultant
9041,Senior Inside Sales Expert,Senior,en,Senior Inside Sales Expert
9042,Senior Inside Sales Manager,Senior,en,Senior Inside Sales Manager
9043,Senior Inside Sales Professional,Senior,en,Senior Inside Sales Professional
9044,Senior IT Project Manager Vertrieb Produktentwicklung B2B,Senior,de,Senior IT Project Manager Sales Product Development B2B
9045,Senior IT Sales Manager,Senior,en,Senior IT Sales Manager
9046,Senior Key Account Manager,Senior,en,Senior Key Account Manager
9047,Senior Key Account Manager & CRM Coordinator (D...,Senior,en,Senior Key Account Manager & CRM Coordinator (D...
9048,Senior Key Account Manager & CRM Coordinator (Drives & Motion Division),Senior,en,Senior Key Account Manager & CRM Coordinator (Drives & Motion Division)
9049,Senior Key Account Manager Lead-Generierung & P...,Senior,de,Senior Key Account Manager Lead Generation & P...
9050,Senior Key Account Manager SAP Customer Engagem...,Senior,pt,Senior Key Account Manager SAP Customer Engagem...
9051,Senior Key Account Manager Versorgungsunternehmen,Senior,de,Senior Key Account Manager Utilities
9052,Senior Manager / Head of Sales Germany & Benelux,Senior,en,Senior Manager / Head of Sales Germany & Benelux
9053,Senior Manager Advisory & Sales,Senior,en,Senior Manager Advisory & Sales
9054,Senior Manager Business Development Solution Sales,Senior,en,Senior Manager Business Development Solution Sales
9055,Senior Manager Channel Sales,Senior,en,Senior Manager Channel Sales
9056,Senior Manager Events und Vertriebsmarketing,Senior,de,Senior Manager Events and Sales Marketing
9057,Senior Manager Field Sales Germany,Senior,en,Senior Manager Field Sales Germany
9058,Senior Manager Sales,Senior,en,Senior Manager Sales
9059,Senior Manager Sales &  Business Development,Senior,en,Senior Manager Sales &  Business Development
9060,Senior Manager Sales & Business Consulting,Senior,en,Senior Manager Sales & Business Consulting
9061,Senior Manager Sales Europe,Senior,en,Senior Manager Sales Europe
9062,Senior Manager Sales Operations & CRM,Senior,en,Senior Manager Sales Operations & CRM
9063,Senior Manager Sales Operations & Enablement,Senior,en,Senior Manager Sales Operations & Enablement
9064,Senior Manager Salesforce,Senior,en,Senior Manager Salesforce
9065,Senior Manager Vertrieb,Senior,de,Senior Manager Sales
9066,Senior Manager Vertriebsmarketing,Senior,de,Senior Manager Sales Marketing
9067,Senior Managerin Inside Sales,Senior,en,Senior Managerin Inside Sales
9068,Senior PreSales Engineer,Senior,en,Senior PreSales Engineer
9069,Senior Product Manager CRM & Sales Products,Senior,en,Senior Product Manager CRM & Sales Products
9070,Senior Project Manager Program Acquisitions & Sales,Senior,en,Senior Project Manager Program Acquisitions & Sales
9071,Senior Regional Sales Manager CSEE & Maghreb,Senior,nl,Senior Regional Sales Manager CSEE & Maghreb
9072,Senior Retail Consultant Salesforce,Senior,en,Senior Retail Consultant Salesforce
9073,Senior Sales,Senior,en,Senior Sales
9074,Senior Sales  Account Manager,Senior,en,Senior Sales  Account Manager
9075,Senior Sales  Consultant CRM,Senior,en,Senior Sales  Consultant CRM
9076,Senior Sales - Professional Services,Senior,en,Senior Sales - Professional Services
9077,Senior Sales & Advisory,Senior,en,Senior Sales & Advisory
9078,Senior Sales & Business Development Manager,Senior,en,Senior Sales & Business Development Manager
9079,Senior Sales & Business Development Manager E-C...,Senior,en,Senior Sales & Business Development Manager E-C...
9080,Senior Sales & Consulting,Senior,en,Senior Sales & Consulting
9081,Senior Sales Account Executive,Senior,en,Senior Sales Account Executive
9082,Senior Sales Account Manager,Senior,en,Senior Sales Account Manager
9083,Senior Sales and Business Development Manager,Senior,en,Senior Sales and Business Development Manager
9084,Senior Sales Assistant -  Infotainment und CRM ...,Senior,de,Senior Sales Assistant - Infotainment and CRM ...
9085,Senior Sales Consultant,Senior,en,Senior Sales Consultant
9086,Senior Sales Consultant (Messe Kontakt),Senior,ur,Senior Sales Consultant (Exhibition Contact)
9087,Senior Sales Consultant SAP Practice,Senior,en,Senior Sales Consultant SAP Practice
9088,Senior Sales Coordinator,Senior,en,Senior Sales Coordinator
9089,Senior Sales Engineer,Senior,en,Senior Sales Engineer
9090,Senior Sales Executive,Senior,en,Senior Sales Executive
9091,Senior Sales Executive (Messe Kontakt),Senior,ur,Senior Sales Executive (Exhibition Contact)
9092,Senior Sales Manager,Senior,en,Senior Sales Manager
9093,Senior Sales Manager - Enterprise Strategic Ver...,Senior,en,Senior Sales Manager - Enterprise Strategic Ver...
9094,Senior Sales Manager - Geschäftsstellenleiter,Senior,de,Senior Sales Manager - Head of Office
9095,Senior Sales Manager & Consulting,Senior,en,Senior Sales Manager & Consulting
9096,Senior Sales Manager (Messe Kontakt),Senior,de,Senior Sales Manager (trade fair contact)
9097,Senior Sales Manager / Branch Manager Wallerstein,Senior,de,Senior Sales Manager / Branch Manager Wallerstein
9098,Senior Sales Manager / Key Account Manager,Senior,en,Senior Sales Manager / Key Account Manager
9099,Senior Sales Manager B2C Finance DACH,Senior,de,Senior Sales Manager B2C Finance DACH
9100,Senior Sales Manager Central and Northern Europe,Senior,en,Senior Sales Manager Central and Northern Europe
9101,Senior Sales Manager Compliance Solutions,Senior,en,Senior Sales Manager Compliance Solutions
9102,Senior Sales Manager Concept Sales,Senior,en,Senior Sales Manager Concept Sales
9103,Senior Sales Manager D/A/CH,Senior,en,Senior Sales Manager D/A/CH
9104,Senior Sales Manager D-A-CH,Senior,en,Senior Sales Manager D-A-CH
9105,Senior Sales Manager EMEA,Senior,pt,Senior Sales Manager EMEA
9106,Senior Sales Manager HCM/SaaS,Senior,en,Senior Sales Manager HCM/SaaS
9107,Senior Sales Manager Industrial Applications,Senior,en,Senior Sales Manager Industrial Applications
9108,Senior Sales Manager Managed Services,Senior,en,Senior Sales Manager Managed Services
9109,Senior Sales Manager New Business & Account Management,Senior,en,Senior Sales Manager New Business & Account Management
9110,Senior Sales Manager Postal Solutions,Senior,en,Senior Sales Manager Postal Solutions
9111,Senior Sales Manager Pre Sales,Senior,en,Senior Sales Manager Pre Sales
9112,Senior Sales Manager Privatisierung Hamburg,Senior,de,Senior Sales Manager Privatization Hamburg
9113,Senior Sales Manager Public,Senior,en,Senior Sales Manager Public
9114,Senior Sales Manager Strategischer Vertrieb,Senior,de,Senior Sales Manager Strategic Sales
9115,Senior Sales Managerin,Senior,en,Senior Sales Managerin
9116,Senior Sales Manger,Senior,en,Senior Sales Manger
9117,Senior Sales Operations - Territory Manager,Senior,en,Senior Sales Operations - Territory Manager
9118,Senior Sales Recruiter Central Europe,Senior,en,Senior Sales Recruiter Central Europe
9119,Senior Sales Solutions Specialist/DE Sales Integration Lead,Senior,en,Senior Sales Solutions Specialist/DE Sales Integration Lead
9120,Senior Sales Strategist and Business Developer,Senior,en,Senior Sales Strategist and Business Developer
9121,Senior Sales Support Manager,Senior,en,Senior Sales Support Manager
9122,Senior Sales Team Manager,Senior,en,Senior Sales Team Manager
9123,Senior Salesforce Administrator,Senior,en,Senior Salesforce Administrator
9124,Senior Salesforce Consultant,Senior,en,Senior Salesforce Consultant
9125,Senior Solution Sales Manager,Senior,en,Senior Solution Sales Manager
9126,Senior Specialist Sales,Senior,en,Senior Specialist Sales
9127,Senior Specialist Sales Support & Reporting,Senior,en,Senior Specialist Sales Support & Reporting
9128,Senior Strategic Sales Manager,Senior,en,Senior Strategic Sales Manager
9129,Senior Team Lead Sales,Senior,en,Senior Team Lead Sales
9130,Senior Technical Sales Engineer,Senior,en,Senior Technical Sales Engineer
9131,Senior Vice President | Sales & Recruiting,Senior,en,Senior Vice President | Sales & Recruiting
9132,Senior Vice President Head of Sales,Senior,en,Senior Vice President Head of Sales
9133,Senior Vice President International Sales Tulip Food Company,Senior,en,Senior Vice President International Sales Tulip Food Company
9134,Senior Vice President Sales,Senior,en,Senior Vice President Sales
9135,Senior Vice President Sales & CMO EMEA,Senior,pt,Senior Vice President Sales & CMO EMEA
9136,Senior VP Corporate Sales,Senior,en,Senior VP Corporate Sales
9137,Senior-Vertriebsbeauftragter IT-Services,Senior,de,Senior Sales Officer IT Services
9138,Senoir Account Manager,Senior,en,Senoir Account Manager
9139,Software Internal Account Manager,Senior,en,Software Internal Account Manager
9140,Solution Manager CRM/Salesforce,Senior,en,Solution Manager CRM/Salesforce
9141,Solution Manager Salesforce/CRM,Senior,en,Solution Manager Salesforce/CRM
9142,Solution Sales Manager,Senior,en,Solution Sales Manager
9143,Southeast Senior Regional Sales Manager,Senior,en,Southeast Senior Regional Sales Manager
9144,Specialised Sales / Project Manager,Senior,en,Specialised Sales / Project Manager
9145,Sr Manager Sales Force Automation / Sales Process,Senior,en,Sr Manager Sales Force Automation / Sales Process
9146,Sr. Account Manager,Senior,en,Sr. Account Manager
9147,Sr. Area Sales Manager DACH at HID Global (EAT) Extended Access Technologies,Senior,en,Sr. Area Sales Manager DACH at HID Global (EAT) Extended Access Technologies
9148,Sr. Key Account Manager,Senior,en,Sr. Key Account Manager
9149,Sr. Manager Sales & Business Development,Senior,en,Sr. Manager Sales & Business Development
9150,Sr. Manager Sales Ops,Senior,en,Sr. Manager Sales Ops
9151,Sr. Salesforce Administrator and Systems Manager,Senior,en,Sr. Salesforce Administrator and Systems Manager
9152,Stellvertretender Leiter Vertrieb Office & Lounge / Key Account Manager,Senior,de,Deputy Head of Sales Office & Lounge / Key Account Manager
9153,Strategic Account Manager,Senior,en,Strategic Account Manager
9154,Strategic Key Account Manager,Senior,en,Strategic Key Account Manager
9155,Strategic Large Account Manager Western Europe,Senior,en,Strategic Large Account Manager Western Europe
9156,Strategic Sales Manager B2B,Senior,en,Strategic Sales Manager B2B
9157,Strategic Sales-Manager,Senior,en,Strategic Sales-Manager
9158,Stv. Leiter Vertrieb / Senior Key Account Manager,Senior,de,Deputy Head of Sales / Senior Key Account Manager
9159,Supply Chain Manager Sales,Senior,en,Supply Chain Manager Sales
9160,Team Lead Program Management Sales Processes / Program Manager,Senior,en,Team Lead Program Management Sales Processes / Program Manager
9161,Team Leader Internal Sales / Export Manager,Senior,en,Team Leader Internal Sales / Export Manager
9162,Team Leader Sales Assistant,Senior,en,Team Leader Sales Assistant
9163,Team Manager Sales,Senior,en,Team Manager Sales
9164,Team Manager Sales - Pharma & Lab Division,Senior,en,Team Manager Sales - Pharma & Lab Division
9165,Team Manager Sales &  Reservation,Senior,en,Team Manager Sales &  Reservation
9166,Team Manager Sales DACH,Senior,en,Team Manager Sales DACH
9167,Team Manager Sales Germany & CEE Acceptance & Acquiring,Senior,en,Team Manager Sales Germany & CEE Acceptance & Acquiring
9168,Teamleiter Außendienst / Key Account Manager D-A-CH,Senior,de,Team Manager Field Office / Key Account Manager D-A-CH
9169,Teamleiter Costumer Service / Key Account Manager,Senior,de,Team Leader Costumer Service / Key Account Manager
9170,Teamleiter Verkauf / Export / Key-Account-Manager,Senior,de,Team Manager Sales / Export / Key Account Manager
9171,Teamleiter Vertrieb - Key Account Manager Automotive,Senior,de,Team Manager Sales - Key Account Manager Automotive
9172,Teamleiter Vertrieb (Export) / Sales Team Manager (Export),Senior,de,Sales Team Manager (Export) / Sales Team Manager (Export)
9173,Tech Sales Manager,Senior,en,Tech Sales Manager
9174,Tech. Sales Manager Aerospace,Senior,en,Tech. Sales Manager Aerospace
9175,Technical Sales & Key Account Manager - SW-Germany,Senior,en,Technical Sales & Key Account Manager - SW-Germany
9176,Technical Sales Manager,Senior,en,Technical Sales Manager
9177,Technical Sales Manager - Just ask Purolite - We are more than a resin manufacturer - We are your solution company,Senior,en,Technical Sales Manager - Just ask Purolite - We are more than a resin manufacturer - We are your solution company
9178,Technical Sales Manager - Northern California - Major Accounts,Senior,en,Technical Sales Manager - Northern California - Major Accounts
9179,Technical Sales Manager (Hydromet),Senior,en,Technical Sales Manager (Hydromet)
9180,Technical Sales Manager D/,Senior,en,Technical Sales Manager D/
9181,Technischer Verkaufsleiter / Technical Sales Manager,Senior,de,Technical Sales Manager / Technical Sales Manager
9182,Technischer Vertrieb / Inside Sales Manager,Senior,de,Technical Sales / Inside Sales Manager
9183,Technischer Vertrieb / Project Manager,Senior,de,Technical Sales / Project Manager
9184,Territory Manager Sales,Senior,en,Territory Manager Sales
9185,Territory Sales Account Manager DACH,Senior,de,Territory Sales Account Manager DACH
9186,Territory Sales Manager,Senior,en,Territory Sales Manager
9187,Territory Sales Manager DACH/UK,Senior,de,Territory Sales Manager DACH/UK
9188,Territory Sales Manager Iberia & LatAm,Senior,en,Territory Sales Manager Iberia & LatAm
9189,Verkaufsleiter / Sales Manager Fassade Cedral,Senior,de,Sales Manager / Sales Manager Facade Cedral
9190,Verkaufsleiter / Sales Manager freistil Rolf Benz,Senior,de,Sales Manager / Sales Manager freistil Rolf Benz
9191,Verkaufsleiter | Sales Manager,Senior,de,Sales Manager - Sales Manager
9192,Verkaufsleiter Sales Manager,Senior,de,Sales Manager Sales Manager
9193,Verkaufsleiter Zentraleuropa / Sales Manager Central Europe,Senior,de,Sales Manager Central Europe / Sales Manager Central Europe
9194,Verkaufsleiterin / Sales Manager,Senior,de,Sales Manager / Sales Manager
9195,Vertrieb - Account Manager,Senior,de,Sales - Account Manager
9196,Vertrieb & Neukundenaquise - Key Account Manager,Senior,de,Sales & New Customer Aquise - Key Account Manager
9197,Vertrieb & Senior Partner,Senior,de,Sales & Senior Partner
9198,Vertrieb / Sales Manager,Senior,de,Sales / Sales Manager
9199,Vertrieb Deutschland (Sales Manager) - Süd-West-Deutschland,Senior,de,Sales Germany (Sales Manager) - South-West Germany
9200,Vertrieb StoreManager für Verbrauchsmaterialien,Senior,de,Sales StoreManager for Consumables
9201,Vertrieb Süddeutschland und Global Key Account Manager für Retail Kunden,Senior,de,Sales Southern Germany and Global Key Account Manager for Retail Customers
9202,Vertrieb und Kundenservice Managerin,Senior,de,Sales and Customer Service Manager
9203,Vertriebs - Manager,Senior,de,Sales - Managers
9204,Vertriebs Manager,Senior,de,Sales Manager
9205,Vertriebsassistenz / Sales Assistant,Senior,de,Sales Assistant / Sales Assistant
9206,Vertriebsinnendienst / Sales Area Manager,Senior,de,Internal Sales Service / Sales Area Manager
9207,Vertriebsleiter & Business Development Manager,Senior,de,Sales Manager & Business Development Manager
9208,Vertriebsleiter & Senior Consultant,Senior,de,Sales Manager & Senior Consultant
9209,Vertriebsleiter / Prokurist / Senior Consultant,Senior,de,Sales Manager / Procurator / Senior Consultant
9210,Vertriebsleiter / Sales Manager,Senior,de,Sales Manager / Sales Manager
9211,Vertriebsleiter Deutschland & Schweiz / Key Segment Manager Trade,Senior,de,Sales Manager Germany & Switzerland / Key Segment Manager Trade
9212,Vertriebsleiter Deutschland / Sales Manager,Senior,de,Sales Manager Germany / Sales Manager
9213,Vertriebsleiter Deutschland Nord & Senior Key Account Manager D / FR (B2B),Senior,de,Sales Manager Germany Nord & Senior Key Account Manager D / FR (B2B)
9214,Vertriebsleiter Key Account Manager,Senior,de,Sales Manager Key Account Manager
9215,Vertriebsleitung / Sales Manager,Senior,de,Sales Manager / Sales Manager
9216,Vertriebsleitung/Sales Manager,Senior,de,Sales Manager/Sales Manager
9217,Vertriebsmanager / Sales Manager,Senior,de,Sales Manager / Sales Manager
9218,Vertriebsmanagerin/Sales Manager,Senior,de,Sales Manager/Sales Manager
9219,Zone Manager Sales,Senior,en,Zone Manager Sales
9220,Country Manager (Germany/Spain/UK/Italy) - Global Support Clients Operations (B2B),Senior,en,Country Manager (Germany/Spain/UK/Italy) - Global Support Clients Operations (B2B)
9221,Customer Support Manager,Senior,en,Customer Support Manager
9222,Digital Customer Support Manager EMEA,Senior,en,Digital Customer Support Manager EMEA
9223,IT Support Manager,Senior,en,IT Support Manager
9224,Lead Generation Manager & Customer Support,Senior,en,Lead Generation Manager & Customer Support
9225,Manager IT & Technical Support NCE - Customer Service & Satisfaction,Senior,en,Manager IT & Technical Support NCE - Customer Service & Satisfaction
9226,Project Manager / Technical Support / Developer,Senior,en,Project Manager / Technical Support / Developer
9227,Senior Officer Technical Support | Quickwork | Democratizing Automation,Senior,en,Senior Officer Technical Support | Quickwork | Democratizing Automation
9228,Customer Master Data Management,Senior,en,Customer Master Data Management
9229,Management Master,Senior,en,Management Master
9230,Master Data Management - Chargée de projets et qualité Data,Senior,fr,Master Data Management - Data Quality and Project Manager
9231,Master of Science (Management),Senior,en,Master of Science (Management)
9232,Bachelor Marketing Management,Senior,en,Bachelor Marketing Management
9233,DV / VPP,Management,hi,DV / VPP
9234,EVP Head Lead Discovery,Management,en,EVP Head Lead Discovery
9235,Executive Vice President,Management,en,Executive Vice President
9236,Executive Vice President Strategy,Management,en,Executive Vice President Strategy
9237,General Manager & Vice President,Management,en,General Manager & Vice President
9238,MVP Factory | Let's build products together!,Management,en,MVP Factory | Let's build products together!
9239,Regional Vice President,Management,en,Regional Vice President
9240,Regional Vice President DACH,Management,en,Regional Vice President DACH
9241,Regional Vice-President Asia-Pacific,Management,it,Regional Vice-President Asia-Pacific
9242,Vice President,Management,en,Vice President
9243,Vice President -  Geschäftsführer,Management,de,Vice President - Managing Director
9244,Vice President - Partner Management,Management,en,Vice President - Partner Management
9245,Vice President - Region 3,Management,en,Vice President - Region 3
9246,Vice President / Unit Head Finance & Controlling (Prokurist),Management,en,Vice President / Unit Head Finance & Controlling (Prokurist)
9247,Vice President Consulting,Management,en,Vice President Consulting
9248,Vice President Customer Care,Management,en,Vice President Customer Care
9249,Vice President Customer Service,Management,en,Vice President Customer Service
9250,Vice President Innovation & Technology,Management,en,Vice President Innovation & Technology
9251,Vice President Online & Mobile / Intrapreneur,Management,nl,Vice President Online & Mobile / Intrapreneur
9252,Vice President Procurement,Management,en,Vice President Procurement
9253,Vice President R&D,Management,en,Vice President R&D
9254,Vice President Railway Technology,Management,en,Vice President Railway Technology
9255,Vice President Spezialvertrieb & Projekte,Management,de,Vice President Special Sales & Projects
9256,VP,Management,ur,VP
9257,VP  Customer Management,Management,en,VP  Customer Management
9258,VP Alliances and Partner Management,Management,en,VP Alliances and Partner Management
9259,VP Central + Eastern Europe,Management,en,VP Central + Eastern Europe
9260,VP Customer Services,Management,en,VP Customer Services
9261,VP Leasing- Bank,Management,en,VP Leasing- Bank
9262,VP Naval Programs & Standort Ulm,Management,de,VP Naval Programs & Ulm site
9263,VP of Information Technology,Management,en,VP of Information Technology
9264,VP Publisher Development DACH,Management,de,VP Publisher Development DACH
9265,VP Revenue Growth & Enablement,Management,en,VP Revenue Growth & Enablement
9266,VP sales and marketing,Management,en,VP sales and marketing
9267,Assistant to SVP Business Development & Event Specialist,Management,en,Assistant to SVP Business Development & Event Specialist
9268,Executive Vice President Global Strategy & Business Development,Management,en,Executive Vice President Global Strategy & Business Development
9269,Leiter (VP) Business Development / Leiter (VP) ...,Management,de,Head (VP) Business Development / Head (VP) ...
9270,Sr. Vice President Global Business Development & Delivery,Management,en,Sr. Vice President Global Business Development & Delivery
9271,Vice President Business Development,Management,en,Vice President Business Development
9272,Vice President Digital Business Relationship Management,Management,en,Vice President Digital Business Relationship Management
9273,Vice President Global Business Development,Management,en,Vice President Global Business Development
9274,Vice President Global Customer Business Unit,Management,en,Vice President Global Customer Business Unit
9275,Vice President International Business Development,Management,en,Vice President International Business Development
9276,Vice President Of Business Development,Management,en,Vice President Of Business Development
9277,Vice President Strategic Business Development &...,Management,en,Vice President Strategic Business Development &...
9278,VP Business  Development & Partnering,Management,en,VP Business  Development & Partnering
9279,VP Business Development,Management,en,VP Business Development
9280,VP Business Development & Advertising Solutions,Management,en,VP Business Development & Advertising Solutions
9281,VP Business Development APAC,Management,en,VP Business Development APAC
9282,VP Business Operations,Management,en,VP Business Operations
9283,VP Business Operations & Transformation,Management,en,VP Business Operations & Transformation
9284,VP Growth & Business Development,Management,en,VP Growth & Business Development
9285,Chief Information Officer & VP Global SAP,Management,en,Chief Information Officer & VP Global SAP
9286,Executive Vice President Global IT Land & Digital Solutions,Management,en,Executive Vice President Global IT Land & Digital Solutions
9287,IT Vice-President,Management,en,IT Vice-President
9288,Vice President Digital Transformation,Management,en,Vice President Digital Transformation
9289,Vice President Digitalisierung / Automatisierung,Management,de,Vice President Digitization / Automation
9290,Vice President Finance & IT System Integration,Management,en,Vice President Finance & IT System Integration
9291,Vice President Group Digital & Innovation,Management,en,Vice President Group Digital & Innovation
9292,Vice President Group IT,Management,en,Vice President Group IT
9293,Vice President IT,Management,en,Vice President IT
9294,Vice President Organisation & IT,Management,en,Vice President Organisation & IT
9295,VP IT & Services HOCHDORF Swiss Nutrition AG,Management,de,VP IT & Services HOCHDORF Swiss Nutrition AG
9296,VP IT Customer Engagement Domain,Management,en,VP IT Customer Engagement Domain
9297,Vice President Customer / CRM,Management,en,Vice President Customer / CRM
9298,Assistant to Vice President Marketing & Sales,Management,en,Assistant to Vice President Marketing & Sales
9299,Assistant to Vice President Marketing & Service,Management,en,Assistant to Vice President Marketing & Service
9300,Assistant VP Global Marketing and Technology IWT,Management,en,Assistant VP Global Marketing and Technology IWT
9301,Corporate VP - Global Head of Marketing & Sales...,Management,en,Corporate VP - Global Head of Marketing & Sales...
9302,Executive Vice President Marketing,Management,en,Executive Vice President Marketing
9303,Executive Vice President Sales & Marketing,Management,en,Executive Vice President Sales & Marketing
9304,Founder | Vice President of Marketing,Management,en,Founder | Vice President of Marketing
9305,Leiter Vertrieb & Marketing / Vice President Sa...,Management,de,Head of Sales & Marketing / Vice President Sa...
9306,Leiter Vertrieb und Marketing / Vice President ...,Management,de,Head of Sales and Marketing / Vice President ...
9307,Mitgründer / VP Marketing,Management,de,Co-founder / VP Marketing
9308,SVP Global Sales & Marketing,Management,en,SVP Global Sales & Marketing
9309,SVP Strategic Marketing (Messe Kontakt),Management,ur,SVP Strategic Marketing (Exhibition Contact)
9310,SVP Vertrieb und Marketing/Mitglied der Geschäftsleitung,Management,de,SVP Sales and Marketing/Member of the Management Board
9311,Vice President - Chief Marketing & Sales Officer,Management,en,Vice President - Chief Marketing & Sales Officer
9312,Vice President Business Development/Strategic Marketing,Management,pt,Vice President Business Development/Strategic Marketing
9313,Vice President Communications/Marketing,Management,en,Vice President Communications/Marketing
9314,Vice President Digital Marketing,Management,en,Vice President Digital Marketing
9315,Vice President Global Communications,Management,en,Vice President Global Communications
9316,Vice President Group Communications & Marketing,Management,en,Vice President Group Communications & Marketing
9317,Vice President Head of Sales & Marketing,Management,en,Vice President Head of Sales & Marketing
9318,Vice President Marketing,Management,en,Vice President Marketing
9319,Vice President Marketing & Produktmanagement,Management,en,Vice President Marketing & Produktmanagement
9320,Vice President Marketing & Sales,Management,en,Vice President Marketing & Sales
9321,Vice President Marketing & Sales (Isobuten & De...,Management,pt,Vice President Marketing & Sales (Isobuten & De...
9322,Vice President Marketing Communications & Services,Management,en,Vice President Marketing Communications & Services
9323,Vice President Marketing IONOS cloud (interimsweise),Management,de,Vice President Marketing IONOS cloud (interim)
9324,Vice President Operations & Marketing Communica...,Management,en,Vice President Operations & Marketing Communica...
9325,Vice President Product Sales & Marketing,Management,en,Vice President Product Sales & Marketing
9326,Vice President Sales & Marketing,Management,en,Vice President Sales & Marketing
9327,Vice President Sales & Marketing - DACH & CEE,Management,de,Vice President Sales & Marketing - DACH & CEE
9328,Vice President Sales & Marketing & Member of Ma...,Management,en,Vice President Sales & Marketing & Member of Ma...
9329,Vice President Sales & Marketing Global,Management,en,Vice President Sales & Marketing Global
9330,Vice President Sales and Marketing,Management,en,Vice President Sales and Marketing
9331,Vice President Sales and Marketing EMEA,Management,en,Vice President Sales and Marketing EMEA
9332,VP Corporate Communications & Marketing,Management,en,VP Corporate Communications & Marketing
9333,VP International Marketing,Management,en,VP International Marketing
9334,VP Marketing,Management,en,VP Marketing
9335,VP Marketing & Communications,Management,en,VP Marketing & Communications
9336,VP Marketing & PR,Management,en,VP Marketing & PR
9337,VP Marketing and Sales,Management,en,VP Marketing and Sales
9338,VP Marketing Communication,Management,en,VP Marketing Communication
9339,VP of Marketing,Management,en,VP of Marketing
9340,VP of Marketing und Communications,Management,en,VP of Marketing und Communications
9341,VP of Sales & Marketing Division,Management,en,VP of Sales & Marketing Division
9342,VP Product Marketing,Management,en,VP Product Marketing
9343,VP Product Marketing & Marketing Automation,Management,en,VP Product Marketing & Marketing Automation
9344,VP Sales & Marketing,Management,en,VP Sales & Marketing
9345,VP Sales & Marketing / Leiter Vertrieb und Mark...,Management,de,VP Sales & Marketing / Head of Sales and Mark...
9346,VP Sales&Marketing,Management,en,VP Sales&Marketing
9347,Vice President Of Commercial Operations,Management,en,Vice President Of Commercial Operations
9348,Vice President Strategy and Operations,Management,en,Vice President Strategy and Operations
9349,VP of Operations,Management,en,VP of Operations
9350,VP Operations,Management,en,VP Operations
9351,Associate Vice President Sales,Management,en,Associate Vice President Sales
9352,Chief Sales Officer - VP Sales,Management,en,Chief Sales Officer - VP Sales
9353,Country Manager / VP Global Sales & Services,Management,en,Country Manager / VP Global Sales & Services
9354,Executive Vice President Sales,Management,en,Executive Vice President Sales
9355,Executive Vice President Sales & Business Devel...,Management,nl,Executive Vice President Sales & Business Devel...
9356,GCT Sales/ Vice President Sales Customer Group,Management,en,GCT Sales/ Vice President Sales Customer Group
9357,Geschäftsleiter Vertrieb weltweit / Vice President Global Sales,Management,de,Sales Manager Worldwide / Vice President Global Sales
9358,Regional Vice President Sales Germany,Management,en,Regional Vice President Sales Germany
9359,Regional Vice President Sales Large Enterprise ...,Management,en,Regional Vice President Sales Large Enterprise ...
9360,Ressortleiter Vertrieb  //  Vice President Sales,Management,de,Head of Sales // Vice President Sales
9361,Sales Vice President,Management,en,Sales Vice President
9362,SVP Sales,Management,en,SVP Sales
9363,SVP: Global Sales and Business Development,Management,en,SVP: Global Sales and Business Development
9364,Vertriebsleiter Deutschland/ Vice President Sales,Management,de,Sales Manager Germany/ Vice President Sales
9365,Vice President - Sales,Management,en,Vice President - Sales
9366,Vice President  Sales Europe,Management,en,Vice President  Sales Europe
9367,Vice President (VP) Sales DACH,Management,hi,Vice President (VP) Sales DACH
9368,Vice President Distribution Sales & Commercial ...,Management,en,Vice President Distribution Sales & Commercial ...
9369,Vice President EMEA Sales and Business Management,Management,en,Vice President EMEA Sales and Business Management
9370,Vice President Global Sales,Management,en,Vice President Global Sales
9371,Vice President Global Sales and Service FRS,Management,en,Vice President Global Sales and Service FRS
9372,Vice President- Head of Sales EMEA,Management,en,Vice President- Head of Sales EMEA
9373,Vice President Internation Sales,Management,en,Vice President Internation Sales
9374,Vice President IT Sales & CRM,Management,en,Vice President IT Sales & CRM
9375,Vice President of Sales,Management,en,Vice President of Sales
9376,Vice President of Sales & Business Development,Management,en,Vice President of Sales & Business Development
9377,Vice President Regional Sales Germany & North-East Europe,Management,en,Vice President Regional Sales Germany & North-East Europe
9378,Vice President Sales,Management,en,Vice President Sales
9379,Vice President Sales - Head of Consumer Services,Management,en,Vice President Sales - Head of Consumer Services
9380,Vice President Sales & Account Management DACH,Management,en,Vice President Sales & Account Management DACH
9381,Vice President Sales & Commercial Excellence,Management,en,Vice President Sales & Commercial Excellence
9382,Vice President Sales & Corporate Product Management,Management,en,Vice President Sales & Corporate Product Management
9383,Vice President Sales & Innovation,Management,en,Vice President Sales & Innovation
9384,Vice President Sales & Products,Management,en,Vice President Sales & Products
9385,Vice President Sales & Professional Services,Management,en,Vice President Sales & Professional Services
9386,Vice President Sales & Technical Service,Management,en,Vice President Sales & Technical Service
9387,Vice President Sales / Prokurist,Management,pt,Vice President Sales / Prokurist
9388,Vice President Sales Automotive,Management,en,Vice President Sales Automotive
9389,Vice President Sales Central Europe,Management,en,Vice President Sales Central Europe
9390,Vice President Sales Commercial Trailer,Management,en,Vice President Sales Commercial Trailer
9391,Vice President Sales Consumer Goods,Management,en,Vice President Sales Consumer Goods
9392,Vice President Sales DACH & Italien,Management,it,Vice President Sales DACH & Italy
9393,Vice President Sales EMEA,Management,pt,Vice President Sales EMEA
9394,Vice President Sales EMEA / Vertrieb,Management,pt,Vice President Sales EMEA / Sales
9395,Vice President Sales EMEAI,Management,en,Vice President Sales EMEAI
9396,Vice President Sales Europe,Management,en,Vice President Sales Europe
9397,Vice President Sales Germany,Management,en,Vice President Sales Germany
9398,Vice President Sales Germany - Industrial Automation,Management,en,Vice President Sales Germany - Industrial Automation
9399,Vice President Sales Operations,Management,en,Vice President Sales Operations
9400,Vice President Sales South/ Sales Excellence,Management,en,Vice President Sales South/ Sales Excellence
9401,Vice President Sales Trading,Management,en,Vice President Sales Trading
9402,Vice President Solutions Sales Germany,Management,en,Vice President Solutions Sales Germany
9403,Vice President Vertrieb,Management,de,Vice President Sales
9404,VP EMEA Sales & Business Develpment,Management,pt,VP EMEA Sales & Business Develpment
9405,VP European Sales / Messe Kontakt,Management,de,VP European Sales / Fair Contact
9406,VP Global Sales,Management,en,VP Global Sales
9407,VP Global Sales & Alliances,Management,en,VP Global Sales & Alliances
9408,VP Global Sales Excellence,Management,en,VP Global Sales Excellence
9409,VP International Sales,Management,en,VP International Sales
9410,VP Mid-Market Sales EMEA,Management,ur,VP Mid-Market Sales EMEA
9411,VP of Sales,Management,en,VP of Sales
9412,VP of Sales - JAF Global,Management,en,VP of Sales - JAF Global
9413,VP of Worldwide Sales,Management,en,VP of Worldwide Sales
9414,VP Partner Sales,Management,en,VP Partner Sales
9415,VP Sales,Management,en,VP Sales
9416,VP Sales - Alpha Europe,Management,en,VP Sales - Alpha Europe
9417,VP Sales - Industry -,Management,en,VP Sales - Industry -
9418,VP Sales & Business Development,Management,en,VP Sales & Business Development
9419,VP Sales & Business Development LEO Germany,Management,en,VP Sales & Business Development LEO Germany
9420,VP Sales & Partnerships,Management,en,VP Sales & Partnerships
9421,VP Sales and Operations,Management,en,VP Sales and Operations
9422,VP Sales CEMEA,Management,hi,VP Sales CEMEA
9423,VP Sales D.A.CH.,Management,en,VP Sales D.A.CH.
9424,VP Sales DACH,Management,de,VP Sales DACH
9425,VP Sales Development & Strategy,Management,en,VP Sales Development & Strategy
9426,VP Sales Germany,Management,en,VP Sales Germany
9427,VP Sales Processes,Management,en,VP Sales Processes
