text,label,language,text_en
Analyst,Junior,en,Analyst
Analyste financier,Junior,nl,Financial analyst
Anwendungstechnischer Mitarbeiter,Junior,de,Application of technical staff
Application Engineer,Senior,en,Application Engineer
Applications Engineer,Senior,en,Applications Engineer
Architecte SI - Chef de projet Applicatif,Lead,fr,Architecte SI - Application Project Manager
Associate,Junior,en,Associate
Associate - Research,Junior,en,Associate - Research
Associate Partner,Junior,en,Associate Partner
Associate Recruiter,Junior,en,Associate Recruiter
Associated Partner,Junior,en,Associated Partner
BI Analyst,Junior,pt,BI Analyst
Call-Center-Agent- Service - Mitarbeiter,Junior,de,Call Center Agent Service - Employees
Chargée de communication / Chef de projet événementiel,Lead,fr,Communications Officer / Event Project Manager
Chef de marché Résidences services senior - Solutions logicielles métier,Lead,fr,Senior Services Residences Market Manager - Business Software Solutions
Chef de projet,Lead,fr,Project Manager
Chef de projet communication et marketing,Lead,fr,Communication and Marketing Project Manager
Chef de projet ERP,Lead,fr,ERP Project Manager
Chef de projet Évènementiel,Lead,fr,Event Project Manager
Chef de Projet Événementiel / Event Coordinator,Lead,nl,Event Project Manager / Event Coordinator
Chef de projet marketing,Lead,fr,Marketing Project Manager
Chef de projet marketing digital,Lead,fr,Digital Marketing Project Manager
Chef de projet marketing digital senior,Lead,fr,Senior Digital Marketing Project Manager
Chef de projet marketing et communication,Lead,fr,Marketing and communication project manager
Chef de Projet Systèmes et Services,Lead,fr,Systems and Services Project Manager
Chef de projets marketing,Lead,fr,Marketing Project Manager
Chef des ventes,Lead,fr,Head of Sales
Chef des Ventes France,Lead,fr,Head of Sales France
Chef des ventes Ouest,Lead,fr,Head of Sales West
Chef des Ventes SM3 CLAAS,Lead,fr,Head of Sales SM3 CLAAS
Clinical Research Associate II,Junior,en,Clinical Research Associate II
Cloud Systems Analyst,Junior,en,Cloud Systems Analyst
Commercial team leader sales and marketing europe,Lead,en,Commercial team leader sales and marketing europe
Data Analyst,Junior,en,Data Analyst
Data Analyst - Monetization and Payment,Junior,en,Data Analyst - Monetization and Payment
Data Engineering & visualization,Senior,en,Data Engineering & visualization
DevOps as a Service. We're hiring Engineers in North America,Senior,en,DevOps as a Service. We're hiring Engineers in North America
Directeur Commercial - Responsable Filiale Europe du Sud / Groupe EControls,Senior,fr,Sales Manager - Head of Southern Europe Subsidiary / EControls Group
Directeur de projets et Responsable des infrastructures informatiques,Senior,fr,Project Manager and IT Infrastructure Manager
Engineer,Senior,en,Engineer
Group leader in Energy Impact Research,Lead,en,Group leader in Energy Impact Research
Investment Analyst,Junior,en,Investment Analyst
Lead Engineer,Senior,en,Lead Engineer
Lead Solution Engineer,Senior,en,Lead Solution Engineer
Market- and Customer Analyst,Junior,en,Market- and Customer Analyst
Market Research Analyst,Junior,en,Market Research Analyst
Microsoft System Engineering,Senior,en,Microsoft System Engineering
Mitarbeiter,Junior,de,Staff
Mitarbeiter Auftragsabwicklung,Junior,de,Employees Order processing
Mitarbeiter Customer Service,Junior,de,Employee Customer Service
Mitarbeiter Datenmanagement,Junior,de,Employees Data management
Mitarbeiter Projektmanagement,Junior,de,Staff Project management
Mitarbeiter Verkaufsinnendienst,Junior,de,Staff Internal Sales Service
Mitarbeiterin Event- und Kundenmanagement,Junior,de,Employee Event and Customer Management
Mitarbeiterin in der Verwaltung,Junior,de,Employee in administration
Mitarbeiterin Presse- und Öffentlichkeitsarbeit,Junior,de,Staff member Press and Public Relations
Presales Associate,Junior,en,Presales Associate
Principal Cloud Engineer,Senior,en,Principal Cloud Engineer
Project Engineer,Senior,en,Project Engineer
PR-Referent,Junior,nl,PR-Referent
PR-Referentin,Junior,tr,PR representative
Recruiting Analyst,Junior,en,Recruiting Analyst
Referent,Junior,ur,Referent
Referent (Projektmanager),Junior,de,Speaker (project manager)
Referent CAFM / Sharepoint,Junior,en,Referent CAFM / Sharepoint
Referent Grundsatzfragen,Junior,de,Key issues
Referent Kompetenzfeld Erzeugung & Infrastruktur,Junior,de,Speaker Competence Field of Production & Infrastructure
Referent Öffentlichkeitsarbeit,Junior,de,Public Relations Officer
Referent Unternehmenskommunikation,Junior,de,Head of Corporate Communications
Referent Werbung & Veranstaltung,Junior,de,Speaker Advertising & Event
Referentin Abteilung Ausstellungen,Junior,de,Lecturer Department Exhibitions
Referentin Eventmanagement,Junior,nl,Event management speaker
Referentin für Prozess- und Projektmanagement,Junior,de,Speaker for Process and Project Management
Referentin für Unternehmensentwicklung und Vert...,Junior,de,Consultant for Corporate Development and...
Referentin für Unternehmenskommunikation,Junior,de,Consultant for Corporate Communications
Referentin für Veranstaltungsmanagement,Junior,de,Lecturer for event management
Referentin Öffentlichkeitsarbeit,Junior,de,Public Relations Officer
Referentin Onlinemarketing,Junior,tr,Online Marketing Consultant
Referentin PR und Unternehmenskommunikation DACH,Junior,de,Speaker PR and Corporate Communications DACH
Referentin Presse- und Öffentlichkeitsarbeit,Junior,de,Speaker Press and Public Relations
Referentin Qualitätssicherung,Junior,de,Quality assurance officer
Referentin Recruiting / Specialist Recruiting,Junior,en,Referentin Recruiting / Specialist Recruiting
Referentin Unternehmenskommunikation,Junior,de,Corporate Communications Officer
Research Analyst,Junior,en,Research Analyst
Research Associate | Ph.D. Candidate,Junior,en,Research Associate | Ph.D. Candidate
Responsable Achats Segment Logistique et Achats Generaux,Senior,fr,Head of Purchasing Logistics and General Purchasing
Responsable Activité Equipements de Production et Machinerie - Site de Cholet,Senior,fr,Production Equipment and Machinery Business Manager - Site de Cholet
Responsable administration des ventes,Senior,fr,Sales Administration Manager
Responsable administrative Direction Cemmerciale France,Senior,fr,Administrative Manager Management Cemmerciale France
Responsable Commercial,Senior,en,Responsable Commercial
Responsable Commercial - Ingénierie & Intégration,Senior,it,Sales Manager - Engineering & Integration
Responsable commercial et développement,Senior,fr,Sales and Development Manager
Responsable Commercial France,Senior,fr,Sales Manager France
Responsable Commercial Grands Comptes,Senior,en,Responsable Commercial Grands Comptes
Responsable Commercial Groupe,Senior,en,Responsable Commercial Groupe
Responsable Commercial ZEISS Industrial Quality Solutions,Senior,en,Responsable Commercial ZEISS Industrial Quality Solutions
Responsable commerciale & partenariats  - BeMove,Senior,fr,Sales Manager & Partnerships - BeMove
Responsable commerciale à Vivoka,Senior,fr,Sales Manager in Vivoka
Responsable communication - Sapa France,Senior,fr,Communication Manager - Sapa France
Responsable communication & marketing digital,Senior,en,Responsable communication & marketing digital
Responsable communication et trade marketing,Senior,en,Responsable communication et trade marketing
Responsable communication marketing,Senior,en,Responsable communication marketing
Responsable communications,Senior,en,Responsable communications
Responsable communications marketing,Senior,en,Responsable communications marketing
Responsable comptabilité et contrôle de gestion,Senior,fr,Accounting and management control manager
Responsable coordination commerciale & fidélisation clients,Senior,en,Responsable coordination commerciale & fidélisation clients
Responsable d'Agence,Senior,fr,Agency Manager
Responsable de Agencias,Senior,pt,Agency Manager
Responsable de département Infrastructure & Projet,Senior,fr,Head of Infrastructure & Project Department
Responsable de Tesorería,Senior,pt,Treasury Manager
Responsable Département INDUSTRIE (Robotique et Machine Spéciale),Senior,fr,Head of INDUSTRY Department (Robotics and Special Machine)
Responsable des opérations,Senior,fr,Head of Operations
Responsable des Systèmes d'Information,Senior,fr,Head of Information Systems
Responsable des Systèmes d'Information Groupe,Senior,fr,Head of Information Systems Group
Responsable des ventes,Senior,fr,Sales Manager
Responsable des ventes DECIP MACHINES  OUTILS,Senior,fr,Sales Manager DECIP MACHINES TOOLS
Responsable Développement,Senior,en,Responsable Développement
Responsable développement commercial,Senior,fr,Business Development Manager
Responsable Développement Commercial Batiments Industriels,Senior,de,Responsible Développement Commercial Batiments Industriels
Responsable développement commercial chez Arès business & consulting,Senior,fr,Business Development Manager at Arès business & consulting
Responsable Développement Commercial -Zone Europe chez Petercem Sonsors,Senior,fr,Business Development Manager -Zone Europe at Petercem Sonsors
Responsable Développement nouveaux marchés,Senior,fr,Head of New Market Development
Responsable développement Santé Hôpitaux et Cliniques,Senior,fr,Head of Health Development Hospitals and Clinics
Responsable Développements Informatiques,Senior,fr,Head of IT Developments
Responsable d'Exploitation du Système d'Information,Senior,fr,Responsible for the operation of the information system
Responsable digital et e-commerce groupe,Senior,fr,Digital and e-commerce group manager
Responsable digitale,Senior,it,Digital manager
Responsable distribution France,Senior,en,Responsable distribution France
Responsable du développement d’activité Navale et Défense,Senior,fr,Responsible for the development of Naval and Defense activities
Responsable du développement de la communication digitale,Senior,fr,Responsible for the development of digital communication
Responsable du service marketing & communication externe,Senior,fr,Head of Marketing & External Communication
Responsable Equipe base de données client,Senior,fr,Customer Database Team Manager
Responsable événementiel,Senior,fr,Event Manager
Responsable Informatique - France,Senior,fr,IT Manager - France
Responsable Informatique décisionnelle,Senior,fr,Head of Business Intelligence
Responsable informatique groupe,Senior,fr,Group IT Manager
Responsable infrastructure informatique,Senior,en,Responsable infrastructure informatique
Responsable Lean Manufacturing,Senior,en,Responsable Lean Manufacturing
Responsable marketing - pôle marché bâtiments,Senior,fr,Marketing Manager - Buildings Market
Responsable marketing & communication marques FCA et Activité Moto,Senior,fr,FCA Brand Marketing & Communication Manager and Motorcycle Activity
Responsable marketing B2B,Senior,en,Responsable marketing B2B
Responsable marketing communication,Senior,en,Responsable marketing communication
Responsable marketing et communications,Senior,fr,Marketing and Communications Manager
Responsable marketing international,Senior,en,Responsable marketing international
Responsable marketing opérationnel,Senior,fr,Operational Marketing Manager
Responsable marketing produits,Senior,fr,Product Marketing Manager
Responsable marketing produits Supply Chain,Senior,fr,Product Marketing Manager Supply Chain
Responsable marketing stratégique,Senior,fr,Strategic Marketing Manager
Responsable marketing stratégique et stratégie internationale,Senior,fr,Head of Strategic Marketing and International Strategy
Responsable National des Ventes France,Senior,fr,National Sales Manager France
Responsable Nouvelle-Aquitaine,Senior,fr,Responsable Nouvelle-Aquitaine
Responsable Pôle Relation Clients,Senior,en,Responsable Pôle Relation Clients
Responsable Prescription,Senior,en,Responsable Prescription
Responsable presse et événementiel,Senior,fr,Press and events manager
Responsable Produits,Senior,en,Responsable Produits
Responsable Projets Informatiques,Senior,nl,IT Project Manager
Responsable Ressources Humaines,Senior,en,Responsable Ressources Humaines
Responsable Secteur,Senior,fr,Sector Manager
Responsable Service Commercial France,Senior,fr,Head of Sales France
Responsable Services Généraux,Senior,fr,Head of General Services
Responsable Système d'information et méthodes,Senior,fr,Information System and Methods Manager
Responsable systèmes informatiques,Senior,fr,IT Systems Manager
Security + Netzwerk Engineer,Senior,de,Security + Network Engineer
Service Desk Analyst,Junior,en,Service Desk Analyst
Social Media Referent,Junior,ur,Social Media Referent
Software Engineer,Senior,en,Software Engineer
Solution Engineer,Senior,en,Solution Engineer
Solution Engineer Professional,Senior,en,Solution Engineer Professional
Specialty Gases Applications Engineer,Senior,en,Specialty Gases Applications Engineer
Studentischer Mitarbeiter nextMedia.Hamburg,Junior,de,Student employee nextMedia.Hamburg
System Engineer,Senior,en,System Engineer
Systems Analyst,Junior,en,Systems Analyst
Systems Engineer,Senior,en,Systems Engineer
Team leader,Lead,en,Team leader
team leader pre and after sales support,Lead,en,team leader pre and after sales support
Teamlead Cross Industries,Lead,en,Teamlead Cross Industries
Teamlead Customer Engagement,Lead,en,Teamlead Customer Engagement
Teamlead email marketing,Lead,en,Teamlead email marketing
Teamlead Events,Lead,en,Teamlead Events
Teamlead Key Account,Lead,en,Teamlead Key Account
Teamlead Strategy,Lead,en,Teamlead Strategy
Teamleader,Lead,en,Teamleader
Teamleader BI Systems @ H.C. Starck Tantalum and Niobium GmbH,Lead,nl,Teamleader bi systems @ H.C. Starck Tantalum and niobium GMBH
Teamleader Front and Back Office Services,Lead,en,Teamleader Front and Back Office Services
Teamleader Resourcing Center Berlin,Lead,en,Teamleader Resourcing Center Berlin
Teamleader Telemarketing,Lead,it,Team Leader Telemarketing
techn. kaufm. Mitarbeiter,Junior,de,Technical staff
Underwriter Analyst II,Junior,en,Underwriter Analyst II
Vétérinaire Responsable Technique de la gamme Volaille,Senior,fr,Veterinarian Technical Manager of the Poultry range
Vorsitz,Management,de,Chair
Vorsitzende,Management,de,President
Vorsitzende des Aufsichtsrates,Management,de,Chairman of the Supervisory Board
Vorsitzender,Management,de,Chairman
Vorsitzender Aufsichtsrat,Management,de,Chairman of the Supervisory Board
Vorsitzender des Aufsichtsrates,Management,de,Chairman of the Supervisory Board
Vorsitzender des Aufsichtsrates: Arno Walter,Management,de,Chairman of the Supervisory Board: Arno Walter
Vorsitzender des Aufsichtsrates: Dr. Henning Prüß,Management,de,Chairman of the Supervisory Board: Dr. Henning Prüß
Vorsitzender des Aufsichtsrates: Jean-Marie Dayre,Management,de,Chairman of the Supervisory Board: Jean-Marie Dayre
Vorsitzender des Aufsichtsrats,Management,de,Chairman of the Supervisory Board
Vorsitzender des Beirats,Management,de,Chairman of the Advisory Council
Vorsitzender des Präsidiums,Management,de,Chairman of the Bureau
Vorsitzender des Vorstands,Management,de,Chairman of the Executive Board
Vorstands-Vorsitzender,Management,de,Chairman of the Bureau
Wissenschaftlicher Mitarbeiter,Junior,de,Scientific staff
Assistent,Junior,ur,Assistant
Assistent Projektmanagement,Junior,de,Project Management Assistant
Assistentin,Junior,tr,assistant
Assistentin / Sekretärin der GL,Junior,de,Assistant / Secretary of the GL
Assistentin der GF,Junior,de,Assistant to the GF
Assistentin der GL,Junior,de,Assistant to the GL
Assistentin der Institutsdirektion,Junior,de,Assistant to the Institute Directorate
Assistentin des Vorstandes,Junior,de,Assistant to the Executive Board
Assistentin des Vorstandsvorsitzenden,Junior,de,Assistant to the Chairman of the Executive Board
Assistentin GF (Hr. Rummel),Junior,hi,Assistant Managing Director (Mr. Rummel)
Assistentin Produktentwicklung,Junior,de,Assistant Product Development
Assistentin Technologien & Märkte,Junior,nl,Assistant Technologies & Markets
Assistentin Verkauf & Personalrekrutierung,Junior,de,Assistant Sales & Personnel Recruitment
Assistentin von Frau Özkazanc,Junior,de,Assistant to Mrs Özkazanc
Assistentin von Meyer-Voigtländer,Junior,de,Assistant to Meyer-Voigtländer
Assistentin Vorstand,Junior,de,Assistant to the Executive Board
Kaufmännische Assistentin,Junior,de,Commercial assistant
Sekretärin / Assistentin,Junior,de,Secretary/assistant
Team-Assistentin,Junior,tr,Team assistant
Analyst Strategy & Business Development,Junior,en,Analyst Strategy & Business Development
Business | Technology Consultant,Senior,hi,Business | Technology Consultant
Business Analyst,Junior,en,Business Analyst
Business Analyst (SugarCRM/SuiteCRM),Junior,en,Business Analyst (SugarCRM/SuiteCRM)
Business Analyst / Commercial Controller,Junior,en,Business Analyst / Commercial Controller
Business Analyst CRM,Junior,en,Business Analyst CRM
Business Analyst CRM & Digital,Junior,en,Business Analyst CRM & Digital
Business Analyst IT,Junior,en,Business Analyst IT
Business Assistent / Key Account Support,Junior,en,Business Assistent / Key Account Support
Business Consultant,Senior,en,Business Consultant
Business Consultant - Digital Transformation Bu...,Senior,en,Business Consultant - Digital Transformation Bu...
Business Consultant CRM - Systeme,Senior,en,Business Consultant CRM - Systeme
Business Consultant Industry,Senior,en,Business Consultant Industry
Business Data Analyst – SEHNER - International,Junior,ur,Business Data Analyst – SEHNER - International
Business Development & Consultant Lead,Senior,en,Business Development & Consultant Lead
Business Development Analyst,Junior,en,Business Development Analyst
Business Development Associate,Junior,en,Business Development Associate
Business Development Consultant,Senior,en,Business Development Consultant
Business Development Engineer,Senior,en,Business Development Engineer
Business Engineer,Senior,en,Business Engineer
Business Intelligence & Dynamics 365 (CRM) Consultant,Senior,en,Business Intelligence & Dynamics 365 (CRM) Consultant
Business Intelligence Analyst,Junior,en,Business Intelligence Analyst
Business IT Consultant,Senior,en,Business IT Consultant
Business Process Analyst,Junior,en,Business Process Analyst
Business Solutions Analyst,Junior,en,Business Solutions Analyst
Business Systems Analyst - Operations,Junior,en,Business Systems Analyst - Operations
Business Systems Analyst/Developer (CRM),Junior,nl,Business Systems Analyst/Developer (CRM)
Consultant SAP Business ByDesign,Senior,en,Consultant SAP Business ByDesign
CRM Business Analyst,Junior,en,CRM Business Analyst
CRM Business Consultant,Senior,en,CRM Business Consultant
CRM/SAP ICT Business Analyst,Junior,en,CRM/SAP ICT Business Analyst
Global Business Process Analyst - CRM Strategy/Demand Mgt.,Junior,en,Global Business Process Analyst - CRM Strategy/Demand Mgt.
Inhouse Consultant ERP / Business Systems,Senior,en,Inhouse Consultant ERP / Business Systems
IT Business Analyst - CRM,Junior,en,IT Business Analyst - CRM
IT Business Analyst & SAP CRM Consultant,Senior,nl,IT Business Analyst & SAP CRM Consultant
IT Business Analyst CRM,Junior,en,IT Business Analyst CRM
IT Business Analyst SAP CRM,Junior,en,IT Business Analyst SAP CRM
IT Business Application Analyst,Junior,en,IT Business Application Analyst
IT Business Application Analyst CRM,Junior,en,IT Business Application Analyst CRM
IT Business Process Analystin / Projektmanagement,Junior,tr,IT Business Process Analystin / Projektmanagement
IT Team leader Business Applications,Lead,en,IT Team leader Business Applications
IT-Projektmanager / Business Process Analyst,Junior,en,IT-Projektmanager / Business Process Analyst
Lead Business Analyst,Junior,en,Lead Business Analyst
Lead Business Consultant,Senior,en,Lead Business Consultant
Lead Business Operations Analyst,Junior,en,Lead Business Operations Analyst
Teamleader Business Contact Centre DACH bei Farnell GmbH,Lead,de,Teamleader Business Contact Centre DACH bei Farnell GmbH
Teamleader System Support Business Controlling,Lead,en,Teamleader System Support Business Controlling
Zelfstandig IT Business Analyst,Junior,nl,Independent IT Business Analyst
Analytics Consultant,Senior,en,Analytics Consultant
Application Consultant,Senior,en,Application Consultant
Application Consultant WMS,Senior,en,Application Consultant WMS
Application Services Consultant (MCP / MCSE),Senior,en,Application Services Consultant (MCP / MCSE)
Associate Consultant,Senior,en,Associate Consultant
Client Strategy Consultant,Senior,en,Client Strategy Consultant
Consultant,Senior,it,Consultant
Consultant /System-u. Netzwerkadministration,Senior,de,Consultant /System- & Network Administration
Consultant and Administrator,Senior,en,Consultant and Administrator
Consultant Digital Learning Solutions,Senior,en,Consultant Digital Learning Solutions
Consultant Digital Signage,Senior,en,Consultant Digital Signage
Consultant für prozessorientiertes Wissensmanag...,Senior,de,Consultant for process-oriented knowledge management...
Consultant Microsoft Dynamics AX,Senior,pt,Consultant Microsoft Dynamics AX
Consultant Research & Media Innovation,Senior,en,Consultant Research & Media Innovation
Consultant SAP Logistics/ IT Group,Senior,en,Consultant SAP Logistics/ IT Group
Consultant System- und Prozessentwicklung,Senior,de,Consultant System and Process Development
Consultant/ Customer Service Advisor,Senior,en,Consultant/ Customer Service Advisor
Customer Success Consultant,Senior,en,Customer Success Consultant
D365 / Power Platform Technical Consultant,Senior,en,D365 / Power Platform Technical Consultant
Data Analyst & Consultant,Senior,en,Data Analyst & Consultant
Development Consultant,Senior,en,Development Consultant
Digital Consultant,Senior,en,Digital Consultant
Digital Transformation Consultant,Senior,en,Digital Transformation Consultant
Digitalization Consultant,Senior,en,Digitalization Consultant
eDiscovery Consultant,Senior,en,eDiscovery Consultant
Engineering Consultant,Senior,en,Engineering Consultant
Entrepreneur & Consultant,Senior,fr,Entrepreneur & Consultant
ERP Consultant,Senior,en,ERP Consultant
HR Consultant,Senior,en,HR Consultant
Inhouse BI Consultant,Senior,en,Inhouse BI Consultant
Inhouse Consultant ERP,Senior,en,Inhouse Consultant ERP
Inhouse ERP Consultant,Senior,en,Inhouse ERP Consultant
Internal SharePoint Consultant - IT-Admin,Senior,ur,Internal SharePoint Consultant - IT-Admin
International Consultant Online Recruitment,Senior,en,International Consultant Online Recruitment
IT Consultant,Senior,en,IT Consultant
IT Consultant - PMO,Senior,hi,IT Consultant - PMO
IT-Consultant,Senior,en,IT-Consultant
IT-Consultant / Systembetreuer Microsoft Dynamics NAV,Senior,de,IT consultant/system maintainer Microsoft Dynamics NAV
IT-Services Consultant,Senior,en,IT-Services Consultant
Leading Consultant,Senior,en,Leading Consultant
Meetings & Events Consultant,Senior,en,Meetings & Events Consultant
Mergers and Acquisitions Consultant,Senior,en,Mergers and Acquisitions Consultant
Microsoft Dynamics NAV - Consultant & Microsoft Certified Trainer,Senior,en,Microsoft Dynamics NAV - Consultant & Microsoft Certified Trainer
Microsoft Dynamics NAV Consultant & Trainer,Senior,ur,Microsoft Dynamics NAV Consultant & Trainer
Microsoft Dynamics NAV Entwicklung/ Consultant,Senior,de,Microsoft Dynamics NAV Development/ Consultant
MS Dynamics Consultant,Senior,en,MS Dynamics Consultant
Online Reputation Consultant @ ProvenExpert,Senior,en,Online Reputation Consultant @ ProvenExpert
PR Consultant,Senior,en,PR Consultant
Presales Consultant,Senior,it,Presales Consultant
Principal Consultant,Senior,en,Principal Consultant
Principal Solutions Consultant EMEA,Senior,pt,Principal Solutions Consultant EMEA
Project Consultant,Senior,en,Project Consultant
Projektmanager / Consultant,Senior,it,Project manager / consultant
Real Estate Consultant,Senior,en,Real Estate Consultant
Recruitment Consultant,Senior,en,Recruitment Consultant
Recruitment Consultant & Social Media Planer,Senior,en,Recruitment Consultant & Social Media Planer
Recruitment von IT Consultants und Professionals,Senior,de,Recruitment of IT Consultants and Professionals
Research Consultant,Senior,en,Research Consultant
SAP Applications Consultant SD/MM,Senior,en,SAP Applications Consultant SD/MM
SAP Beraterin / SAP Consultant,Senior,tr,SAP consultant / SAP consultant
SAP BI/BW Inhouse Consultant,Senior,en,SAP BI/BW Inhouse Consultant
SAP BW Inhouse Consultant,Senior,en,SAP BW Inhouse Consultant
SAP C4C Consultant,Senior,en,SAP C4C Consultant
SAP Consultant,Senior,hi,SAP Consultant
SAP Consultant SD,Senior,hi,SAP Consultant SD
Sap IT Consultant,Senior,hi,Sap IT Consultant
SAP SD Consultant,Senior,hi,SAP SD Consultant
SAP SD/CS/CEM Inhouse Consultant,Senior,nl,SAP SD/CS/CEM Inhouse Consultant
SAP Technology Consultant,Senior,en,SAP Technology Consultant
SAP-Consultant,Senior,en,SAP-Consultant
Search Consultant,Senior,en,Search Consultant
Social Media & Web2.0 Consultant,Senior,it,Social Media & Web2.0 Consultant
Solution Consultant,Senior,en,Solution Consultant
Solutions Consultant,Senior,en,Solutions Consultant
Talent Consultant,Senior,en,Talent Consultant
Technical Consultant,Senior,en,Technical Consultant
Technologie Services Consultant,Senior,en,Technologie Services Consultant
Technology Consultant,Senior,en,Technology Consultant
Trainer / Consultant,Senior,en,Trainer / Consultant
User Experience & Creative Recruitment Consultant,Senior,en,User Experience & Creative Recruitment Consultant
Zertifizierter ITSM Consultant,Senior,de,Certified ITSM Consultant
GL und HR Assistentin,Junior,de,GL and HR Assistant
HR Assistentin,Junior,tr,HR assistant
3rd Level IT Engineer,Senior,en,3rd Level IT Engineer
Associate Distribution Administration Germany and Austria,Junior,en,Associate Distribution Administration Germany and Austria
Chef de Projet Digital Client,Lead,pt,Digital Client Project Manager
Chef de projet IT MOE,Lead,fr,IT MOE Project Manager
Digital Data Analyst,Junior,en,Digital Data Analyst
Digital Process Engineer,Senior,en,Digital Process Engineer
Engineer / Systems Administrator,Senior,en,Engineer / Systems Administrator
Ingénieur Webmarketing et Responsable Administration des Ventes,Senior,fr,Webmarketing Engineer and Sales Administration Manager
IT Analyst,Junior,en,IT Analyst
IT Assistent,Junior,ur,IT Assistent
IT Lead Engineer,Senior,en,IT Lead Engineer
IT Mitarbeiter,Junior,de,IT staff
IT Solution Analyst,Junior,en,IT Solution Analyst
IT System Engineer,Senior,en,IT System Engineer
IT System Engineer Mobility,Senior,en,IT System Engineer Mobility
IT Teamleader,Lead,en,IT Teamleader
IT-System Engineer,Senior,en,IT-System Engineer
Mitarbeiter IT Infrastructure,Junior,de,Staff IT Infrastructure
Referent Digital & Innovation,Junior,en,Referent Digital & Innovation
Referentin IT Solutions,Junior,ur,IT Solutions Consultant
Responsable application Dynamics 365 / Reporting Power BI - SAP/BO,Senior,en,Responsable application Dynamics 365 / Reporting Power BI - SAP/BO
Responsable commercial & marketing Solutions Digitales,Senior,en,Responsable commercial & marketing Solutions Digitales
Responsable IT groupe,Senior,en,Responsable IT groupe
Teamlead Digital Platform,Lead,en,Teamlead Digital Platform
Teamlead IT-Services,Lead,en,Teamlead IT-Services
Teamleader Group IT - Shared Technology Services,Lead,en,Teamleader Group IT - Shared Technology Services
Teamleader IT Applications,Lead,en,Teamleader IT Applications
Teamleader IT Connectivity,Lead,en,Teamleader IT Connectivity
B2B CRM Consultant,Senior,en,B2B CRM Consultant
Chef de Projet Commerce / CRM,Lead,pt,Commerce / CRM Project Manager
Chef de projet CRM,Lead,fr,CRM Project Manager
Chef de projet CRM & Retention,Lead,fr,Project Manager CRM & Retention
Chef de projet CRM et performance commerciale (Réseau Agents Généraux),Lead,fr,CRM Project Manager and Sales Performance (Agents General Network)
Chef de Projet CRM Fidélisation,Lead,fr,Project Manager CRM Loyalty
Chef de projet CRM senior,Lead,fr,Senior CRM Project Manager
Chef de Projet Digital & CRM,Lead,pt,Digital & CRM Project Manager
Chef de projet Digital/CRM,Lead,fr,Digital/CRM Project Manager
Chef de projet informatique - Responsable applicatif outils CRM,Senior,fr,IT Project Manager - Application Manager CRM Tools
Chef de Projet MOA SAP - CRM Cloud for Customer,Lead,pt,SAP MOA Project Manager - CRM Cloud for Customer
Chef de projets CRM,Lead,fr,CRM Project Manager
Consultant (Data Scientist/CRM),Senior,it,Consultant (Data Scientist/CRM)
Consultant CRM & WEB,Senior,en,Consultant CRM & WEB
Consultant IT Corporate Applications CRM,Senior,en,Consultant IT Corporate Applications CRM
CRM & BI Consultant,Senior,it,CRM & BI Consultant
CRM Analyst,Junior,ur,CRM Analyst
CRM Application Consultant International,Senior,en,CRM Application Consultant International
CRM Applications Analyst,Junior,en,CRM Applications Analyst
CRM Consultant,Senior,en,CRM Consultant
CRM Consultant/Analyst,Senior,en,CRM Consultant/Analyst
CRM Data & Process Engineer,Senior,en,CRM Data & Process Engineer
CRM Engagement lead,Lead,en,CRM Engagement lead
CRM Global Project leader,Lead,en,CRM Global Project leader
CRM Inhouse Consultant,Senior,en,CRM Inhouse Consultant
CRM IT Consultant,Senior,en,CRM IT Consultant
CRM-/ BPM - Consultant,Senior,en,CRM-/ BPM - Consultant
CRM-Analystin,Junior,en,CRM-Analystin
Domainlead IT CRM,Lead,en,Domainlead IT CRM
Functional Analyst SAP CRM,Junior,en,Functional Analyst SAP CRM
Inhouse Consultant Dynamics CRM,Senior,en,Inhouse Consultant Dynamics CRM
Inhouse Consultant SAP CRM,Senior,en,Inhouse Consultant SAP CRM
Inhouse Consultant SD/CRM,Senior,en,Inhouse Consultant SD/CRM
Inhouse CRM Consultant,Senior,en,Inhouse CRM Consultant
Insightly CRM Expert - Consultant,Senior,en,Insightly CRM Expert - Consultant
IT Analyst CRM,Junior,en,IT Analyst CRM
IT Inhouse Consultant CRM,Senior,en,IT Inhouse Consultant CRM
IT-Consultant CRM-Solutions,Senior,ur,IT-Consultant CRM-Solutions
IT-System Analyst - CRM / Innovationsexperte,Junior,en,IT-System Analyst - CRM / Innovationsexperte
Microsoft Dynamics CRM Inhouse Consultant,Senior,en,Microsoft Dynamics CRM Inhouse Consultant
Package Solution Consultant (CRM),Senior,en,Package Solution Consultant (CRM)
Referent CRM,Junior,ur,Referent CRM
Referent CRM / Network Development,Junior,en,Referent CRM / Network Development
Referent CRM-System,Junior,en,Referent CRM-System
Responsable animation commerciale/ CRM,Senior,en,Responsable animation commerciale/ CRM
Responsable CRM,Senior,en,Responsable CRM
Responsable CRM & Back Office France,Senior,en,Responsable CRM & Back Office France
Responsable CRM & E-Commerce,Senior,en,Responsable CRM & E-Commerce
Responsable CRM chez CRM Services - SNCF Voyages,Senior,fr,CRM Manager at CRM Services - SNCF Voyages
Responsable CRM et Fidélisation,Senior,fr,CRM and Loyalty Manager
Responsable CRM groupe ISALTIS,Senior,en,Responsable CRM groupe ISALTIS
Responsable CRM Maximizer,Senior,en,Responsable CRM Maximizer
Responsable d’application CRM et Clients,Senior,fr,CRM and Customer Application Manager
Responsable Data & CRM,Senior,en,Responsable Data & CRM
Responsable data client & CRM,Senior,en,Responsable data client & CRM
Responsable data management et CRM,Senior,en,Responsable data management et CRM
Responsable des ventes - BU CRM,Senior,fr,Sales Manager - BU CRM
Responsable Domaine CRM,Senior,en,Responsable Domaine CRM
Responsable formation et Referent CRM,Junior,fr,Head of Training and Referent CRM
Responsable projet et communauté CRM,Senior,fr,Project manager and CRM community
Responsable projets CRM,Senior,fr,Project Manager CRM
Responsable SFE et CRM- France,Senior,fr,SFE and CRM Manager - France
Responsable SI outils (CRM),Senior,fr,SI Tools Manager (CRM)
SAP and CRM Solutions Consultant - Customer Relations,Senior,en,SAP and CRM Solutions Consultant - Customer Relations
SAP Consultant - CRM & SD (Implementation project),Senior,en,SAP Consultant - CRM & SD (Implementation project)
SAP Consultant CRM,Senior,en,SAP Consultant CRM
SAP CRM & CEC Consultant,Senior,it,SAP CRM & CEC Consultant
SAP CRM Consultant,Senior,pt,SAP CRM Consultant
SAP CRM Inhouse Consultant,Senior,en,SAP CRM Inhouse Consultant
Teamlead CRM,Lead,en,Teamlead CRM
Teamlead CRM & Design,Lead,en,Teamlead CRM & Design
Teamlead CRM & Loyalty,Lead,it,Teamlead CRM & Loyalty
Teamleader CRM,Lead,en,Teamleader CRM
Teamleader CRM & Cloud App,Lead,en,Teamleader CRM & Cloud App
Teamleader IT Solutions / SAP Consultant SD/CRM,Senior,en,Teamleader IT Solutions / SAP Consultant SD/CRM
Assistent Marketing & Events,Junior,en,Assistent Marketing & Events
Assistent Marketing and Sales,Junior,en,Assistent Marketing and Sales
Assistent Marketing und Sales,Junior,de,Assistant Marketing and Sales
Assistent Produktentwicklung und Marketing,Junior,de,Assistant Product Development and Marketing
Assistentin des Vorstands Marketing & Vertrieb,Junior,de,Assistant to the Marketing & Sales Board
Assistentin Direktor Marketing & Vertrieb,Junior,de,Assistant Director Marketing & Sales
Assistentin für Messe,Junior,de,Assistant for Fair
Assistentin GF/ Marketing,Junior,en,Assistentin GF/ Marketing
Assistentin Global Marketing,Junior,en,Assistentin Global Marketing
Assistentin Internationales Marketing,Junior,en,Assistentin Internationales Marketing
Assistentin Marketing,Junior,tr,Marketing Assistant
Assistentin Marketing & Sales,Junior,en,Assistentin Marketing & Sales
Assistentin Marketing & Unternehmenskommunikation,Junior,de,Assistant Marketing & Corporate Communications
Assistentin Marketing & Vertrieb,Junior,de,Assistant Marketing & Sales
Assistentin Marketing / Vertrieb,Junior,de,Assistant Marketing / Sales
Assistentin Marketing Services,Junior,en,Assistentin Marketing Services
Assistentin Marketing- und Unternehmenskommunikation,Junior,de,Assistant Marketing and Corporate Communications
Assistentin Marketing und Verkauf,Junior,de,Assistant Marketing and Sales
Assistentin Marketing- und Vertriebsdirektion,Junior,de,Assistant Marketing and Sales Director
Assistentin Marketing/Vertrieb,Junior,de,Assistant Marketing/Distribution
Assistentin Sales & Marketing,Junior,en,Assistentin Sales & Marketing
Assistentin Sales&Marketing,Junior,en,Assistentin Sales&Marketing
Assistentin Technisches Marketing,Junior,de,Assistant Technical Marketing
Assistentin Vertrieb & Marketing,Junior,de,Assistant Sales & Marketing
Assistentin Vertrieb / Marketing,Junior,de,Assistant Sales / Marketing
Associate | Customer Centric Transformation - Digital & Data-Driven Marketing,Junior,en,Associate | Customer Centric Transformation - Digital & Data-Driven Marketing
Business Analyst Recruiting/Marketing,Junior,en,Business Analyst Recruiting/Marketing
Business Applications Consultant Sales/Marketing,Senior,en,Business Applications Consultant Sales/Marketing
Business Consultant Marketing & CRM,Senior,en,Business Consultant Marketing & CRM
Business Engineer (Messe Kontakt),Senior,de,Business Engineer (trade fair contact)
Business Process Analyst Sales & Marketing,Junior,en,Business Process Analyst Sales & Marketing
Chef de Groupe Marketing,Lead,pt,Marketing Group Manager
Chef de projet CRM | Marketing relationnel,Lead,fr,CRM Project Manager  Relationship Marketing
Chef de projet CRM Marketing,Lead,fr,Project Manager CRM Marketing
Chef de projet junior digital - Communication,Lead,fr,Junior Digital Project Manager - Communication
Chef de projets Communication et Marketing Digital,Lead,fr,Project Manager Communication and Digital Marketing
Chef de Projets Trade Marketing,Lead,nl,Trade Marketing Project Manager
Chef de service Marketing  Communication base de données,Lead,fr,Head of Marketing Communication Database
Communication Consultant,Senior,en,Communication Consultant
Consultant - Marketing Automation (Like Reply),Senior,en,Consultant - Marketing Automation (Like Reply)
Consultant senior CRM Marketing Automation,Senior,en,Consultant senior CRM Marketing Automation
Corporate Communications Consultant,Senior,en,Corporate Communications Consultant
CRM & Marketing Consultant,Senior,en,CRM & Marketing Consultant
CRM/Marketing Mitarbeiter,Junior,de,CRM/Marketing Employees
CRM-Referent / Strategisches Marketing,Junior,nl,CRM speaker / strategic marketing
Database Marketing Analyst,Junior,en,Database Marketing Analyst
Digital Marketing Consultant,Senior,en,Digital Marketing Consultant
Directrice Marketing et Responsable Grands Comptes,Senior,fr,Marketing Director and Account Manager
Expert IT Consultant SAP Marketing,Senior,en,Expert IT Consultant SAP Marketing
Fachteamlead Event Marketing & Standortmanager,Lead,de,Teamlead Event Marketing & Location Manager
Inside Sales & Marketing Engineer,Senior,en,Inside Sales & Marketing Engineer
Inside Sales and Marketing Associate,Junior,en,Inside Sales and Marketing Associate
IT Business Analyst für HR Marketing & Recruiting,Junior,de,IT Business Analyst for HR Marketing & Recruiting
Kaufmännische Mitarbeiterin/ Marketing,Junior,de,Commercial employee/marketing
Lead Marketing Consultant,Senior,en,Lead Marketing Consultant
Marketing & Vertriebs Assistentin,Junior,de,Marketing & Sales Assistant
Marketing Analyst,Junior,en,Marketing Analyst
Marketing Analyst & Internal Communication Leader,Junior,en,Marketing Analyst & Internal Communication Leader
Marketing Assistent,Junior,ur,Marketing Assistent
Marketing Assistentin,Junior,tr,Marketing assistant
Marketing Assistentin - Dipl. Betriebswirtin (BA),Junior,de,Marketing Assistant - Dipl. Betriebswirtin (BA)
Marketing Associate,Junior,en,Marketing Associate
Marketing Business Development Associate,Junior,en,Marketing Business Development Associate
Marketing Communication Engineer,Senior,en,Marketing Communication Engineer
Marketing Consultant,Senior,en,Marketing Consultant
Marketing Consultant B2B,Senior,en,Marketing Consultant B2B
Marketing Data Analyst,Junior,en,Marketing Data Analyst
Marketing Engineer,Senior,en,Marketing Engineer
Marketing Kommunikation Mitarbeiter,Junior,de,Marketing Communication Employees
Marketing Mitarbeiter,Junior,de,Marketing staff
Marketing Mitarbeiter in Karenz,Junior,de,Marketing staff in Karenz
Marketing Mitarbeiterin,Junior,de,Marketing employee
Marketing Mitarbeiterin / Messen & Veranstaltungen,Junior,de,Marketing employee / trade fairs & events
Marketing Referent,Junior,ur,Marketing Referent
Marketing Referentin,Junior,tr,Marketing speaker
Marketing Referentin Messe- & Eventorganisation,Junior,de,Marketing Speaker Trade Fair & Event Organisation
Marketing Services Consultant,Senior,en,Marketing Services Consultant
Marketing und Sales Assistent,Junior,de,Marketing and Sales Assistant
Marketing und Sales Associate,Junior,de,Marketing and Sales Associate
Marketing-Assistent,Junior,tr,Marketing-Assistent
Marketing-Assistentin,Junior,tr,Marketing Assistant
Marketing-Mitarbeiterin,Junior,de,Marketing employee
Marketing-Referent,Junior,nl,Marketing-Referent
Marketing-Referentin,Junior,nl,Marketing representative
Marketing-Referentin international,Junior,nl,International marketing representative
Mediengestalter und Marketing Assistent,Junior,de,Media Designer and Marketing Assistant
Mediengestalterin / Mitarbeiterin Marketing,Junior,de,Media designer / employee Marketing
Mediengestalterin / Teamleader Marketing,Lead,de,Media designer / team leader marketing
Messe - freie/externe Mitarbeiterin,Junior,de,Fair - free/external employee
Mitarbeiter im Marketing,Junior,de,Marketing staff
Mitarbeiter im Vertrieb / Marketing / Auszubildendenverantwortlicher,Junior,de,Sales / Marketing / Trainee Manager
Mitarbeiter IT / Marketing,Junior,de,Staff IT / Marketing
Mitarbeiter Marketing,Junior,de,Employees Marketing
Mitarbeiter Marketing & Kommunikation,Junior,de,Employees Marketing & Communication
Mitarbeiter Marketing & Sales,Junior,de,Employees Marketing & Sales
Mitarbeiter Marketing (Internet / Social Media / Multimedia),Junior,de,Employees Marketing (Internet / Social Media / Multimedia)
Mitarbeiter Marketing Kommunikation,Junior,de,Employees Marketing Communication
Mitarbeiter Marketing/Kommunikation,Junior,de,Employees Marketing/Communication
Mitarbeiter Marketing/Werbung,Junior,de,Employees Marketing/Advertising
Mitarbeiter Online-Marketing,Junior,de,Employees Online Marketing
Mitarbeiter Sales & Marketing/CRM Keyuser,Junior,de,Employees Sales & Marketing/CRM Keyuser
Mitarbeiterin Abteilung Marketingkommunikation,Junior,de,Employee Department of Marketing Communication
Mitarbeiterin Corporate Communication/EB11-6,Junior,de,Employee Corporate Communication/EB11-6
Mitarbeiterin für Marketing und Kommunikation,Junior,de,Employee for Marketing and Communication
Mitarbeiterin im Marketing,Junior,de,Employee in Marketing
Mitarbeiterin im Marketing - PR und Öffentlichkeitsarbeit,Junior,de,Employee in Marketing - PR and Public Relations
Mitarbeiterin im Produktmanagement/Marketing,Junior,de,Employee in Product Management/Marketing
Mitarbeiterin Interne Kommunikation & Marketing,Junior,de,Employee Internal Communication & Marketing
Mitarbeiterin Konzerncontrolling & Zentrales Marketing,Junior,de,Employee Group Controlling & Central Marketing
Mitarbeiterin Marketing,Junior,de,Employee Marketing
Mitarbeiterin Marketing & Kommunikation,Junior,de,Employee Marketing & Communication
Mitarbeiterin Marketing & Unternehmenskommunikation,Junior,de,Employee Marketing & Corporate Communications
Mitarbeiterin Marketing & Vertriebsinnendienst,Junior,de,Employee Marketing & Sales Service
Mitarbeiterin Marketing / Eventmanagement,Junior,de,Employee Marketing / Event Management
Mitarbeiterin Marketing / Vertrieb,Junior,de,Employee Marketing / Sales
Mitarbeiterin Marketing Kommunikation,Junior,de,Employee Marketing Communication
Mitarbeiterin Marketing- Medien & Events,Junior,de,Employee Marketing Media & Events
Mitarbeiterin Marketing und Kommunikation,Junior,de,Employee Marketing and Communication
Mitarbeiterin Marketing und Öffentlichkeitsarbeit,Junior,de,Employee Marketing and Public Relations
Mitarbeiterin Marketing und Vertrieb,Junior,de,Employee Marketing and Sales
Mitarbeiterin Marketing/Kommunikation,Junior,de,Employee Marketing/Communication
Mitarbeiterin Marketing-Kommunikation,Junior,de,Employee Marketing Communication
Mitarbeiterin Marketing-Kommunikation/Empfang,Junior,de,Employee Marketing Communication/Receipt
Mitarbeiterin PR & Marketing,Junior,de,Employee PR & Marketing
Mitarbeiterin Vertieb / Marketing,Junior,de,Employee Vertieb / Marketing
Mitarbeiterin Vertrieb Marketing,Junior,de,Employee Sales Marketing
OEM Marketing and Application Engineering,Senior,en,OEM Marketing and Application Engineering
Online Marketing Consultant,Senior,en,Online Marketing Consultant
Online-Marketing Analyst,Junior,en,Online-Marketing Analyst
Projekt-Assistentin/Marketing,Junior,it,Project Assistant/Marketing
Referent Business Development & Marketing,Junior,en,Referent Business Development & Marketing
Referent Event Marketing,Junior,ur,Referent Event Marketing
Referent für Kommunikation und Öffentlichkeitsarbeit,Junior,de,Speaker for Communication and Public Relations
Referent Kommunikation – Online & Events,Junior,de,Speaker Communication – Online & Events
Referent Marketing,Junior,ur,Referent Marketing
Referent Marketing- & Kundenkommunikation,Junior,de,Speaker Marketing & Customer Communication
Referent Marketing & Messen / Veranstaltungen,Junior,de,Speaker Marketing & Fairs / Events
Referent Marketing Communications,Junior,en,Referent Marketing Communications
Referent Marketing und Kommunikation,Junior,de,Speaker Marketing and Communication
Referent Messen und Events,Junior,de,Speaker Fairs and Events
Referent Politische Kommunikation,Junior,de,Head of Political Communication
Referent Produktmanagement & Marketing,Junior,de,Speaker Product Management & Marketing
Referent Unternehmenskommunikation & Marketing,Junior,de,Speaker Corporate Communications & Marketing
Referentin für Kundenservice und Marketing,Junior,de,Consultant for customer service and marketing
Referentin für Marketing und interne Kommunikation,Junior,de,Speaker for Marketing and Internal Communication
Referentin für Marketing und Kommunikation,Junior,de,Speaker for Marketing and Communication
Referentin für Marketing und Öffentlichkeitsarbeit,Junior,de,Speaker for Marketing and Public Relations
Referentin für Marketingkommunikation,Junior,de,Marketing Communication Officer
Referentin Global Marketing,Junior,tr,Global Marketing Consultant
Referentin Internationale Kommunikation & Marketing,Junior,de,Speaker International Communication & Marketing
Referentin Kommunikation & Energiepolitik,Junior,de,Speaker Communication & Energy Policy
Referentin Kommunikation-Marketing,Junior,de,Speaker Communication Marketing
Referentin Marketing,Junior,tr,Marketing Consultant
Referentin Marketing & Kommunikation,Junior,de,Speaker Marketing & Communication
Referentin Marketing & Unternehmenskommunikation,Junior,de,Speaker Marketing & Corporate Communications
Referentin Marketing & Vertrieb,Junior,de,Speaker Marketing & Sales
Referentin Marketing / Eventmanagement,Junior,nl,Marketing/Event Management Consultant
Referentin Marketing Communication,Junior,tr,Marketing Communication Consultant
Referentin Marketing Communications,Junior,en,Referentin Marketing Communications
Referentin Marketing Export,Junior,tr,Marketing Export Consultant
Referentin Marketing und Kommunikation,Junior,de,Speaker Marketing and Communication
Referentin Marketing und PR,Junior,de,Speaker Marketing and PR
Referentin Marketing und Vertrieb,Junior,de,Head of Marketing and Sales
Referentin Marketing/Produktmanagement,Junior,nl,Marketing/Product Management Consultant
Referentin Messen & Unternehmerreisen,Junior,de,Speaker Trade fairs & business trips
Referentin Öffentlichkeitsarbeit und Marketing,Junior,de,Speaker Public Relations and Marketing
Referentin Online-Marketing & PR,Junior,en,Referentin Online-Marketing & PR
Referentin PR & Marketing,Junior,tr,PR & Marketing Consultant
Referentin PR + Marketing,Junior,tr,PR + Marketing Consultant
Referentin PR und Marketing,Junior,de,Speaker PR and Marketing
Referentin Produktmanagement & Marketing,Junior,de,Speaker Product Management & Marketing
Referentin Unternehmenskommunikation & Marketing,Junior,de,Speaker Corporate Communications & Marketing
Referentin Unternehmenskommunikation (Messen & ...,Junior,de,Speaker Corporate Communications (Measurements & ...
Referentin Unternehmenskommunikation und Marketing,Junior,de,Speaker Corporate Communications and Marketing
Referentin Unternehmenskommunikation/Digital Communication Specialist,Junior,de,Speaker Corporate Communications/Digital Communication Specialist
Referentin Unternehmenskommunikation/Marketing,Junior,de,Consultant Corporate Communications/Marketing
Referentin Vertrieb & Marketing,Junior,de,Speaker Sales & Marketing
Responsable Communication,Senior,en,Responsable Communication
Responsable Communication - communication manager,Senior,en,Responsable Communication - communication manager
Responsable Communication /Events / Salons,Senior,en,Responsable Communication /Events / Salons
Responsable Communication Clients et Marketing Digital,Senior,en,Responsable Communication Clients et Marketing Digital
Responsable Communication commerciale BtoB,Senior,it,BtoB Commercial Communication Manager
Responsable Communication et Marketing,Senior,en,Responsable Communication et Marketing
Responsable Communication et Ventes Web,Senior,ur,Web Communication and Sales Manager
Responsable Communication Événementielle,Senior,fr,Event Communication Manager
Responsable Communication Evènementielle & RP,Senior,nl,Event Communication & PR Manager
Responsable Communication Événementielle et Interne,Senior,fr,Event and Internal Communications Manager
Responsable Communication Externe,Senior,en,Responsable Communication Externe
Responsable Communication Groupe,Senior,en,Responsable Communication Groupe
Responsable Communication Institutionnelle & Relations Presse,Senior,it,Institutional Communication & Press Relations Manager
Responsable Communication SEW USOCOME,Senior,en,Responsable Communication SEW USOCOME
Responsable CRM & Marketing Client,Senior,en,Responsable CRM & Marketing Client
Responsable de Communication-Marketing chez JELD-WEN France,Senior,fr,Head of Communication-Marketing at JELD-WEN France
Responsable de Département Marketing et Communication,Senior,fr,Head of Marketing and Communication Department
Responsable de gamme ClearLine - Coordinatrice Marketing,Senior,fr,ClearLine Product Manager - Marketing Coordinator
Responsable de la Communication Événementielle et Digitale,Senior,fr,Responsible for Event and Digital Communication
Responsable de projet Marketing Digital,Senior,fr,Digital Marketing Project Manager
Responsable des Événements Marketing,Senior,fr,Head of Marketing Events
Responsable des Programmes de Communication Marketing,Senior,fr,Head of Marketing Communication Programs
Responsable Marketing,Senior,en,Responsable Marketing
Responsable Marketing & Commercial,Senior,en,Responsable Marketing & Commercial
Responsable Marketing & Communication,Senior,en,Responsable Marketing & Communication
Responsable Marketing / CRM,Senior,en,Responsable Marketing / CRM
Responsable Marketing Accompagnement,Senior,en,Responsable Marketing Accompagnement
Responsable Marketing B to B,Senior,en,Responsable Marketing B to B
Responsable Marketing Communication #Robotique,Senior,nl,Marketing Communication Manager #Robotics
Responsable Marketing CRM,Senior,en,Responsable Marketing CRM
Responsable Marketing Digital,Senior,en,Responsable Marketing Digital
Responsable Marketing Digital & Acquisition B2B,Senior,en,Responsable Marketing Digital & Acquisition B2B
Responsable Marketing et Communication,Senior,en,Responsable Marketing et Communication
Responsable Marketing et Communication salons B2B,Senior,fr,Head of Marketing and Communication at B2B
Responsable Marketing et IT,Senior,en,Responsable Marketing et IT
Responsable Marketing Menuiserie Bois,Senior,it,Wood Carpentry Marketing Manager
Responsable Marketing opérationnel chez AFNOR Compétences,Senior,fr,Operational Marketing Manager at AFNOR Skills
Responsable Marketing Opérationnel et Communication B to B / B to C,Senior,fr,Head of Operational Marketing and Communication B to B / B to C
Responsable Marketing Opérationnel et Produit,Senior,fr,Head of Operational and Product Marketing
Responsable Marketing Polyrey - Wilsonart Group,Senior,en,Responsable Marketing Polyrey - Wilsonart Group
Responsable Marketing promotion des ventes,Senior,fr,Sales Promotion Marketing Manager
Responsable Marketing Relationnel & CRM Europe,Senior,en,Responsable Marketing Relationnel & CRM Europe
Responsable Pôle Marketing Digital et Relationnel,Senior,fr,Head of Digital and Relational Marketing
Responsable Relation Client et Marketing - Direction de la Communication,Senior,fr,Head of Customer Relations and Marketing - Communication Department
Responsable Ventes & Marketing,Senior,it,Sales & Marketing Manager
Sales & Marketing Analyst,Junior,en,Sales & Marketing Analyst
Sales and Marketing Assistent,Junior,en,Sales and Marketing Assistent
Security Marketing Teamlead,Lead,en,Security Marketing Teamlead
Teamlead B2B & Pro Marketing - DACH,Lead,sw,Teamlead B2B & Pro Marketing - DACH
Teamlead Corporate Communications & Marketing,Lead,en,Teamlead Corporate Communications & Marketing
Teamlead Digital Marketing,Lead,en,Teamlead Digital Marketing
Teamlead Marketing,Lead,en,Teamlead Marketing
Teamlead Marketing & Communications,Lead,en,Teamlead Marketing & Communications
Teamlead Marketing Communications EMEA Telecommunications,Lead,pt,Teamlead Marketing Communications EMEA Telecommunications
Teamlead Marketing D/A/CH,Lead,en,Teamlead Marketing D/A/CH
Teamlead Marketing/Sales Support,Lead,en,Teamlead Marketing/Sales Support
Teamleader Business Analysts Sales and Marketing,Junior,en,Teamleader Business Analysts Sales and Marketing
Teamleader Marketing & Communication,Lead,en,Teamleader Marketing & Communication
Teamleader Marketing Communication - Living Environment Systems,Lead,en,Teamleader Marketing Communication - Living Environment Systems
Teamleader Marketing Trade Shows & Events,Lead,en,Teamleader Marketing Trade Shows & Events
Teamleader Online / Marketing,Lead,en,Teamleader Online / Marketing
Teamleader Online Marketing & Sales,Lead,en,Teamleader Online Marketing & Sales
Technical Tool Analyst in Sales & Marketing,Junior,en,Technical Tool Analyst in Sales & Marketing
Technische Redakteurin / Mitarbeiterin im Marketing,Junior,de,Technical editor/employee in marketing
UX-Designer / Online Marketing Consultant,Senior,en,UX-Designer / Online Marketing Consultant
Vertriebs- und Marketing Assistentin,Junior,de,Sales and Marketing Assistant
Vertriebs- und Marketing-Mitarbeiter,Junior,de,Sales and marketing staff
Revenue Operations Analyst,Junior,en,Revenue Operations Analyst
Application Consultant | Salesforce Administrator,Senior,en,Application Consultant | Salesforce Administrator
Application Sales Engineer,Senior,en,Application Sales Engineer
Assistent Vertrieb,Junior,de,Sales Assistant
Assistentin des Vertriebs,Junior,de,Sales assistant
Assistentin Direktor Vertrieb,Junior,de,Assistant Director Sales
Assistentin Internationaler Vertrieb,Junior,de,Assistant International Sales
Assistentin Sales Intelligence,Junior,en,Assistentin Sales Intelligence
Assistentin Vertrieb,Junior,de,Sales assistant
Assistentin Vertrieb / Messen und Ausstellungen,Junior,de,Assistant Sales / Fairs and Exhibitions
Assistentin Vertrieb / Projektierung,Junior,de,Assistant Sales / Projecting
Assistentin Vertrieb / Technical Sales,Junior,de,Assistant Sales / Technical Sales
Assistentin Vertrieb D-A-CH,Junior,de,Assistant Sales D-A-CH
Business Analyst Vertrieb,Junior,de,Business Analyst Sales
Business Development Analyst - Sales and Market...,Junior,en,Business Development Analyst - Sales and Market...
Business Operations Analyst - Global Business Analytics & Sales Insights,Junior,en,Business Operations Analyst - Global Business Analytics & Sales Insights
Chef de Projet CRM - Administrateur Salesforce,Lead,fr,CRM Project Manager - Salesforce Administrator
Chef de projet CRM Salesforce,Lead,fr,Salesforce CRM Project Manager
Chef de projet déploiement & formateur de Salesforce pour les managers opérationnels,Lead,fr,Deployment Project Manager & Salesforce Trainer for Operational Managers
Chef de projet IT CRM Salesforce chez Volkswagen France,Lead,fr,Salesforce IT CRM Project Manager at Volkswagen France
Chef de projet Salesforce,Lead,fr,Salesforce Project Manager
Consultant for Creative Solutions (Vertrieb),Senior,en,Consultant for Creative Solutions (Vertrieb)
Consultant Sales Demands,Senior,en,Consultant Sales Demands
Consultant Salesforce & SAP,Senior,en,Consultant Salesforce & SAP
Consultant Vertrieb,Senior,de,Consultant Sales
Consultante en gestion de projet & spécialisée CRM Salesforce,Senior,fr,Project Management Consultant & CRM Specialist Salesforce
CRM / xRM Sales Consultant,Senior,en,CRM / xRM Sales Consultant
CRM Consultant / Vertrieb,Senior,de,CRM Consultant / Sales
CRM Lead Solution Consultant - Salesforce@TietoEVRY,Senior,en,CRM Lead Solution Consultant - Salesforce@TietoEVRY
CRM project leader & IT/Sales solutions,Lead,en,CRM project leader & IT/Sales solutions
Digital Sales Lead - Teamlead,Lead,en,Digital Sales Lead - Teamlead
Expert Consultant CRM/Sales/Logistics,Senior,en,Expert Consultant CRM/Sales/Logistics
Independant Sales Consultant,Senior,en,Independant Sales Consultant
Inside Sales Consultant,Senior,en,Inside Sales Consultant
International Salesforce Consultant (Inhouse),Senior,en,International Salesforce Consultant (Inhouse)
IT Sales Consultant,Senior,en,IT Sales Consultant
IT Teamlead CRM and Sales,Lead,en,IT Teamlead CRM and Sales
IT-Consultant Salesforce,Senior,en,IT-Consultant Salesforce
Key Account Assistent Vertrieb,Junior,de,Key Account Assistant Sales
Mitarbeiter strategische Vertriebsprojekte,Junior,de,Employees strategic sales projects
Mitarbeiter Vertrieb,Junior,de,Sales staff
Mitarbeiter Vertriebsinnendienst,Junior,de,Staff Internal Sales Service
Mitarbeiter Vertriebssupport,Junior,de,Employee sales support
Mitarbeiterin im Vertrieb (B2B),Junior,de,Employee in sales (B2B)
Mitarbeiterin Vertrieb,Junior,de,Employee in Sales
Mitarbeiterin Vertriebsinnendienst,Junior,de,Employee in Internal Sales Service
Pre Sales Consultant,Senior,en,Pre Sales Consultant
Pre-Sales Consultant,Senior,en,Pre-Sales Consultant
Referent Business Development Vertrieb,Junior,de,Speaker Business Development Sales
Referent Direkt- und Vertriebsmarketing,Junior,de,Speaker Direct and Sales Marketing
Referent für Vertriebssteuerung,Junior,de,Speaker for Sales Control
Referent Vertrieb,Junior,de,Head of Sales
Referent Vertrieb und Logistik,Junior,de,Speaker Sales and Logistics
Referent Vertriebsinnendienst,Junior,de,Speaker Internal Sales Service
Referent Vertriebssteuerung,Junior,de,Speaker Sales Control
Referentin Vertriebssteuerung,Junior,de,Head of Sales Management
Responsable Application Métier / Salesforce,Senior,en,Responsable Application Métier / Salesforce
Responsable BU Microsoft BI et Salesforce,Senior,nl,Microsoft BI and Salesforce BU Manager
Responsable projet Salesforce chez Stanley Black & Decker France,Senior,fr,Salesforce Project Manager at Stanley Black & Decker UK
Sales Analyst,Junior,en,Sales Analyst
Sales Analyst & Administration,Junior,en,Sales Analyst & Administration
Sales and Project Engineer PSA account,Senior,en,Sales and Project Engineer PSA account
Sales Associate,Junior,en,Sales Associate
Sales Business Analyst DACH / CRM Analyst Europe,Junior,en,Sales Business Analyst DACH / CRM Analyst Europe
Sales Consultant,Senior,en,Sales Consultant
Sales Consultant & Coordinator,Senior,en,Sales Consultant & Coordinator
Sales Consultant Digital Platforms,Senior,en,Sales Consultant Digital Platforms
Sales Consultant Microsoft CRM/Office 365,Senior,en,Sales Consultant Microsoft CRM/Office 365
Sales Engineer,Senior,en,Sales Engineer
Sales Engineer / Sr. Pre-Sales Consultant,Senior,en,Sales Engineer / Sr. Pre-Sales Consultant
Sales Engineer for  heating segment and district energy at Danfoss GmbH,Senior,en,Sales Engineer for  heating segment and district energy at Danfoss GmbH
Sales Engineer Logistic Solutions,Senior,en,Sales Engineer Logistic Solutions
Sales Engineer Spain & Portugal,Senior,en,Sales Engineer Spain & Portugal
Sales Excellence Consultant,Senior,en,Sales Excellence Consultant
Sales Support Engineer,Senior,en,Sales Support Engineer
Sales und Projekt Consultant,Senior,de,Sales and Project Consultant
Sales-Consultant,Senior,en,Sales-Consultant
Salesforce Consultant,Senior,en,Salesforce Consultant
Salesforce Consultant - Salesforce Practice,Senior,en,Salesforce Consultant - Salesforce Practice
Salesforce Consultant / Administrator,Senior,en,Salesforce Consultant / Administrator
Salesforce Consultant | Deloitte Digital,Senior,hi,Salesforce Consultant | Deloitte Digital
SalesForce.com Engineer/Administrator,Senior,en,SalesForce.com Engineer/Administrator
Sales-Lab Engineer,Senior,en,Sales-Lab Engineer
SAP Sales & Service Cloud Consultant,Senior,en,SAP Sales & Service Cloud Consultant
SAP Sales Consultant,Senior,en,SAP Sales Consultant
SAP/Salesforce Inhouse Consultant Sales and Service,Senior,en,SAP/Salesforce Inhouse Consultant Sales and Service
System Consultant - Application Center Sales,Senior,en,System Consultant - Application Center Sales
Teamlead Consulting & Pre-Sales,Lead,en,Teamlead Consulting & Pre-Sales
Teamlead Enterprise Sales / Pre Sales,Lead,en,Teamlead Enterprise Sales / Pre Sales
Teamlead Inside Sales,Lead,en,Teamlead Inside Sales
Teamlead Inside Sales DACH,Lead,en,Teamlead Inside Sales DACH
Teamlead Sales,Lead,en,Teamlead Sales
Teamlead Sales & Accountmanagement,Lead,en,Teamlead Sales & Accountmanagement
Teamlead Sales @ Zollern GmbH & Co. KG,Lead,de,Teamlead Sales @ Zollern GmbH & Co. KG
Teamlead Sales Back Office,Lead,en,Teamlead Sales Back Office
Teamlead Sales DACH,Lead,en,Teamlead Sales DACH
Teamlead Sales Development DACH,Lead,en,Teamlead Sales Development DACH
Teamlead Sales Support at Cargill Cocoa and Chocolate,Lead,en,Teamlead Sales Support at Cargill Cocoa and Chocolate
Teamleader - Salesmanager - CRM,Lead,en,Teamleader - Salesmanager - CRM
Teamleader Channel Sales Systems,Lead,en,Teamleader Channel Sales Systems
Teamleader Inside Sales,Lead,en,Teamleader Inside Sales
Teamleader International Sales Eastern Europe / CIS,Lead,en,Teamleader International Sales Eastern Europe / CIS
Teamleader Sales,Lead,en,Teamleader Sales
Teamleader Sales Administration,Lead,en,Teamleader Sales Administration
Teamleader Sales Back Office & Aftermarket,Lead,en,Teamleader Sales Back Office & Aftermarket
Teamleader Sales Controlling,Lead,en,Teamleader Sales Controlling
Technical Sales & Support Engineer,Senior,en,Technical Sales & Support Engineer
Technical Sales Consultant,Senior,en,Technical Sales Consultant
Technical Sales Engineer,Senior,en,Technical Sales Engineer
Technical Sales Engineer | Grundfos Portugal,Senior,ur,Technical Sales Engineer | Grundfos Portugal
Vertrieb / Mitarbeiter/in Vertriebsinnendienst,Junior,de,Sales / Employee/Internal Sales Service
Vertrieb/Consultant,Senior,de,Sales/Consultant
Vertriebsingenieur - BK Mikro / Sales Engineer ...,Senior,nl,Sales Engineer - BK Mikro / Sales Engineer ...
Vertriebsinnendienst (Inside Sales Associate),Junior,de,Internal Sales Associate (Inside Sales Associate)
Mitarbeiter Interne Dienste und Projekte & IT-Supporter,Junior,de,Staff Internal Services and Projects & IT Supporters
Technical Support Engineer,Senior,en,Technical Support Engineer
(Sohn vom Geschäftsführer),Management,de,(Son of the managing director)
Designer und Geschäftsführer,Management,de,Designer and Managing Director
Geschäftsfeldkaufmann Rohbau,Management,de,Business unit salesman Rohbau
Geschäftsfüher,Management,de,Business manager
Geschäftsführende Gesellschafter,Management,de,Managing partners
Geschäftsführende Gesellschafterin,Management,de,Managing Partner
Geschäftsführenden Gesellschafter,Management,de,Managing partners
Geschäftsführender Gesellschafter,Management,de,Managing Partner
Geschäftsführender Gesellschafter / Inhaber,Management,de,Managing partner/holder
Geschäftsführender Gesellschafter D-A-CH,Management,de,Managing Partner D-A-CH
Geschäftsführender Inhaber,Management,de,Managing holder
Geschäftsführender Partner,Management,de,Managing Partner
Geschäftsführender Vorstand,Management,de,Managing Board
Geschäftsführer,Management,de,Managing Director
Geschäftsführer - Dolmetscheragentur24 GmbH,Management,de,Managing Director - Interpreteragentur24 GmbH
Geschäftsführer & Countrymanager German Network,Management,de,Managing Director & Countrymanager German Network
Geschäftsführer & Gründer,Management,de,Managing Director & Founder
Geschäftsführer & Mitgründer,Management,de,Managing Director & Co-Founder
Geschäftsführer & VR-Präsident,Management,de,Managing Director & VR President
Geschäftsführer (Beratung),Management,de,Managing Director (consultation)
Geschäftsführer (CFO),Management,de,Managing Director (CFO)
Geschäftsführer (COO),Management,de,Managing Director (COO)
Geschäftsführer (Gewerberechtlich),Management,de,Managing Director (commercial law)
Geschäftsführer (Osnabrück),Management,de,Managing Director (Osnabrück)
Geschäftsführer / Ausbilder (IHK),Management,de,Managing Director / Instructor (IHK)
Geschäftsführer / CCO,Management,de,Managing Director / CCO
Geschäftsführer / Chefredakteur,Management,de,Managing Director / Editor-in-Chief
Geschäftsführer / COO,Management,de,Managing Director / COO
Geschäftsführer / Electric Monk,Management,de,Managing Director / Electric Monk
Geschäftsführer / Forschung / (Produkt-) Entwicklung / Konstruktion,Management,de,Managing Director / Research / (product-) Development / Design
Geschäftsführer / Gesellschafter,Management,de,Managing Director / Partner
Geschäftsführer / Gründer,Management,de,Managing Director / Founder
Geschäftsführer / Head of global purchasing,Management,en,Geschäftsführer / Head of global purchasing
Geschäftsführer / Inhaber,Management,de,Managing Director/holder
Geschäftsführer / Partner,Management,de,Managing Director / Partner
Geschäftsführer / President,Management,de,Managing Director / President
Geschäftsführer :,Management,de,Managing Director :
Geschäftsführer _ Direktor,Management,de,Managing Director _ Director
Geschäftsführer | COO,Management,de,Managing Director -------------------------------------------------------------------------------------------------------------------------------------------------------------------------------------------------------------------------------------------------------
Geschäftsführer Bereich Technik,Management,de,Managing Director Technology
Geschäftsführer Customer Services,Management,de,Managing Director Customer Services
Geschäftsführer DACH,Management,de,Managing Director DACH
Geschäftsführer der fox-COURIER GmbH Leipzig,Management,de,Managing Director of fox-COURIER GmbH Leipzig
Geschäftsführer der Kreitzberg Normalien GmbH,Management,de,Managing Director of Kreitzberg Normalien GmbH
Geschäftsführer der quantified markets GmbH,Management,de,Managing Director of quantified markets GmbH
Geschäftsführer Deutschland,Management,de,Managing Director Germany
Geschäftsführer DiniTech GmbH,Management,de,Managing Director DiniTech GmbH
Geschäftsführer Frank Sebastian Weber,Management,de,Managing Director Frank Sebastian Weber
Geschäftsführer German Division,Management,de,Managing Director German Division
Geschäftsführer Gesellschafter,Management,de,Managing Director
Geschäftsführer GV,Management,de,Managing Director GV
Geschäftsführer I Head of Industrial & Logistic...,Management,en,Geschäftsführer I Head of Industrial & Logistic...
Geschäftsführer LiveSteil GmbH,Management,de,Managing Director LiveSteil GmbH
Geschäftsführer Personalberatung Xenagos - Pers...,Management,de,Managing Director Head Office Xenagos - Pers...
Geschäftsführer Qualität,Management,de,Managing Director Quality
Geschäftsführer Stefan Lapenat,Management,de,Managing Director Stefan Lapenat
Geschäftsführer Strategie,Management,de,Managing Director Strategy
Geschäftsführer und Gesellschafter,Management,de,Managing Director and Partner
Geschäftsführer und Gründer,Management,de,Managing Director and Founder
Geschäftsführer und Inhaber,Management,de,Managing Director and Owner
Geschäftsführer und Inhaber - Renego,Management,de,Managing Director and Owner - Renego
Geschäftsführer und Partner,Management,de,Managing Director and Partner
Geschäftsführer VdK Kreisverband München,Management,de,Managing Director VdK Kreisverband München
Geschäftsführer Verkauf,Management,de,Managing Director Sales
Geschäftsführer Vet-Team GmbH,Management,de,Managing Director Vet-Team GmbH
Geschäftsführer/ Gesellschafter,Management,de,Managing Director/Shareholder
Geschäftsführer/ Gründer,Management,de,Managing Director/Founders
Geschäftsführer/ Inhaber,Management,de,Managing Director/holder
Geschäftsführer/Gesellschafter,Management,de,Managing Director/Shareholder
Geschäftsführer/Gründer/Gesellschafter,Management,de,Managing Director/Founder/Shareholder
Geschäftsführer/Inhaber,Management,de,Managing Director/owner
Geschäftsführer: ​Dr.,Management,de,Managing Director: Dr.
Geschäftsführer: Folke Mühlhölzer (Vorsitzender),Management,de,Managing Director: Folke Mühlhölzer (Chairman)
Geschäftsführer: INTEGRATION mit BIZTALK & BUSI...,Management,de,Managing Director: INTEGRATION with BIZTALK & BUSI...
Geschäftsführerin,Management,de,Managing Director
Geschäftsführerin (COO),Management,de,Managing Director (COO)
Geschäftsführerin Strategie/Partner,Management,de,Managing Director Strategy/Partner
Geschäftsführerin und Eigentümerin,Management,de,Managing Director and Owner
Geschäftsführerin/Geselllschafterin,Management,de,Managing Director/same-same-same-same-same-same-same-same-same-same-same-same-same-same-same-same-same-same-same-same-same-same-same-same-same-same-same-same-same-same
Geschäftsführerin/Partner,Management,de,Managing Director/Partner
Geschäftsführung,Management,de,Management
Geschäftsführung / Inhaber,Management,de,Management / Owner
Geschäftsführung / Prokurist,Management,de,Management / Procurator
Geschäftsführung Beratung,Management,de,Management Consulting
Geschäftsführung des Unternehmens,Management,de,Management of the company
Geschäftsführung für Unternehmensentwicklung un...,Management,de,Management for Corporate Development and...
Geschäftsführung Nord,Management,de,Management North
Geschäftsführung UEBEX GmbH,Management,de,Management Board UEBEX GmbH
Geschäftsführung und Projektmanagement,Management,de,Management and project management
Geschäftsführung: Pieter Vullinghs (Vorsitzender),Management,de,Management: Pieter Vullinghs (Chairman)
Geschäftsführungsreferentin,Management,de,Executive Officer
Gesellschafter - Geschäftsführer,Management,de,Partner - Managing Director
Gesellschafter / Geschäftsführer,Management,de,Partner / Managing Director
Gesellschafter Geschäftsführer,Management,de,Managing Director
Gesellschafter/Geschäftsführer,Management,de,Shareholder/Managing Director
Gesellschafter/Geschäftsführung,Management,de,Shareholder/Management
Gesellschafter-Geschäftsführer,Management,de,Shareholder Managing Director
Gesellschafter-Geschäftsführer / Steuerberater,Management,de,Managing Director / Tax Advisor
Gewerberechtlicher Geschäftsführer,Management,de,Managing Director of Trade Law
Gründer & Geschäftsführer,Management,de,Founder & Managing Director
Gründer / Geschäftsführer,Management,de,Founder / Managing Director
Gründer und Geschäftsführender Gesellschafter (...,Management,de,Founder and Managing Partner (...
Gründer und Geschäftsführer,Management,de,Founder and Managing Director
Gründer und Geschäftsführer impulsmedia GmbH & Co KG,Management,de,Founder and Managing Director impulsemedia GmbH & Co KG
Gründerin und Geschäftsführende Gesellschafterin,Management,de,Founder and Managing Partner
I Geschäftsführender Gesellschafter,Management,de,I Managing Partner
Inhaber & Geschäftsführer,Management,de,Owner & Managing Director
Inhaber / Geschäftsführer,Management,de,Owner/Managing Director
Inhaber u. Geschäftsführer,Management,de,Owner and Managing Director
Inhaber und Geschäftsführer,Management,de,Owner and Managing Director
Inhaber/Geschäftsführer,Management,de,Holder/Managing Director
kaufmännische Geschäftsführerin,Management,de,Commercial manager
Kaufmännischer Geschäftsführer,Management,de,Commercial Manager
Kaufmännischer Geschäftsführer/Direktor,Management,de,Commercial Managing Director/Director
Kfm. Geschäftsführer,Management,de,Kfm. Managing Director
Konrektorin & Geschäftsführerin,Management,de,Vice-Rector & Managing Director
Marktassistenz Geschäftsführung,Management,de,Market Assistance Management
Mitglied der Geschäftsführung,Management,de,Member of the Management Board
Mitglied der Geschäftsführung | Prokurist,Management,de,Member of the Board of Management
Mitglied der Geschäftsführung und Gesellschafterin der Mestemacher-Gruppe,Management,de,Member of the management and shareholder of the Mestemacher Group
Operative Geschäftsführung,Management,de,Operational management
Partner / kein Geschäftsführer,Management,de,Partner / no managing director
Prokurist und Geschäftsführer,Management,de,Procurator and Managing Director
Referent der Geschäftsführung,Management,de,Chief Executive Officer
RWE: Geschäftsführer RWE Consulting GmbH,Management,de,RWE: Managing Director RWE Consulting GmbH
Sekretariat der Geschäftsführung,Management,de,Management Secretariat
Sprecher der Geschäftsführung / Wirtschaftsprüfer,Management,de,Spokesperson of the Management / Auditor
stellv. Geschäftsführer,Management,de,Deputy Managing Director
Stellvertretender Geschäftsführer,Management,de,Deputy Managing Director
Strategie- und Geschäftsfeldentwicklung / Busin...,Management,de,Strategy and Business Segment Development / Busin...
Stv. Vorsitzender / Geschäftsführer,Management,de,Stv. Chairman / Managing Director
Techn. Geschäftsführer,Management,de,Technical Director
Technischer Geschäftsführer,Management,de,Technical manager
Tochter Geschäftsführer,Management,de,Subsidiary Managing Director
Unternehmer / Geschäftsführer,Management,de,Entrepreneur / Managing Director
Vertreten durch den Geschäftsführer,Management,de,Represented by the Managing Director
Vertretungsberechtiger Geschäftsführer,Management,de,Managing Director with right of representation
Vertretungsberechtigte Geschäftsführer,Management,de,Authorised Managing Directors
Vertretungsberechtigter Geschäftsführer,Management,de,Authorised Managing Director
Vertretungsberichtigter Geschäftsführer,Management,de,Representing Reported Managing Director
Vorsitzende der Geschäftsführung,Management,de,Chairman of the Management Board
Vorsitzender der Geschäftsführung,Management,de,Chairman of the Management Board
Vorsitzender Geschäftsführer,Management,de,Chairman Managing Director
Vorstand / Geschäftsführer,Management,de,Management Board / Managing Director
Wirtschaftsprüfer / Geschäftsführer,Management,de,Auditor / Managing Director
Assistent der Geschäftsführung,Management,de,Assistant to the Executive Board
Assistentin der Geschäftsführung,Management,de,Assistant to the Executive Board
Assistentin des Geschäftsführers,Management,de,Assistant to the Managing Director
Assistenz der Geschäftsführung,Management,de,Assistant to the management
Assistenz der Geschäftsführung / Sekretariat,Management,de,Assistant to the management / secretariat
Assistenz der Techn. Geschäftsführung,Management,de,Assistant to the Technical Management
Assistenz für die Geschäftsführung,Management,de,Assistance for the management
Assistenz Geschäftsführung,Management,de,Assistance Management
Eventmanager und Assistenz der Geschäftsführung,Management,de,Event Manager and Management Assistant
Persönliche Assistenz der Geschäftsführung & Projektmanagement,Management,de,Personal assistance of the management & project management
Gründer und Geschäftsführer / Business Development,Management,de,Founder and Managing Director / Business Development
Consultant / Geschäftsführerin,Management,de,Consultant / Managing Director
Geschäftsführer / Recruitment Consultant,Management,de,Managing Director / Recruitment Consultant
Geschäftsführer IT Security,Management,de,Managing Director IT Security
Geschäftsführer 42he - Einfache Online CRM Lösu...,Management,de,Managing Director 42he - Simple Online CRM Lösu...
Assistent der Geschäftsführung mit Schwerpunkt Marketing,Management,de,Assistant to the management with focus on marketing
Assistentin der Geschäftsführung - Marketing & New Business Development/PR,Management,de,Management Assistant - Marketing & New Business Development/PR
Assistentin der Geschäftsführung - Schwerpunkt Marketing,Management,de,Assistant to the management - focus on marketing
Assistentin der Geschäftsführung & Corporate Marketing,Management,de,Assistant to Management & Corporate Marketing
Assistentin der Geschäftsführung & Verantwortliche Marketing und Kommunikation,Management,de,Assistant to the Management & Responsible Marketing and Communication
Assistentin der Geschäftsführung / Koordination Marketing & Kommunikation,Management,de,Assistant to the Executive Board / Coordination Marketing & Communication
Assistentin der Geschäftsführung / Marketing,Management,de,Assistant to the Management / Marketing
Assistentin der Geschäftsführung / Sales & Marketing,Management,de,Assistant to the Executive Board / Sales & Marketing
Assistentin der Geschäftsführung Marketing und Sales,Management,de,Assistant to Marketing and Sales Management
Assistentin der Geschäftsführung Vertrieb & Marketing,Management,de,Assistant to Sales & Marketing Management
Assistentin der Geschäftsführung/ Marketing/ PR,Management,de,Assistant to the Management Board/ Marketing/ PR
Assistentin Geschäftsführung / Marketing,Management,de,Assistant Management / Marketing
Assistentin Geschäftsführung / Marketing / Vertrieb,Management,de,Assistant Management / Marketing / Sales
Assistenz der Geschäftsführung / Marketing,Management,de,Assistant to the management / marketing
Assistenz der Geschäftsführung / Marketing / Organisation Flächenvertrieb,Management,de,Assistant to the management / Marketing / Organization Area Sales
Assistenz der Geschäftsführung Marketing & Vertrieb,Management,de,Assistant to the Management Marketing & Sales
Assistenz der Geschäftsführung Marketing und Vertrieb,Management,de,Assistant to the Marketing and Sales Board
Assistenz der Geschäftsführung Vertrieb und Marketing,Management,de,Assistant to the management of Sales and Marketing
Assistenz der Geschäftsführung/Marketing,Management,de,Assistant to the management/marketing
Assistenz der Geschäftsführung/Marketing Koordinatorin,Management,de,Assistant to the Management/Marketing Coordinator
Assistenz der Geschäftsführung/Marketingmanager,Management,de,Assistant to the management/marketing manager
Assistenz Geschäftsführung + Marketing/PR,Management,de,Assistance Management + Marketing/PR
Geschäftsführer (Messe Kontakt),Management,de,Managing Director (trade fair contact)
Geschäftsführer D/A/CH  Sales & Marketing,Management,de,Managing Director D/A/CH Sales & Marketing
Geschäftsführer Marketing,Management,de,Managing Director Marketing
Geschäftsführer Marketing & Vertrie,Management,de,Managing Director Marketing & Vertrie
Geschäftsführer Marketing & Vertrieb,Management,de,Managing Director Marketing & Sales
Geschäftsführer Marketing / Vertrieb,Management,de,Managing Director Marketing / Sales
Geschäftsführer Marketing + Vertrieb,Management,de,Managing Director Marketing + Sales
Geschäftsführer Marketing und Vertrieb,Management,de,Managing Director Marketing and Sales
Geschäftsführer Marketing/Vertrieb,Management,de,Managing Director Marketing/Sales
Geschäftsführer Sales & Marketing,Management,de,Managing Director Sales & Marketing
Geschäftsführer Strategie & Kommunikation,Management,de,Managing Director Strategy & Communication
Geschäftsführer Verkauf und Marketing,Management,de,Managing Director Sales and Marketing
Geschäftsführer Vertrieb & Marketing,Management,de,Managing Director Sales & Marketing
Geschäftsführer Vertrieb / Marketing / Einkauf,Management,de,Managing Director Sales / Marketing / Purchasing
Geschäftsführer Vertrieb und Marketing,Management,de,Managing Director Sales and Marketing
Geschäftsführer Vertrieb&Marketing,Management,de,Managing Director Sales & Marketing
Geschäftsführer Vertrieb/Marketing,Management,de,Managing Director Sales/Marketing
Geschäftsführerin - Marketing & Vertrieb,Management,de,Managing Director - Marketing & Sales
Geschäftsführerin (Messe Kontakt),Management,de,Managing Director (trade fair contact)
Geschäftsführerin / Ltg Marketing&Vertrieb,Management,de,Managing Director / Ltg Marketing & Sales
Geschäftsführerin Marketing,Management,de,Managing Director Marketing
Geschäftsführung (Messe Kontakt),Management,de,Management (trade fair contact)
Marketing & Assistenz Geschäftsführung,Management,de,Marketing & Assistance Management
Marketing & Neue Geschäftsfelder,Management,de,Marketing & New Business Areas
Marketing/Geschäftsführer,Management,de,Marketing/Managing Director
Marketing-Allrounder  / Assistenz der Geschäftsführung,Management,de,Marketing-Allrounder / Assistant to the Management Board
Messe Kontakt Geschäftsführer,Management,de,Fair Contact Managing Director
Mitarbeiterin Marketing & Assistenz der Geschäftsführung,Management,de,Employee Marketing & Assistant to the Executive Board
Vertrieb & Marketing / Geschäftsführende Gesellschafterin,Management,de,Sales & Marketing / Managing Partner
Vertriebsassistentin der Geschäftsführung Vertrieb/Marketing,Management,de,Sales Assistant of the Management Sales/Marketing
Geschäftsführer Operations,Management,de,Managing Director Operations
Assistentin der Geschäftsführung im Vertrieb,Management,de,Assistant to the management in sales
Assistentin der Geschäftsführung und des Vertriebs,Management,de,Assistant to Management and Sales
Assistentin der Geschäftsführung Vertrieb und M...,Management,de,Assistant to the Sales and M...
Assistenz der Geschäftsführung - Vertrieb,Management,de,Assistant to the management - Sales
Assistenz der Geschäftsführung (U-Serv) | Backoffice Vertrieb,Management,de,Assistant to the management (U-Serv)
Geschäftsfeldmanager Vertrieb/Erzeugung,Management,de,Business unit manager sales/production
Geschäftsführer - Vertrieb,Management,de,Managing Director - Sales
Geschäftsführer  Vertrieb & Spritzgußproduktion,Management,de,Managing Director Sales & Injection Casting Production
Geschäftsführer & Head of Sales,Management,en,Geschäftsführer & Head of Sales
Geschäftsführer / Akquisition und Vertrieb,Management,de,Managing Director / Acquisition and Sales
Geschäftsführer / Vertrieb,Management,de,Managing Director / Sales
Geschäftsführer für Vertrieb,Management,de,Managing Director for Sales
Geschäftsführer und Vertrieb,Management,de,Managing Director and Sales
Geschäftsführer Vertrieb,Management,de,Managing Director Sales
Geschäftsführer Vertrieb & Innovation,Management,de,Managing Director Sales & Innovation
Geschäftsführer Vertrieb Deutschland & Österreich,Management,de,Managing Director Sales Germany & Austria
Geschäftsführer Vertriebsconsulting,Management,de,Managing Director Sales consulting
Geschäftsführer. Client Sales,Management,de,Managing Director. Client Sales
Geschäftsführer/Vertrieb,Management,de,Managing Director/Sales
Geschäftsführung  - Vertrieb,Management,de,Management - Sales
Geschäftsführung / Business Development / Sales,Management,de,Management / Business Development / Sales
Geschäftsführung und Vertrieb,Management,de,Management and sales
Geschäftsführung Vertrieb & Finanz,Management,de,Management Sales & Finance
Geschäftsführung Vertrieb & Technik,Management,de,Management Sales & Technology
Geschäftsführung Vertrieb / Solution Consulting,Management,de,Management Sales / Solution Consulting
Geschäftsführung Vertrieb und kfm. Geschäftsführung,Management,de,Management Sales and Kfm. Management
Technischer Vertrieb / Geschäftsführer,Management,de,Technical Sales / Managing Director
Vertrieb & Assistenz der Geschäftsführung,Management,de,Sales & assistance of the management
Vertriebs Geschäftsführer,Management,de,Sales Manager
CCO (Chief Customer Care and Channel Officer),Management,en,CCO (Chief Customer Care and Channel Officer)
CCO Chief Commercial Officer,Management,en,CCO Chief Commercial Officer
Chief,Management,en,Chief
Chief Commercial Officer,Management,en,Chief Commercial Officer
Chief Corporate Officer,Management,en,Chief Corporate Officer
Chief Customer Officer (CCO),Management,en,Chief Customer Officer (CCO)
Chief Customer Officer CCO,Management,en,Chief Customer Officer CCO
Chief Development Officer,Management,en,Chief Development Officer
Chief executive officier,Management,nl,Chief executive officier
Chief Financial Officer,Management,en,Chief Financial Officer
Chief Financial Officer (Group CFO),Management,en,Chief Financial Officer (Group CFO)
Chief Information Officer,Management,en,Chief Information Officer
Chief Information Officer - Member of KNF Group Board,Management,en,Chief Information Officer - Member of KNF Group Board
Chief Information Officer (DSI),Management,en,Chief Information Officer (DSI)
Chief International Officer,Management,en,Chief International Officer
Chief Operating Officer,Management,en,Chief Operating Officer
Chief Operating Officer  (COO),Management,en,Chief Operating Officer  (COO)
Chief Operating Officer (COO),Management,en,Chief Operating Officer (COO)
Chief Operating Officer (COO) @ VNR AG,Management,nl,Chief Operating Officer (COO) @ VNR AG
Chief Operating Officer (International),Management,en,Chief Operating Officer (International)
Chief Operating Officer Deutschland,Management,de,Chief Operating Officer Germany
Chief Product Officer,Management,en,Chief Product Officer
Chief Revenue Officer (CRO),Management,en,Chief Revenue Officer (CRO)
Chief Solution Architect,Management,en,Chief Solution Architect
Chief Stakeholder Officer,Management,en,Chief Stakeholder Officer
Chief Strategy Officer,Management,en,Chief Strategy Officer
Chief Strategy Officer / MD,Management,en,Chief Strategy Officer / MD
Chief Technical Officer,Management,en,Chief Technical Officer
Chief Technology Officer,Management,en,Chief Technology Officer
COO / Chief Operating Officer,Management,en,COO / Chief Operating Officer
CQO (Chief Quality Officer),Management,en,CQO (Chief Quality Officer)
Editor in Chief,Management,en,Editor in Chief
Geschäftsführer - Chief Operating Officer,Management,de,Managing Director - Chief Operating Officer
Geschäftsführer - COO Chief operating officer,Management,ru,Managing Director - COO Chief operating officer
Geschäftsführer / Chief Operating Officer,Management,de,Managing Director / Chief Operating Officer
Group Chief Data Officer,Management,en,Group Chief Data Officer
President & Chief Experience Officer,Management,en,President & Chief Experience Officer
Chief Business Development Officer,Management,en,Chief Business Development Officer
Chief Business Transformation Officer,Management,en,Chief Business Transformation Officer
Global Chief Business Development Officer,Management,en,Global Chief Business Development Officer
Chief Digital Officer,Management,en,Chief Digital Officer
Chief Communication Officer,Management,en,Chief Communication Officer
Chief Communications Officer CCO,Management,en,Chief Communications Officer CCO
Chief Marketing,Management,en,Chief Marketing
Chief Marketing and Communications Officer,Management,en,Chief Marketing and Communications Officer
Chief Marketing Officer,Management,en,Chief Marketing Officer
Chief Marketing Officer - ExCo Member,Management,en,Chief Marketing Officer - ExCo Member
Chief Marketing Officer Germany,Management,de,Chief Marketing Officer Germany
Chief Sales & Marketing Officer,Management,en,Chief Sales & Marketing Officer
Chief Sales and Marketing Officer,Management,en,Chief Sales and Marketing Officer
Chief Sales Officer & Chief Marketing Officer,Management,en,Chief Sales Officer & Chief Marketing Officer
Chief Strategy Officer I Head of Sales & Marketing,Management,en,Chief Strategy Officer I Head of Sales & Marketing
Deputy Chief Marketing & Sales Officer,Management,en,Deputy Chief Marketing & Sales Officer
Group Chief Marketing,Management,en,Group Chief Marketing
Marketing & Communications Chief Operations Officer,Management,en,Marketing & Communications Chief Operations Officer
Chief Operations Officer,Management,en,Chief Operations Officer
Vorstand / Chief Operations Officer,Management,de,Executive Board / Chief Operations Officer
Chief Sales Officer,Management,en,Chief Sales Officer
Chief Sales Officer (DACHF),Management,en,Chief Sales Officer (DACHF)
PA to Chief Human Resource Officer Headoffice & Sales,Management,en,PA to Chief Human Resource Officer Headoffice & Sales
​Direktor | CIO | CMO,Management,it,​Director | CIO | CMO
CDO,Management,pt,CDO
CEO,Management,en,CEO
CEO - VRP,Management,hi,CEO - VRP
CEO & Geschäftsführender Gesellschafter,Management,de,CEO & Managing Partner
CEO & Partner,Management,en,CEO & Partner
CEO / Directeur Général,Management,fr,CEO / General Manager
CEO / Geschäftsführender Gesellschafter,Management,de,CEO / Managing Partner
CEO / Geschäftsführer,Management,de,CEO / Managing Director
CEO / Geschäftsführung,Management,de,CEO / Management
CEO / Inhaber,Management,ur,CEO/Owner
CEO / Rekrutteringskonsulent | Specialist i industrien & byggebranchen | Headhunt & Performance baseret rekruttering,Management,tr,CEO / Recruitment Consultant | Specialist in the industry & construction industry | Headhunt & Performance based recruitment
CEO / Vorstand,Management,de,CEO / Executive Board
CEO | Founding Partner,Management,en,CEO | Founding Partner
CEO | ogun.io | Helping construction sites save money through digitalisation,Management,en,CEO | ogun.io | Helping construction sites save money through digitalisation
CEO | Recruiting Professional,Management,en,CEO | Recruiting Professional
CEO and CCTV specialist,Management,en,CEO and CCTV specialist
CEO Comlab Group,Management,en,CEO Comlab Group
CEO Engineering,Management,en,CEO Engineering
CEO FIWARE Foundation,Management,ur,CEO FIWARE Foundation
CEO Geschäftsführer,Management,de,CEO Managing Director
CEO Negociatis Optimisation de l'action commerciale,Management,fr,CEO Negociatis Optimization of commercial action
CEO Piwik PRO,Management,it,Ceo pinkic ex
CEO Siebeck GmbH,Management,de,CEO Siebeck GmbH
CEO Trendcommerce Dialog AG,Management,de,CEO Trendcommerce Dialog AG
CEO und Gründer,Management,de,CEO and Founder
CEO& Inhaber,Management,de,CEO & owner
CEO/ Geschäftsführer,Management,de,CEO/Managing Director
CEO/GF,Management,ur,CEO/GF
CEO/President,Management,en,CEO/President
Chairman & CEO,Management,hi,Chairman & CEO
Chief Executive Officer (CEO),Management,en,Chief Executive Officer (CEO)
Chief Information Officer (CIO),Management,en,Chief Information Officer (CIO)
Chief Operative Officer | Deputy CEO,Management,en,Chief Operative Officer | Deputy CEO
Chief Strategy Officer (CSO) & Member of the Board,Management,en,Chief Strategy Officer (CSO) & Member of the Board
Chief Technology Officer (CTO),Management,en,Chief Technology Officer (CTO)
CIO,Management,it,CIO
CIO/ Prokurist,Management,ur,CIO/Procurator
CIO/CDO,Management,it,CIO/CDO
CMO,Management,hi,CMO
CMO ViveLaCar,Management,pt,CMO ViveLaCar
Co-founder / CEO,Management,ru,Co-founder / CEO
Construction safety officer (CSO),Management,en,Construction safety officer (CSO)
COO/CMO,Management,pt,COO/CMO
CPO/CEO,Management,ur,CPO/CEO
CSO,Management,pt,CSO
CSO & Geschäftsführer D-A-CH,Management,de,CSO & Managing Director D-A-CH
CTO,Management,ur,CTO
CTO & Principal Solution Architect,Management,en,CTO & Principal Solution Architect
CTO (Chief Technology Officer),Management,en,CTO (Chief Technology Officer)
CTO | Gesellschafter,Management,de,CTO
Deputy CEO,Management,en,Deputy CEO
Directeur des Systèmes d'Information (DSI / CIO),Management,fr,Director of Information Systems (DSI / CIO)
DIRECTOR OF ADVERTISING,Management,en,DIRECTOR OF ADVERTISING
DIRECTOR OF BUSINESS DESIGNS,Management,en,DIRECTOR OF BUSINESS DESIGNS
Geschäftsfüher / CEO,Management,de,Head of Business / CEO
Geschäftsführender Gesellschafter (CEO),Management,de,Managing Partner (CEO)
Geschäftsführender Gesellschafter / CEO,Management,de,Managing Partner / CEO
Geschäftsführer & CEO,Management,de,Managing Director & CEO
Geschäftsführer & CTO,Management,de,Managing Director & CTO
Geschäftsführer (CEO),Management,de,Managing Director (CEO)
Geschäftsführer (CSO),Management,de,Managing Director (CSO)
Geschäftsführer / CEO,Management,de,Managing Director / CEO
Geschäftsführer / CTO,Management,de,Managing Director / CTO
Geschäftsführer | CEO,Management,de,"Managing Director, CEO"
Geschäftsführer CSO,Management,de,Managing Director CSO
Geschäftsführer I CEO,Management,de,Managing Director I CEO
Geschäftsführer. CEO,Management,de,CEO.
Geschäftsführer/ CEO,Management,de,Managing Director/ CEO
Geschäftsführer/CEO,Management,de,Managing Director/CEO
Geschäftsführerin (CMO),Management,de,Managing Director (CMO)
Geschäftsführerin CEO,Management,de,CEO
Geschäftsführung & Gründer [CEO],Management,de,Management & Founder [CEO]
Geschäftsführung (CTO),Management,de,Management (CTO)
Geschäftsführung / CEO,Management,de,Management / CEO
Geschäftsführung CTO / CSO,Management,de,Management CTO / CSO
Geschäftsführung/CEO,Management,de,Management/CEO
Global CEO,Management,en,Global CEO
Global CIO,Management,en,Global CIO
Group CIO,Management,en,Group CIO
Gründer & CEO,Management,de,Founder & CEO
Gründer / Geschäftsführender Gesellschafter / CEO,Management,de,Founder / Managing Partner / CEO
Gründer und CEO,Management,de,Founder and CEO
Handlungsbevollmächtigter CEO,Management,de,Acting CEO
Inhaber / CEO,Management,ur,Owner/CEO
MANAGING DIRECTOR UK,Management,en,MANAGING DIRECTOR UK
Mit-Inhaber und CTO,Management,de,Co-owner and CTO
Partner & CSO,Management,en,Partner & CSO
President & CEO,Management,en,President & CEO
President and CEO,Management,en,President and CEO
Projektassistentin CIO,Management,de,Project Assistant CIO
Responsable des Systèmes d'Information (RSI/CIO),Management,fr,Head of Information Systems (RSI/CIO)
Team Leader Development & vice CTO,Management,en,Team Leader Development & vice CTO
Technology Leader • CIO • CTO • Software Architecture • Cloud Architecture,Management,en,Technology Leader • CIO • CTO • Software Architecture • Cloud Architecture
Vorsitzender der Geschäftsführung/CEO,Management,de,Chairman of the Management Board/CEO
Vorstand - CEO,Management,de,Executive Board - CEO
Vorstand / CEO,Management,de,Executive Board / CEO
Vorstand Technologie (CTO),Management,de,Chief Technology Officer (CTO)
Vorstand/CEO,Management,ur,Board of Directors/CEO
Vorstandsvorsitzender / CEO,Management,de,Chairman of the Board / CEO
Assistentin CEO,Management,en,Assistentin CEO
CEO Assistentin,Management,tr,CEO assistant
Business Development / CMO,Management,en,Business Development / CMO
CDO E-Business / Digitalisierung,Management,de,CDO E-Business / Digitalisation
CEO & Business Development,Management,en,CEO & Business Development
CEO/Digital Worker,Management,en,CEO/Digital Worker
CEO: hunting expert for IT,Management,en,CEO: hunting expert for IT
Chief Digital & Media Officer (CDO),Management,en,Chief Digital & Media Officer (CDO)
Chief Digital Officer (CDO),Management,en,Chief Digital Officer (CDO)
Head of Group IT / CIO,Management,en,Head of Group IT / CIO
Head of IT & Digitization / CIO,Management,en,Head of IT & Digitization / CIO
Head of IT&C / CIO / Information Security Offic...,Management,en,Head of IT&C / CIO / Information Security Offic...
BtoB CRM PROGRAM DIRECTOR,Management,en,BtoB CRM PROGRAM DIRECTOR
CEO (Messe Kontakt),Management,ur,CEO (trade fair contact)
CEO Marketing & Sales TÜV Süd AG,Management,de,CEO Marketing & Sales TÜV Süd AG
Chief Marketing Officer (CMO),Management,en,Chief Marketing Officer (CMO)
CMO (Messe Kontakt),Management,ur,CMO (Messe Kontakt)
CSO (Chief Sales and Marketing Officer),Management,en,CSO (Chief Sales and Marketing Officer)
CSO (Messe Kontakt),Management,ur,CSO (Exhibition Contact)
CSO/CMO - Chief Executive Sales & Marketing,Management,pt,CSO/CMO - Chief Executive Sales & Marketing
CTO (Messe Kontakt),Management,ur,CTO (Exhibition Contact)
CEO / Sales Engineer,Management,en,CEO / Sales Engineer
Chief Sales Officer (CSO),Management,en,Chief Sales Officer (CSO)
CSO Chief Sales Officer,Management,en,CSO Chief Sales Officer
GESCHÄFTSFÜHRUNG / CEO / VERTRIEB & MARKETING ALLGEMEINER HANDEL / FIRMENKUNDENGESCHÄFT,Management,de,BUSINESS MANAGEMENT / CEO / DISTRIBUTION & MARKETING GENERAL TRADE / FEEDING BUSINESS
Head of Sales & CIO,Management,en,Head of Sales & CIO
Head Sales & CMO,Management,en,Head Sales & CMO
Ltg Vertrieb/CSO/Prokurist,Management,de,Ltg Sales/CSO/Procurer
Vorstand Sales / CSO,Management,de,Management Board Sales / CSO
Chief Executive Officer,Management,en,Chief Executive Officer
Chief Executive Officer:,Management,en,Chief Executive Officer:
Abteilungsdirektor,Director,de,Director of Division
Abteilungsdirektor Vermögensverwalter Office,Director,de,Divisional Director Asset Managers Office
Account Director,Director,en,Account Director
Area Director & General Manager EMEA Central,Director,en,Area Director & General Manager EMEA Central
Art Director,Director,en,Art Director
Assistance Managing Director,Director,en,Assistance Managing Director
Associate Director,Director,en,Associate Director
Board of Directors,Director,en,Board of Directors
Branch Director France,Director,en,Branch Director France
CEO - Director,Director,en,CEO - Director
CEO/Managing Director,Director,en,CEO/Managing Director
Client Director,Director,en,Client Director
Client Service Director,Director,en,Client Service Director
Co-Founder & Managing Director,Director,en,Co-Founder & Managing Director
Co-founder / Managing Director,Director,en,Co-founder / Managing Director
Co-founder and Managing Director,Director,en,Co-founder and Managing Director
Co-Founder and Research Director,Director,en,Co-Founder and Research Director
Commercial Director,Director,en,Commercial Director
Commercial Director Central Europe,Director,en,Commercial Director Central Europe
Commercial Director Industrial BU (Civil & Defence),Director,en,Commercial Director Industrial BU (Civil & Defence)
Company Director,Director,en,Company Director
Consulting Director,Director,en,Consulting Director
Country Director D A CH,Director,hi,Country Director D A CH
Creative Director,Director,en,Creative Director
Creative Director – Teamleiter Kreation,Director,de,Creative Director – Team Leader Creation
Customer Management & Engagement Director,Director,en,Customer Management & Engagement Director
Data & AI for Growth Director,Director,en,Data & AI for Growth Director
Deputy Area Director Europe Central,Director,en,Deputy Area Director Europe Central
Deputy Managing Director,Director,en,Deputy Managing Director
Director,Director,en,Director
Director - CEO,Director,en,Director - CEO
Director / Head of Fairs,Director,en,Director / Head of Fairs
Director / Head of Unit Media,Director,en,Director / Head of Unit Media
Director Account B2B München,Director,de,Director Account B2B Munich
Director After sales Solutions,Director,en,Director After sales Solutions
Director Alumni Affairs,Director,en,Director Alumni Affairs
Director and General Manager,Director,en,Director and General Manager
Director Application & Product Management,Director,en,Director Application & Product Management
Director Banca Empresas,Director,pt,Corporate Banking Director
Director Client Development,Director,en,Director Client Development
Director Client Relations,Director,en,Director Client Relations
Director Client Service,Director,en,Director Client Service
Director Cloud Technology,Director,en,Director Cloud Technology
Director comercial,Director,en,Director comercial
Director Commercial Excellence EMEA,Director,pt,Director Commercial Excellence EMEA
Director Consulting & Web Solutions,Director,en,Director Consulting & Web Solutions
Director Cooperations DACH,Director,en,Director Cooperations DACH
Director Corporate Development,Director,en,Director Corporate Development
Director Corporate Development / Leiter Unterne...,Director,de,Director Corporate Development / Head of Unterne...
Director Customer and Employee Engagement,Director,en,Director Customer and Employee Engagement
Director Customer Briefing Center & User Groups,Director,en,Director Customer Briefing Center & User Groups
Director Customer Experience,Director,en,Director Customer Experience
Director Customer Journey Intelligence,Director,en,Director Customer Journey Intelligence
Director Customer Process & Quotation Management,Director,en,Director Customer Process & Quotation Management
Director Customer Relationship Excellence,Director,en,Director Customer Relationship Excellence
Director Customer Success - Europe,Director,en,Director Customer Success - Europe
Director Customer Success DACH,Director,en,Director Customer Success DACH
Director DACH,Director,en,Director DACH
Director Data & Technology,Director,en,Director Data & Technology
Director Data Analytics & Customer Insights,Director,en,Director Data Analytics & Customer Insights
Director Data Integration,Director,en,Director Data Integration
Director del departamento de marketing,Director,es,Director of the marketing department
Director Engineering Brakes,Director,en,Director Engineering Brakes
Director Enterprise Management,Director,en,Director Enterprise Management
Director Global Logistics Semiconductor & Storage Products,Director,en,Director Global Logistics Semiconductor & Storage Products
Director Group Development,Director,en,Director Group Development
Director Growth D.A.CH.,Director,en,Director Growth D.A.CH.
Director Information Management,Director,en,Director Information Management
Director Information Services,Director,en,Director Information Services
Director International Key Accounts,Director,en,Director International Key Accounts
Director IoT,Director,en,Director IoT
Director Key Account Management,Director,en,Director Key Account Management
Director Market Relations,Director,en,Director Market Relations
Director Network Development,Director,en,Director Network Development
Director of administration,Director,en,Director of administration
Director of Client Development,Director,en,Director of Client Development
Director of Finance,Director,en,Director of Finance
Director of Global Service Partner Management,Director,en,Director of Global Service Partner Management
Director of Growth,Director,en,Director of Growth
Director of Information Technology EMEA / APAC,Director,en,Director of Information Technology EMEA / APAC
Director of Investor Relations,Director,en,Director of Investor Relations
Director of IPO Access,Director,en,Director of IPO Access
Director of Partner Management,Director,en,Director of Partner Management
Director of Presales - DACH,Director,en,Director of Presales - DACH
Director of Publisher Relations,Director,en,Director of Publisher Relations
Director of Research,Director,en,Director of Research
Director of Strategy and Expansion,Director,en,Director of Strategy and Expansion
Director Partner Development,Director,en,Director Partner Development
Director Partnerships & Merchant Success,Director,en,Director Partnerships & Merchant Success
Director Process Management,Director,en,Director Process Management
Director Products & Markets,Director,en,Director Products & Markets
Director Professional (Head of Germany) B2B,Director,en,Director Professional (Head of Germany) B2B
Director Professional Services,Director,en,Director Professional Services
Director Program Management,Director,en,Director Program Management
Director Projects & Organizational Effectiveness,Director,en,Director Projects & Organizational Effectiveness
Director R&D,Director,en,Director R&D
Director Service,Director,en,Director Service
Director Software Solutions,Director,en,Director Software Solutions
Director Solutions,Director,en,Director Solutions
Director Solutions & Services,Director,en,Director Solutions & Services
Director Strategic Accounts MBS,Director,en,Director Strategic Accounts MBS
Director Strategic PMO,Director,en,Director Strategic PMO
Director Strategic Projects,Director,en,Director Strategic Projects
Director Strategy & Customer Experience,Director,en,Director Strategy & Customer Experience
Director Supplier Development international,Director,en,Director Supplier Development international
Director Supply Chain Management,Director,en,Director Supply Chain Management
Directors,Director,en,Directors
Divisional Director,Director,en,Divisional Director
EMEA Director Channel & Strategic Enterprise Cu...,Director,ur,EMEA Director Channel & Strategic Enterprise Cu...
Etat Director,Director,en,Etat Director
Executive & Non-executive Director I Strategy & Governance I Finance I International Energy Industry,Director,en,Executive & Non-executive Director I Strategy & Governance I Finance I International Energy Industry
Executive Director,Director,en,Executive Director
Executive Director D-A-CH,Director,en,Executive Director D-A-CH
Expert Director,Director,en,Expert Director
Founder & Director,Director,en,Founder & Director
Founder & Managing Director,Director,en,Founder & Managing Director
Founder / Managing Director,Director,en,Founder / Managing Director
Founder and Managing Director - McMakler,Director,en,Founder and Managing Director - McMakler
Founding Director,Director,en,Founding Director
General Director,Director,en,General Director
Geschäftsführender Gesellschafter / Managing Director,Director,de,Managing Partner / Managing Director
Geschäftsführer  /  Managing Director,Director,de,Managing Director / Managing Director
Geschäftsführer - Managing Director,Director,de,Managing Director - Managing Director
Geschäftsführer / Director,Director,de,Managing Director / Director
Geschäftsführer / Managing Director,Director,de,Managing Director / Managing Director
Geschäftsführer / Managing Director and CDO,Director,de,Managing Director / Managing Director and CDO
Geschäftsführer / Managing Directors,Director,de,Managing Director / Managing Directors
Geschäftsführer Managing Director,Director,de,Managing Director
Geschäftsführer/ Managing Director,Director,en,Geschäftsführer/ Managing Director
Geschäftsführung / Managing Directors,Director,de,Management / Managing Directors
Global Account Director,Director,en,Global Account Director
Global Channel and Partner Director | Engineering,Director,en,Global Channel and Partner Director | Engineering
Global Strategic Alliances Director,Director,en,Global Strategic Alliances Director
Group E-commerce Industry Director,Director,en,Group E-commerce Industry Director
Group Managing Director,Director,en,Group Managing Director
Groupe Director,Director,en,Groupe Director
Gründer & Managing Director,Director,de,Founder & Managing Director
Head Office Director,Director,en,Head Office Director
HEC Executive Coach - Associate Director,Director,en,HEC Executive Coach - Associate Director
Housing Directorate,Director,en,Housing Directorate
International Account Director,Director,en,International Account Director
Investment Director,Director,en,Investment Director
Key Account Director,Director,en,Key Account Director
Kfm. Geschäftsführer | Managing Director Commer...,Director,de,Kfm. Managing Director Commer...
Management Director,Director,en,Management Director
Manager & Director,Director,en,Manager & Director
Managing Director,Director,en,Managing Director
Managing Director -,Director,en,Managing Director -
Managing Director - Central Eastern Europe,Director,en,Managing Director - Central Eastern Europe
Managing Director - DACH,Director,en,Managing Director - DACH
Managing Director & Co-Founder,Director,en,Managing Director & Co-Founder
Managing Director (Geschäftsführer),Director,de,Managing Director (Managing Director)
Managing Director / Co-Founder,Director,en,Managing Director / Co-Founder
Managing Director / Geschäftsführer,Director,en,Managing Director / Geschäftsführer
Managing Director / GF,Director,en,Managing Director / GF
Managing Director | Geschäftsführer,Director,de,"Managing Director, Managing Director, Managing Director"
Managing Director and Partner,Director,en,Managing Director and Partner
Managing Director Cologne,Director,en,Managing Director Cologne
Managing Director D/A/CH,Director,en,Managing Director D/A/CH
Managing Director DELTACON Executive Search & Consulting,Director,it,Managing Director DELTACON Executive Search & Consulting
Managing Director ELEKS GmbH DACH & Nordics | Member of the Executive Committee,Director,en,Managing Director ELEKS GmbH DACH & Nordics | Member of the Executive Committee
Managing Director EUROGLAS  Germany,Director,en,Managing Director EUROGLAS  Germany
Managing Director Europe,Director,en,Managing Director Europe
Managing Director Germany,Director,en,Managing Director Germany
Managing Director Germany & Austria,Director,en,Managing Director Germany & Austria
Managing Director Partner,Director,en,Managing Director Partner
Managing Director Platforms Hamburg,Director,en,Managing Director Platforms Hamburg
Managing Director Pryor Technologie,Director,en,Managing Director Pryor Technologie
Managing Director REC,Director,en,Managing Director REC
Managing Director Starcom Mediavest Group Germany,Director,en,Managing Director Starcom Mediavest Group Germany
Managing Director Strategic B...,Director,en,Managing Director Strategic B...
Managing Director Strategic Consulting & Softwa...,Director,it,Managing Director Strategic Consulting & Softwa...
Managing Director ve společnosti TM Technik s.r.o.,Director,tr,Managing Director at TM Technik s.r.o.
Managing Director:,Director,en,Managing Director:
Managing Directors,Director,en,Managing Directors
Managing Directors:,Director,en,Managing Directors:
Market Development Director,Director,en,Market Development Director
Market Director Life Sciences,Director,en,Market Director Life Sciences
Media Product Director,Director,en,Media Product Director
Member Board Of Directors,Director,en,Member Board Of Directors
Member of the Board of Directors,Director,en,Member of the Board of Directors
MIS Director,Director,en,MIS Director
Owner and Managing Director,Director,en,Owner and Managing Director
Partner & Managing Director,Director,en,Partner & Managing Director
Partnerships Director,Director,en,Partnerships Director
President/Managing Director,Director,en,President/Managing Director
Principal/Managing Director,Director,en,Principal/Managing Director
Project and Market Director Wind Energy and Renewables,Director,en,Project and Market Director Wind Energy and Renewables
Project Director,Director,en,Project Director
Project DirectorW3+ Fair/Convention,Director,en,Project DirectorW3+ Fair/Convention
Project Manager Media Conferences & In-House Art Director,Director,en,Project Manager Media Conferences & In-House Art Director
Projektdirektor,Director,nl,Project Director
Regional Director,Director,en,Regional Director
Regional Director D-A-CH,Director,en,Regional Director D-A-CH
Regional Managing Director Continental Europe (DACH),Director,en,Regional Managing Director Continental Europe (DACH)
Regionaldirektor Nord / Regional Director North,Director,nl,Regionaldirektor Nord / Regional Director North
Senior Art Director,Director,en,Senior Art Director
Senior Client Partner | Client Service Director | Ext. Management,Director,en,Senior Client Partner | Client Service Director | Ext. Management
Senior Director,Director,en,Senior Director
Senior Director Corporate Strategy & Development,Director,en,Senior Director Corporate Strategy & Development
Senior Director Customer Care DACH,Director,en,Senior Director Customer Care DACH
Senior Director Information Technology,Director,en,Senior Director Information Technology
Senior Director MDM & SEO,Director,en,Senior Director MDM & SEO
Senior Director Of Technology,Director,en,Senior Director Of Technology
Senior Director Strategic Accounts,Director,en,Senior Director Strategic Accounts
Senior Partner & Director,Director,en,Senior Partner & Director
Senior Project Director,Director,en,Senior Project Director
Senior Vice President and Managing Director EMEA & APAC,Director,en,Senior Vice President and Managing Director EMEA & APAC
Technical Director,Director,en,Technical Director
Technical Service Director EMEA,Director,en,Technical Service Director EMEA
Technischer Leiter / Technical Director,Director,de,Technical Director / Technical Director
Verkaufsdirektor,Director,de,Sales Director
Account Director / Director New Business,Director,en,Account Director / Director New Business
Associate Director Business Develoment,Director,en,Associate Director Business Develoment
Automotive Business Unit Director,Director,en,Automotive Business Unit Director
Business Development Director,Director,en,Business Development Director
Business Development Director - Microsoft Strategic Relationships,Director,en,Business Development Director - Microsoft Strategic Relationships
Business Development Director DACH,Director,en,Business Development Director DACH
Business Development Director D-A-CH,Director,pt,Business Development Director D-A-CH
Business Director,Director,en,Business Director
Business Director D/A/CH - Philips Professional Display Solutions,Director,en,Business Director D/A/CH - Philips Professional Display Solutions
Business Line Director,Director,en,Business Line Director
Business Unit Director,Director,en,Business Unit Director
Director - Head of Business Development CM-CRM,Director,en,Director - Head of Business Development CM-CRM
Director Business Consulting,Director,en,Director Business Consulting
Director Business Development,Director,en,Director Business Development
Director Business Development - AD Architectural Digest,Director,nl,Director Business Development - AD Architectural Digest
Director Business Development & CIO,Director,en,Director Business Development & CIO
Director Business Development & Operations,Director,en,Director Business Development & Operations
Director Business Development and Project Management // Project Manager ERP,Director,en,Director Business Development and Project Management // Project Manager ERP
Director Business Development Aviation,Director,en,Director Business Development Aviation
Director Business Development DACH,Director,en,Director Business Development DACH
Director Business Development D-A-CH,Director,pt,Director Business Development D-A-CH
Director Business Development Department (EEMEA),Director,en,Director Business Development Department (EEMEA)
Director Business Development EMEA,Director,pt,Director Business Development EMEA
Director Business Development Industrie 4.0,Director,en,Director Business Development Industrie 4.0
Director Business Transformation,Director,en,Director Business Transformation
Director Business Unit,Director,en,Director Business Unit
Director Business Unit UCC,Director,en,Director Business Unit UCC
Director Consulting & Business Development,Director,en,Director Consulting & Business Development
Director Digital Business,Director,en,Director Digital Business
Director Digital Business Development,Director,en,Director Digital Business Development
Director Global Business Development,Director,en,Director Global Business Development
Director Global Strategic Alliances & Business Development,Director,en,Director Global Strategic Alliances & Business Development
Director International Business Development,Director,en,Director International Business Development
Director International Business Development & Partnermanagement,Director,en,Director International Business Development & Partnermanagement
Director New Business,Director,en,Director New Business
Director New Business & Business Development,Director,en,Director New Business & Business Development
Director Of Business Development,Director,en,Director Of Business Development
Director of Business Development & Partnerships,Director,en,Director of Business Development & Partnerships
Director of Business Development & Programmatic,Director,en,Director of Business Development & Programmatic
Director of Business Intelligence,Director,en,Director of Business Intelligence
Director of IT & Business Processes,Director,en,Director of IT & Business Processes
Director Strategy & Business Development,Director,en,Director Strategy & Business Development
Director Strategy and  Business Development,Director,en,Director Strategy and  Business Development
European Business Strategy Director,Director,en,European Business Strategy Director
Executive Director Business Development,Director,en,Executive Director Business Development
Global Business Development Director,Director,en,Global Business Development Director
Global Business Director,Director,en,Global Business Director
Global Director Business Development Automotive,Director,en,Global Director Business Development Automotive
Global Director Strategy & New Business Development,Director,en,Global Director Strategy & New Business Development
Global IT Senior Director Business Development,Director,en,Global IT Senior Director Business Development
Group Director Business Development,Director,en,Group Director Business Development
Group Director Corporate Strategy & Business Development,Director,en,Group Director Corporate Strategy & Business Development
Senior Director Business Development,Director,en,Senior Director Business Development
Senior Director Business Development Europe,Director,en,Senior Director Business Development Europe
Senior Director IT & Business Solutions,Director,en,Senior Director IT & Business Solutions
st. Business Director,Director,en,st. Business Director
Strategy and Business Development Director,Director,en,Strategy and Business Development Director
Director HR & Interim Management,Director,en,Director HR & Interim Management
Director Human Resources & Procurement,Director,en,Director Human Resources & Procurement
Project Director - Digital marketing and HR,Director,en,Project Director - Digital marketing and HR
Account Director DACHIT,Director,en,Account Director DACHIT
Account Director Digital,Director,en,Account Director Digital
Associate Director IT,Director,en,Associate Director IT
Associate Director IT Projects & Architecture,Director,en,Associate Director IT Projects & Architecture
CIO / Global IT Director,Director,en,CIO / Global IT Director
Digital & Technology Director,Director,en,Digital & Technology Director
Digital Director,Director,en,Digital Director
Digital Transformation & ICT Applications Director,Director,en,Digital Transformation & ICT Applications Director
Director - Digital Transformation & Value Engineering,Director,en,Director - Digital Transformation & Value Engineering
Director Administration & Corporate Services,Director,en,Director Administration & Corporate Services
Director Corporate IT Infrastructure,Director,en,Director Corporate IT Infrastructure
Director Deloitte Digital,Director,en,Director Deloitte Digital
Director Digital,Director,en,Director Digital
Director Digital Directmarketing,Director,en,Director Digital Directmarketing
Director Digital Strategy,Director,en,Director Digital Strategy
Director Digital Transformation and Strategy,Director,en,Director Digital Transformation and Strategy
Director Digitalisierung & Innovation,Director,de,Director Digitalization & Innovation
Director Group IT,Director,en,Director Group IT
Director IT,Director,en,Director IT
Director IT Infrastructure,Director,en,Director IT Infrastructure
Director IT Project Management,Director,en,Director IT Project Management
Director IT-Koordination,Director,en,Director IT-Koordination
Director IT-Services,Director,en,Director IT-Services
Director New Digital Solutions,Director,en,Director New Digital Solutions
Director Online / E-commerce / Digitalisation,Director,en,Director Online / E-commerce / Digitalisation
Director SAP,Director,en,Director SAP
Director SAP Programme,Director,en,Director SAP Programme
Executive Director Head of IT,Director,en,Executive Director Head of IT
Global Director IT - IT Application,Director,en,Global Director IT - IT Application
Global Director IT Infrastructure,Director,en,Global Director IT Infrastructure
Global IT Applications and Operations Management Director,Director,en,Global IT Applications and Operations Management Director
Global IT Director,Director,en,Global IT Director
Group IT Director,Director,en,Group IT Director
IT Director,Director,en,IT Director
IT Director - ERP Program Director,Director,en,IT Director - ERP Program Director
IT Operations Director,Director,en,IT Operations Director
IT Operations Director EMEA & India,Director,en,IT Operations Director EMEA & India
IT Technology Director,Director,en,IT Technology Director
Media Director Digital,Director,en,Media Director Digital
Director CRM,Director,en,Director CRM
Director CRM & Customer Service,Director,en,Director CRM & Customer Service
Director CRM Center of Excellence,Director,en,Director CRM Center of Excellence
Director CRM Consulting,Director,en,Director CRM Consulting
Director Data Intelligence & CRM,Director,en,Director Data Intelligence & CRM
Director Global CRM,Director,en,Director Global CRM
Director International CRM,Director,en,Director International CRM
Director IT Consulting & CRM,Director,en,Director IT Consulting & CRM
eCommerce & CRM Director,Director,en,eCommerce & CRM Director
Global CRM Director,Director,en,Global CRM Director
Global Director -Consumer Engagement(CRM) Membership Growth,Director,en,Global Director -Consumer Engagement(CRM) Membership Growth
Global Director of CRM / Head of CRM,Director,en,Global Director of CRM / Head of CRM
Group CRM Program Director / Directeur du programme CRM Groupe,Director,fr,Group CRM Program Director / Director of the Group CRM Program
Group Omnichannel CRM Director,Director,en,Group Omnichannel CRM Director
Leiter Customer Relationship Management / Director CRM,Director,en,Leiter Customer Relationship Management / Director CRM
Senior Director CRM,Director,en,Senior Director CRM
Senior Director Digital Strategy & CRM,Director,en,Senior Director Digital Strategy & CRM
ANDRITZ Pulp & Paper Service and Units - Director Marketing,Director,en,ANDRITZ Pulp & Paper Service and Units - Director Marketing
Art Director & Projektmanager Marketing,Director,en,Art Director & Projektmanager Marketing
Assistant to Director Marketing,Director,en,Assistant to Director Marketing
Assistant to Director Sales & Marketing,Director,en,Assistant to Director Sales & Marketing
Associate Director - Marketing Experte,Director,en,Associate Director - Marketing Experte
Associate Director Marketing & Competitive Inte...,Director,it,Associate Director Marketing & Competitive Inte...
Associate Marketing Director,Director,en,Associate Marketing Director
B2B Marketing Director I Demand Generation I Management I Digital Marketing I EMEA Field Marketing I Data Strategy,Director,sw,B2B Marketing Director I Demand Generation I Management I Digital Marketing I EMEA Field Marketing I Data Strategy
Branding and Marketing Director,Director,en,Branding and Marketing Director
Business Unit Director Sales & Marketing,Director,en,Business Unit Director Sales & Marketing
Channel Marketing Director,Director,en,Channel Marketing Director
Commercial & Marketing Director,Director,en,Commercial & Marketing Director
Commercial and Marketing Director,Director,en,Commercial and Marketing Director
Commercial Director | Responsible for Customer Success | Cobwebb Communications,Director,en,Commercial Director | Responsible for Customer Success | Cobwebb Communications
Commercial Vehicles Sales and Marketing Director,Director,en,Commercial Vehicles Sales and Marketing Director
Communication Director,Director,en,Communication Director
Communications and Marketing Director,Director,en,Communications and Marketing Director
Communications Director - Oaklins France,Director,en,Communications Director - Oaklins France
Creative Director / Marketing Manager,Director,en,Creative Director / Marketing Manager
Customer Experience & Digital Marketing Director,Director,en,Customer Experience & Digital Marketing Director
Digital Marketing and Communication Director,Director,en,Digital Marketing and Communication Director
Digital Marketing Director,Director,en,Digital Marketing Director
Director - Gerente de Marketing y Comunicación | RSE | Gestión y experiencia,Director,es,Director - Marketing and Communication Manager | CSR | Management and experience
Director / Global Head of Marketing and Communications,Director,en,Director / Global Head of Marketing and Communications
Director / Sales&Marketing,Director,en,Director / Sales&Marketing
Director Business Development & Marketing,Director,en,Director Business Development & Marketing
Director Business Development & Marketing D-A-CH,Director,pt,Director Business Development & Marketing D-A-CH
Director Business Development & Marketing Europe,Director,en,Director Business Development & Marketing Europe
Director Business Process Management & Online Marketing,Director,en,Director Business Process Management & Online Marketing
Director Business Unit Sales & Marketing,Director,en,Director Business Unit Sales & Marketing
Director Communications,Director,en,Director Communications
Director Communications Projects,Director,en,Director Communications Projects
Director Corporate & Marketing Communications,Director,en,Director Corporate & Marketing Communications
Director Corporate Communications & Marketing,Director,en,Director Corporate Communications & Marketing
Director Corporate Marketing,Director,en,Director Corporate Marketing
Director Corporate Marketing & Communication,Director,en,Director Corporate Marketing & Communication
Director Corporate Marketing & Communications,Director,en,Director Corporate Marketing & Communications
Director Corporate Marketing and Communications,Director,en,Director Corporate Marketing and Communications
Director D-A-CH / Sales & Marketing Solutions,Director,en,Director D-A-CH / Sales & Marketing Solutions
Director Data Driven Marketing,Director,en,Director Data Driven Marketing
Director de Marketing,Director,pt,Director de Marketing
Director de Marketing y Comunicación,Director,es,Marketing and Communication Director
Director Digital & Online Marketing,Director,en,Director Digital & Online Marketing
Director Digital Marketing,Director,en,Director Digital Marketing
Director Digital Marketing & CRM,Director,en,Director Digital Marketing & CRM
Director Digital Marketing & Media,Director,en,Director Digital Marketing & Media
Director Digital Marketing Automation,Director,en,Director Digital Marketing Automation
Director Germany | Marketing & Sales,Director,en,Director Germany | Marketing & Sales
Director Global Digital Marketing,Director,en,Director Global Digital Marketing
Director Global Marketing,Director,en,Director Global Marketing
Director Global Marketing & Communications,Director,en,Director Global Marketing & Communications
Director Global Marketing & Power Plant Solutions,Director,en,Director Global Marketing & Power Plant Solutions
Director Global Marketing & Product Management,Director,en,Director Global Marketing & Product Management
Director Global Marketing and Innovation,Director,en,Director Global Marketing and Innovation
Director Global Marketing Communication/ Prima Vista Academy,Director,en,Director Global Marketing Communication/ Prima Vista Academy
Director Global Marketing Communications,Director,en,Director Global Marketing Communications
Director Global Product Management and Marketing,Director,en,Director Global Product Management and Marketing
Director Global Sales & Marketing,Director,en,Director Global Sales & Marketing
Director Global Sales & Marketing CV (IAM),Director,en,Director Global Sales & Marketing CV (IAM)
Director Global Sales & Marketing Imaging,Director,en,Director Global Sales & Marketing Imaging
Director Global Sales and Marketing - Controls,Director,en,Director Global Sales and Marketing - Controls
Director Group Controlling Sales & Marketing,Director,en,Director Group Controlling Sales & Marketing
Director Group Marketing and Business Development,Director,en,Director Group Marketing and Business Development
Director International Business Development & Marketing,Director,en,Director International Business Development & Marketing
Director International Marketing,Director,en,Director International Marketing
Director Lead Management / Performance Marketing,Director,en,Director Lead Management / Performance Marketing
Director Leadership Communications,Director,en,Director Leadership Communications
Director Live Marketing,Director,en,Director Live Marketing
Director Marketing,Director,en,Director Marketing
Director Marketing - Brand & Communications,Director,en,Director Marketing - Brand & Communications
Director Marketing - Manufacturing,Director,en,Director Marketing - Manufacturing
Director Marketing & Aftermarket,Director,en,Director Marketing & Aftermarket
Director Marketing & Applications,Director,en,Director Marketing & Applications
Director Marketing & Business Development,Director,en,Director Marketing & Business Development
Director Marketing & Business Development Strategy DACH,Director,en,Director Marketing & Business Development Strategy DACH
Director Marketing & Chief Digital Officer DACH,Director,en,Director Marketing & Chief Digital Officer DACH
Director Marketing & Communication | Member of the Board,Director,en,Director Marketing & Communication | Member of the Board
Director Marketing & Communications,Director,en,Director Marketing & Communications
Director Marketing & Communications | Mitglied der Geschäftsleitung,Director,de,Director Marketing & Communications -- Member of the Executive Board
Director Marketing & Communications DACH,Director,en,Director Marketing & Communications DACH
Director Marketing & Content,Director,en,Director Marketing & Content
Director Marketing & Corporate Communications,Director,en,Director Marketing & Corporate Communications
Director Marketing & Digital,Director,en,Director Marketing & Digital
Director Marketing & E-Commerce,Director,en,Director Marketing & E-Commerce
Director Marketing & IT D-A-CH,Director,pt,Director Marketing & IT D-A-CH
Director Marketing & Leadmanagement DACH & EE,Director,de,Director Marketing & Lead Management DACH & EE
Director Marketing & PR,Director,en,Director Marketing & PR
Director Marketing & Sales,Director,en,Director Marketing & Sales
Director Marketing & Sales Business,Director,en,Director Marketing & Sales Business
Director Marketing & Sales Operations,Director,en,Director Marketing & Sales Operations
Director Marketing / Business Development (OJOM...,Director,en,Director Marketing / Business Development (OJOM...
Director Marketing and Advertising Vehicle Heaters,Director,en,Director Marketing and Advertising Vehicle Heaters
Director Marketing and Application Manager,Director,en,Director Marketing and Application Manager
Director Marketing and Business,Director,en,Director Marketing and Business
Director Marketing and Communication,Director,en,Director Marketing and Communication
Director Marketing and Communications,Director,en,Director Marketing and Communications
Director Marketing and Sales,Director,en,Director Marketing and Sales
Director Marketing Cloud Solutions,Director,en,Director Marketing Cloud Solutions
Director Marketing Communications,Director,en,Director Marketing Communications
Director Marketing Communications & Digitalization Marketing and Sales,Director,en,Director Marketing Communications & Digitalization Marketing and Sales
Director Marketing Communications & PR,Director,en,Director Marketing Communications & PR
Director Marketing Continental Europe,Director,en,Director Marketing Continental Europe
Director Marketing DACH,Director,hi,Director Marketing DACH
Director Marketing EMEA,Director,pt,Director Marketing EMEA
Director Marketing EMEA DS,Director,pt,Director Marketing EMEA DS
Director Marketing Europe,Director,en,Director Marketing Europe
Director Marketing Germany & Austria,Director,de,Director Marketing Germany & Austria
Director Marketing Service & Digital Systems \ Cutting Tools,Director,en,Director Marketing Service & Digital Systems \ Cutting Tools
Director Marketing Service & Digital Systems \\ Cutting Tools,Director,en,Director Marketing Service & Digital Systems \\ Cutting Tools
Director Marketing Sonepar Germany,Director,de,Director Marketing Sonepar Germany
Director Marketing und Sales,Director,de,Director Marketing and Sales
Director Marketing und Vertrieb,Director,de,Director Marketing and Sales
Director New Business & Marketing,Director,en,Director New Business & Marketing
Director of Communications and Public Relations,Director,en,Director of Communications and Public Relations
Director of Corporate Communications,Director,en,Director of Corporate Communications
Director of Corporate Marketing,Director,en,Director of Corporate Marketing
Director of EMEA Marketing,Director,en,Director of EMEA Marketing
Director of External Communications,Director,en,Director of External Communications
Director of Global Marketing,Director,en,Director of Global Marketing
Director of Marketing,Director,en,Director of Marketing
Director of Marketing  Germany & Poland,Director,en,Director of Marketing  Germany & Poland
Director of Marketing & formitas Akademie,Director,it,Director of Marketing & Academic Formity
Director of Marketing and Communications,Director,en,Director of Marketing and Communications
Director of Marketing and Communictaions (B2B) // Berlin,Director,en,Director of Marketing and Communictaions (B2B) // Berlin
Director of Marketing and Sales,Director,en,Director of Marketing and Sales
Director of Marketing and Sales (Messe Kontakt),Director,en,Director of Marketing and Sales (Messe Kontakt)
Director of Marketing CE&EE,Director,en,Director of Marketing CE&EE
Director of Sales & Marketing,Director,en,Director of Sales & Marketing
Director of Sales & Marketing / Area Director o...,Director,pt,Director of Sales & Marketing / Area Director o...
Director of Sales and Marketing,Director,en,Director of Sales and Marketing
Director of Sales and Marketing - Prokurist,Director,en,Director of Sales and Marketing - Prokurist
Director of Sales and Marketing Central Europe,Director,en,Director of Sales and Marketing Central Europe
Director of Strategic Marketing,Director,en,Director of Strategic Marketing
Director Online Marketing & Marketing Intelligence,Director,en,Director Online Marketing & Marketing Intelligence
Director Online-Marketing,Director,en,Director Online-Marketing
Director Operational Marketing,Director,en,Director Operational Marketing
Director Partnership Marketing,Director,en,Director Partnership Marketing
Director Perfect Execution & Strategic Programs (Messe Kontakt),Director,it,Director Perfect Execution & Strategic Programs (Messe Kontakt)
Director PR & Marketing,Director,en,Director PR & Marketing
Director Product & Marketing,Director,en,Director Product & Marketing
Director Product Marketing,Director,en,Director Product Marketing
Director Product Marketing & Sales Project Management,Director,en,Director Product Marketing & Sales Project Management
Director Products & Marketing,Director,en,Director Products & Marketing
Director Produktmanagement & Marketing Tooth Chain,Director,it,Director Produktmanagement & Marketing Tooth Chain
Director Regional Marketing (Messe Kontakt),Director,ur,Director Regional Marketing (Exhibition Contact)
Director Sales & Marketing,Director,en,Director Sales & Marketing
Director Sales & Marketing - Prokurist,Director,hi,Director Sales & Marketing - Prokurist
Director Sales & Marketing / Global Lead,Director,en,Director Sales & Marketing / Global Lead
Director Sales & Marketing • OEM,Director,en,Director Sales & Marketing • OEM
Director Sales & Marketing Altran Digital,Director,tr,Director Sales & Marketing Altran Digital
Director Sales & Marketing CE South East,Director,en,Director Sales & Marketing CE South East
Director Sales & Marketing Central Europe East,Director,en,Director Sales & Marketing Central Europe East
Director Sales & Marketing DACH,Director,en,Director Sales & Marketing DACH
Director Sales & Marketing Europe OEM Instrumentation,Director,en,Director Sales & Marketing Europe OEM Instrumentation
Director Sales & Marketing Intercoat,Director,en,Director Sales & Marketing Intercoat
Director Sales & Marketing Liquid Flow Sensors,Director,en,Director Sales & Marketing Liquid Flow Sensors
Director Sales & Marketing MSK Covertech,Director,en,Director Sales & Marketing MSK Covertech
Director Sales & Marketing Transportation,Director,en,Director Sales & Marketing Transportation
Director Sales & Marketing/ Prokurist,Director,hi,Director Sales & Marketing/ Prokurist
Director Sales Aircraft Conversion and Product Marketing,Director,en,Director Sales Aircraft Conversion and Product Marketing
Director Sales and Marketing,Director,en,Director Sales and Marketing
Director Sales and Marketing / Vorstand,Director,de,Director Sales and Marketing / Executive Board
Director Sales and Marketing International  AVIAREPS,Director,en,Director Sales and Marketing International  AVIAREPS
Director Sales and Marketing Life Sciences,Director,en,Director Sales and Marketing Life Sciences
Director Sales I Marketing I Business Development,Director,en,Director Sales I Marketing I Business Development
Director Solution Sales & Marketing - Prokurist,Director,en,Director Solution Sales & Marketing - Prokurist
Director Strategic Marketing,Director,en,Director Strategic Marketing
Director Strategic Marketing & Business Development Central Europe,Director,en,Director Strategic Marketing & Business Development Central Europe
Director Strategy & Marketing,Director,en,Director Strategy & Marketing
Divisional Director ECM (Messe Kontakt),Director,nl,Divisional Director ECM (Exhibition Contact)
Divisional Marketing Director,Director,en,Divisional Marketing Director
EMEA Director of Field & Channel Marketing,Director,en,EMEA Director of Field & Channel Marketing
EMEA Marketing Director,Director,pt,EMEA Marketing Director
EMEA Vendor Marketing Director,Director,pt,EMEA Vendor Marketing Director
Energy Group Sales Marketing Director,Director,en,Energy Group Sales Marketing Director
European Sales + Marketing Director,Director,en,European Sales + Marketing Director
Executive Director Communications & Marketing,Director,en,Executive Director Communications & Marketing
Executive Director Sales & Marketing,Director,en,Executive Director Sales & Marketing
Field Marketing Director,Director,en,Field Marketing Director
Field Marketing Director EMEA at MicroStrategy,Director,en,Field Marketing Director EMEA at MicroStrategy
Founder & Marketing Director,Director,en,Founder & Marketing Director
Geschäftsleitung Credit Solution & Director Sales/Marketing (Executive Board),Director,en,Geschäftsleitung Credit Solution & Director Sales/Marketing (Executive Board)
Global B2B Marketing Director,Director,en,Global B2B Marketing Director
Global Director Marketing & Design,Director,en,Global Director Marketing & Design
Global Director Marketing & Sales,Director,en,Global Director Marketing & Sales
Global Director Sales & Marketing | Prokurist & Mitglied der Geschäftsleitung,Director,de,Global Director Sales & Marketing - Procurist & Member of the Executive Board
Global Marketing & Supply Chain Director,Director,en,Global Marketing & Supply Chain Director
Global Marketing Director,Director,en,Global Marketing Director
Global Marketing Director - STABILUS - Business Unit Vibration & Velocity,Director,en,Global Marketing Director - STABILUS - Business Unit Vibration & Velocity
Global Marketing Director B2B,Director,en,Global Marketing Director B2B
Group Director Marketing,Director,en,Group Director Marketing
Group Director Marketing & Communication,Director,en,Group Director Marketing & Communication
Group Director Marketing and Communication,Director,en,Group Director Marketing and Communication
Group Director Marketing Strategy & Planning,Director,en,Group Director Marketing Strategy & Planning
Group Exhibitions Director / Bereichsleiter Messen,Director,de,Group Exhibitions Director / Head of Trade Fairs
Group Marketing Director,Director,en,Group Marketing Director
Group Senior Director Communication and Marketing,Director,en,Group Senior Director Communication and Marketing
Head of Product Management / Deputy Marketing Director,Director,en,Head of Product Management / Deputy Marketing Director
Interim Director Marketing D/A/CH,Director,pt,Interim Director Marketing D/A/CH
International BD and Marketing Director,Director,en,International BD and Marketing Director
International Marketing and Commercial Director,Director,en,International Marketing and Commercial Director
International Marketing Director,Director,en,International Marketing Director
Leitung Marketing und Vertrieb/ Executive Director Marketing and Sales,Director,de,Head of Marketing and Sales / Executive Director Marketing and Sales
Managing Director / Messe Kontakt,Director,de,Managing Director / Trade Fair Contact
Managing Director | Head of Sales and Product Marketing,Director,en,Managing Director | Head of Sales and Product Marketing
Managing Director DACH & Int. Marketing Batteries,Director,en,Managing Director DACH & Int. Marketing Batteries
Managing Director Marketing & International Sales,Director,en,Managing Director Marketing & International Sales
Managing Director Marketing & Sales,Director,en,Managing Director Marketing & Sales
Managing Director Sales / Marketing,Director,en,Managing Director Sales / Marketing
Marketing & Communication Director,Director,en,Marketing & Communication Director
Marketing & Documentation Director,Director,en,Marketing & Documentation Director
Marketing & Innovation Director,Director,en,Marketing & Innovation Director
Marketing & Sales Development Director for Europe,Director,en,Marketing & Sales Development Director for Europe
Marketing & Sales Director,Director,en,Marketing & Sales Director
Marketing & Sales Director - New Markets,Director,en,Marketing & Sales Director - New Markets
Marketing and Innovation Director | C-Level,Director,en,Marketing and Innovation Director | C-Level
Marketing and Product Management Director Fluid Technologies EMEA,Director,en,Marketing and Product Management Director Fluid Technologies EMEA
Marketing and Sales Director (Messe Kontakt),Director,en,Marketing and Sales Director (Messe Kontakt)
Marketing Communications Director,Director,en,Marketing Communications Director
Marketing Director,Director,en,Marketing Director
Marketing Director - EMEA South,Director,en,Marketing Director - EMEA South
Marketing Director – Gasoline Turbos Business Unit & Electric Boosting,Director,en,Marketing Director – Gasoline Turbos Business Unit & Electric Boosting
Marketing Director & Co-Team Lead,Director,en,Marketing Director & Co-Team Lead
Marketing Director (CMO),Director,en,Marketing Director (CMO)
Marketing Director (Messe Kontakt),Director,ur,Marketing Director (Exhibition Contact)
Marketing Director AdSales & New Business,Director,en,Marketing Director AdSales & New Business
Marketing Director Avery Dennison Performance Tapes,Director,en,Marketing Director Avery Dennison Performance Tapes
Marketing Director CE,Director,en,Marketing Director CE
Marketing Director CEEMEA,Director,hi,Marketing Director CEEMEA
Marketing Director DACH,Director,hi,Marketing Director DACH
Marketing Director DACH-Region,Director,en,Marketing Director DACH-Region
Marketing Director EAME,Director,en,Marketing Director EAME
Marketing Director EMEA,Director,pt,Marketing Director EMEA
Marketing Director Europe,Director,en,Marketing Director Europe
Marketing Director Global,Director,en,Marketing Director Global
Marketing Manager / Art-Director,Director,en,Marketing Manager / Art-Director
Marketing Revenue Driver | Sales Enabler | Marketing Technologist | Director of Marketing,Director,en,Marketing Revenue Driver | Sales Enabler | Marketing Technologist | Director of Marketing
Marketing/Sales Director (CMO),Director,en,Marketing/Sales Director (CMO)
Personal Assistant of Director Sales and Marketing,Director,en,Personal Assistant of Director Sales and Marketing
Project Director Sales Marketing,Director,en,Project Director Sales Marketing
Regional Director Of Sales And Marketing,Director,en,Regional Director Of Sales And Marketing
Sales & Marketing Director,Director,en,Sales & Marketing Director
Sales & Marketing Director - Ingredients & Nutrition Division,Director,en,Sales & Marketing Director - Ingredients & Nutrition Division
Sales & Marketing Director - Prokurist,Director,pt,Sales & Marketing Director - Prokurist
Sales & Marketing Director - Solar Business Unit,Director,en,Sales & Marketing Director - Solar Business Unit
Sales & Marketing Director DACH,Director,en,Sales & Marketing Director DACH
Sales & Marketing Director EMEA,Director,en,Sales & Marketing Director EMEA
Sales & Marketing Director Germany,Director,en,Sales & Marketing Director Germany
Sales + Marketing Director,Director,en,Sales + Marketing Director
Sales and Marketing Director,Director,en,Sales and Marketing Director
Sales and Marketing Director Europe & South America,Director,en,Sales and Marketing Director Europe & South America
Sales and Marketing Director Moto DACH-Benelux,Director,en,Sales and Marketing Director Moto DACH-Benelux
Sales and Marketing Operations Director EMEA,Director,en,Sales and Marketing Operations Director EMEA
Sales&Marketing Director,Director,en,Sales&Marketing Director
Senior Director Global Marketing,Director,en,Senior Director Global Marketing
Senior Director Global Marketing Communications,Director,en,Senior Director Global Marketing Communications
Senior Director Marketing,Director,en,Senior Director Marketing
Senior Director Marketing & Industry Management,Director,en,Senior Director Marketing & Industry Management
Senior Director Marketing- & Sales Controlling & Sales Services,Director,en,Senior Director Marketing- & Sales Controlling & Sales Services
Senior Director Marketing Business Area Equipment,Director,en,Senior Director Marketing Business Area Equipment
Senior Director Marketing EMEA,Director,pt,Senior Director Marketing EMEA
Senior Director Of Marketing & Sales,Director,en,Senior Director Of Marketing & Sales
Senior Director Sales & Marketing,Director,en,Senior Director Sales & Marketing
Senior Director Sales Marketing,Director,en,Senior Director Sales Marketing
Senior Marketing Director,Director,en,Senior Marketing Director
Specialist Marketing Director Head of Offering ...,Director,en,Specialist Marketing Director Head of Offering ...
Sr. Director of Global Field Marketing,Director,en,Sr. Director of Global Field Marketing
Strategic Marketing Director,Director,en,Strategic Marketing Director
Vice Director Marketing,Director,en,Vice Director Marketing
Director of Operations,Director,en,Director of Operations
Director Operations,Director,en,Director Operations
Executive Director Operations,Director,en,Executive Director Operations
Managing Directors Operations @ ZEborne,Director,en,Managing Directors Operations @ ZEborne
Operations Optimisation Director,Director,en,Operations Optimisation Director
Owner and Director of Operations,Director,en,Owner and Director of Operations
Senior Director Operations Development,Director,en,Senior Director Operations Development
Senior Director Retail Operations,Director,en,Senior Director Retail Operations
Technical Director Operations - Europe,Director,en,Technical Director Operations - Europe
Director Operational Purchasing,Director,en,Director Operational Purchasing
Abteilungsdirektor - CRM & Vertriebskoordination,Director,de,Department Director - CRM & Sales Coordination
Abteilungsdirektor Vertrieb,Director,de,Director of Sales
Area Sales Director,Director,en,Area Sales Director
Assistentin Director Sales & Products,Director,en,Assistentin Director Sales & Products
Assistentin Sales Director & CRM,Director,en,Assistentin Sales Director & CRM
Assistenz Director Sales Germany / Trade Lane Manager Africa/Middle East,Director,en,Assistenz Director Sales Germany / Trade Lane Manager Africa/Middle East
Associate Director Sales,Director,en,Associate Director Sales
Associated Director Sales & Business Development,Director,en,Associated Director Sales & Business Development
Associated Director Sales and GTS,Director,en,Associated Director Sales and GTS
Bereichsleiter Verkauf / Sales Director,Director,de,Head of Sales / Sales Director
Bereichsleiter Vertrieb / Director Sales Headqu...,Director,de,Head of Sales / Director Sales Headqu...
Branch Manager & Sales Director,Director,en,Branch Manager & Sales Director
Business Development & Solution Sales Director,Director,en,Business Development & Solution Sales Director
Business Director Sales und Training,Director,de,Business Director Sales and Training
Business Unit Director / Sales Manager B2B - PC,Director,en,Business Unit Director / Sales Manager B2B - PC
Commercial Director and Senior Sales Manager @ Smart Pole Factory,Director,en,Commercial Director and Senior Sales Manager @ Smart Pole Factory
Country & Sales Director Germany,Director,en,Country & Sales Director Germany
Deputy CEO & Sales Director D-A-CH,Director,en,Deputy CEO & Sales Director D-A-CH
Director / Head of Sales,Director,en,Director / Head of Sales
Director After Sales Service,Director,en,Director After Sales Service
Director Business Development & Sales,Director,en,Director Business Development & Sales
Director Business Development & Sales Europe,Director,en,Director Business Development & Sales Europe
Director Channel Sales,Director,en,Director Channel Sales
Director Channel Sales Germany,Director,en,Director Channel Sales Germany
Director Commercial Sales Germany,Director,en,Director Commercial Sales Germany
Director Consulting & Sales,Director,en,Director Consulting & Sales
Director Corporate & Private Sales / E-Commerce,Director,en,Director Corporate & Private Sales / E-Commerce
Director DACH Sales,Director,en,Director DACH Sales
Director Dealer Sales Germany,Director,en,Director Dealer Sales Germany
Director Enterprise Sales - EMEA,Director,pt,Director Enterprise Sales - EMEA
Director Enterprise Sales D/A/CH,Director,pt,Director Enterprise Sales D/A/CH
Director Enterprise Sales DACH,Director,en,Director Enterprise Sales DACH
Director Field Sales Germany,Director,en,Director Field Sales Germany
Director Fund Sales,Director,en,Director Fund Sales
Director General Sales | Vermögensverwalter,Director,de,Director General Sales 的 Asset Managers
Director Global Alfabet Sales and PreSales Enab...,Director,en,Director Global Alfabet Sales and PreSales Enab...
Director Global Sales,Director,en,Director Global Sales
Director Global Sales -  Industrial / Special Customers,Director,en,Director Global Sales -  Industrial / Special Customers
Director Global Sales & Strategic Customers,Director,en,Director Global Sales & Strategic Customers
Director Global Sales Derby Cycle Werke,Director,nl,Director Global Sales Derby Cycle Werke
Director Global Sales Processes,Director,en,Director Global Sales Processes
Director Inside Sales,Director,en,Director Inside Sales
Director Inside Sales Deutschland & Schweiz,Director,de,Director Inside Sales Germany & Switzerland
Director Inside Sales EMEA,Director,pt,Director Inside Sales EMEA
Director Institutional Sales,Director,en,Director Institutional Sales
Director International Sales,Director,en,Director International Sales
Director International Sales & Projects,Director,en,Director International Sales & Projects
Director International Sales / Leitung Internationaler Vertrieb,Director,de,Director International Sales / Head of International Sales
Director International Sales and Projects,Director,en,Director International Sales and Projects
Director International Sales Checkweighers,Director,en,Director International Sales Checkweighers
Director International Sales ECNE,Director,en,Director International Sales ECNE
Director Key Account Sales,Director,en,Director Key Account Sales
Director Lead Management Sales / Customer Group,Director,en,Director Lead Management Sales / Customer Group
Director Media Sales,Director,en,Director Media Sales
Director of Corporate Sales,Director,en,Director of Corporate Sales
Director of Enterprise Sales. EMEA,Director,en,Director of Enterprise Sales. EMEA
Director of Global Sales & Business Development,Director,en,Director of Global Sales & Business Development
Director of Inside Sales,Director,en,Director of Inside Sales
Director of International Sales,Director,en,Director of International Sales
Director of Process Management Sales,Director,en,Director of Process Management Sales
Director of Sales,Director,en,Director of Sales
Director of Sales - Central Europe,Director,en,Director of Sales - Central Europe
Director of Sales - EMEA,Director,en,Director of Sales - EMEA
Director of Sales & Execution,Director,en,Director of Sales & Execution
Director of Sales & General Manager,Director,en,Director of Sales & General Manager
Director of Sales & Key Account Manager,Director,en,Director of Sales & Key Account Manager
Director of Sales & Sales Engineering Europe,Director,en,Director of Sales & Sales Engineering Europe
Director of Sales & Vice President,Director,en,Director of Sales & Vice President
Director of Sales / Web Consultant,Director,en,Director of Sales / Web Consultant
Director of Sales | Western Regions,Director,en,Director of Sales | Western Regions
Director of Sales and Business Development Photovoltaics,Director,en,Director of Sales and Business Development Photovoltaics
Director of Sales DACH,Director,en,Director of Sales DACH
Director of Sales DACH // Activ Defense for Datacenters,Director,en,Director of Sales DACH // Activ Defense for Datacenters
Director of Sales EMEA,Director,en,Director of Sales EMEA
Director of Sales for Europe (EMEA),Director,en,Director of Sales for Europe (EMEA)
Director of Sales Germany,Director,en,Director of Sales Germany
Director of Sales Intelligence,Director,en,Director of Sales Intelligence
Director of Sales Regions / Leiter Direktvertri...,Director,de,Director of Sales Regions / Head of Direct...
Director Pre Sales,Director,en,Director Pre Sales
Director PreSales,Director,en,Director PreSales
Director Pre-Sales D-A-CH,Director,pt,Director Pre-Sales D-A-CH
Director Pre-Sales EMEA,Director,pt,Director Pre-Sales EMEA
Director Product Sales,Director,en,Director Product Sales
Director Provider Sales & Support,Director,en,Director Provider Sales & Support
Director Regional Sales & Partnermanagement,Director,en,Director Regional Sales & Partnermanagement
Director Regional Sales & Solutions,Director,en,Director Regional Sales & Solutions
Director Sales,Director,en,Director Sales
Director Sales - After Sales Services,Director,en,Director Sales - After Sales Services
Director Sales - New Business,Director,en,Director Sales - New Business
Director Sales & Account Management,Director,en,Director Sales & Account Management
Director Sales & Authorized Officer,Director,en,Director Sales & Authorized Officer
Director Sales & Automation MSR,Director,en,Director Sales & Automation MSR
Director Sales & BD,Director,en,Director Sales & BD
Director Sales & Biz Development,Director,en,Director Sales & Biz Development
Director Sales & Business Development,Director,en,Director Sales & Business Development
Director Sales & Business Development DACH,Director,en,Director Sales & Business Development DACH
Director Sales & Business Development Manager,Director,en,Director Sales & Business Development Manager
Director Sales & Consulting Member of the Board,Director,en,Director Sales & Consulting Member of the Board
Director Sales & Director Sales Engineering,Director,en,Director Sales & Director Sales Engineering
Director Sales & Distribution Germany,Director,en,Director Sales & Distribution Germany
Director Sales & Management Consultant SAP BI,Director,en,Director Sales & Management Consultant SAP BI
Director Sales & New Business,Director,en,Director Sales & New Business
Director Sales & Operations,Director,en,Director Sales & Operations
Director Sales & Partnermanagement,Director,en,Director Sales & Partnermanagement
Director Sales & Programs,Director,en,Director Sales & Programs
Director Sales & Project Management,Director,en,Director Sales & Project Management
Director Sales & Prokurist,Director,ur,Director Sales & Prokurist
Director Sales & Relations,Director,en,Director Sales & Relations
Director Sales & Relations D-A-CH,Director,en,Director Sales & Relations D-A-CH
Director Sales & Service,Director,en,Director Sales & Service
Director Sales & Service - Prokurist,Director,en,Director Sales & Service - Prokurist
Director Sales & Solutions,Director,en,Director Sales & Solutions
Director Sales (Vertriebsleiter),Director,de,Director Sales (Head of Sales)
Director Sales / Geschäftsleitung ALSO Deutschland GmbH,Director,de,Director Sales / Executive Board ALSO Deutschland GmbH
Director Sales / Vertriebsleiter,Director,de,Director Sales / Sales Manager
Director Sales + Productmanagement,Director,en,Director Sales + Productmanagement
Director Sales Administration,Director,en,Director Sales Administration
Director Sales Administration/Key Account Manager,Director,en,Director Sales Administration/Key Account Manager
Director Sales and Application Engineering,Director,en,Director Sales and Application Engineering
Director Sales and Business Development,Director,en,Director Sales and Business Development
Director Sales and Customer Service,Director,en,Director Sales and Customer Service
Director Sales and Operation,Director,en,Director Sales and Operation
Director Sales and Operations,Director,en,Director Sales and Operations
Director Sales and Portfolio Management,Director,en,Director Sales and Portfolio Management
Director Sales and Product Management DIE WELT ...,Director,de,Director Sales and Product Management THE WORLD ...
Director Sales and Recruitment,Director,en,Director Sales and Recruitment
Director Sales and Support,Director,en,Director Sales and Support
Director Sales Asia & Pacific,Director,en,Director Sales Asia & Pacific
Director Sales Business Development,Director,en,Director Sales Business Development
Director Sales Business Unit Commercial Vehicle,Director,en,Director Sales Business Unit Commercial Vehicle
Director Sales Central EU,Director,en,Director Sales Central EU
Director Sales Consulting,Director,en,Director Sales Consulting
Director Sales Consulting Central Europe,Director,en,Director Sales Consulting Central Europe
Director Sales Cornerstone on Demand,Director,en,Director Sales Cornerstone on Demand
Director Sales D/A/CH,Director,en,Director Sales D/A/CH
Director Sales D/A/CH & Director Key Market LSR,Director,en,Director Sales D/A/CH & Director Key Market LSR
Director Sales DACH,Director,en,Director Sales DACH
Director Sales D-A-CH,Director,pt,Director Sales D-A-CH
Director Sales DACH & Eastern Europe,Director,en,Director Sales DACH & Eastern Europe
Director Sales DACH & Nordics,Director,en,Director Sales DACH & Nordics
Director Sales eGovernment Solutions,Director,en,Director Sales eGovernment Solutions
Director Sales EMEA,Director,en,Director Sales EMEA
Director Sales EMEA - Prokurist,Director,pt,Director Sales EMEA - Prokurist
Director Sales Engineering DACH,Director,en,Director Sales Engineering DACH
Director Sales Engineering EMEA,Director,en,Director Sales Engineering EMEA
Director Sales Europe,Director,en,Director Sales Europe
Director Sales Excellence,Director,en,Director Sales Excellence
Director Sales Germany,Director,en,Director Sales Germany
Director Sales International Customers,Director,en,Director Sales International Customers
Director Sales Key Account,Director,en,Director Sales Key Account
Director Sales Lab,Director,en,Director Sales Lab
Director Sales Lenses Germany (West & Central) & Luxemburg,Director,en,Director Sales Lenses Germany (West & Central) & Luxemburg
Director Sales national / international,Director,en,Director Sales national / international
Director Sales Operations,Director,en,Director Sales Operations
Director Sales Operations Worldwide,Director,en,Director Sales Operations Worldwide
Director Sales PPM,Director,en,Director Sales PPM
Director Sales RBU Europe - Sheetfed/UV,Director,en,Director Sales RBU Europe - Sheetfed/UV
Director Sales Region Asia & Oceania,Director,en,Director Sales Region Asia & Oceania
Director Sales Robert Bosch GmbH,Director,de,Director Sales Robert Bosch GmbH
Director Sales Support,Director,en,Director Sales Support
Director Sales valantic CEC Deutschland GmbH,Director,de,Director Sales valantic CEC Deutschland GmbH
Director Sales West & North East,Director,en,Director Sales West & North East
Director Sales Western Europe,Director,en,Director Sales Western Europe
Director Sales/SVP,Director,en,Director Sales/SVP
Director Salesforce Practice,Director,en,Director Salesforce Practice
Director Strategy and Sales Services EMEA,Director,en,Director Strategy and Sales Services EMEA
Director Vertrieb & Produktmanagement,Director,de,Director Sales & Product Management
Direktor Vertriebssteuerung - Director Marketin...,Director,de,Director Sales Management - Director Marketin...
EMEA Sales Director,Director,en,EMEA Sales Director
Enterprise Sales Director DACH,Director,en,Enterprise Sales Director DACH
European Digital Sales Director,Director,en,European Digital Sales Director
European Sales Director,Director,en,European Sales Director
Executive Director of Sales,Director,en,Executive Director of Sales
Executive Director Sales,Director,en,Executive Director Sales
Field Sales Director Off-Trade (Nat. Verkaufsleitung Handel),Director,de,Field Sales Director Off-Trade (Nat. Verkaufsleitung Handel)
Field Sales Group Director,Director,en,Field Sales Group Director
Founder & Managing Director  / Sales Evangelist,Director,en,Founder & Managing Director  / Sales Evangelist
General Sales Director,Director,en,General Sales Director
Gesamtvertriebsleiter/ Sales Director,Director,de,Sales Director
Global Director of Sales Operations,Director,en,Global Director of Sales Operations
Global Director Sales & Technology - Gauze Applications,Director,en,Global Director Sales & Technology - Gauze Applications
Global Director Sales Enablement,Director,en,Global Director Sales Enablement
Global Sales & Service Director,Director,en,Global Sales & Service Director
Global Sales Director,Director,en,Global Sales Director
Global Sales Director & wire springs division manager,Director,en,Global Sales Director & wire springs division manager
Global Sales Director / CSO,Director,en,Global Sales Director / CSO
Global Sales Director @Solukon,Director,it,Global Sales Director @Solukon
Global Sales Director Sodiaal Dairy Ingredients,Director,en,Global Sales Director Sodiaal Dairy Ingredients
Global Sales Performance Director,Director,en,Global Sales Performance Director
Group Director Sales,Director,en,Group Director Sales
Group Director Sales Processes & RFQ,Director,en,Group Director Sales Processes & RFQ
Group Sales Director,Director,en,Group Sales Director
Head of Collaboration - Director Sales,Director,en,Head of Collaboration - Director Sales
Head of Development – Sales Director – Assystem ET&I,Director,en,Head of Development – Sales Director – Assystem ET&I
Head of Sales/Commercial Director Life Science & Nutrition,Director,en,Head of Sales/Commercial Director Life Science & Nutrition
Inhaber / Director Sales,Director,de,Owner / Director Sales
Inside Sales Director BU Network Solution & IT ...,Director,en,Inside Sales Director BU Network Solution & IT ...
Interims Director Sales & Strat. Partnerships,Director,en,Interims Director Sales & Strat. Partnerships
International Sales Director,Director,en,International Sales Director
International Sales Director at CAM Systems GmbH,Director,en,International Sales Director at CAM Systems GmbH
Key Account Sales Director,Director,en,Key Account Sales Director
Leiter Vertrieb / Director Sales,Director,de,Head of Sales / Director Sales
Leiter Vertrieb / Sales Director,Director,de,Head of Sales / Sales Director
"at ait-deutschland GmbH""",Director,de,at ait-deutschland GmbH'
Leiter Vertrieb/Director Sales,Director,de,Head of Sales/Director Sales
Leiterin Vertrieb / Director of Corporate Sales,Director,de,Head of Sales / Director of Corporate Sales
Leiterin Vertrieb Innendienst / Director Inside Sales,Director,de,Head of Internal Sales / Director Inside Sales
Leitung Verkauf / Director of Sales,Director,de,Head of Sales / Director of Sales
Ltd. Angestellter Vertrieb / Bezirksdirektor,Director,de,Ltd. Employee Sales / District Director
Managing Director - Head of Sales DACH & Nordics,Director,en,Managing Director - Head of Sales DACH & Nordics
Managing Director - International Sales and Par...,Director,en,Managing Director - International Sales and Par...
Managing Director & Head of Sales,Director,en,Managing Director & Head of Sales
Managing Director Capri Sun Vertrieb Deutschland,Director,de,Managing Director Capri Sun Sales Germany
Managing Director Sales,Director,en,Managing Director Sales
Managing Director Sales // Regional Director DA...,Director,en,Managing Director Sales // Regional Director DA...
National Sales Director KAM,Director,hi,National Sales Director KAM
Organisationsdirektor Vertrieb Generalagenten,Director,de,Organizational Director Sales General Agents
Performance Sales Director,Director,en,Performance Sales Director
ppa. Verkaufsleiter | Sales Director D A CH International,Director,de,ppa. Sales Director D A CH International
Process Sales Director - Europe,Director,en,Process Sales Director - Europe
Program Director - Salesforce expert | John Paul Group,Director,en,Program Director - Salesforce expert | John Paul Group
Prokurist - Director Sales,Director,ur,Prokurist - Director Sales
Prokurist - Director Sales and Technical Service Europe,Director,en,Prokurist - Director Sales and Technical Service Europe
Regional Director - Sales and Account Management,Director,en,Regional Director - Sales and Account Management
Regional Director of Sales DACH,Director,en,Regional Director of Sales DACH
Regional Sales  Director - EMEA,Director,pt,Regional Sales  Director - EMEA
Regional Sales Director,Director,en,Regional Sales Director
Regional Sales Director CEER,Director,nl,Regional Sales Director CEER
Regional Sales Director Central Europe & Poland,Director,en,Regional Sales Director Central Europe & Poland
Regional Sales Director DACH,Director,en,Regional Sales Director DACH
Regional Sales Director DE/CH,Director,pt,Regional Sales Director DE/CH
Regional Sales Director EMEA and India,Director,en,Regional Sales Director EMEA and India
Regional Sales Director Germany,Director,en,Regional Sales Director Germany
Regional Sales Director Nonwovens,Director,it,Regional Sales Director Nonwovens
Regionaldirektor / Head of Sales and CRM,Director,nl,Regionaldirektor / Head of Sales and CRM
Sales & Business Development Director (Mitglied...,Director,en,Sales & Business Development Director (Mitglied...
Sales & Engineering Director,Director,en,Sales & Engineering Director
Sales and Business Development Director,Director,en,Sales and Business Development Director
Sales Development  & Mktg Director,Director,en,Sales Development  & Mktg Director
Sales Development Director,Director,en,Sales Development Director
Sales Director,Director,en,Sales Director
Sales Director - Agriculture (AG) Europe,Director,en,Sales Director - Agriculture (AG) Europe
Sales Director - CCO,Director,en,Sales Director - CCO
Sales Director - DACH,Director,en,Sales Director - DACH
Sales Director - Europe,Director,en,Sales Director - Europe
Sales Director  International B2B & Food Service,Director,en,Sales Director  International B2B & Food Service
Sales Director - Prokurist,Director,ur,Sales Director - Prokurist
Sales Director & Key Account Manager,Director,en,Sales Director & Key Account Manager
Sales Director & Niederlassungsleiter,Director,de,Sales Director & Branch Manager
Sales Director (Export),Director,en,Sales Director (Export)
Sales Director (Vertriebsleiter),Director,de,Sales Director (Head of Sales)
Sales Director / Head of Sales,Director,en,Sales Director / Head of Sales
Sales Director / Leitung Vertrieb,Director,de,Sales Director / Head of Sales
Sales Director / Mitglied der GL,Director,de,Sales Director / Member of the GL
Sales Director / Objektleiter,Director,de,Sales Director / Object Manager
Sales Director / Prokurist,Director,ur,Sales Director / Prokurist
Sales Director / Vertrieb,Director,de,Sales Director / Sales
Sales Director / Vertriebsleiter,Director,de,Sales Director / Sales Manager
Sales Director / Vertriebsleitung,Director,de,Sales Director / Sales Director
Sales Director B2B,Director,en,Sales Director B2B
Sales Director BABYWELT,Director,de,Sales Director BABYWELT
Sales Director Benelux and International Training Manager,Director,en,Sales Director Benelux and International Training Manager
Sales Director BMW Group,Director,en,Sales Director BMW Group
Sales Director Brand Label,Director,en,Sales Director Brand Label
Sales Director Central & Eastern Europe / Global Rail Applications,Director,en,Sales Director Central & Eastern Europe / Global Rail Applications
Sales Director Central Europe,Director,en,Sales Director Central Europe
Sales Director Central&Eastern Europe Fragrances & Oral Care,Director,en,Sales Director Central&Eastern Europe Fragrances & Oral Care
Sales Director Channel Germany,Director,en,Sales Director Channel Germany
Sales Director Commercial / Central Europe,Director,en,Sales Director Commercial / Central Europe
Sales Director Compliance Solutions,Director,en,Sales Director Compliance Solutions
Sales Director Consumer Packaging & Display,Director,en,Sales Director Consumer Packaging & Display
Sales Director D/A/CH,Director,en,Sales Director D/A/CH
Sales Director DACH,Director,en,Sales Director DACH
Sales Director D-A-CH,Director,pt,Sales Director D-A-CH
Sales Director DACH & BeNeLux - Colt Capital Markets - / Prokurist,Director,en,Sales Director DACH & BeNeLux - Colt Capital Markets - / Prokurist
Sales Director DACH & CEE,Director,en,Sales Director DACH & CEE
Sales Director DACH & IBERIA,Director,de,Sales Director DACH & IBERIA
Sales Director DECH,Director,hi,Sales Director DECH
Sales Director Deutschland Print & Digital,Director,de,Sales Director Germany Print & Digital
Sales Director Digital Services,Director,en,Sales Director Digital Services
Sales Director Discount,Director,en,Sales Director Discount
Sales Director Distributor Northern & Central E...,Director,en,Sales Director Distributor Northern & Central E...
Sales Director Döhle Group,Director,tr,Sales Director Döhle Group
Sales Director Dossche Mills,Director,de,Sales Director Dossche Mills
Sales Director E-Commerce,Director,en,Sales Director E-Commerce
Sales Director EEMEA,Director,pt,Sales Director EEMEA
Sales Director EMEA,Director,en,Sales Director EMEA
Sales Director Europe,Director,en,Sales Director Europe
Sales Director European Subsidiaries,Director,en,Sales Director European Subsidiaries
Sales Director Export,Director,en,Sales Director Export
Sales Director German OEM's FTDS,Director,en,Sales Director German OEM's FTDS
Sales Director Germany,Director,en,Sales Director Germany
Sales Director Germany & Austria,Director,en,Sales Director Germany & Austria
Sales Director Germany / Vertriebsdirektor Deutschland,Director,de,Sales Director Germany / Sales Director Germany
Sales Director Global & Business Unit Development,Director,en,Sales Director Global & Business Unit Development
Sales Director GM Europe,Director,en,Sales Director GM Europe
Sales Director High Performance Nonwovens,Director,en,Sales Director High Performance Nonwovens
Sales Director Hotel & Spa APAC,Director,en,Sales Director Hotel & Spa APAC
Sales Director Industrial Key Accounts,Director,en,Sales Director Industrial Key Accounts
Sales Director Infrastructure,Director,en,Sales Director Infrastructure
Sales Director International,Director,en,Sales Director International
Sales Director International Business,Director,en,Sales Director International Business
Sales Director International Distribution Partners,Director,en,Sales Director International Distribution Partners
Sales Director International Key Accounts,Director,en,Sales Director International Key Accounts
Sales Director Intralogistics Europe,Director,en,Sales Director Intralogistics Europe
Sales Director IR Solutions and UV Lamps,Director,en,Sales Director IR Solutions and UV Lamps
Sales Director Jacobi Carbons GmbH,Director,en,Sales Director Jacobi Carbons GmbH
Sales Director Key Accounts,Director,en,Sales Director Key Accounts
Sales Director MSR,Director,en,Sales Director MSR
Sales Director New Markets,Director,en,Sales Director New Markets
Sales Director NGINX,Director,en,Sales Director NGINX
Sales Director Northern & Eastern Europe,Director,en,Sales Director Northern & Eastern Europe
Sales Director OEM / Geschäftsführer Ronal Technologie GmbH,Director,de,Sales Director OEM / Managing Director Ronal Technologie GmbH
Sales Director Off-Trade & Wholesale,Director,en,Sales Director Off-Trade & Wholesale
Sales Director PCG,Director,en,Sales Director PCG
Sales Director Pharma,Director,en,Sales Director Pharma
Sales Director PHE HVAC/Light Industry D-A-CH,Director,en,Sales Director PHE HVAC/Light Industry D-A-CH
Sales Director Rapid Prototyping,Director,en,Sales Director Rapid Prototyping
Sales Director Retsch GmbH / Vertriebsleiter,Director,de,Sales Director Retsch GmbH / Sales Manager
Sales Director SAP Solutions & Technology,Director,en,Sales Director SAP Solutions & Technology
Sales Director SEE,Director,en,Sales Director SEE
Sales Director Solutions,Director,en,Sales Director Solutions
Sales Director Southern Europe,Director,en,Sales Director Southern Europe
Sales Director Special Products,Director,en,Sales Director Special Products
Sales Director Spirits & Business Development,Director,en,Sales Director Spirits & Business Development
Sales Director Strategic Accounts,Director,en,Sales Director Strategic Accounts
Sales Director Systems,Director,en,Sales Director Systems
Sales Director Talent Management DACH,Director,en,Sales Director Talent Management DACH
Sales Director Technical Sales,Director,en,Sales Director Technical Sales
Sales Director Territory,Director,en,Sales Director Territory
Sales Director US,Director,en,Sales Director US
Sales Director VAUTID GmbH || ? International B2B-Sales ? || Business Development || Leadership || ?? #gernperdu ??,Director,hi,Sales Director VAUTID GmbH || ? International B2B-Sales ? || Business Development || Leadership || ?? #gernperdu ??
Sales Director West Germany,Director,en,Sales Director West Germany
Sales Director/ Vertriebsdirektor,Director,de,Sales Director/ Sales Director
Sales Excellence Program Director,Director,en,Sales Excellence Program Director
Sales Innovation Director (International Operations),Director,en,Sales Innovation Director (International Operations)
Sales Operations Director France & SWitzerland,Director,nl,Sales Operations Director France & SWitzerland
Salesforce Project Director,Director,en,Salesforce Project Director
Senior Director Enterprise Sales,Director,en,Senior Director Enterprise Sales
Senior Director Global Sales,Director,en,Senior Director Global Sales
Senior Director of Outside Sales,Director,en,Senior Director of Outside Sales
Senior Director Sales,Director,en,Senior Director Sales
Senior Director Sales & Service,Director,en,Senior Director Sales & Service
Senior Director Sales Germany,Director,en,Senior Director Sales Germany
Senior Director Sales International,Director,en,Senior Director Sales International
Senior Director Sales Office,Director,en,Senior Director Sales Office
Senior Director Sales Operations & Pricing EMEA,Director,en,Senior Director Sales Operations & Pricing EMEA
Senior Sales + Medical Director,Director,en,Senior Sales + Medical Director
Senior Sales Director,Director,en,Senior Sales Director
Senior Sales Director Systems & Software Engineering World Wide,Director,en,Senior Sales Director Systems & Software Engineering World Wide
Services Sales Director Central,Director,en,Services Sales Director Central
Sr. Director Channel Sales EMEA,Director,en,Sr. Director Channel Sales EMEA
Stellvertretender Sales Director | Senior Account Director,Director,de,Deputy Sales Director 的 Senior Account Director
Strategic Sales Director International,Director,en,Strategic Sales Director International
Unit Director Digital Sales,Director,en,Unit Director Digital Sales
Verkaufsdirektor/Director of Sales,Director,de,Sales Director/Director of Sales
Verkaufsleiter / Sales Director,Director,de,Sales Manager / Sales Director
Vertriebsdirektor,Director,de,Sales Director
Vertriebsdirektor - Dipl. Systemischer Coach - ...,Director,de,Sales Director - Dipl. Systemischer Coach - ...
Vertriebsdirektor (Sales Director),Director,de,Sales Director
Vertriebsdirektor / Prokurist,Director,de,Sales Director / Procurator
Vertriebsdirektor / Sales Director,Director,de,Sales Director / Sales Director
Vertriebsdirektor Firmenkunden,Director,de,Sales Director Corporate Clients
Vertriebsdirektor/ Sales Director DRI Central Europe & Pouch Packaging International,Director,de,Sales Director DRI Central Europe & Pouch Packaging International
Vertriebsleiter - Sales Director,Director,de,Sales Director - Sales Director
Vertriebsleiter (Sales Director),Director,de,Sales Director
Vertriebsleiter / Director Sales,Director,de,Sales Manager / Director Sales
Vertriebsleiter / Sales Director,Director,de,Sales Director / Sales Director
Vertriebsleiter / Senior Sales Director,Director,de,Sales Manager / Senior Sales Director
Vertriebsleiter | Sales Director,Director,de,Sales Director -- Sales Director
Vertriebsleiter D+AT / Sales Director D+AT,Director,de,Sales Director D+AT / Sales Director D+AT
Vertriebsleiter Deutschland / Sales Director Germany,Director,de,Sales Director Germany / Sales Director Germany
Vertriebsleiter/ Director Sales Lacon Gruppe,Director,de,Sales Manager / Director Sales Lacon Group
Vertriebsleitung / Sales Director,Director,de,Sales Director / Sales Director
Vertriebsleitung Deutschland / Sales Director Germany,Director,de,Sales Director Germany / Sales Director Germany
VP Global Sales & Managing Director,Director,en,VP Global Sales & Managing Director
VP Regional Sales EU  Central / Managing Director Germany,Director,en,VP Regional Sales EU  Central / Managing Director Germany
Geschäftsführer - Junior,Junior,de,Managing Director - Junior
Geschäftsführer Junior,Junior,de,Managing Director Junior
Junior Acquisition Manager,Junior,en,Junior Acquisition Manager
Junior Affiliate Manager,Junior,en,Junior Affiliate Manager
Junior Chefin,Junior,en,Junior Chefin
Junior Content-Managerin,Junior,en,Junior Content-Managerin
Junior Data Quality Specialist,Junior,en,Junior Data Quality Specialist
Junior Engineering Program Manager,Junior,en,Junior Engineering Program Manager
Junior Event Managerin,Junior,en,Junior Event Managerin
Junior Eventmanager,Junior,en,Junior Eventmanager
Junior Financial Analyst in Training,Junior,en,Junior Financial Analyst in Training
Junior Manager Investor Relations & Unternehmen...,Junior,en,Junior Manager Investor Relations & Unternehmen...
Junior Media Designer,Junior,en,Junior Media Designer
Junior Product Manager,Junior,en,Junior Product Manager
Junior Project Manager,Junior,en,Junior Project Manager
Junior Projektleiter,Junior,de,Junior Project Manager
Junior Projektmanager,Junior,en,Junior Projektmanager
Junior Projektmanagerin Investorenbetreuung,Junior,de,Junior Project Manager Investor Support
Junior Texterin,Junior,de,Junior copywriter
Junior Verpackungsentwickler,Junior,de,Junior Packaging Developer
Junior Assistenz,Junior,de,Junior Assistant
Junior Berater Business Development Performance...,Junior,en,Junior Berater Business Development Performance...
Junior Business Analyst,Junior,en,Junior Business Analyst
Junior Business Development Intern,Junior,en,Junior Business Development Intern
Junior Consultant SAP Business Intelligence,Junior,en,Junior Consultant SAP Business Intelligence
Junior Consultant,Junior,en,Junior Consultant
SAP Junior Inhouse Consultant,Junior,en,SAP Junior Inhouse Consultant
Global Digitalization Junior Expert,Junior,en,Global Digitalization Junior Expert
Junior Manager Digital Media & Client Services,Junior,en,Junior Manager Digital Media & Client Services
Junior SAP Berater / Anwendungsentwickler,Junior,de,Junior SAP Consultant / Application Developer
CRM Junior Datenmanagerin,Junior,nl,CRM Junior Data Manager
CRM Junior Managerin,Junior,en,CRM Junior Managerin
CRM Junior Projekt Manager,Junior,en,CRM Junior Projekt Manager
Junior Content & CRM Manager,Junior,en,Junior Content & CRM Manager
Junior CRM-Applikationsbetreuerin,Junior,nl,Junior CRM application manager
Junior Expert CRM Consulting,Junior,en,Junior Expert CRM Consulting
Junior Kundenberater CRM,Junior,de,Junior Customer Consultant CRM
Junior Project Manager CRM,Junior,en,Junior Project Manager CRM
Market Analyst & CRM Junior,Junior,en,Market Analyst & CRM Junior
Digital Native | Junior Manager | E-Commerce & Digital Marketing,Junior,en,Digital Native | Junior Manager | E-Commerce & Digital Marketing
Junior Communication Specialist,Junior,en,Junior Communication Specialist
Junior Communications Specialist,Junior,en,Junior Communications Specialist
Junior Consultant E-Mail Marketing & CRM,Junior,it,Junior Consultant E-Mail Marketing & CRM
Junior Digital Marketing Manager,Junior,en,Junior Digital Marketing Manager
Junior Expert CRM/ GDPR/ Marketing Coporate Communications and Public Affairs,Junior,en,Junior Expert CRM/ GDPR/ Marketing Coporate Communications and Public Affairs
Junior Field Marketing Specialist,Junior,en,Junior Field Marketing Specialist
Junior Key Account Manager Industry / Marketing Representative,Junior,en,Junior Key Account Manager Industry / Marketing Representative
Junior Manager Event & Channel Marketing,Junior,en,Junior Manager Event & Channel Marketing
Junior Manager Marketing & PR,Junior,en,Junior Manager Marketing & PR
Junior Manager Marketing & Sales,Junior,en,Junior Manager Marketing & Sales
Junior Manager Marketing Communications,Junior,en,Junior Manager Marketing Communications
Junior Manager Marketingkommunikation & Sales,Junior,en,Junior Manager Marketingkommunikation & Sales
Junior Manager Product & Corporate Communication EMEA (Messe Kontakt),Junior,nl,Junior Manager Product & Corporate Communication EMEA (Messe Kontakt)
Junior Manager Sales and Marketing,Junior,en,Junior Manager Sales and Marketing
Junior Marketing & Event Manager,Junior,en,Junior Marketing & Event Manager
Junior Marketing and Communication Manager,Junior,en,Junior Marketing and Communication Manager
Junior Marketing Assistant,Junior,en,Junior Marketing Assistant
Junior Marketing Assistent,Junior,en,Junior Marketing Assistent
Junior Marketing Communications Specialist,Junior,en,Junior Marketing Communications Specialist
Junior Marketing Manager,Junior,en,Junior Marketing Manager
Junior Marketing Manager - Eventmarketing,Junior,en,Junior Marketing Manager - Eventmarketing
Junior Marketing Manager Messen & Events,Junior,en,Junior Marketing Manager Messen & Events
Junior Marketing Managerin,Junior,en,Junior Marketing Managerin
Junior Marketing Referentin,Junior,tr,Junior Marketing Consultant
Junior Marketing Specialist,Junior,en,Junior Marketing Specialist
Junior Marketingmanager,Junior,en,Junior Marketingmanager
Junior Marketing-Projektmanager,Junior,en,Junior Marketing-Projektmanager
Junior Marketingreferentin,Junior,de,Junior Marketing Officer
Junior Messe- & Eventmanager,Junior,de,Junior Fair & Event Manager
Junior Online Marketing Manager,Junior,en,Junior Online Marketing Manager
Junior Project Manager Marketing,Junior,en,Junior Project Manager Marketing
Junior Projektmanager Messen,Junior,de,Junior Project Manager Fairs
Junior Projektmanager Sales & Marketing International,Junior,en,Junior Projektmanager Sales & Marketing International
Junior Sales- & Marketing-Manager,Junior,en,Junior Sales- & Marketing-Manager
Junior Trade Marketing Manager,Junior,en,Junior Trade Marketing Manager
Junior Trade Marketing Managerin,Junior,en,Junior Trade Marketing Managerin
Junior-Marketingmanagerin,Junior,en,Junior-Marketingmanagerin
Junior-Marketing-Mitarbeiterin,Junior,de,Junior Marketing Employee
Trainee - Junior Online Marketing Managerin,Junior,en,Trainee - Junior Online Marketing Managerin
Junior Account Manager,Junior,en,Junior Account Manager
Junior Expert CRM - Sales Projects & CRM - B&R Industrial Automation,Junior,en,Junior Expert CRM - Sales Projects & CRM - B&R Industrial Automation
Junior Head of Sales Germany,Junior,en,Junior Head of Sales Germany
Junior Key Account Manager,Junior,en,Junior Key Account Manager
Junior Sales Development Managerin,Junior,en,Junior Sales Development Managerin
Junior Sales Development Representative,Junior,en,Junior Sales Development Representative
Junior Sales Force Effectiveness Customer Relationship Mangement Manager,Junior,en,Junior Sales Force Effectiveness Customer Relationship Mangement Manager
Junior Sales Manager,Junior,en,Junior Sales Manager
Junior Vertriebsingenieur,Junior,de,Junior Sales Engineer
BU-Head Automotive,Lead,it,BU-Head Automotive
Global Head Advanced Technology Development and Innovation,Lead,en,Global Head Advanced Technology Development and Innovation
Global Head of Commercial Strategy,Lead,en,Global Head of Commercial Strategy
Group Head SEA,Lead,en,Group Head SEA
Head,Lead,en,Head
Head Clinical Biochemistry and Pharmacology Unit,Lead,en,Head Clinical Biochemistry and Pharmacology Unit
Head Data Analytics & Reporting,Lead,en,Head Data Analytics & Reporting
Head Group ICT,Lead,en,Head Group ICT
Head of 360°Degree International,Lead,en,Head of 360°Degree International
Head of Advertising,Lead,en,Head of Advertising
Head of Application Development,Lead,en,Head of Application Development
Head of Automation,Lead,en,Head of Automation
Head of B2B,Lead,en,Head of B2B
Head of Brand & Event,Lead,en,Head of Brand & Event
Head of Brand Activation & Projects REHAU Group,Lead,en,Head of Brand Activation & Projects REHAU Group
Head of Brand Relations,Lead,en,Head of Brand Relations
Head of business applications,Lead,en,Head of business applications
Head of Central Services und Qualitätsmanagement,Lead,de,Head of Central Services and Quality Management
Head of Client Consulting (Nord),Lead,en,Head of Client Consulting (Nord)
Head of Client Development,Lead,en,Head of Client Development
Head of Client Services F&B,Lead,en,Head of Client Services F&B
Head of Client Success,Lead,en,Head of Client Success
Head of Commercial DACH,Lead,en,Head of Commercial DACH
Head of Commodities & Biofuels,Lead,pt,Head of Commodities & Biofuels
Head of Competence Center,Lead,en,Head of Competence Center
Head of Competence Center Software Solutions,Lead,en,Head of Competence Center Software Solutions
Head of Competitive and Market Intelligence,Lead,en,Head of Competitive and Market Intelligence
Head of Consulting,Lead,en,Head of Consulting
Head of Consumer Data and Owned Media | Coca-Cola Western Europe,Lead,en,Head of Consumer Data and Owned Media | Coca-Cola Western Europe
Head of Controlling,Lead,en,Head of Controlling
Head of Corporate Design,Lead,en,Head of Corporate Design
Head of Corporate Events,Lead,en,Head of Corporate Events
Head of Corporate Strategy,Lead,en,Head of Corporate Strategy
Head Of Corporate Sustainability,Lead,en,Head Of Corporate Sustainability
Head of Coworking & Community,Lead,en,Head of Coworking & Community
Head of Customer Care,Lead,en,Head of Customer Care
Head of Customer Contact Center,Lead,en,Head of Customer Contact Center
Head of Customer Data,Lead,en,Head of Customer Data
Head of Customer Projects,Lead,en,Head of Customer Projects
Head of Customer Relations,Lead,en,Head of Customer Relations
Head of Customer Relationship Europe,Lead,en,Head of Customer Relationship Europe
Head of Customer Service,Lead,en,Head of Customer Service
Head of Customer Service Desk,Lead,en,Head of Customer Service Desk
Head of DACH,Lead,en,Head of DACH
Head of Data,Lead,en,Head of Data
Head of Data & Analytics,Lead,en,Head of Data & Analytics
Head of Data & Applications,Lead,en,Head of Data & Applications
Head of Data & BI Department,Lead,en,Head of Data & BI Department
Head of Data / DevOps Practice,Lead,en,Head of Data / DevOps Practice
Head of Database Development,Lead,en,Head of Database Development
Head of Defense solutions,Lead,en,Head of Defense solutions
Head of Demand Generation,Lead,en,Head of Demand Generation
Head of Demand Generation Central Europe,Lead,en,Head of Demand Generation Central Europe
Head of Development,Lead,en,Head of Development
Head of digital business sales & marketing,Lead,en,Head of digital business sales & marketing
Head of Division Port Process Solution,Lead,en,Head of Division Port Process Solution
Head of E-Commerce,Lead,en,Head of E-Commerce
Head of Engineering,Lead,en,Head of Engineering
Head of ERP & Data Integration,Lead,en,Head of ERP & Data Integration
Head of Events,Lead,en,Head of Events
Head of Events D-A-CH,Lead,en,Head of Events D-A-CH
Head of Fairs & Events,Lead,en,Head of Fairs & Events
Head of Finance,Lead,en,Head of Finance
Head of Finance & Controlling,Lead,en,Head of Finance & Controlling
Head of finanzcheckPRO GmbH,Lead,de,Head of financialcheckPRO GmbH
Head of Global Corporate and Operational Contro...,Lead,en,Head of Global Corporate and Operational Contro...
Head of Global Customer Experience,Lead,en,Head of Global Customer Experience
Head of Global Market Activation,Lead,en,Head of Global Market Activation
Head of GLobal Technology,Lead,en,Head of GLobal Technology
Head of Global Trade Shows,Lead,en,Head of Global Trade Shows
Head of Growth,Lead,en,Head of Growth
Head of Information Security Consulting / CISO,Lead,en,Head of Information Security Consulting / CISO
Head of Information Technology,Lead,en,Head of Information Technology
Head of Innovation,Lead,en,Head of Innovation
Head of InnovationLab,Lead,en,Head of InnovationLab
Head of Insights,Lead,en,Head of Insights
Head of Integrations,Lead,en,Head of Integrations
Head of intern. Fairs and Exhibitions,Lead,en,Head of intern. Fairs and Exhibitions
Head of Key Account,Lead,en,Head of Key Account
Head of Knowledge Transfer,Lead,en,Head of Knowledge Transfer
Head of Lead Generation,Lead,en,Head of Lead Generation
Head of Leadgeneration (D-A-CH),Lead,en,Head of Leadgeneration (D-A-CH)
Head of MarCom,Lead,en,Head of MarCom
Head of Market Development,Lead,en,Head of Market Development
Head of Market Intelligence,Lead,en,Head of Market Intelligence
Head of Market Segment,Lead,en,Head of Market Segment
Head of Order Processing Department,Lead,en,Head of Order Processing Department
Head of Organization,Lead,en,Head of Organization
Head of Partnerships - Central Europe,Lead,en,Head of Partnerships - Central Europe
Head of Partnerships and Accounts,Lead,en,Head of Partnerships and Accounts
Head of Personnel Development,Lead,en,Head of Personnel Development
Head of Presales Central Europe,Lead,en,Head of Presales Central Europe
Head of private labeling,Lead,en,Head of private labeling
Head of Product,Lead,en,Head of Product
Head of Product Consulting,Lead,en,Head of Product Consulting
Head of Product Development,Lead,en,Head of Product Development
Head of Products,Lead,en,Head of Products
Head of Products and Services,Lead,en,Head of Products and Services
Head of Produktmanagement,Lead,en,Head of Produktmanagement
Head of Professional Service,Lead,en,Head of Professional Service
Head of Public Relations,Lead,en,Head of Public Relations
Head of Public Relations & Market Development,Lead,en,Head of Public Relations & Market Development
Head of R & D,Lead,en,Head of R & D
Head of Recruiting Autonomous and Connected Mobility,Lead,en,Head of Recruiting Autonomous and Connected Mobility
Head of Recruitment,Lead,en,Head of Recruitment
Head of Relationship and Client Service,Lead,en,Head of Relationship and Client Service
Head of Research,Lead,en,Head of Research
Head of Research & Development,Lead,en,Head of Research & Development
Head of Research & Technology Transfer,Lead,en,Head of Research & Technology Transfer
Head of Research Industrial Practice & Coordination D-A-CH,Lead,en,Head of Research Industrial Practice & Coordination D-A-CH
Head of Research&Development Genius Project,Lead,en,Head of Research&Development Genius Project
Head of Roche Event Services,Lead,en,Head of Roche Event Services
Head of sales (Prokurist),Lead,en,Head of sales (Prokurist)
Head of sales germany south,Lead,en,Head of sales germany south
Head of salesforce solutions,Lead,en,Head of salesforce solutions
Head of sales-marketing,Lead,en,Head of sales-marketing
Head of Search,Lead,en,Head of Search
Head of Section CM Services & Solutions,Lead,en,Head of Section CM Services & Solutions
Head of SEO,Lead,en,Head of SEO
Head of Service Department,Lead,en,Head of Service Department
Head of Software,Lead,en,Head of Software
Head of Software Development,Lead,en,Head of Software Development
Head of Special Market,Lead,en,Head of Special Market
Head of strategic business development,Lead,en,Head of strategic business development
Head of Strategic Partnerships,Lead,en,Head of Strategic Partnerships
Head of Strategic Planning,Lead,en,Head of Strategic Planning
Head of Strategy,Lead,en,Head of Strategy
Head of Technology,Lead,en,Head of Technology
Head of Technology & Innovation,Lead,en,Head of Technology & Innovation
Head of Technology @ GEL Consulting Group & Firebrand Land Company,Lead,en,Head of Technology @ GEL Consulting Group & Firebrand Land Company
Head of Technology and Transformation,Lead,en,Head of Technology and Transformation
Head of Trade,Lead,en,Head of Trade
Head of Treasury and FI,Lead,en,Head of Treasury and FI
Head of Wholesale,Lead,en,Head of Wholesale
Head of Wholesale Western Europe,Lead,en,Head of Wholesale Western Europe
Headhunter,Lead,en,Headhunter
Headhunter und Personalberater (Inhaber),Lead,de,Headhunter and HR consultant (owner)
Local Image Head,Lead,en,Local Image Head
Strategic Projects / Deputy Division Head,Lead,en,Strategic Projects / Deputy Division Head
Assistenz Head of Business Unit Digital Transfomation,Lead,en,Assistenz Head of Business Unit Digital Transfomation
Business Development - Head of Marketplace & Pr...,Lead,en,Business Development - Head of Marketplace & Pr...
Enno Carstens  Head of Business Intelligence / CRM,Lead,nl,Enno Carstens  Head of Business Intelligence / CRM
Global Head of Business Development,Lead,en,Global Head of Business Development
Global Head of IT & Business Intelligence,Lead,en,Global Head of IT & Business Intelligence
Global Head of SAP Business Development,Lead,en,Global Head of SAP Business Development
Global Head Product & Business Development,Lead,en,Global Head Product & Business Development
Head Business Development Europe / AsiaPacific,Lead,nl,Head Business Development Europe / AsiaPacific
Head Digital Business,Lead,en,Head Digital Business
Head of  Business Development,Lead,en,Head of  Business Development
Head of B2B Business Development,Lead,en,Head of B2B Business Development
Head of Business,Lead,en,Head of Business
Head of Business & Product Development,Lead,en,Head of Business & Product Development
Head of Business Analytics & Processes,Lead,en,Head of Business Analytics & Processes
Head of Business and Partnerships,Lead,en,Head of Business and Partnerships
Head of Business Applications Commercial,Lead,en,Head of Business Applications Commercial
Head of Business Center,Lead,en,Head of Business Center
Head of Business Clients,Lead,en,Head of Business Clients
Head of Business Developement,Lead,en,Head of Business Developement
Head of Business Development,Lead,en,Head of Business Development
Head of Business Development & Expansion,Lead,en,Head of Business Development & Expansion
Head of Business Development & Innovation,Lead,en,Head of Business Development & Innovation
Head of Business Development & Operations,Lead,en,Head of Business Development & Operations
Head of Business Development | Member of Board,Lead,en,Head of Business Development | Member of Board
Head of Business Development and Innovation,Lead,en,Head of Business Development and Innovation
Head of Business Development Automotive,Lead,en,Head of Business Development Automotive
Head of Business Development DACH,Lead,en,Head of Business Development DACH
Head of Business Development D-A-CH,Lead,en,Head of Business Development D-A-CH
Head of Business Development Deutschland - Contract Logistics Northern Europe,Lead,en,Head of Business Development Deutschland - Contract Logistics Northern Europe
Head of Business Development Europe,Lead,en,Head of Business Development Europe
Head of Business Development Extrusion,Lead,en,Head of Business Development Extrusion
Head of Business Development Tuya Germany,Lead,en,Head of Business Development Tuya Germany
Head of Business Development Workflow Automation,Lead,en,Head of Business Development Workflow Automation
Head of Business Engineering,Lead,en,Head of Business Engineering
Head of Business Innovation & Digitization,Lead,en,Head of Business Innovation & Digitization
Head of Business Intelligence,Lead,en,Head of Business Intelligence
Head of Business Intelligence Europe,Lead,en,Head of Business Intelligence Europe
Head of Business Segment MBS UK,Lead,en,Head of Business Segment MBS UK
Head of Business Solution Team,Lead,en,Head of Business Solution Team
Head of Business Solutions CRM,Lead,en,Head of Business Solutions CRM
Head of Business Strategy,Lead,en,Head of Business Strategy
Head of Business Unit B2B,Lead,en,Head of Business Unit B2B
Head of Business Unit Packaging,Lead,en,Head of Business Unit Packaging
Head of Business Unit Rail,Lead,en,Head of Business Unit Rail
Head of Business Unit Software • MONKEY WORKS,Lead,en,Head of Business Unit Software • MONKEY WORKS
Head of Commercial Business,Lead,en,Head of Commercial Business
Head of Development & Business Solutions,Lead,en,Head of Development & Business Solutions
Head of Digital / Business Development,Lead,en,Head of Digital / Business Development
Head of Digital Business,Lead,en,Head of Digital Business
Head of Digital Business Solutions / Applications,Lead,en,Head of Digital Business Solutions / Applications
Head of E-Business & CRM,Lead,en,Head of E-Business & CRM
Head of eBusiness BU EMEA PLT,Lead,pt,Head of eBusiness BU EMEA PLT
Head of Innovation & Business Development,Lead,en,Head of Innovation & Business Development
Head of International Business Development,Lead,en,Head of International Business Development
Head of New Business,Lead,en,Head of New Business
Head of New Business & International Consultant,Lead,en,Head of New Business & International Consultant
Head of New Business Development,Lead,en,Head of New Business Development
Head of Operational Business,Lead,en,Head of Operational Business
Head of Operations & Business Development,Lead,en,Head of Operations & Business Development
Head of SAP / Business Applications,Lead,en,Head of SAP / Business Applications
Head of Strategy & New Business Development,Lead,en,Head of Strategy & New Business Development
Head of Strategy and Business Development,Lead,en,Head of Strategy and Business Development
Head of Strategy and Head of Business Transformation,Lead,en,Head of Strategy and Head of Business Transformation
Head of Human Relations,Lead,en,Head of Human Relations
Global Head IT - Finance and Corporate Functions,Lead,en,Global Head IT - Finance and Corporate Functions
Global Head of Digitalization,Lead,en,Global Head of Digitalization
Global Head of IT,Lead,en,Global Head of IT
Group Head IT,Lead,en,Group Head IT
Group Head of IT,Lead,en,Group Head of IT
Head Digital Transformation,Lead,en,Head Digital Transformation
Head IT & Engineering,Lead,en,Head IT & Engineering
Head IT Systems |  IT Security,Lead,ur,Head IT Systems |  IT Security
Head of BKG IT,Lead,en,Head of BKG IT
Head of Change - Digital Transformation Office,Lead,en,Head of Change - Digital Transformation Office
Head of Commercial Banking IT Germany,Lead,en,Head of Commercial Banking IT Germany
Head of Corporate Development and Digital,Lead,en,Head of Corporate Development and Digital
Head of Corporate IT,Lead,en,Head of Corporate IT
Head of Corporate IT Dynamics,Lead,en,Head of Corporate IT Dynamics
Head of Digital,Lead,en,Head of Digital
Head of Digital Acquisition,Lead,en,Head of Digital Acquisition
Head of Digital and Corporate Development,Lead,en,Head of Digital and Corporate Development
Head of Digital and Innovation,Lead,en,Head of Digital and Innovation
Head of Digital Europe,Lead,en,Head of Digital Europe
Head of Digital Finance Transformation | SAP S/4HANA Program,Lead,en,Head of Digital Finance Transformation | SAP S/4HANA Program
Head of Digital Innovation,Lead,en,Head of Digital Innovation
Head of Digital Processes and Maintenance,Lead,en,Head of Digital Processes and Maintenance
Head of Digital Projects,Lead,en,Head of Digital Projects
Head of Digital Solutions Mercedes-Benz Trucks,Lead,en,Head of Digital Solutions Mercedes-Benz Trucks
Head of Digital Strategy,Lead,en,Head of Digital Strategy
Head of Digital Transformation,Lead,en,Head of Digital Transformation
Head of Digital Transformation | backaldrin The Kornspitz Company GmbH,Lead,en,Head of Digital Transformation | backaldrin The Kornspitz Company GmbH
Head of Digital Unit,Lead,en,Head of Digital Unit
Head of Digital Workplace,Lead,en,Head of Digital Workplace
Head of Digitalization,Lead,en,Head of Digitalization
Head of E-Commerce & Digital,Lead,en,Head of E-Commerce & Digital
Head Of Engineering  (SAP & Big Data),Lead,en,Head Of Engineering  (SAP & Big Data)
Head of Finance and Administration,Lead,en,Head of Finance and Administration
Head of Global Digitalization,Lead,en,Head of Global Digitalization
Head of Global IT,Lead,en,Head of Global IT
Head of Global IT Operations,Lead,en,Head of Global IT Operations
Head of Group IT,Lead,en,Head of Group IT
Head of Innovation & Digital Products,Lead,en,Head of Innovation & Digital Products
Head of Innovation & Digitalization,Lead,en,Head of Innovation & Digitalization
Head of IT,Lead,en,Head of IT
Head of IT - Mayser Group,Lead,en,Head of IT - Mayser Group
Head of IT & Cloud Engineering,Lead,en,Head of IT & Cloud Engineering
Head of IT & Logistics Engineering,Lead,en,Head of IT & Logistics Engineering
Head of IT & Systemadministrator,Lead,en,Head of IT & Systemadministrator
Head of IT / Systemadministrator,Lead,en,Head of IT / Systemadministrator
Head of IT Application Services,Lead,en,Head of IT Application Services
Head of IT Applications,Lead,en,Head of IT Applications
Head of IT Applications 1,Lead,en,Head of IT Applications 1
Head of IT Competence Center Operation and Quality,Lead,en,Head of IT Competence Center Operation and Quality
Head of IT Cross Applications,Lead,en,Head of IT Cross Applications
Head of IT Department,Lead,en,Head of IT Department
Head of IT development team,Lead,en,Head of IT development team
Head of IT Infrastructure,Lead,en,Head of IT Infrastructure
Head of IT Infrastructure International,Lead,en,Head of IT Infrastructure International
Head of IT Middleware Pole,Lead,en,Head of IT Middleware Pole
Head of IT Operations,Lead,en,Head of IT Operations
Head of IT Service & Operations,Lead,en,Head of IT Service & Operations
Head of IT Swoboda,Lead,en,Head of IT Swoboda
Head of IT Systems & Network,Lead,en,Head of IT Systems & Network
Head of IT-Department,Lead,en,Head of IT-Department
Head of ITSM DACH,Lead,en,Head of ITSM DACH
Head of MarTech & Digital Advertising,Lead,en,Head of MarTech & Digital Advertising
Head of Processes and Digital Transformation,Lead,en,Head of Processes and Digital Transformation
Head Of Quality Assurance / Head of IT,Lead,en,Head Of Quality Assurance / Head of IT
Head of SAP CoE,Lead,en,Head of SAP CoE
Head of SAP SuccessFactors Solution Team,Lead,en,Head of SAP SuccessFactors Solution Team
Head of Solution Design & Build Digital,Lead,en,Head of Solution Design & Build Digital
Head of System Administration,Lead,en,Head of System Administration
Head of Vendor IT & Strategic Relationshios @ TARGOBANK Firmenkunden,Lead,ur,Head of Vendor IT & Strategic Relationshios @ TARGOBANK Corporate Customers
EMEA Head of CRM,Lead,en,EMEA Head of CRM
Head CRM/Projects,Lead,en,Head CRM/Projects
Head of  CRM and Assistance website delivery,Lead,en,Head of  CRM and Assistance website delivery
Head of Adoption CX Go and CRM Germany,Lead,en,Head of Adoption CX Go and CRM Germany
Head of BI & CRM,Lead,en,Head of BI & CRM
Head of Center of Excellence SAP CRM,Lead,en,Head of Center of Excellence SAP CRM
Head of Commercial Effectiveness & CRM,Lead,en,Head of Commercial Effectiveness & CRM
Head of CRM,Lead,en,Head of CRM
Head of CRM & Customer Operations,Lead,en,Head of CRM & Customer Operations
Head of CRM & Data Science,Lead,en,Head of CRM & Data Science
Head of CRM & Lead Generation worldwide,Lead,en,Head of CRM & Lead Generation worldwide
Head of CRM & Loyalty,Lead,en,Head of CRM & Loyalty
Head of CRM & Payments,Lead,en,Head of CRM & Payments
Head of CRM & PRM for Renault Brand,Lead,en,Head of CRM & PRM for Renault Brand
Head of CRM & Tools,Lead,en,Head of CRM & Tools
Head of CRM & Web Applications,Lead,en,Head of CRM & Web Applications
Head of CRM (Retail and Private Banking),Lead,en,Head of CRM (Retail and Private Banking)
Head of CRM Analytics,Lead,en,Head of CRM Analytics
Head of CRM and Cooperations,Lead,en,Head of CRM and Cooperations
Head of CRM and Retail,Lead,en,Head of CRM and Retail
Head of CRM Central Europe,Lead,en,Head of CRM Central Europe
Head of CRM Development,Lead,en,Head of CRM Development
Head of CRM Platforms,Lead,en,Head of CRM Platforms
Head of CRM Rhenus Logistics,Lead,en,Head of CRM Rhenus Logistics
Head of CRM Solution Architecture - Digital Customer Experience,Lead,en,Head of CRM Solution Architecture - Digital Customer Experience
Head of CRM Solutions,Lead,en,Head of CRM Solutions
Head of CRM/ERP,Lead,en,Head of CRM/ERP
Head of Customer Data / CRM,Lead,en,Head of Customer Data / CRM
Head of Customer Research / CRM,Lead,en,Head of Customer Research / CRM
Head of Customer Service and CRM,Lead,en,Head of Customer Service and CRM
Head of Customer Solutions Billing & CRM,Lead,en,Head of Customer Solutions Billing & CRM
Head of Department Marketplaces (CRM),Lead,en,Head of Department Marketplaces (CRM)
Head of Digital & CRM,Lead,en,Head of Digital & CRM
Head of Digital activation and CRM,Lead,en,Head of Digital activation and CRM
Head of IT Application / SAP (SAP BW CRM ERP),Lead,en,Head of IT Application / SAP (SAP BW CRM ERP)
Head of IT CRM Applications,Lead,en,Head of IT CRM Applications
Head of IT CRM Solutions,Lead,en,Head of IT CRM Solutions
Head of Online Solutions & CRM,Lead,en,Head of Online Solutions & CRM
Head of Pricing & CRM,Lead,en,Head of Pricing & CRM
Head of Product Development CRM,Lead,en,Head of Product Development CRM
Head of SAP CRM,Lead,en,Head of SAP CRM
Head of SAP CRM & SAP Mobile Solutions,Lead,en,Head of SAP CRM & SAP Mobile Solutions
Partner / Head of CRM Services,Lead,en,Partner / Head of CRM Services
Vertical Head CRM & Ordering,Lead,en,Vertical Head CRM & Ordering
Corporate Head of Marketing,Lead,en,Corporate Head of Marketing
Department Head | Marketing,Lead,en,Department Head | Marketing
Global  Head of CRM and Digital Marketing,Lead,en,Global  Head of CRM and Digital Marketing
Global Head of Demand Marketing,Lead,en,Global Head of Demand Marketing
Global Head of Digital Marketing,Lead,en,Global Head of Digital Marketing
Global Head of Marketing,Lead,en,Global Head of Marketing
Global Head of Marketing & Communication Operations at Mazars Group,Lead,en,Global Head of Marketing & Communication Operations at Mazars Group
Global Head of Marketing & Communications,Lead,en,Global Head of Marketing & Communications
Global Head of Marketing & Sales Procurement,Lead,en,Global Head of Marketing & Sales Procurement
Global Head of Marketing & Strategy Grid Systems,Lead,en,Global Head of Marketing & Strategy Grid Systems
Global Head of Marketing Communication & Marketing Exellence,Lead,en,Global Head of Marketing Communication & Marketing Exellence
Global Head of Media & Corporate Communication,Lead,en,Global Head of Media & Corporate Communication
Global Head of Sales & Marketing Flexible Foams,Lead,en,Global Head of Sales & Marketing Flexible Foams
Global Marketing CRM & Online Head,Lead,en,Global Marketing CRM & Online Head
Group Head Client Lead and Corporate Marketing ...,Lead,en,Group Head Client Lead and Corporate Marketing ...
Group Head of Marketing,Lead,en,Group Head of Marketing
Group Head of Marketing Donges Group,Lead,en,Group Head of Marketing Donges Group
Head auf Marketing Savoury & Dressing Austria,Lead,de,Head of Marketing Savoury & Dressing Austria
Head Global Marketing & Corporate Communications,Lead,en,Head Global Marketing & Corporate Communications
Head International Marketing,Lead,ur,Head International Marketing
Head Marketing,Lead,en,Head Marketing
Head Marketing & Sales EMEA,Lead,pt,Head Marketing & Sales EMEA
Head Marketing Communications,Lead,en,Head Marketing Communications
Head of  Marketing,Lead,en,Head of  Marketing
Head of  Marketing & Corporate Communications,Lead,en,Head of  Marketing & Corporate Communications
Head of  Marketing & Kundendialog,Lead,de,Head of Marketing & Customer Dialog
Head of Automotive Marketing & Sales,Lead,en,Head of Automotive Marketing & Sales
Head of B2B Marketing,Lead,en,Head of B2B Marketing
Head of Brand & Communication Excellence,Lead,en,Head of Brand & Communication Excellence
Head of Business Development & Direct Marketing,Lead,en,Head of Business Development & Direct Marketing
Head of Business Development & Marketing,Lead,en,Head of Business Development & Marketing
Head of Business Development / Marketing,Lead,en,Head of Business Development / Marketing
Head of Business Development and Marketing Spec...,Lead,en,Head of Business Development and Marketing Spec...
Head of Business Marketing,Lead,en,Head of Business Marketing
Head of Business Marketing & Market Insights,Lead,en,Head of Business Marketing & Market Insights
Head of Cloud Marketing & Communication,Lead,en,Head of Cloud Marketing & Communication
Head of Communication,Lead,en,Head of Communication
Head Of Communication - France - BMI Siplast & BMI Monier,Lead,it,Head Of Communication - France - BMI Siplast & BMI Monier
Head of Communication D/A/CH,Lead,en,Head of Communication D/A/CH
Head of Communication Department & Patient Advocacy,Lead,en,Head of Communication Department & Patient Advocacy
Head of Communications,Lead,en,Head of Communications
Head of Communications & Advertising,Lead,en,Head of Communications & Advertising
Head of Communications & Corporate Marketing,Lead,en,Head of Communications & Corporate Marketing
Head of Communications & Marketing,Lead,en,Head of Communications & Marketing
Head of Communications & Political Affairs,Lead,en,Head of Communications & Political Affairs
Head of Consulting (Online-Marketing | Social-Media | Lead-Generation),Lead,en,Head of Consulting (Online-Marketing | Social-Media | Lead-Generation)
Head of Content Marketing,Lead,en,Head of Content Marketing
Head of Continental Europe Marketing & Global E...,Lead,en,Head of Continental Europe Marketing & Global E...
Head of Corporate Communication & Marketing,Lead,en,Head of Corporate Communication & Marketing
Head of Corporate Communication & PR,Lead,en,Head of Corporate Communication & PR
Head of Corporate Communications,Lead,en,Head of Corporate Communications
Head of Corporate Communications & Marketing,Lead,en,Head of Corporate Communications & Marketing
Head of Corporate Communications & Marketing Communications,Lead,en,Head of Corporate Communications & Marketing Communications
Head of Corporate Communications and Global Support Marketing,Lead,en,Head of Corporate Communications and Global Support Marketing
Head of Corporate Communications and Marketing,Lead,en,Head of Corporate Communications and Marketing
Head Of Corporate Development & Communications,Lead,en,Head Of Corporate Development & Communications
Head of Corporate Development & Marketing,Lead,en,Head of Corporate Development & Marketing
Head of Corporate Marketing,Lead,en,Head of Corporate Marketing
Head of Corporate Marketing & Communication,Lead,en,Head of Corporate Marketing & Communication
Head of Corporate Marketing & Communications,Lead,en,Head of Corporate Marketing & Communications
Head of Corporate Marketing Global,Lead,en,Head of Corporate Marketing Global
Head of CRM & Content Marketing,Lead,en,Head of CRM & Content Marketing
Head of CRM & Email-Marketing,Lead,en,Head of CRM & Email-Marketing
Head of CRM & Marketing Analytics,Lead,en,Head of CRM & Marketing Analytics
Head of CRM & Marketing Channels,Lead,en,Head of CRM & Marketing Channels
Head of CRM & Social Media Marketing,Lead,en,Head of CRM & Social Media Marketing
Head of CRM Marketing,Lead,en,Head of CRM Marketing
Head of CRM/ Performance Marketing,Lead,en,Head of CRM/ Performance Marketing
Head of Department Marketing & Sales,Lead,en,Head of Department Marketing & Sales
Head of Digital & Marketing,Lead,en,Head of Digital & Marketing
Head of Digital & Performance Marketing,Lead,en,Head of Digital & Performance Marketing
Head of Digital and Content Marketing,Lead,en,Head of Digital and Content Marketing
Head of Digital Demand Marketing,Lead,en,Head of Digital Demand Marketing
Head Of Digital Marketing,Lead,en,Head Of Digital Marketing
Head of Digital Marketing & Communications,Lead,en,Head of Digital Marketing & Communications
Head of Digital Marketing & CRM,Lead,en,Head of Digital Marketing & CRM
Head of Digital Marketing and eCommerce,Lead,en,Head of Digital Marketing and eCommerce
Head of Digital Marketing D/A/CH,Lead,en,Head of Digital Marketing D/A/CH
Head of Division Sales & Marketing,Lead,en,Head of Division Sales & Marketing
Head of E-Commerce - Marketing and Sales,Lead,en,Head of E-Commerce - Marketing and Sales
Head of Event Marketing,Lead,en,Head of Event Marketing
Head of Facilitymanagement / Organisation / Marketing,Lead,en,Head of Facilitymanagement / Organisation / Marketing
Head of Field Marketing & Lead Generation,Lead,en,Head of Field Marketing & Lead Generation
Head of Global Communications and Marketing,Lead,en,Head of Global Communications and Marketing
Head of Global Industry Marketing,Lead,en,Head of Global Industry Marketing
Head of Global Marketing,Lead,en,Head of Global Marketing
Head of Global Marketing - Personal Care,Lead,en,Head of Global Marketing - Personal Care
Head of Global Marketing & Communication,Lead,en,Head of Global Marketing & Communication
Head of Global Marketing & Communications,Lead,en,Head of Global Marketing & Communications
Head of Global Marketing & CRM,Lead,en,Head of Global Marketing & CRM
Head of Global Marketing & Events,Lead,en,Head of Global Marketing & Events
Head of Global Marketing & Sales,Lead,en,Head of Global Marketing & Sales
Head of Global Marketing and Communication,Lead,en,Head of Global Marketing and Communication
Head of Global Marketing and Strategy - Healthcare,Lead,en,Head of Global Marketing and Strategy - Healthcare
Head of Global Marketing-Communication,Lead,en,Head of Global Marketing-Communication
Head of Group Communications,Lead,en,Head of Group Communications
Head of Group Marketing,Lead,en,Head of Group Marketing
Head of Group Marketing & Communications,Lead,en,Head of Group Marketing & Communications
Head of group sales & Marketing data scientist,Lead,en,Head of group sales & Marketing data scientist
Head of Growth Marketing,Lead,en,Head of Growth Marketing
Head of Inbound Marketing,Lead,en,Head of Inbound Marketing
Head of Industrial Marketing,Lead,en,Head of Industrial Marketing
Head of Internal Communications,Lead,en,Head of Internal Communications
Head of International Digital Marketing Schwarzkopf Professional,Lead,de,Head of International Digital Marketing Schwarzkopf Professional
Head of International Marketing,Lead,en,Head of International Marketing
Head of International Marketing & Communication,Lead,en,Head of International Marketing & Communication
Head of International Marketing & Sales,Lead,en,Head of International Marketing & Sales
Head of International Marketing Communications,Lead,en,Head of International Marketing Communications
Head of International Sales Marketing,Lead,en,Head of International Sales Marketing
Head of IoT Products & Enterprise IoT Marketing Communications,Lead,en,Head of IoT Products & Enterprise IoT Marketing Communications
Head of IT Marketing & Sales Solutions,Lead,en,Head of IT Marketing & Sales Solutions
Head of Live Communication,Lead,en,Head of Live Communication
Head of M2M Segment & Offer Marketing,Lead,en,Head of M2M Segment & Offer Marketing
Head of Market & Product Communications,Lead,en,Head of Market & Product Communications
Head of Marketing,Lead,en,Head of Marketing
Head of Marketing - Advanced Networking Solutions,Lead,en,Head of Marketing - Advanced Networking Solutions
Head of Marketing - Communication -Digital - Customer experience ICADE PROMOTION,Lead,en,Head of Marketing - Communication -Digital - Customer experience ICADE PROMOTION
Head of Marketing  DACH,Lead,en,Head of Marketing  DACH
Head of Marketing - Embedded IoT,Lead,en,Head of Marketing - Embedded IoT
Head of Marketing - Region DACH,Lead,en,Head of Marketing - Region DACH
Head of Marketing & Academy,Lead,en,Head of Marketing & Academy
Head of Marketing & Business Development,Lead,en,Head of Marketing & Business Development
Head of Marketing & Business Development Germany,Lead,en,Head of Marketing & Business Development Germany
Head of Marketing & Communication,Lead,en,Head of Marketing & Communication
Head of Marketing & Communication South West Europe,Lead,en,Head of Marketing & Communication South West Europe
Head of Marketing & Communications,Lead,en,Head of Marketing & Communications
Head of Marketing & Communications | EMEA,Lead,en,Head of Marketing & Communications | EMEA
Head of Marketing & Communications Europe,Lead,en,Head of Marketing & Communications Europe
Head of Marketing & Communications Lohmann Group,Lead,en,Head of Marketing & Communications Lohmann Group
Head of Marketing & Corporate Communications,Lead,en,Head of Marketing & Corporate Communications
Head of Marketing & Corporate Services,Lead,en,Head of Marketing & Corporate Services
Head of Marketing & CRM,Lead,en,Head of Marketing & CRM
Head of Marketing & CRM Administration,Lead,en,Head of Marketing & CRM Administration
Head of Marketing & Design,Lead,en,Head of Marketing & Design
Head of Marketing & Digital,Lead,en,Head of Marketing & Digital
Head of Marketing & Digital Sales,Lead,en,Head of Marketing & Digital Sales
Head of Marketing & Direct Sales,Lead,en,Head of Marketing & Direct Sales
Head of Marketing & E-Business,Lead,en,Head of Marketing & E-Business
Head of Marketing & E-Commerce,Lead,en,Head of Marketing & E-Commerce
Head of Marketing & Head of Software Development,Lead,en,Head of Marketing & Head of Software Development
Head of Marketing & Inside Sales,Lead,en,Head of Marketing & Inside Sales
Head of Marketing & Kommunikation,Lead,de,Head of Marketing & Communication
Head of Marketing & Online Content,Lead,en,Head of Marketing & Online Content
Head of Marketing & PR,Lead,en,Head of Marketing & PR
Head of Marketing & Product Planning,Lead,en,Head of Marketing & Product Planning
Head of Marketing & Products,Lead,en,Head of Marketing & Products
Head of Marketing & Proposals,Lead,en,Head of Marketing & Proposals
Head of Marketing & Prospective - New Mobility services,Lead,en,Head of Marketing & Prospective - New Mobility services
Head of Marketing & Public Relations,Lead,en,Head of Marketing & Public Relations
Head of Marketing & Sales,Lead,en,Head of Marketing & Sales
Head of Marketing & Sales Europe,Lead,en,Head of Marketing & Sales Europe
Head of Marketing & Sales Neue Produkte,Lead,de,Head of Marketing & Sales New Products
Head of Marketing & Sales Rod,Lead,en,Head of Marketing & Sales Rod
Head of Marketing & Sales Series Yachts,Lead,en,Head of Marketing & Sales Series Yachts
Head of Marketing & Sales Services,Lead,en,Head of Marketing & Sales Services
Head of Marketing & Sales Spirits,Lead,en,Head of Marketing & Sales Spirits
Head of Marketing & Services,Lead,en,Head of Marketing & Services
Head of Marketing & Shopmanagement,Lead,en,Head of Marketing & Shopmanagement
Head of Marketing (ANS),Lead,en,Head of Marketing (ANS)
Head of Marketing (Messe Kontakt),Lead,ur,Head of Marketing (Exhibition Contact)
Head of Marketing (Online Unit),Lead,en,Head of Marketing (Online Unit)
Head of Marketing / AM,Lead,en,Head of Marketing / AM
Head of Marketing / Art Direction,Lead,en,Head of Marketing / Art Direction
Head of Marketing / Head of Sustainability,Lead,en,Head of Marketing / Head of Sustainability
Head of Marketing / Messe Kontakt,Lead,de,Head of Marketing / Trade Fair Contact
Head of Marketing / Prokurist,Lead,en,Head of Marketing / Prokurist
Head of Marketing + Communications,Lead,en,Head of Marketing + Communications
Head of Marketing 4.0,Lead,en,Head of Marketing 4.0
Head of Marketing 8MAN,Lead,en,Head of Marketing 8MAN
Head of Marketing A & EE,Lead,en,Head of Marketing A & EE
Head of Marketing Analytics,Lead,en,Head of Marketing Analytics
Head of Marketing Analytics & CRM,Lead,en,Head of Marketing Analytics & CRM
Head of Marketing and Business Development,Lead,en,Head of Marketing and Business Development
Head of Marketing and Commercial Performance,Lead,en,Head of Marketing and Commercial Performance
Head of Marketing and Communication,Lead,en,Head of Marketing and Communication
Head of Marketing and Communication | EMEA | Egis Easytrip Services,Lead,en,Head of Marketing and Communication | EMEA | Egis Easytrip Services
Head of Marketing and Communications,Lead,en,Head of Marketing and Communications
Head of Marketing and Corporate Communications,Lead,en,Head of Marketing and Corporate Communications
Head of Marketing and Digital Sales Europe Central,Lead,en,Head of Marketing and Digital Sales Europe Central
Head of Marketing and International Sales,Lead,en,Head of Marketing and International Sales
Head of Marketing and PR,Lead,en,Head of Marketing and PR
Head of Marketing and Productmanagement,Lead,en,Head of Marketing and Productmanagement
Head of Marketing and Sales,Lead,en,Head of Marketing and Sales
Head of Marketing and Sales (nat/internat),Lead,en,Head of Marketing and Sales (nat/internat)
Head of Marketing and Sales (Western Europe),Lead,en,Head of Marketing and Sales (Western Europe)
Head of Marketing and Sales Transformation / Central Europe,Lead,en,Head of Marketing and Sales Transformation / Central Europe
Head of Marketing Automation Germany,Lead,en,Head of Marketing Automation Germany
Head of Marketing Bioanalytic,Lead,en,Head of Marketing Bioanalytic
Head of Marketing Campaigns Media and Social Media,Lead,en,Head of Marketing Campaigns Media and Social Media
Head of Marketing Central Europe,Lead,en,Head of Marketing Central Europe
Head of Marketing CEUR,Lead,en,Head of Marketing CEUR
Head of Marketing Channels Central Europe,Lead,en,Head of Marketing Channels Central Europe
Head of Marketing Communication,Lead,en,Head of Marketing Communication
Head of Marketing Communication / Office,Lead,en,Head of Marketing Communication / Office
Head of Marketing Communications,Lead,en,Head of Marketing Communications
Head of Marketing Communications Display | Transport+Industry,Lead,en,Head of Marketing Communications Display | Transport+Industry
Head of Marketing Corporate Services D|A|CH,Lead,en,Head of Marketing Corporate Services D|A|CH
Head of Marketing DACH,Lead,en,Head of Marketing DACH
Head of Marketing DACH and BENELUX,Lead,en,Head of Marketing DACH and BENELUX
Head Of Marketing Department,Lead,en,Head Of Marketing Department
Head of Marketing Digitalisation,Lead,en,Head of Marketing Digitalisation
Head of Marketing emco Group,Lead,pt,Head of Marketing emco Group
Head of Marketing EMEA,Lead,en,Head of Marketing EMEA
Head of Marketing Europe,Lead,en,Head of Marketing Europe
Head of Marketing Europe and North Africa,Lead,en,Head of Marketing Europe and North Africa
Head of Marketing Food Service Germany,Lead,en,Head of Marketing Food Service Germany
Head of Marketing Germany,Lead,en,Head of Marketing Germany
Head of Marketing International,Lead,en,Head of Marketing International
Head of Marketing Operations,Lead,en,Head of Marketing Operations
Head of Marketing Ortlinghaus Group,Lead,en,Head of Marketing Ortlinghaus Group
Head of Marketing Philips France,Lead,en,Head of Marketing Philips France
Head of Marketing Retail,Lead,en,Head of Marketing Retail
Head of Marketing Service,Lead,en,Head of Marketing Service
Head of Marketing Services,Lead,en,Head of Marketing Services
Head of Marketing Services & Communication,Lead,en,Head of Marketing Services & Communication
Head of Marketing Solutions,Lead,en,Head of Marketing Solutions
Head of Marketing Switzerland,Lead,en,Head of Marketing Switzerland
Head of Marketing Tech & CRM (MYTOYS GROUP),Lead,sw,Head of Marketing Tech & CRM (MYTOYS GROUP)
Head of Marketing Technologies & Operations,Lead,en,Head of Marketing Technologies & Operations
Head of Marketing Technology & Development,Lead,en,Head of Marketing Technology & Development
Head of Marketing Trade Shows & Events,Lead,en,Head of Marketing Trade Shows & Events
Head of Marketing und Design,Lead,en,Head of Marketing und Design
Head of Marketing/Sales,Lead,en,Head of Marketing/Sales
Head of Marketing-Services,Lead,en,Head of Marketing-Services
Head of Media & Communications,Lead,en,Head of Media & Communications
Head of Online Marketing,Lead,en,Head of Online Marketing
Head of Online-Marketing,Lead,en,Head of Online-Marketing
Head of Online-Marketing / e-Commerce,Lead,en,Head of Online-Marketing / e-Commerce
Head of Operational Marketing,Lead,en,Head of Operational Marketing
Head of Perfomance Marketing,Lead,en,Head of Perfomance Marketing
Head of Performance Marketing,Lead,en,Head of Performance Marketing
Head of Performance Marketing & CRM,Lead,en,Head of Performance Marketing & CRM
Head of PR & Communications,Lead,en,Head of PR & Communications
Head of Presales & Marketing,Lead,en,Head of Presales & Marketing
Head of Product & Segment Marketing DACH,Lead,en,Head of Product & Segment Marketing DACH
Head of Product Marketing,Lead,en,Head of Product Marketing
Head of Product Marketing Team,Lead,en,Head of Product Marketing Team
Head of Projectmanagement & Marketing,Lead,en,Head of Projectmanagement & Marketing
Head of R&D and B2B Marketing,Lead,en,Head of R&D and B2B Marketing
Head of Regional Marketing nora DACH,Lead,en,Head of Regional Marketing nora DACH
Head of Sales & Costumer Service - Marketing,Lead,en,Head of Sales & Costumer Service - Marketing
Head of Sales & Marketing,Lead,en,Head of Sales & Marketing
Head of Sales & Marketing / Head of Procurement...,Lead,en,Head of Sales & Marketing / Head of Procurement...
Head of Sales & Marketing Direct Sales,Lead,en,Head of Sales & Marketing Direct Sales
Head of Sales & Marketing E-Commerce,Lead,en,Head of Sales & Marketing E-Commerce
Head of Sales & Marketing Elektro / Küche / Licht,Lead,de,Head of Sales & Marketing Electric / Kitchen / Light
Head of Sales & Marketing EMEA,Lead,en,Head of Sales & Marketing EMEA
Head of Sales & Marketing eMobility,Lead,en,Head of Sales & Marketing eMobility
Head of Sales & Marketing global PPI,Lead,en,Head of Sales & Marketing global PPI
Head of Sales & Marketing/Prokurist,Lead,en,Head of Sales & Marketing/Prokurist
Head of Sales & Online Marketing,Lead,en,Head of Sales & Online Marketing
Head of Sales and Marketing,Lead,en,Head of Sales and Marketing
Head of Sales and Marketing /                          Member of Business Unit Commitee Switzerland,Lead,en,Head of Sales and Marketing /                          Member of Business Unit Commitee Switzerland
Head of Sales and Marketing / Prokurist,Lead,en,Head of Sales and Marketing / Prokurist
Head of Sales and Marketing Department,Lead,en,Head of Sales and Marketing Department
Head of Sales and Marketing Development,Lead,en,Head of Sales and Marketing Development
Head of Sales and Marketing France,Lead,en,Head of Sales and Marketing France
Head of Sales and Marketing Pressroom Products,Lead,en,Head of Sales and Marketing Pressroom Products
Head of Sales Marketing,Lead,en,Head of Sales Marketing
Head of Sales Marketing Trade,Lead,en,Head of Sales Marketing Trade
Head of Sales und Marketing DACH,Lead,de,Head of Sales and Marketing DACH
Head of Sales&Marketing,Lead,en,Head of Sales&Marketing
Head of Segment Marketing and Technical Solutions,Lead,en,Head of Segment Marketing and Technical Solutions
Head of Strategic Marketing,Lead,en,Head of Strategic Marketing
Head of Strategic Marketing & Corporate Responsibility,Lead,en,Head of Strategic Marketing & Corporate Responsibility
Head of Strategic Marketing & New Business Development,Lead,en,Head of Strategic Marketing & New Business Development
Head of Strategy and Marketing,Lead,en,Head of Strategy and Marketing
Head of Technical Marketing,Lead,en,Head of Technical Marketing
Head of Trade Marketing,Lead,en,Head of Trade Marketing
Head of Trade Marketing & Digital Sales Operations,Lead,en,Head of Trade Marketing & Digital Sales Operations
Head Sales & Marketing,Lead,en,Head Sales & Marketing
Head Strategy and Marketing,Lead,en,Head Strategy and Marketing
MARKETINGLEITER |Group Head of Marketing | Exec...,Lead,en,MARKETINGLEITER |Group Head of Marketing | Exec...
Mitgründer und Head of Marketing,Lead,de,Co-founder and Head of Marketing
Prokurist / Head of Sales&Marketing D/A/CH,Lead,en,Prokurist / Head of Sales&Marketing D/A/CH
Prokurist | Head of Marketing LUMAS | DGPh,Lead,hi,Prokurist | Head of Marketing LUMAS | DGPh
Regional Head of Marketing,Lead,en,Regional Head of Marketing
Sales & Marketing Franchise Head Oncology - Targeted therapies,Lead,en,Sales & Marketing Franchise Head Oncology - Targeted therapies
Specialist Marketing & Sales Support - Head of Sales Support/ Telemarketing,Lead,en,Specialist Marketing & Sales Support - Head of Sales Support/ Telemarketing
Head of BANCOS Operations,Lead,en,Head of BANCOS Operations
Head of Commercial Operations,Lead,en,Head of Commercial Operations
Head of Market Operations,Lead,en,Head of Market Operations
Head of Operations,Lead,en,Head of Operations
Head of Operations / Application-Specialist,Lead,en,Head of Operations / Application-Specialist
Head of Revenue Operations,Lead,en,Head of Revenue Operations
Head of Service Operations,Lead,en,Head of Service Operations
Head of Transformation and Infrastructure & Operations Projects,Lead,en,Head of Transformation and Infrastructure & Operations Projects
Head of Project Purchasing,Lead,en,Head of Project Purchasing
Business Development / Head of Sales,Lead,en,Business Development / Head of Sales
Co-Head of Sales Germany and Austria,Lead,en,Co-Head of Sales Germany and Austria
Deputy Head of Sales,Lead,en,Deputy Head of Sales
Global Head of Sales,Lead,en,Global Head of Sales
Global Head of Sales Business Unit Coffee,Lead,en,Global Head of Sales Business Unit Coffee
Global Head of Sales Data,Lead,en,Global Head of Sales Data
Global Head of Sales Development & Inside Sales,Lead,en,Global Head of Sales Development & Inside Sales
Global Head of Sales Façade & Profile Sealing Systems,Lead,pt,Global Head of Sales Façade & Profile Sealing Systems
Global Head of Sales Operations,Lead,en,Global Head of Sales Operations
Global Head of Sales Standards & Governance,Lead,en,Global Head of Sales Standards & Governance
Global Head of Sales Systems,Lead,en,Global Head of Sales Systems
Global Head of Salesforce,Lead,en,Global Head of Salesforce
Group Head of Sales,Lead,en,Group Head of Sales
GroupHead Sales,Lead,en,GroupHead Sales
Head Acquisitions and Sales,Lead,en,Head Acquisitions and Sales
Head Digital Sales & Service Tools,Lead,en,Head Digital Sales & Service Tools
Head Indirect Sales,Lead,en,Head Indirect Sales
Head of  Sales,Lead,en,Head of  Sales
Head of Agency Sales,Lead,en,Head of Agency Sales
Head of all Indirect Sales B2B,Lead,en,Head of all Indirect Sales B2B
Head of Application Sales Support & CRM,Lead,en,Head of Application Sales Support & CRM
Head of B2B Sales,Lead,en,Head of B2B Sales
Head of Business and Sales,Lead,en,Head of Business and Sales
Head of Business Center SAP Sales & Service,Lead,en,Head of Business Center SAP Sales & Service
Head of Business Development & Media Sales,Lead,en,Head of Business Development & Media Sales
Head of Business Development & Sales DACH,Lead,en,Head of Business Development & Sales DACH
Head of Business Development / Operativer Vertrieb,Lead,de,Head of Business Development / Operational Sales
Head of Business Development and Sales,Lead,en,Head of Business Development and Sales
Head of Business Development/ Installer Sales,Lead,en,Head of Business Development/ Installer Sales
Head of Business Knowledge & Sales Excellence,Lead,en,Head of Business Knowledge & Sales Excellence
Head of Business Sales,Lead,en,Head of Business Sales
Head of Business Support & Inside Sales,Lead,en,Head of Business Support & Inside Sales
Head of Business Unit Pharma / International Sales / Multinational Key Accounts,Lead,en,Head of Business Unit Pharma / International Sales / Multinational Key Accounts
Head of Capital Markets / Sales,Lead,en,Head of Capital Markets / Sales
Head of Central Purchasing/Sales B2B,Lead,en,Head of Central Purchasing/Sales B2B
Head of Channel Sales,Lead,en,Head of Channel Sales
Head of Channel Sales Switzerland & Austria,Lead,en,Head of Channel Sales Switzerland & Austria
Head of Clearing Sales,Lead,en,Head of Clearing Sales
Head of Commercial Sales Organization Germany,Lead,en,Head of Commercial Sales Organization Germany
Head of Corporate Sales,Lead,en,Head of Corporate Sales
Head of Corporate Sales Support and Excellence,Lead,en,Head of Corporate Sales Support and Excellence
Head of CRM & daproh Sales (Components Technology),Lead,en,Head of CRM & daproh Sales (Components Technology)
Head of CRM & Sales Analytics,Lead,en,Head of CRM & Sales Analytics
Head of CRM & Sales Ops Fernstudium,Lead,nl,Head of CRM & Sales Ops Fernstudium
Head of CRM / Head of Sales Operations US,Lead,en,Head of CRM / Head of Sales Operations US
Head of CRM / Sales Consulting,Lead,en,Head of CRM / Sales Consulting
Head of CRM / Salesforce,Lead,en,Head of CRM / Salesforce
Head of CRM and Sales Processes / Corporate Sales Excellence,Lead,en,Head of CRM and Sales Processes / Corporate Sales Excellence
Head of Customer Experience | Sales Lead | Digital Consulting | Leadership | CRM DXP | BizDev,Lead,en,Head of Customer Experience | Sales Lead | Digital Consulting | Leadership | CRM DXP | BizDev
Head of Customer Experience Design & Sales,Lead,en,Head of Customer Experience Design & Sales
Head Of Customer Service & Sales,Lead,en,Head Of Customer Service & Sales
Head of Customer Service Center & Global Sales Planning (10 FTEs),Lead,en,Head of Customer Service Center & Global Sales Planning (10 FTEs)
Head of Digital Sales Consulting,Lead,en,Head of Digital Sales Consulting
Head of Digitalization & Sales Planning,Lead,en,Head of Digitalization & Sales Planning
Head of Direct and Programmatic Sales,Lead,en,Head of Direct and Programmatic Sales
Head of Direct Sales,Lead,en,Head of Direct Sales
Head of Direct Sales & Commercial Integrations / Classifieds & Tamedia Network,Lead,en,Head of Direct Sales & Commercial Integrations / Classifieds & Tamedia Network
Head Of Direct Sales EMEA,Lead,en,Head Of Direct Sales EMEA
Head of Direct Sales Furniture Production & Private Label Coated Abrasives,Lead,en,Head of Direct Sales Furniture Production & Private Label Coated Abrasives
Head of Division Sales,Lead,en,Head of Division Sales
Head of eCommerce and Sales Innovations (formerly digitalization department),Lead,en,Head of eCommerce and Sales Innovations (formerly digitalization department)
Head of Enterprise Sales,Lead,en,Head of Enterprise Sales
Head of Enterprise Sales / Head of Used Softwar...,Lead,en,Head of Enterprise Sales / Head of Used Softwar...
Head of Enterprise Sales Germany,Lead,en,Head of Enterprise Sales Germany
Head of European Sales Development (PCE),Lead,en,Head of European Sales Development (PCE)
Head of Export Sales,Lead,en,Head of Export Sales
Head of Field Sales,Lead,en,Head of Field Sales
Head of Field Sales & In-Store Capabilities Germany,Lead,en,Head of Field Sales & In-Store Capabilities Germany
Head of Field Sales und Sales Trainerin www.JOB...,Lead,en,Head of Field Sales und Sales Trainerin www.JOB...
Head of Global Sales,Lead,en,Head of Global Sales
Head of Global Sales & Business Development,Lead,en,Head of Global Sales & Business Development
Head of Global Sales & Service BA,Lead,en,Head of Global Sales & Service BA
Head of Global Sales Excellence,Lead,en,Head of Global Sales Excellence
Head of Global Sales Excellence and OEM Partnerships,Lead,en,Head of Global Sales Excellence and OEM Partnerships
Head of Global Sales Operations,Lead,en,Head of Global Sales Operations
Head of Global Sales RCD & Minerals,Lead,en,Head of Global Sales RCD & Minerals
Head of Group Sales,Lead,en,Head of Group Sales
Head of Group Sales & Pricing,Lead,en,Head of Group Sales & Pricing
Head of Group Sales Support,Lead,en,Head of Group Sales Support
Head of Inside Sales,Lead,en,Head of Inside Sales
Head of Inside Sales - Southern EMEA,Lead,en,Head of Inside Sales - Southern EMEA
Head of Inside Sales (DACH),Lead,en,Head of Inside Sales (DACH)
Head of Inside Sales / Order Processing,Lead,en,Head of Inside Sales / Order Processing
Head of Inside Sales Dept.,Lead,en,Head of Inside Sales Dept.
Head of Inside Sales NONWOVENS,Lead,nl,Head of Inside Sales NONWOVENS
Head of Institutional Sales,Lead,en,Head of Institutional Sales
Head of Internal Sales,Lead,en,Head of Internal Sales
Head of Internal Sales Department Beauty Care / Consumer Brands,Lead,en,Head of Internal Sales Department Beauty Care / Consumer Brands
Head of International & Digital Sales,Lead,en,Head of International & Digital Sales
Head of International Direct Sales,Lead,en,Head of International Direct Sales
Head of International Sales,Lead,en,Head of International Sales
Head of International Sales & Back Office | ACP Baustofftechnik,Lead,de,"Head of International Sales & Back Office, ACP Building Materials Technology"
Head of International Sales Organisation,Lead,en,Head of International Sales Organisation
Head of IT Process Engineering Sales,Lead,en,Head of IT Process Engineering Sales
Head of IT Sales,Lead,en,Head of IT Sales
Head of IT Sales Operations & CPQ,Lead,en,Head of IT Sales Operations & CPQ
Head of IT-Development Sales & Custody,Lead,en,Head of IT-Development Sales & Custody
Head of Key Account & Sales EMEA,Lead,en,Head of Key Account & Sales EMEA
Head of Markting & Sales,Lead,en,Head of Markting & Sales
Head of Media Sales,Lead,en,Head of Media Sales
Head of Media Sales (Print & Online),Lead,en,Head of Media Sales (Print & Online)
Head of MSP Sales,Lead,en,Head of MSP Sales
Head of Network Solutions Sales,Lead,en,Head of Network Solutions Sales
Head of New Sales,Lead,en,Head of New Sales
Head of OEM Sales Excellence + Head of OEM Demand & Supply,Lead,en,Head of OEM Sales Excellence + Head of OEM Demand & Supply
Head of Online Sales,Lead,en,Head of Online Sales
Head of Online Sales Premium Products,Lead,en,Head of Online Sales Premium Products
Head of Pre-Sales,Lead,en,Head of Pre-Sales
Head of Pre-Sales Consulting,Lead,en,Head of Pre-Sales Consulting
Head of Pricing & Sales Controlling EMEA,Lead,en,Head of Pricing & Sales Controlling EMEA
Head of Product Channel Sales Central Europe,Lead,en,Head of Product Channel Sales Central Europe
Head of Programme Acquisition & Sales,Lead,en,Head of Programme Acquisition & Sales
Head of Project/Sales,Lead,en,Head of Project/Sales
Head of Recruiting & Enterprise Solutions Sales,Lead,en,Head of Recruiting & Enterprise Solutions Sales
Head of Regional Sales,Lead,en,Head of Regional Sales
Head of Regional Sales dpa Business West/dpa Insight EU International,Lead,en,Head of Regional Sales dpa Business West/dpa Insight EU International
Head of Regional Sales for West and North Europe,Lead,en,Head of Regional Sales for West and North Europe
Head of Regional Sales Österreich / Schweiz,Lead,de,Head of Regional Sales Austria / Switzerland
Head of Sales,Lead,en,Head of Sales
Head of Sales  BKS Connect,Lead,en,Head of Sales  BKS Connect
Head of Sales - Business Customers Austria,Lead,en,Head of Sales - Business Customers Austria
Head of Sales - CE,Lead,en,Head of Sales - CE
Head of Sales - Central & Eastern Europe,Lead,en,Head of Sales - Central & Eastern Europe
Head of Sales - DACH Region,Lead,en,Head of Sales - DACH Region
Head of Sales - Education and Research,Lead,en,Head of Sales - Education and Research
Head of Sales - Global Emerging Accounts,Lead,en,Head of Sales - Global Emerging Accounts
Head of Sales - North,Lead,en,Head of Sales - North
"Head of Sales ""Sales & Mobility""",Lead,en,"Head of Sales ""Sales & Mobility"""
Head of Sales & Administration,Lead,en,Head of Sales & Administration
Head of Sales & Advisory,Lead,en,Head of Sales & Advisory
Head of Sales & Application,Lead,en,Head of Sales & Application
Head of Sales & Back Office,Lead,en,Head of Sales & Back Office
Head of Sales & Business Development,Lead,en,Head of Sales & Business Development
Head of Sales & Business Development – Rest of World,Lead,en,Head of Sales & Business Development – Rest of World
Head of Sales & Business Development SAP CX,Lead,en,Head of Sales & Business Development SAP CX
Head of Sales & Consulting Services,Lead,en,Head of Sales & Consulting Services
Head of Sales & CRM,Lead,en,Head of Sales & CRM
Head of Sales & Customer Service,Lead,en,Head of Sales & Customer Service
Head of Sales & IT Controlling,Lead,en,Head of Sales & IT Controlling
Head of Sales & Onsite Service B2C North,Lead,en,Head of Sales & Onsite Service B2C North
Head of Sales & Operation E-mobility Germany,Lead,en,Head of Sales & Operation E-mobility Germany
Head of Sales & Operations,Lead,en,Head of Sales & Operations
Head of Sales & Operations Planning,Lead,en,Head of Sales & Operations Planning
Head of Sales & Product,Lead,en,Head of Sales & Product
Head of Sales & Project Office,Lead,en,Head of Sales & Project Office
Head of Sales & Prokurist,Lead,en,Head of Sales & Prokurist
Head of Sales & Recruiter,Lead,en,Head of Sales & Recruiter
Head of Sales & Repro Packaging,Lead,en,Head of Sales & Repro Packaging
Head of Sales & Service,Lead,en,Head of Sales & Service
Head of Sales & Service IT SAP,Lead,en,Head of Sales & Service IT SAP
Head of Sales & Service Support,Lead,en,Head of Sales & Service Support
Head of Sales & Support,Lead,en,Head of Sales & Support
Head of Sales (DACH region),Lead,en,Head of Sales (DACH region)
Head of Sales (Messe Kontakt),Lead,ur,Head of Sales (Exhibition Contact)
Head of Sales / Business Unit Training,Lead,en,Head of Sales / Business Unit Training
Head of Sales / Prokurist,Lead,en,Head of Sales / Prokurist
Head of Sales Administration,Lead,en,Head of Sales Administration
Head of Sales Analytics,Lead,en,Head of Sales Analytics
Head of Sales and Administration,Lead,en,Head of Sales and Administration
Head of Sales and Application Engineering,Lead,en,Head of Sales and Application Engineering
Head of Sales and Applications Europe,Lead,en,Head of Sales and Applications Europe
Head of Sales and Business Development,Lead,en,Head of Sales and Business Development
Head of Sales and Business Development (Neulandt),Lead,en,Head of Sales and Business Development (Neulandt)
Head of Sales and Business Development SCM,Lead,en,Head of Sales and Business Development SCM
Head of Sales and Customer Service,Lead,en,Head of Sales and Customer Service
Head of Sales and Digital Business,Lead,en,Head of Sales and Digital Business
Head of Sales and IT Service,Lead,en,Head of Sales and IT Service
Head of Sales and Projects,Lead,en,Head of Sales and Projects
Head of Sales and Projects - Textile B.U.,Lead,en,Head of Sales and Projects - Textile B.U.
Head of Sales and Projektmanagement,Lead,en,Head of Sales and Projektmanagement
Head of Sales and Sales Coordinator,Lead,en,Head of Sales and Sales Coordinator
Head of Sales and Technology,Lead,en,Head of Sales and Technology
Head of Sales APAC,Lead,en,Head of Sales APAC
Head of Sales Automotive Germany,Lead,en,Head of Sales Automotive Germany
Head of Sales Automotive IAM,Lead,en,Head of Sales Automotive IAM
Head of Sales Automotive Lubricants Central Europe,Lead,en,Head of Sales Automotive Lubricants Central Europe
Head of Sales B2B,Lead,en,Head of Sales B2B
Head of Sales B2B EMEA,Lead,en,Head of Sales B2B EMEA
Head of Sales Back Office,Lead,en,Head of Sales Back Office
Head of Sales BRD,Lead,en,Head of Sales BRD
Head of Sales B-to-B,Lead,en,Head of Sales B-to-B
Head of Sales Business Unit Semicon Modules,Lead,en,Head of Sales Business Unit Semicon Modules
Head of Sales CEE / Authorized Signatory,Lead,en,Head of Sales CEE / Authorized Signatory
Head of Sales CEE/CIS,Lead,en,Head of Sales CEE/CIS
Head of Sales Central,Lead,en,Head of Sales Central
Head of Sales Central Europe,Lead,en,Head of Sales Central Europe
Head of Sales Consulting,Lead,en,Head of Sales Consulting
Head of Sales Control and Development,Lead,en,Head of Sales Control and Development
Head of Sales Controlling & analytical CRM,Lead,en,Head of Sales Controlling & analytical CRM
Head of Sales Controlling & Operations,Lead,en,Head of Sales Controlling & Operations
Head of Sales Controlling and SCM Controlling,Lead,en,Head of Sales Controlling and SCM Controlling
Head of Sales Coordination International (SO/SAC),Lead,en,Head of Sales Coordination International (SO/SAC)
Head of Sales D A CH,Lead,en,Head of Sales D A CH
Head of Sales D/A/CH,Lead,en,Head of Sales D/A/CH
Head of Sales D/A/CH & BeNeLux,Lead,it,Head of Sales D/A/CH & BeNeLux
Head of Sales D/A/CH/EAST/TR,Lead,en,Head of Sales D/A/CH/EAST/TR
Head of Sales DACH,Lead,en,Head of Sales DACH
Head of Sales D-A-CH,Lead,en,Head of Sales D-A-CH
Head of Sales DACH & Benelux,Lead,en,Head of Sales DACH & Benelux
Head of Sales DACH CEE,Lead,de,Head of Sales DACH CEE
Head of Sales D-A-CH Region,Lead,en,Head of Sales D-A-CH Region
Head of Sales DE/AT/NL,Lead,en,Head of Sales DE/AT/NL
Head of Sales Department,Lead,en,Head of Sales Department
Head of Sales Department DACHL,Lead,en,Head of Sales Department DACHL
Head of Sales Dept.,Lead,en,Head of Sales Dept.
Head of Sales Developer & Creative Solutions,Lead,en,Head of Sales Developer & Creative Solutions
Head of Sales Development,Lead,en,Head of Sales Development
Head of Sales Development & Sales Administration,Lead,en,Head of Sales Development & Sales Administration
Head of Sales Development International,Lead,en,Head of Sales Development International
Head of Sales Digitalization,Lead,en,Head of Sales Digitalization
Head of Sales Dreamlines.de,Lead,en,Head of Sales Dreamlines.de
Head of Sales Duratec,Lead,en,Head of Sales Duratec
Head of Sales eCommerce,Lead,en,Head of Sales eCommerce
Head of Sales Electronic Devices,Lead,en,Head of Sales Electronic Devices
Head of Sales EMEA,Lead,en,Head of Sales EMEA
Head of Sales EMEA East,Lead,en,Head of Sales EMEA East
Head of Sales EMEAA,Lead,en,Head of Sales EMEAA
Head of Sales Enablement,Lead,en,Head of Sales Enablement
Head of Sales Europe,Lead,en,Head of Sales Europe
Head of Sales Excellence,Lead,en,Head of Sales Excellence
Head of Sales Excellence Europe,Lead,en,Head of Sales Excellence Europe
Head of Sales for LED Control Gear & Modules,Lead,en,Head of Sales for LED Control Gear & Modules
Head of Sales Force Enablement & Application,Lead,en,Head of Sales Force Enablement & Application
Head of Sales Germany,Lead,en,Head of Sales Germany
Head of Sales Germany and Austria,Lead,en,Head of Sales Germany and Austria
Head of Sales Germany/ Austria,Lead,en,Head of Sales Germany/ Austria
Head of Sales Global - Solutions,Lead,en,Head of Sales Global - Solutions
Head of Sales GU Projects,Lead,en,Head of Sales GU Projects
Head of Sales Industry,Lead,en,Head of Sales Industry
Head of Sales Intelligence and Analytics EMEA/LA/APAC,Lead,en,Head of Sales Intelligence and Analytics EMEA/LA/APAC
Head of Sales International,Lead,en,Head of Sales International
Head of Sales iRec & iHR,Lead,en,Head of Sales iRec & iHR
Head Of Sales KATEK Mauerstetten GmbH,Lead,nl,Head of Sales KATEK Mauerstetten GmbH
Head of Sales Licences,Lead,en,Head of Sales Licences
Head of Sales Life Science Technology,Lead,en,Head of Sales Life Science Technology
Head of Sales Makler Business,Lead,en,Head of Sales Makler Business
Head of Sales Man Made Fibre Division,Lead,en,Head of Sales Man Made Fibre Division
Head of Sales Market Unit Germany,Lead,en,Head of Sales Market Unit Germany
Head of Sales Midmarket & Growth D-A-CH,Lead,en,Head of Sales Midmarket & Growth D-A-CH
Head of Sales New Business,Lead,en,Head of Sales New Business
Head of Sales North Europe AP GUTMANN Group,Lead,en,Head of Sales North Europe AP GUTMANN Group
Head of Sales Northern Germany // Austria,Lead,en,Head of Sales Northern Germany // Austria
Head of Sales Office,Lead,en,Head of Sales Office
Head of Sales Online,Lead,en,Head of Sales Online
Head of Sales Operations,Lead,en,Head of Sales Operations
Head of Sales Operations Germany,Lead,en,Head of Sales Operations Germany
Head of Sales Operations Germany @ Lyreco Advantage,Lead,en,Head of Sales Operations Germany @ Lyreco Advantage
Head of Sales partnerships,Lead,en,Head of Sales partnerships
Head of Sales Partnerships & Hospitality,Lead,en,Head of Sales Partnerships & Hospitality
Head of Sales Performance and CRM,Lead,en,Head of Sales Performance and CRM
Head of Sales Pharmaceuticals and Cosmetics,Lead,en,Head of Sales Pharmaceuticals and Cosmetics
Head of Sales Processes,Lead,en,Head of Sales Processes
Head of Sales Public and Utilities Sector Germany,Lead,en,Head of Sales Public and Utilities Sector Germany
Head Of Sales Radiators & Sanitary Hot Water,Lead,en,Head Of Sales Radiators & Sanitary Hot Water
Head of Sales Region Austria & Switzerland,Lead,en,Head of Sales Region Austria & Switzerland
Head of Sales Region D-A-CH,Lead,en,Head of Sales Region D-A-CH
Head of Sales RV OE EMEA,Lead,pt,Head of Sales RV OE EMEA
Head of Sales Rx - Germany,Lead,en,Head of Sales Rx - Germany
Head of Sales Sellthru,Lead,en,Head of Sales Sellthru
Head of Sales Service,Lead,en,Head of Sales Service
Head of Sales Services Division,Lead,en,Head of Sales Services Division
Head of Sales SME Germany,Lead,en,Head of Sales SME Germany
Head of Sales Solar Cells,Lead,en,Head of Sales Solar Cells
Head of Sales Solutions,Lead,en,Head of Sales Solutions
Head of Sales Solutions Business Unit Utilities,Lead,en,Head of Sales Solutions Business Unit Utilities
Head of Sales SORB®XT,Lead,en,Head of Sales SORB®XT
Head of Sales South Germany,Lead,en,Head of Sales South Germany
Head of Sales Southern Germany,Lead,en,Head of Sales Southern Germany
Head of Sales Sports & Nutrition,Lead,en,Head of Sales Sports & Nutrition
Head of Sales Support,Lead,en,Head of Sales Support
Head Of Sales Support Germany,Lead,en,Head Of Sales Support Germany
Head of Sales Support Sales International,Lead,en,Head of Sales Support Sales International
Head of Sales Switzerland,Lead,en,Head of Sales Switzerland
Head of Sales System & Solutions Switzerland,Lead,en,Head of Sales System & Solutions Switzerland
Head of Sales System Development,Lead,en,Head of Sales System Development
Head of Sales Team,Lead,en,Head of Sales Team
Head of Sales Team Germany,Lead,en,Head of Sales Team Germany
Head of Sales Tech,Lead,en,Head of Sales Tech
Head of Sales Thermal Paper,Lead,en,Head of Sales Thermal Paper
Head of Sales Tools and Processes,Lead,en,Head of Sales Tools and Processes
Head of Sales& Alliances,Lead,en,Head of Sales& Alliances
Head of Sales&CX,Lead,en,Head of Sales&CX
Head of Salesforce & BI,Lead,en,Head of Salesforce & BI
Head of Salesforce Center of Excellence,Lead,en,Head of Salesforce Center of Excellence
Head of Salesstrategy E-Mobility B2B,Lead,en,Head of Salesstrategy E-Mobility B2B
Head of SAP Sales,Lead,en,Head of SAP Sales
Head of SAP Sales & Logistics,Lead,en,Head of SAP Sales & Logistics
Head of SME Sales Region West,Lead,en,Head of SME Sales Region West
Head of Solution Sales / Salesforce Competence Center,Lead,en,Head of Solution Sales / Salesforce Competence Center
Head of Solutions and Sales,Lead,en,Head of Solutions and Sales
Head of Solutions and Sales (Messe Kontakt),Lead,en,Head of Solutions and Sales (Messe Kontakt)
Head of Strategic Sales,Lead,en,Head of Strategic Sales
Head of Strategic Sales & Projects,Lead,en,Head of Strategic Sales & Projects
Head of Tactical Sales Services,Lead,en,Head of Tactical Sales Services
Head Of Technical Sales,Lead,en,Head Of Technical Sales
Head of Technology Services Sales,Lead,en,Head of Technology Services Sales
Head of Unit Sales & Customer Services,Lead,en,Head of Unit Sales & Customer Services
Head Sales,Lead,en,Head Sales
Head Sales E-Commerce,Lead,en,Head Sales E-Commerce
Head Sales Operation,Lead,en,Head Sales Operation
Local Head of Sales Robots & Applications,Lead,en,Local Head of Sales Robots & Applications
ppa. Head of Sales and Engineering,Lead,en,ppa. Head of Sales and Engineering
ppa. Head of Sales Consumer Data,Lead,en,ppa. Head of Sales Consumer Data
Head of Customer Support Workflow & IT Solutions,Lead,en,Head of Customer Support Workflow & IT Solutions
Head of Service and Support & Infrastructure and Cloud Services,Lead,en,Head of Service and Support & Infrastructure and Cloud Services
Agenturleiter,Lead,de,Head of Agency
Anzeigenleiter,Lead,de,Display Manager
Außendienst Teamleiter,Lead,de,Field Service Team Leader
Bau- und Projektleiter,Lead,de,Construction and Project Managers
Bereichsleiter,Lead,de,Head of Division
Bereichsleiter - Orthopädietechniker-Meister / CPO ISPO Cat I,Lead,de,Head of Division - Orthopaedic Technician Master / CPO ISPO Cat I
Bereichsleiter / Festnetz,Lead,de,Head of Sector / Landline
Bereichsleiter eCommerce,Lead,de,Head of eCommerce
Bereichsleiter Hartstoffbeschichtungen,Lead,de,Division Head of Hard Coatings
Bereichsleiter ICT/Organisation/Internal Audit,Lead,de,Head of ICT/Organisation/Internal Audit
Bereichsleiter Innovation/Technologie,Lead,de,Head of Innovation/Technology
Bereichsleiter Konstruktion,Lead,de,Head of Design
Bereichsleiter Kundenservice & Qualitätsmanagement,Lead,de,Head of Customer Service & Quality Management
Bereichsleiter Presales Consulting,Lead,de,Head of Presales Consulting
Bereichsleiter Privat- und Gewerbekunden,Lead,de,Head of Private and Commercial Customers
Bereichsleiter Release- und Datenmanagement - P...,Lead,de,Head of Release and Data Management - P...
Bereichsleiter Software,Lead,de,Head of Software
Bereichsleiter Systemadministration,Lead,de,Head of System Administration
Bereichsleiter Unternehmensentwicklung,Lead,de,Head of Business Development
Bereichsleiter Verkauf,Lead,de,Head of Sales
Bereichsleiterin Verkauf,Lead,de,Head of Sales
Betriebsleiter,Lead,de,Managers of the holding
Betriebsleiter | Prokurist,Lead,de,Manager of the plant 的 Prokurist
Betriebsleiterassistent,Lead,de,Manager Assistant
Bezirksleiter,Lead,de,District Leaders
Bezirksverkaufsleiter / Regionalverkaufsleiter ...,Lead,de,District Sales Manager / Regional Sales Manager ...
Büroleiter,Lead,de,Office Managers
Dualer Student - Teamleiter,Lead,de,Dual Student - Team Leader
Eidg. Dipl. Verkaufsleiter,Lead,de,Eidg. Dipl. Sales Manager
Ein- und Verkaufsleiter,Lead,de,Head of Sales and Sales
Elektotechnikingenieur / Projektleiter TGA / Bauleiter,Lead,de,Elektotechnikingenieur / Projektleiter TGA / Bauleiter
Entwicklungsleiter,Lead,de,Head of Development
Entwicklungsleiter und GF,Lead,de,Head of Development and GF
Exportleiter,Lead,de,Export Manager
Fachbereichsleiter,Lead,de,Head of Division
Fachbereichsleiter Zentrale Stammdaten,Lead,de,Head of Division Central master data
Fachbereichsleiterin Informationsmanagement,Lead,de,Head of Department Information Management
Fachgruppenleiter,Lead,de,Head of Section
Filialleiter,Lead,de,Branch Manager
Gebietsleiter,Lead,de,Head of Area
Gebietsleiter Süd,Lead,de,Head of Area South
Gebietsverkaufleiter,Lead,de,Area sales manager
Gebietsverkaufsleiter,Lead,de,Head of Area Sales
Gebietsverkaufsleiter - abas ERP,Lead,de,Area Sales Manager - abas ERP
Gebietsverkaufsleiter Bayern Süd & Österreich,Lead,de,Area Sales Manager Bavaria South & Austria
Gebietsverkaufsleiter bei Hersteller von Schnelllauftoren,Lead,de,Area sales manager for manufacturers of quick-run doors
Gebietsverkaufsleiter DAUPHIN HOME Deutschland ...,Lead,de,Area Sales Manager DAUPHIN HOME Germany ...
Gebietsverkaufsleiter Deutschland West,Lead,de,Area Sales Manager Germany West
Gebietsverkaufsleiter Fassade Architektur Berlin,Lead,de,Area Sales Manager Facade Architecture Berlin
Gebietsverkaufsleiter im Außendienst,Lead,de,Area sales manager in the field service
Gebietsverkaufsleiter Nord / regional sales manager,Lead,de,Area Sales Manager North / Regional sales manager
Gebietsverkaufsleiter Nord-Ost,Lead,de,Area Sales Manager North-East
Gebietsverkaufsleiter Ost,Lead,de,Regional Sales Manager East
Gebietsverkaufsleiter Süddeutschland / Regional...,Lead,de,Area Sales Manager Southern Germany / Regional...
Gebietsvertriebsleiter,Lead,de,Head of Area Distribution
Gesamtleiter Aussendienst & Niederlassungen,Lead,de,General Head of Sales & Branches
Gesamtverkaufsleiter,Lead,de,Total Head of Sales
Gesamtverkaufsleiter Bereich Groß-und Gewerbekunden DÜRKOP GmbH - Berlin,Lead,de,Total Sales Manager Division Wholesale and Commercial Customers DÜRKOP GmbH - Berlin
Gesamtvertriebsleiter,Lead,de,Total Sales Managers
Gesamtvertriebsleiter DACH,Lead,de,Total Sales Manager DACH
Gesamtvertriebsleiter stat. Druckluftsysteme,Lead,de,Total Sales Manager Stat. Compressed Air Systems
Geschäftsbereichleiter,Lead,de,Head of Division
Geschäftsbereichleiter Projektgeschäft,Lead,de,Head of Project Business
Geschäftsbereichsleiter,Lead,de,Head of Division
Geschäftsbereichsleiter B2B,Lead,de,Head of Business Unit B2B
Geschäftsbereichsleiter ERP Systeme,Lead,de,Head of Business Unit ERP Systems
Geschäftsbereichsleiter Kundenservice,Lead,de,Head of Customer Service
Geschäftsbereichsleiter Versicherungen,Lead,de,Head of Division Insurance
Geschäftsbereichsleiter/Prokurist,Lead,de,Head of Division/Procurer
Geschäftsfeldleiter Maschinen und Anlagen,Lead,de,Head of Division Machinery and Installations
Geschäftsführender Gebietsleiter,Lead,de,Managing Head of Area
Geschäftsleiter,Lead,de,Managers
Geschäftsleiter Österreich I Südtirol,Lead,de,Manager Austria I South Tyrol
Geschäftsleiter/Verwaltungsrat Prospective Media Services AG Berlin und Zürich,Lead,de,Managing Director/Administrative Board Prospective Media Services AG Berlin and Zurich
Geschäftsstellenleiter,Lead,de,Head of Office
Geschäftstellenleiter,Lead,de,Managers
Gruppenleiter,Lead,de,Group Leaders
Gruppenleiter Datenqualitätsmanagement,Lead,de,Group Leader Data Quality Management
Gruppenleiter Dialogmarketing und Database Mark...,Lead,de,Group Leader Dialog Marketing and Database Mark...
Gruppenleiter Montagesystemtechnik und Anlagenp...,Lead,de,Group leader assembly system technology and systems p...
Gruppenleiter Verkauf Deutschland,Lead,de,Group Leader Sales Germany
Gruppenleiter/Teamleiter Materialeinkauf Zentraleinkauf Stuttgart,Lead,de,Group leader/team leader Material purchasing Central purchasing Stuttgart
Hauptabteilungsleiter Konzerninformationstechnologie,Lead,de,Head of Division Group Information Technology
Hauptabteilungsleiter Materialwirtschaft,Lead,de,Head of Materials Management
Innendienstleiter,Lead,de,Internal Service Managers
Innendienstleiter Deutschland,Lead,de,Internal Service Manager Germany
Innendienstleiter Europa und Russland,Lead,de,Internal Service Managers Europe and Russia
Innendienstleiter/ Prokurist FLAMCO Meibes,Lead,de,Internal Manager/Procurer FLAMCO Meibes
Kaufmännischer Projektleiter,Lead,de,Commercial Project Manager
komm. Betriebsleiter,Lead,de,"Come on, farm manager."
Lager u. Logistikleiter,Lead,de,Warehouse & Logistics Manager
Marktleiter,Lead,de,Market Leaders
Marktleiterin,Lead,de,Market leader
Medizinprodukteberater und Gebietsverkaufsleiter,Lead,de,Medical device advisors and area sales managers
Microsoft Dynamics NAV Projektleiter,Lead,de,Microsoft Dynamics NAV Project Manager
Nationaler Verkaufsleiter,Lead,de,National Sales Manager
Niederlassungsleiter,Lead,de,Head of establishment
Niederlassungsleiter / Verkaufsleiter,Lead,de,Head of branch / Head of sales
Niederlassungsleiter Bayern,Lead,de,Head of Branch Bavaria
Niederlassungsleiter Schwaz & Kufstein Bereichsleiter für Bau-/Sonderreinigung im Raum Tirol,Lead,de,Branch Manager Schwaz & Kufstein Division Manager for Construction/Special Cleaning in the Tyrol Region
Oberbauleiter Tunnelbau,Lead,de,Tunnelling superconductor
Personalleiterin,Lead,de,Head of Personnel
Personalleiterin gewerbl.,Lead,de,Human resources manager
Planer- und Projektleiter Laboreinrichtungen,Lead,de,Planner and project leader laboratory facilities
Produktionsleiter,Lead,de,Production Manager
Projekt- und Veranstaltungsleiter,Lead,de,Head of Project and Event
Projektleiter,Lead,de,Project leader
Projektleiter Abt. Projektsteuerung,Lead,de,Project manager Dept. project management
Projektleiter Akquisition,Lead,de,Project Manager Acquisition
Projektleiter Akquisition/Ansiedlung,Lead,de,Project Manager Acquisition/Settlement
Projektleiter eCommerce,Lead,de,Project manager eCommerce
Projektleiter EDV,Lead,de,EDP Project Manager
Projektleiter ERP/PPS-Systeme,Lead,de,Project manager ERP/PPS systems
Projektleiter Groupware,Lead,de,Project Manager Groupware
Projektleiter Mittelspannung,Lead,de,Project Manager Medium Voltage
Projektleiter Unternehmensentwicklung,Lead,de,Corporate Development Project Leader
Projektleiter Verkauf,Lead,de,Project Manager Sales
Projektleiterin,Lead,de,Project leader
Projektleiterin Event/ Referentin Global Councils Organization,Lead,de,Project Manager Event/Speaker Global Councils Organization
Projektleiterin Imedo,Lead,de,Project manager Imedo
Projektmanager / Teamleiter,Lead,de,Project Manager / Team Leader
Prokurist / Verkaufsleiter,Lead,de,Procurator / Sales Manager
Prokurist || Gesamtvertriebsleiter,Lead,de,Deputy Head of Sales
Prokurist/ Verkaufsleiter,Lead,de,Procurator/ Sales Manager
Prokurist/Bereichsleiter Standortentwicklung,Lead,de,Procurator/Head of Location Development
Prüfstellenleiter,Lead,de,Test site managers
Regionaler Verkaufsleiter,Lead,de,Regional Sales Manager
Regionalleiter,Lead,de,Regional Leaders
Regionalleiter / Prokurist,Lead,de,Regional Manager / Procurator
Regionalleiter-Norddeutschland,Lead,de,Regional Leader North Germany
Regionalverkaufsleiter,Lead,de,Head of Regional Sales
Regionalverkaufsleiter / Produktmanager / F&E,Lead,de,Regional Sales Manager / Product Manager / R&E
Regionalverkaufsleiter Süddeutschland,Lead,de,Regional Sales Manager Southern Germany
Regionalvertriebsleiter,Lead,de,Head of Regional Distribution
Regionalvertriebsleiter und Gesellschafter,Lead,de,Regional Sales Managers and Partners
Ressorleiter Fachgruppen,Lead,de,Head of Ressor Sections
Schulleiterin,Lead,de,Headmaster
Schulungsleiter,Lead,de,Training Managers
Servicebereichsleiter,Lead,de,Service Division Manager
Serviceleiter,Lead,en,Serviceleiter
Shopleiter,Lead,de,Shop manager
Stabstellenleiter,Lead,de,Head of staff
Standortleiter,Lead,de,Site Manager
Standortleiter & Prokurist,Lead,de,Site Manager & Procurator
Standortleiter Köln,Lead,de,Site Manager Cologne
Stellvertr. Schulleiter,Lead,de,Deputy Headmaster
Stellvertretende Betriebsleiterin,Lead,de,Deputy Manager
Stellvertretender Bereichsleiter,Lead,de,Deputy Head of Sector
Stellvertretender Projektleiter „Data Analytics“,Lead,de,"Deputy Project Manager ""Data Analytics"""
Stv. Verkaufsleiterin,Lead,de,Head of Sales
Team- & Projektleiter CLOUD Applications,Lead,de,Team & Project Manager CLOUD Applications
Teamleiter,Lead,de,Team Leader
Teamleiter & Coach Telesales,Lead,de,Team Leader & Coach Telesales
Teamleiter ADS,Lead,de,Team leader ADS
Teamleiter Anforderungsmanagement,Lead,de,Team Manager Requirement Management
Teamleiter Application Developer System & Web,Lead,de,Team Leader Application Developer System & Web
Teamleiter Brand Spaces,Lead,de,Team leader Brand Spaces
Teamleiter Customer Consulting,Lead,en,Teamleiter Customer Consulting
Teamleiter Customer Development,Lead,de,Team Leader Customer Development
Teamleiter customer Insights,Lead,en,Teamleiter customer Insights
Teamleiter Customer Relations,Lead,en,Teamleiter Customer Relations
Teamleiter Customer Service,Lead,en,Teamleiter Customer Service
Teamleiter Datenanalyse / Teamlead Data Analysis,Lead,de,Team Leader Data Analysis / Teamlead Data Analysis
Teamleiter Direktmarkting,Lead,de,Team Leader Direct Marketing
Teamleiter Entwicklung / Projektmanagement,Lead,de,Team Leader Development / Project Management
Teamleiter Geschäftskundenvertrieb,Lead,de,Team Manager Business Sales
Teamleiter Gleitringdichtungen Deutschland,Lead,de,Team leader mechanical seals Germany
Teamleiter Kundenprojekte,Lead,de,Team Leader Customer Projects
Teamleiter Online,Lead,de,Team Leader Online
Teamleiter Product Implementation,Lead,de,Team Leader Product Implementation
Teamleiter Projekte & Consulting Deutschland,Lead,de,Team Leader Projects & Consulting Germany
Teamleiter Redaktion und Social Media,Lead,de,Team Leader Editorial and Social Media
Teamleiter Research,Lead,de,Team Leader Research
Teamleiter SEO,Lead,de,Team Leader SEO
Teamleiter Servicecenter Erdgas & Strom,Lead,de,Team Leader Service Center Natural Gas & Electricity
Teamleiter Softwareentwicklung (Middleware),Lead,de,Team Leader Software Development (Middleware)
Teamleiter Turnkey Retrofit,Lead,de,Team leader Turnkey Retrofit
Teamleiter Werbung,Lead,de,Team Leader Advertising
Teamleiterin,Lead,de,Team leader
Teamleiterin customer acquisitions and sidings,Lead,en,Teamleiterin customer acquisitions and sidings
Teamleiterin Eventmanagement,Lead,de,Team Leader Event Management
Teamleiterin inside sales,Lead,de,Team leader inside sales
Teamleiterin Kundenservice-Center,Lead,de,Team Leader Customer Service Center
Teamleiterin Unternehmenskommunikation,Lead,de,Team Leader Corporate Communications
Teamleiterin Werbung,Lead,de,Team Leader Advertising
tech. Verkaufsleiter,Lead,de,Technical Sales Manager
Technischer Projektleiter,Lead,de,Technical Project Manager
Unternehmensleiterin / Inhaberin,Lead,de,Head of company/holder
Verkaufsleiter,Lead,de,Sales Managers
Verkaufsleiter (Prokurist),Lead,de,Sales Manager (Procurer)
Verkaufsleiter / Prokurist,Lead,de,Sales Manager / Procurator
Verkaufsleiter / selbständiger Handelsvertreter,Lead,de,Sales manager / independent sales representative
Verkaufsleiter / Stv. Geschäftsführer,Lead,de,Sales Manager / Stv. Managing Director
Verkaufsleiter Anzeigen,Lead,de,Sales Manager Advertisements
Verkaufsleiter Aussendienst,Lead,de,Sales Manager External Service
Verkaufsleiter Austria & Switzerland,Lead,de,Sales Manager Austria & Switzerland
Verkaufsleiter BDE,Lead,de,Sales Manager BDE
Verkaufsleiter Biomasse,Lead,de,Sales Manager Biomass
Verkaufsleiter CH,Lead,de,Sales Manager CH
Verkaufsleiter DACH,Lead,de,Sales Manager DACH
Verkaufsleiter Deutschland,Lead,de,Sales Manager Germany
Verkaufsleiter Dialog Medien,Lead,de,Sales Manager Media Dialog
Verkaufsleiter Döner Handwerk/Industrie,Lead,de,Sales Manager Döner Handicraft/Industry
Verkaufsleiter FOOD,Lead,de,Sales Manager FOOD
Verkaufsleiter Food&Drug,Lead,de,Sales Manager Food&Drug
Verkaufsleiter für Deutschland und Schweiz,Lead,de,Sales Manager for Germany and Switzerland
Verkaufsleiter Industrie,Lead,de,Sales Manager Industry
Verkaufsleiter Innendienst,Lead,de,Internal Sales Manager
Verkaufsleiter Key Account Industrie und Sport,Lead,de,Sales Manager Key Account Industry and Sports
Verkaufsleiter Magazinpapiere Deutschland,Lead,de,Sales Manager Magazine Papers Germany
Verkaufsleiter Production Printing Deutschland ...,Lead,de,Sales Manager Production Printing Germany ...
Verkaufsleiter Schweiz,Lead,de,Sales Manager Switzerland
Verkaufsleiter Service Region Südwest,Lead,de,Sales Manager Service Region Southwest
Verkaufsleiter Süddeutschland / Schweiz,Lead,de,Sales Manager Southern Germany / Switzerland
Verkaufsleiter und Produktmanager Viscom,Lead,de,Sales Manager and Product Manager Viscom
Verkaufsleiterin Innendienst Süd,Lead,de,Sales Manager Internal Service South
Verkaufsteamleiter,Lead,de,Sales team leader
Verlagsleiterin,Lead,de,Head of Publishing
Vertiebsleiter,Lead,de,Head of Unit
Vetriebsleiter,Lead,de,Head of Sales
Vetriebsleiter NAVA,Lead,de,Sales Manager NAVA
Werbeleiter,Lead,de,Advertising Managers
Werkleiter,Lead,de,Manager of the plant
Werkleiter und Mitglied der Geschäftsführung Produktion,Lead,de,Plant manager and member of the production management
Personalleiterin/ Assistentin der Geschäftsführung,Lead,de,Head of Personnel/Managing Assistant
Bereichsleiter Business Development,Lead,de,Head of Business Development
Bereichsleiter Business Systems,Lead,de,Head of Business Systems
Business Projektleiter,Lead,de,Business Project Manager
Teamleiter Business Prozesse,Lead,de,Team Leader Business Processes
Teamleiter Global Strategy and Reporting & Business Development,Lead,it,Teamleiter Global Strategy and Reporting & Business Development
Teamleiterin Business Administration,Lead,de,Team leader Business Administration
Teamleiterin Business IT,Lead,de,Team leader Business IT
Teamleiterin New Business,Lead,de,Team leader New Business
Projektleiter / Berater / Teamleiter,Lead,de,Project manager / consultant / team leader
Projekleiter / Consultant Dynamics NAV,Lead,de,Project Manager / Consultant Dynamics NAV
Projektleiter / Consultant,Lead,de,Project manager / consultant
Geschäftsbereichsleiter HR-Lösungen,Lead,de,Head of HR Solutions
Personalleiterin / Head of Human Resources,Lead,de,Head of Human Resources
Bereichsleiter Digital Services,Lead,de,Head of Digital Services
Bereichsleiter Digitale Medien / Ausstellungskonzepte,Lead,de,Head of Digital Media / Exhibition Concepts
Bereichsleiter IT,Lead,de,Head of IT
Bereichsleiter IT Betrieb / Head of IT Service Operation,Lead,de,Head of IT Operations / Head of IT Service Operation
Bereichsleiter IT-Personaldienstleistungen,Lead,de,Head of IT Personnel Services
Bereichsleiter Organisation & IT,Lead,de,Head of Organization & IT
Geschäftsbereichsleiter IT,Lead,de,Head of Division IT
Hauptabteilungsleiter IT,Lead,de,Head of Department IT
IT Projektleiter,Lead,de,IT Project Manager
IT Services Teamleiterin Office Anwendungen,Lead,de,IT Services Team Leader Office Applications
IT-Projektleiter,Lead,de,IT Project Leader
IT-Projektleiter (Dynamics NAV),Lead,de,Dynamics NAV (IT Project Leader)
IT-Projektleiter und Anwendungsbetreuer,Lead,de,IT project manager and application manager
IT-Projektleiter und Produktmanager,Lead,de,IT Project Manager and Product Manager
IT-Projektleiterin,Lead,de,IT Project Manager
IT-Prozessmanager / IT-Projektleiter,Lead,de,IT Process Manager / IT Project Manager
IT-Teamleiter,Lead,ru,IT team leader
leiter IT Konzern,Lead,de,Head of IT Group
Projektleiter Digitalisierung,Lead,de,Digitalisation Project Manager
Projektleiter Digitalisierung (Digital Office),Lead,de,Project Manager Digitalization (Digital Office)
Projektleiter für Digitale Entwicklung,Lead,de,Project Manager for Digital Development
Projektleiter IT,Lead,de,Project Manager IT
Projektleiter/IT-Koordinator,Lead,de,Project Leader/IT Coordinator
Projektleiterin IT,Lead,de,Project manager IT
Sachgebietsleiter Digitalisierung,Lead,de,Head of Sector Digitisation
SAP Projektleiter ERP,Lead,de,SAP Project Manager ERP
Stellvertretender Teamleiter IT-Infrastruktur,Lead,de,Deputy Team Leader IT Infrastructure
Stv. Teamleiter IT-Service Desk,Lead,de,Stv. Team Leader IT-Service Desk
Teamleiter – IT und SAP,Lead,de,Team leader – IT and SAP
Teamleiter / SAP Basis Productmananger,Lead,de,Team Leader / SAP Basis Productmananger
Teamleiter IT,Lead,de,Team Leader IT
Teamleiter IT - Kaufmännische Applikationen,Lead,de,Team leader IT - Commercial applications
Teamleiter IT / SAP Anwendungs- und Basisbetreuer,Lead,de,Team leader IT / SAP application and basic maintainer
Teamleiter IT / Team Leader IT,Lead,ru,Teamleiter IT / Team Leader IT
Teamleiter IT Infrastruktur,Lead,de,Team Leader IT Infrastructure
Teamleiter IT Manufacture to Inventory (Plant Integration),Lead,de,Team Leader IT Manufacture to Inventory (Plant Integration)
Teamleiter IT/SAP,Lead,ru,Team leader IT/SAP
Teamleiter IT/TK Infrastruktur und Ressourcen M...,Lead,de,Team Leader IT/TK Infrastructure and Resources M...
Teamleiter IT-Infrastruktur,Lead,de,Team leader IT infrastructure
Teamleiter IT-Systemadministration,Lead,ru,Team leader IT system administration
Teamleiter SAP,Lead,de,Team Leader SAP
Teamleiter SAP / non.SAP,Lead,de,Team leader SAP / non.SAP
Teamleiter SAP Personalberatung,Lead,de,Team leader SAP HR
Teamleiter und Projektmanager IT,Lead,de,Team leader and project manager IT
Bereichsleiter CRM,Lead,de,Head of Division CRM
Bereichsleiter CRM Digital INT,Lead,de,Head of Division CRM Digital INT
Bereichsleiter Microsoft Dynamics CRM,Lead,de,Head of Division Microsoft Dynamics CRM
CRM Projektleiter,Lead,de,CRM Project Manager
CRM Teamleiter,Lead,de,CRM Team Leader
CRM-Berater / CRM-Projektleiter,Lead,de,CRM consultant / CRM project manager
Gebietsvertriebsleiter CRM,Lead,de,Area Sales Manager CRM
Gruppenleiter CRM,Lead,de,Group Leader CRM
Operativer Projektleiter CRM,Lead,de,Operational Project Manager CRM
Projektleiter CRM,Lead,de,Project Manager CRM
Projektleiter CRM Software Entwicklung,Lead,de,Project Manager CRM Software Development
Projektleiter SugarCRM,Lead,de,Project Manager SugarCRM
Projektleiterin CRM,Lead,de,Project manager CRM
Projektleiterin CRM-Datenmanagement,Lead,de,Project manager CRM data management
Sachgebietsleiterin CRM,Lead,de,Head of Sector CRM
Teamleiter (CRM-Produkt),Lead,de,Team leader (CRM product)
Teamleiter CRM,Lead,de,Team Leader CRM
Teamleiter CRM (Entwicklung),Lead,de,Team Leader CRM (Development)
Teamleiter CRM-Software (salesforce.com) - Region DACH,Lead,de,Team Leader CRM Software (salesforce.com) - Region DACH
Teamleiter Dynamics Projekte CRM,Lead,de,Team Leader Dynamics Projects CRM
Teamleiterin CRM & Kundenmanagement,Lead,de,Team Leader CRM & Customer Management
Verkaufsleiter & CRM verantwortlich,Lead,de,Sales Manager & CRM responsible
Assistentin für den Marketing und Anzeigenleiter,Lead,de,Assistant for Marketing and Advertising Manager
Bereichsleiter Business Development und Marketing,Lead,de,Head of Business Development and Marketing
Bereichsleiter Externe Kommunikation,Lead,de,Head of External Communications
Bereichsleiter Global Marketing & Sales Support,Lead,de,Head of Global Marketing & Sales Support
Bereichsleiter Kommunikation & Marketing,Lead,de,Head of Communications & Marketing
Bereichsleiter Kommunikation / Public Relations,Lead,de,Head of Communications / Public Relations
Bereichsleiter Kommunikation/Marketing/Produktmanagement,Lead,de,Head of Communications/Marketing/Product Management
Bereichsleiter Kundenberatung und Marketing,Lead,de,Head of Customer Consulting and Marketing
Bereichsleiter Market Communication,Lead,de,Head of Market Communication
Bereichsleiter Marketing,Lead,de,Head of Marketing
Bereichsleiter Marketing - Vertrieb,Lead,de,Head of Marketing - Sales
Bereichsleiter Marketing & Kommunikation,Lead,de,Head of Marketing & Communication
Bereichsleiter Marketing & Portfolio,Lead,de,Head of Marketing & Portfolio
Bereichsleiter Marketing & Verkauf,Lead,de,Head of Marketing & Sales
Bereichsleiter Marketing & Vertrieb,Lead,de,Head of Marketing & Sales
Bereichsleiter Marketing und Kommunikation,Lead,de,Head of Marketing and Communication
Bereichsleiter Marketing und Online Business,Lead,de,Head of Marketing and Online Business
Bereichsleiter Marketing und Vertrieb,Lead,de,Head of Marketing and Sales
Bereichsleiter Marketing und Vertriebsinnendienst,Lead,de,Head of Marketing and Internal Sales Service
Bereichsleiter Öffentlichkeitsarbeit und Kommunikation,Lead,de,Head of Public Relations and Communication
Bereichsleiter Online Marketing & E-Commerce,Lead,de,Head of Online Marketing & E-Commerce
Bereichsleiter Operations / Marketing,Lead,de,Head of Operations / Marketing
Bereichsleiter Sales & Marketing,Lead,de,Head of Sales & Marketing
Bereichsleiter Verkauf & Marketing,Lead,de,Head of Sales & Marketing
Bereichsleiter Vertrieb & Marketing,Lead,de,Head of Sales & Marketing
Bereichsleiter Vertrieb / Marketing,Lead,de,Head of Sales / Marketing
Bereichsleiter Vertrieb und Marketing,Lead,de,Head of Sales and Marketing
Bereichsleiterin Marketing,Lead,de,Head of Marketing
Bereichsleiterin Marketing & Sales,Lead,de,Head of Marketing & Sales
Bereichsleiterin Marketing / Head of freenet TV,Lead,de,Head of Marketing / Head of freenet TV
Bereichsleiterin Marketing Strategy & CRM,Lead,de,Head of Marketing Strategy & CRM
Bereichsleiterin Marketing und Geschäftsfeldentwicklung,Lead,de,Head of Marketing and Business Development
Bereichsleiterin Marketing-Kommunikation,Lead,de,Head of Marketing Communication
Bereichsleiterin Mitglieder und Marketing,Lead,de,Head of Division Members and Marketing
Fachabteilungsleiter Marketing & Sales,Lead,de,Head of Marketing & Sales
Fachbereichsleiterin Familienpolitik und Frauen (Messe Kontakt),Lead,de,Head of Family Policy and Women (Trade Fair Contact)
Fachleiter Marketing,Lead,de,Head of Marketing
Fachliche Teamleiterin Marketing,Lead,de,Professional team leader Marketing
Fachliche Teamleiterin Marketing & Öffentlichke...,Lead,de,Professional team leader Marketing & Public...
Gebietsvertriebsleiter & Marketing Head,Lead,de,Area Sales Manager & Marketing Head
Gesamtleiter Marketing & Vertrieb,Lead,de,General Manager Marketing & Sales
Gesamtleiter Marketing und Vertrieb,Lead,de,General Manager Marketing and Sales
Geschäftsbereichleiter Vertrieb / Marketing,Lead,de,Head of Sales / Marketing
Geschäftsbereichsleiter Marketing,Lead,de,Head of Marketing
Geschäftsbereichsleiter Marketing/Vertrieb,Lead,de,Head of Marketing/Distribution
Geschäftsbereichsleiter Vertrieb + Marketing,Lead,de,Head of Sales + Marketing
Geschäftsbereichsleiter Vertrieb und Marketing,Lead,de,Head of Sales and Marketing
Geschäftsleiter Marketing und Vertrieb,Lead,de,Head of Marketing and Sales
Gesellschafter / Marketingleiter,Lead,de,Partner / Marketing Manager
Gruppenleiter Abteilung Marketing/PR/Kundenbindung,Lead,de,Group leader Marketing/PR/Customer loyalty
Gruppenleiter Datenmanagement (Messe Kontakt),Lead,de,Group leader data management (trade fair contact)
Gruppenleiter Digitales Marketing,Lead,de,Group Leader Digital Marketing
Gruppenleiter Gewerbe- & Privatkunden I Vertrieb und Marketing,Lead,de,Group Manager Commercial & Private Customers I Sales and Marketing
Gruppenleiter Marketing,Lead,de,Group Leader Marketing
Gruppenleiter Messen und Ausstellungen GU-Gruppe,Lead,de,Group Leader Fairs and Exhibitions GU Group
Gruppenleiter Sales und Marketing,Lead,de,Group Manager Sales and Marketing
Gruppenleiterin Marketing,Lead,de,Group Leader Marketing
Gruppenleiterin Partner Marketing,Lead,de,Group Leader Partner Marketing
Gruppenleiterin Sales Marketing,Lead,de,Group Manager Sales Marketing
Hauptabteilungsleiter Corporate Marketing Communications,Lead,de,Head of Corporate Marketing Communications
Hauptabteilungsleiter Marketing,Lead,de,Head of Marketing
Hauptbereichsleiter Marketing,Lead,de,Head of Marketing
Head of Marketing / Marketingleiter,Lead,de,Head of Marketing / Marketing Manager
Head of Marketing and Graphics / Marketingleiter,Lead,en,Head of Marketing and Graphics / Marketingleiter
Internationaler Vertriebs- und Marketingleiter / Prokurist,Lead,de,International Sales and Marketing Manager / Procurator
Konzernbereichsleiter Kommunikation und Marketing,Lead,de,Head of Communications and Marketing
Marketing & Kommunikation / Assistenz Bereichsleiter Marketing,Lead,de,Marketing & Communication / Assistance Head of Marketing
Marketing & Vertriebsleiter,Lead,de,Marketing & Sales Manager
Marketing Gruppenleiter,Lead,de,Marketing Group Leaders
Marketing Projektleiterin,Lead,de,Marketing Project Manager
Marketing- und Verkaufsleiter,Lead,de,Marketing and Sales Managers
Marketing -und Verkaufsleiterin Vlies,Lead,de,Marketing and Sales Manager Nonwoven
Marketing und Vertriebsleiter,Lead,de,Marketing and Sales Manager
Marketing- und Vertriebsleiter,Lead,de,Marketing and Sales Manager
Marketing und Vertriebsleiterin,Lead,de,Marketing and Sales Manager
Marketing/ Teamleiter Messen,Lead,de,Marketing/ Team Leader Fairs
Marketingleiter,Lead,de,Marketing Manager
Marketingleiter & Vertriebsleiter DACH,Lead,de,Marketing Manager & Sales Manager DACH
Marketingleiter (Messe Kontakt),Lead,de,Marketing Manager (trade fair contact)
Marketingleiter D-A-CH,Lead,de,Marketing Manager D-A-CH
Marketingleiter Emmi Schweiz,Lead,de,Marketing Manager Emmi Switzerland
Marketingleiter ERP und BI,Lead,de,Marketing Manager ERP and BI
Marketingleiter HFO Gruppe,Lead,de,Marketing Manager HFO Group
Marketingleiter Klinische Mikrobiologie Central Europe,Lead,de,Marketing Manager Clinical Microbiology Central Europe
Marketingleiterin,Lead,de,Marketing Manager
Marketingleiterin & -beraterin | Personaldienstleistung,Lead,de,Marketing manager & consultant
Marketingleiterin CH,Lead,de,Marketing Manager CH
Marketing-Projektleiterin,Lead,de,Marketing Project Manager
Marketing-und Vertriebsleiter,Lead,de,Marketing and Sales Manager
Marketing-Verantwortlicher | Projektleiter Digitalisierung,Lead,de,Marketing-Responsible 的 Project Manager Digitization
Niederlassungsleiter Marketing&Vertrieb,Lead,de,Head of Marketing & Sales
Produktgruppenleiter Solar - Vertrieb und Marketing,Lead,de,Product Group Manager Solar - Sales and Marketing
Projektleiter - Marketing und Vertrieb,Lead,de,Project Manager - Marketing and Sales
Projektleiter (Messe Ansprechpartner),Lead,de,Project manager (trade fair contact)
Projektleiter (Messe Kontakt),Lead,de,Project manager (trade fair contact)
Projektleiter IT-Kommunikation,Lead,de,IT Communication Project Manager
Projektleiter Kommunikation | Investor Relations | Veranstaltungsplanung,Lead,de,Project manager Communication -- Investor Relations -- Event planning
Projektleiter Marketing,Lead,de,Marketing Project Manager
Projektleiter Marketing - CRM // Projektmanager operative Wirtschaftsraumsteuerung,Lead,de,Project Manager Marketing - CRM // Project Manager Operational Economic Area Management
Projektleiter Marketing Kommunikation,Lead,de,Marketing Communication Project Manager
Projektleiter Marketing-Kommunikation,Lead,de,Marketing Communication Project Manager
Projektleiter Medien Messe und Ausstellung,Lead,de,Project Manager Media Fair and Exhibition
Projektleiter Messe,Lead,de,Project Manager Fair
Projektleiter Messen,Lead,de,Project Manager Fairs
Projektleiter Messen & Events,Lead,de,Project Manager Fairs & Events
Projektleiter Online-Marketing / E-Commerce-Lösungen,Lead,de,Project manager online marketing / e-commerce solutions
Projektleiter R&D (Messe Kontakt),Lead,de,Project manager R&D (trade fair contact)
Projektleiterin Marketing,Lead,de,Marketing Project Manager
Projektleiterin Marketing & PR,Lead,de,Project Manager Marketing & PR
Projektleiterin Marketing Kommunikation,Lead,de,Marketing Communication Project Manager
Projektleiterin Marketingkommunikation,Lead,de,Marketing Communication Project Manager
Projektleiterin Messe - Banketts,Lead,de,Project manager Messe - Banquets
Projektleiterin Messen und Events,Lead,de,Project leader in trade fairs and events
Projektleiterin Messen und Veranstaltungen,Lead,de,Project leader in trade fairs and events
Prokurist / Bereichsleiter Messelogistik,Lead,de,Procurator / Head of Trade Fair Logistics
Regionalleiter (Messe Kontakt),Lead,de,Regional manager (trade fair contact)
Regionalleiterin Unternehmenskommunikation und Marketing,Lead,de,Regional Head of Corporate Communications and Marketing
Ressortleiter Digitale Kommunikation,Lead,de,Head of Digital Communications
Sachgebietsleiter Marketing,Lead,de,Head of Marketing
Serviceleiterin Marketing & Kommunikation,Lead,de,Service Manager Marketing & Communication
Stellv. Marketingleiterin,Lead,de,Deputy Marketing Manager
Stellvertretender Marketingleiter,Lead,de,Deputy Marketing Manager
Teamleiter BDE (Messe Kontakt),Lead,de,Team leader BDE (trade fair contact)
Teamleiter Innendienst - Sales & Marketing,Lead,de,Team Leader Internal Service - Sales & Marketing
Teamleiter Kommunikation / Medien,Lead,de,Team Leader Communication / Media
Teamleiter Kundenmanagement/Marketing,Lead,de,Team Manager Customer Management/Marketing
Teamleiter Marketing,Lead,de,Team Leader Marketing
Teamleiter Marketing - Projektleiter Messen & Events,Lead,de,Team Leader Marketing - Project Manager Fairs & Events
Teamleiter Marketing & Vertrieb,Lead,de,Team Leader Marketing & Sales
Teamleiter Marketing & Vertrieb Sonderprojekte,Lead,de,Team Leader Marketing & Sales Special Projects
Teamleiter Marketing / Service,Lead,de,Team Leader Marketing / Service
Teamleiter Marketing Kommunikation,Lead,de,Team Leader Marketing Communication
Teamleiter Marketing New Business,Lead,de,Team Leader Marketing New Business
Teamleiter Marketing und Sales,Lead,de,Team Leader Marketing and Sales
Teamleiter Marketing und Sales Veranstaltungen,Lead,de,Team Leader Marketing and Sales Events
Teamleiter Marketing- und Vertriebsservices,Lead,de,Team Leader Marketing and Sales Services
Teamleiter Marketing/Sales,Lead,de,Team Leader Marketing/Sales
Teamleiter Messekommunikation,Lead,de,Team Leader Trade Fair Communication
Teamleiter Online Marketing,Lead,de,Team Leader Online Marketing
Teamleiter Online Marketing/E-Commerce,Lead,de,Team Leader Online Marketing/E-Commerce
Teamleiter Online-Marketing,Lead,de,Team Leader Online Marketing
Teamleiter PR&Marketing,Lead,de,Team Leader PR&Marketing
Teamleiter PR/Marketing,Lead,de,Team leader PR/Marketing
Teamleiter Sales & Marketing,Lead,en,Teamleiter Sales & Marketing
Teamleiterin Digital Marketing,Lead,de,Team leader Digital Marketing
Teamleiterin E-Mail-Marketing,Lead,de,Team leader e-mail marketing
Teamleiterin Klassische Kommunikation,Lead,de,Team leader Classic communication
Teamleiterin Marketing,Lead,de,Team Leader Marketing
Teamleiterin Marketing & Kommunikation,Lead,de,Team Leader Marketing & Communication
Teamleiterin Marketing & Lichtplanung,Lead,de,Team Leader Marketing & Lighting Planning
Teamleiterin Marketing & Produktmanagement,Lead,de,Team Leader Marketing & Product Management
Teamleiterin Marketing & Vertrieb,Lead,de,Team Leader Marketing & Sales
Teamleiterin Marketing & Vertriebsinnendienst,Lead,de,Team Leader Marketing & Sales Service
Teamleiterin Marketing Analytics,Lead,de,Team Leader Marketing Analytics
Teamleiterin Marketing B2B/B2C national,Lead,de,Team leader Marketing B2B/B2C national
Teamleiterin Marketing Services,Lead,de,Team Leader Marketing Services
Teamleiterin Marketing und Eventmanagement,Lead,de,Team Leader Marketing and Event Management
Teamleiterin Marketing/Kommunikation,Lead,de,Team Leader Marketing/Communication
Teamleiterin Marketing/Organisation,Lead,de,Team Leader Marketing/Organization
Teamleiterin Marketing/Werbung,Lead,de,Team Leader Marketing/Advertising
Teamleiterin Marketing-Communications,Lead,de,Team Leader Marketing Communication
Teamleiterin Marketingkommunikation,Lead,de,Head of Marketing Communication
Teamleiterin Performance Marketing,Lead,de,Team leader Performance Marketing
Teamleiterin Vertriebsinnendienst & Marketing,Lead,de,Team Manager Internal Sales Service & Marketing
Verkaufs & Marketingleiter,Lead,de,Sales & Marketing Managers
Verkaufs- und Marketingleiter,Lead,de,Sales and Marketing Managers
Verkaufs-/Marketingleiter,Lead,de,Sales/Marketing Manager
Verkaufsleiter (Messe Kontakt),Lead,de,Sales manager (trade fair contact)
Verkaufsleiter / Messe Kontakt,Lead,de,Sales Manager / Trade Fair Contact
Vertriebs- und Marketingleiter,Lead,de,Sales and Marketing Managers
Vertriebsingenieur & Marketing (seit Mai 2010 auch stellv. Vertriebsleiter),Lead,de,Sales engineer & marketing (since May 2010 also sales manager)
Vertriebsleiter / Marketingleiter,Lead,de,Sales Manager / Marketing Manager
Vertriebsleiter Business Unit Mulit-Channel-Marketing,Lead,de,Sales Manager Business Unit Mulit Channel Marketing
Vertriebsleiter Online Marketing,Lead,de,Sales Manager Online Marketing
Vertriebsleiter und Marketing,Lead,de,Sales Manager and Marketing
Vertriebsleiterin Endkunden / Marketing,Lead,de,Sales Manager End-user / Marketing
Einkaufsleiter,Lead,de,Head of Purchasing
Einkaufsleiterin,Lead,de,Head of Purchasing
Anzeigen- und Vertriebsleiter,Lead,de,Advertising and Sales Managers
Assistent der Geschäftsführung / Vertriebsleiter Hydrosulfit,Lead,de,Assistant to the management / Sales Manager Hydrosulfite
Assistent des Geschäftsbereichsleiters Vertriebsrepräsentant,Lead,de,Assistant to Head of Division Sales Representative
Assistentin des Vertriebsleiters Sparte Kunststoff,Lead,de,Assistant to Sales Manager Plastics
Bereichsleiter  Vertrieb und Projekte,Lead,de,Head of Sales and Projects
Bereichsleiter CRM und Vertrieb,Lead,de,Head of Division CRM and Sales
Bereichsleiter Kundenmanagement & Vertrieb,Lead,de,Head of Customer Management & Sales
Bereichsleiter Vertrieb,Lead,de,Head of Sales
Bereichsleiter Vertrieb & Technik,Lead,de,Head of Sales & Technology
Bereichsleiter Vertrieb / Head of Business Unit...,Lead,de,Head of Sales / Head of Business Unit...
Bereichsleiter Vertrieb / Head of Sales,Lead,de,Head of Sales / Head of Sales
Bereichsleiter Vertrieb / Prokurist,Lead,de,Head of Sales / Procurator
Bereichsleiter Vertrieb IKOR-Gruppe,Lead,de,Head of Sales IKOR Group
Bereichsleiter Vertrieb und International Business,Lead,de,Head of Sales and International Business
Bereichsleiter Vertrieb und Kundenservice,Lead,de,Head of Sales and Customer Service
Bereichsleiter Vertrieb und Services,Lead,de,Head of Sales and Services
Bereichsleiter Vertriebsmanagement Selmoni Gruppe,Lead,de,Head of Sales Management Selmoni Group
Bereichsleiterin Vertrieb & Services,Lead,de,Head of Sales & Services
Bezirksleiter Snacks Sales Retail,Lead,de,District Manager Snacks Sales Retail
Centerleiter Vertrieb & Kaufmännischer Service,Lead,de,Center Manager Sales & Commercial Service
Consultant/Projektleiter - Salesforce,Lead,de,Consultant/Project Manager - Salesforce
Fachgebietsleiter Innovations-& Digitalisierungsmanagement Vertrieb,Lead,de,Head of Innovation & Digitization Management Sales
Fachleiter Vertrieb Funktionsflüssigkeiten,Lead,de,Specialist Sales Manager Functional Fluids
Gebietsleiter Vertrieb,Lead,de,Head of Area Sales
Gebietsverkaufsleiter/Vertriebskoordinator,Lead,de,Area Sales Manager/Sales Coordinator
Geschäftsbereichsleiter Vertrieb,Lead,de,Head of Sales
Geschäftsbereichsleiter Vertrieb / Prokurist,Lead,de,Head of Division Sales / Procurator
Geschäftsbereichsleiter Vertrieb Inland,Lead,de,Head of Division for Domestic Sales
Geschäftsbereichsleiterin Vertrieb,Lead,de,Head of Sales
Geschäftsführer & Vertriebsleiter,Lead,de,Managing Director & Sales Manager
Geschäftsführer und Gesamt-Vertriebsleiter,Lead,de,Managing Director and General Sales Manager
Geschäftsführer und Vertriebsleiter,Lead,de,Managing Director and Sales Manager
Geschäftsleiter (Steuerung Vertrieb),Lead,de,Managing Director (Controlling Distribution)
Geschäftsleiter Direct Sales,Lead,de,Head of Direct Sales
Geschäftsstellenleiter Indirect Sales,Lead,de,Head of Indirect Sales
Gesellschafter / Vertriebsleiter,Lead,de,Shareholder / Sales Manager
Gruppenleiter CRM & Inside Sales,Lead,de,Group Leader CRM & Inside Sales
Gruppenleiter Sales Intelligence,Lead,de,Group Leader Sales Intelligence
Gruppenleiter Sales Support - Fachhandel,Lead,de,Group Manager Sales Support - Specialist Trade
Gruppenleiter Vertrieb,Lead,de,Group Leader Distribution
Gruppenleiter Vertrieb Inland,Lead,de,Group Leader Sales Domestic
Gruppenleiterin Vertrieb E-Business,Lead,de,Group Manager Sales E-Business
Gruppenleiterin Vertriebsinnendienst,Lead,de,Group Manager Internal Sales Service
Handlungsbevollmächtigter- Vertriebsleiter,Lead,de,Authorised sales manager
Hauptgesellschafter und Vertriebsleiter,Lead,de,Main shareholder and sales manager
Head of Sales (Vertriebsleiter),Lead,en,Head of Sales (Vertriebsleiter)
Head of Sales / Vertriebsleiter,Lead,de,Head of Sales / Sales Manager
Head of Sales International // Vertriebsleiter ...,Lead,de,Head of Sales International // Sales Manager ...
Head of Sales/Vertriebsleiter,Lead,en,Head of Sales/Vertriebsleiter
Innendienst Vertrieb / Assistentin des Geschäftsstellenleiters,Lead,de,Internal Sales / Assistant to the Head of Office
Innendienstleiter Vertrieb,Lead,de,Internal Sales Manager
Innendienstleiter Vertrieb Industrie,Lead,de,Internal Sales Manager Industry
Innendienstleiterin Vertrieb,Lead,de,Internal Sales Manager
Interim-Bereichsleiter Vertrieb,Lead,de,Interim Head of Sales
Internationaler Vertriebsleiter Die Supplies & Automation,Lead,de,International Sales Manager The Supplies & Automation
Interner Berater und Projektleiter Vertrieb,Lead,de,Internal Consultant and Project Manager Sales
IT Applications Sales & Service - Projektleiter,Lead,en,IT Applications Sales & Service - Projektleiter
IT-Fachinformatiker  Vertriebsleiter,Lead,de,IT IT Specialist Sales Manager
Key Account - Teamleiter Vertrieb,Lead,de,Key Account - Team Leader Sales
kfm. Vertriebsleiter,Lead,de,Kfm. Sales Manager
Kundenbereichsleiter Vertrieb,Lead,de,Sales Manager
Kundenbetreuung & Vertriebsleiter,Lead,de,Customer Support & Sales Manager
Lösungsfinder für Kunden + Vertriebsleiter,Lead,de,Solution finder for customers + Sales Manager
Nationaler Vertriebsleiter,Lead,de,National Sales Manager
Personalchef / Vertriebsleiter,Lead,de,Head of Personnel / Sales Manager
Projekt- und Vertriebsleiter,Lead,de,Project and Sales Manager
Projektleiter (Vertrieb & Projektmanagement),Lead,de,Project Manager (Sales & Project Management)
Projektleiter AXA-Exclusiv-Vertrieb Strategie 2020,Lead,de,Project Manager AXA Exclusive Sales Strategy 2020
Projektleiter CRM Salesforce,Lead,de,Project Manager CRM Salesforce
Projektleiter im technischen Vertrieb,Lead,de,Project manager in technical sales
Projektleiter im Vertrieb,Lead,de,Project manager in sales
Projektleiter Sales Operations CRM,Lead,de,Project Manager Sales Operations CRM
Projektleiter Salesforce,Lead,de,Salesforce Project Manager
Projektleiter und technischer Vertrieb,Lead,de,Project manager and technical sales
Projektleiter und Vertrieb,Lead,de,Project manager and sales
Projektleiter und Vertrieb Teile & Baugruppen,Lead,de,Project manager and sales parts & assemblies
Projektleiter Vertrieb,Lead,de,Project Manager for Sales
Projektleiter Vertrieb  - Energieinfrastrukturen,Lead,de,Project Manager Sales - Energy Infrastructures
Projektleiter Vertrieb & Dialogmarketing,Lead,de,Project Manager Sales & Dialog Marketing
Projektleiter Vertrieb FAMAC,Lead,de,Project Manager Distribution FAMAC
Projektleiterin Sales Support,Lead,de,Project Manager Sales Support
Prokurist & Vertriebsleiter,Lead,de,Procurator & Sales Manager
Prokurist / Bereichsleiter Sales Neufahrzeuglogistik,Lead,de,Procurator / Head of Sales New Vehicle Logistics
Prokurist / Bereichsleiter Vertrieb,Lead,de,Procurator / Head of Sales
Prokurist / Vertriebsleiter,Lead,de,Procurator / Sales Manager
Prokurist und Teamleiter Vertrieb,Lead,de,Procurator and team leader sales
Prokurist und Vertriebsleiter,Lead,de,Procurator and sales manager
Prokurist/ Vertriebsleiter D-A-CH,Lead,de,Procurator/ Sales Manager D-A-CH
Prokuristin/ Vertriebsleiterin,Lead,de,Procurator/ Sales Manager
Prokutist & Vertriebsleiter,Lead,de,Prokutist & Sales Manager
Referatsleiter Digitale Vertriebsprozesse- Betr...,Lead,de,Head of Unit Digital Sales Processes- Betr...
Regional Vertriebsleiter West / Key Account Man...,Lead,de,Regional Sales Manager West / Key Account Man...
Regionaler Vertriebsleiter,Lead,de,Regional Sales Manager
Regionaler Vertriebsleiter Westeuropa,Lead,de,Regional Sales Manager Western Europe
Regionalleiter Vertrieb,Lead,de,Regional Head of Sales
Regionalleiter Vertrieb Bayern,Lead,de,Regional Head of Sales Bavaria
Regionalleiter Vertrieb Mitte,Lead,de,Regional Head of Sales Centre
Regionalleiter Vertrieb Nord,Lead,de,Regional Head of Sales North
Regionalleiter Vertriebsregion Ost,Lead,de,Regional Head of Sales Region East
Regionalleiterin Vertrieb,Lead,de,Regional Head of Sales
Sales / Projektleiter,Lead,de,Sales / Project Manager
Sales CX Projektleiter/ Projectleader,Lead,de,Sales CX Project Manager/ Project Leader
Salesforce Consultant & IT Projektleiter,Lead,de,Salesforce Consultant & IT Project Manager
Salesforce Projektleiter,Lead,de,Salesforce Project Manager
Selbstständiger Salesforce Berater und Projektleiter,Lead,de,Independent Salesforce Consultant and Project Manager
Service- und Vertriebsleiter,Lead,de,Service and Sales Manager
Standortleiter / Sales,Lead,de,Site Manager / Sales
Standortleiter Vertrieb,Lead,de,Sales Manager
Stellv. Teamleiterin Inside Sales,Lead,de,Deputy team leader Inside Sales
Stellvertr. Vertriebsleiter Deutschland,Lead,de,Deputy Head of Sales Germany
Stellvertretender Vertriebsleiter,Lead,de,Deputy Head of Sales
stv. Vertriebsleiter,Lead,de,Sales Manager
Teamleiter After Sales - Verkauf Inland,Lead,de,Team Leader After Sales - Sales Domestic
Teamleiter Digital-Vertrieb und Innendienst (ppa.),Lead,de,Team Leader Digital Sales and Internal Service (ppa.)
Teamleiter Entwicklung - Backend Vertrieb,Lead,de,Team Leader Development - Backend Sales
Teamleiter Inside Sales,Lead,en,Teamleiter Inside Sales
Teamleiter Inside Sales / CRM Admin,Lead,de,Team Leader Inside Sales / CRM Admin
Teamleiter Sales,Lead,de,Team Leader Sales
Teamleiter Sales / Logistics,Lead,de,Team Leader Sales / Logistics
Teamleiter Sales Center Vertrieb,Lead,de,Team Leader Sales Center Sales
Teamleiter Sales Service,Lead,en,Teamleiter Sales Service
Teamleiter Sales Sport & Event,Lead,de,Team Leader Sales Sport & Event
Teamleiter Salesforce,Lead,de,Team Leader Salesforce
Teamleiter SAP Sales,Lead,de,Team Leader SAP Sales
Teamleiter Solution Sales,Lead,de,Team Leader Solution Sales
Teamleiter Technical Sales Solution,Lead,de,Team Leader Technical Sales Solution
Teamleiter technischer Salessupport,Lead,de,Technical Sales Support Team Leader
Teamleiter technischer Vertriebsinnendienst,Lead,de,Team Leader of Internal Technical Sales Service
Teamleiter und Inside Sales (Telefonjoker und Lösungsfinder),Lead,de,Team leader and inside sales (telephone joker and solution finder)
Teamleiter Vertrieb,Lead,de,Sales Team Leader
Teamleiter Vertrieb - Lösungsvertrieb,Lead,de,Team Leader Sales - Solution Sales
Teamleiter Vertrieb & CRM // Account- & Projektmanager,Lead,de,Team Manager Sales & CRM // Account & Project Manager
Teamleiter Vertrieb / Produktmanagement,Lead,de,Team Leader Sales / Product Management
Teamleiter Vertrieb Bestandskunden,Lead,de,Team Leader Sales Existing Customers
Teamleiter Vertrieb Deutschland,Lead,de,Team Leader Sales Germany
Teamleiter Vertrieb Hamburg,Lead,de,Team Leader Sales Hamburg
Teamleiter Vertrieb ID,Lead,de,Team Leader Sales ID
Teamleiter Vertrieb im Innen- u. Außendienst,Lead,de,Team Head of Sales in the Internal and Field Office
Teamleiter Vertrieb Innendienst,Lead,de,Team Head of Sales Internal Services
Teamleiter Vertrieb Innendienst Großhandel,Lead,de,Team Leader Sales Internal Service Wholesale
Teamleiter Vertrieb Key Account,Lead,de,Team Leader Sales Key Account
Teamleiter Vertrieb Köln/Bonn,Lead,de,Head of Sales Cologne/Bonn
Teamleiter Vertrieb National,Lead,de,Team Leader Sales National
Teamleiter Vertrieb Netzkunden,Lead,de,Team Leader Sales Network Customers
Teamleiter Vertrieb öffentliche Auftraggeber (Teamlead Public Sales),Lead,de,Team Leader Sales Public Clients (Teamlead Public Sales)
Teamleiter Vertrieb Privat,Lead,de,Team Leader Sales Private
Teamleiter Vertrieb-Außendienst - Nordrhein-Westfalen,Lead,de,Team Head of Sales and Field Service - North Rhine-Westphalia
Teamleiter Vertriebs- und Kooperationsmarketing,Lead,de,Team Leader Sales and Cooperation Marketing
Teamleiter Vertriebscontrolling,Lead,de,Team Leader Sales Controlling
Teamleiter Vertriebsinnendienst,Lead,de,Team Leader Internal Sales Service
Teamleiter Vertriebsinnendienst & Business Development,Lead,de,Team Manager Internal Sales Service & Business Development
Teamleiter Vertriebsinnendienst national und in...,Lead,de,Team Head of Internal Sales Service national and in...
Teamleiter Vertriebskundenservice,Lead,de,Team Leader Sales Customer Service
Teamleiter Vertriebsteam Süddeutschland,Lead,de,Team Leader Sales Team Southern Germany
Teamleiterin / Ausbilderin Inside Sales,Lead,de,Team Leader / Instructor Inside Sales
Teamleiterin Innendienst / Vertrieb,Lead,de,Team Leader Internal Service / Sales
Teamleiterin Inside Sales Region Süd,Lead,de,Team leader Inside Sales Region South
Teamleiterin Internal Sales,Lead,de,Team leader Internal Sales
Teamleiterin Sales,Lead,de,Team leader Sales
Teamleiterin Vertrieb,Lead,de,Team Leader Sales
Teamleiterin Vertrieb International,Lead,de,Team Leader Sales International
Teamleiterin Vertrieb Projektunterstützung,Lead,de,Team Leader Sales Project Support
Teamleiterin Vertriebsinnendienst,Lead,de,Team Leader Internal Sales Service
Teamleiter-Vertrieb,Lead,de,Team Leader Sales
Techn. Vertriebsleiter/Projektmanagement,Lead,de,Technical Sales Manager/Project Management
Technischer Projektleiter / Vertrieb Deutschlan...,Lead,de,Technical Project Manager / Sales Deutschlan...
Technischer Vertieb / Stellv. Vertriebsleiter,Lead,de,Technical vertice / Deputy Sales Manager
Unternehmensbereichsleiter Vertrieb & Research,Lead,de,Head of Division Sales & Research
Verkaufsleiter D-A-CH / Head of Sales,Lead,de,Sales Manager D-A-CH / Head of Sales
Verkaufsleiter/Salesmanager,Lead,de,Sales Manager/Sales Manager
Verlagsleiter Aschendorff Media & Sales,Lead,de,Publisher Manager Aschendorff Media & Sales
Vertrieb & Projektleiter,Lead,de,Sales & Project Manager
Vertrieb Gebietsleiter,Lead,de,Sales Area Managers
Vertrieb Gebietsleiter Foodservice,Lead,de,Sales Area Manager Foodservice
Vertriebleiter,Lead,de,Sales Manager
Vertriebs- & Geschäftsstellenleiter,Lead,de,Sales & Office Managers
Vertriebs- und Verkaufsleiter,Lead,de,Head of Sales and Sales
Vertriebs-/ Organisationsberater und Teamleiter,Lead,de,Sales/Organizational Consultants and Team Leaders
Vertriebsbeauftragter / Projektleiter,Lead,de,Sales representative / Project manager
Vertriebsleiter,Lead,de,Sales Manager
Vertriebsleiter  - Prokurist -,Lead,de,Sales Manager - Procurator -
Vertriebsleiter -  Softwarelösungen und IT-Sich...,Lead,de,Sales Manager - Software Solutions and IT...
Vertriebsleiter  / Projektleiter für IMESO-Prod...,Lead,de,Sales Manager / Project Manager for IMESO-Prod...
Vertriebsleiter  Deutschland/Schweiz,Lead,de,Sales Manager Germany/Switzerland
Vertriebsleiter - Prokurist,Lead,de,Sales Manager - Procurist
Vertriebsleiter - Vertrieb Export,Lead,de,Sales Manager - Sales Export
Vertriebsleiter & Prokurist,Lead,de,Sales Manager & Procurator
Vertriebsleiter (Außendienst),Lead,de,Sales Manager (field service)
Vertriebsleiter (HV),Lead,de,Sales Manager (HV)
Vertriebsleiter (interim),Lead,de,Sales Manager (interim)
Vertriebsleiter (Messe Kontakt),Lead,de,Sales Manager (trade fair contact)
Vertriebsleiter / Consultant,Lead,de,Sales Manager / Consultant
Vertriebsleiter / Handlungsbevollmächtigter,Lead,de,Head of Sales / Plenipotentiary
Vertriebsleiter / Head of Field Sales,Lead,de,Sales Manager / Head of Field Sales
Vertriebsleiter / Head of Global Sales,Lead,de,Sales Manager / Head of Global Sales
Vertriebsleiter / Head Of Sales,Lead,de,Sales Manager / Head of Sales
Vertriebsleiter / Head of Sales Central & Northern Europe,Lead,de,Sales Manager / Head of Sales Central & Northern Europe
Vertriebsleiter / Head of Sales Consumer and Retail (CRS) Non Food,Lead,de,Sales Manager / Head of Sales Consumer and Retail (CRS) Non Food
Vertriebsleiter / Head of Sales RFID / NFC,Lead,de,Sales Manager / Head of Sales RFID / NFC
Vertriebsleiter / Prokurist,Lead,de,Sales Manager / Procurator
Vertriebsleiter / Prokurist Sparte Oberflächen/...,Lead,de,Sales Manager / Prokurist Division Surfaces/...
Vertriebsleiter / Sales Team Lead / Prokurist Cargill Refined Oils Europe,Lead,de,Sales Manager / Sales Team Lead / Procurator Cargill Refined Oils Europe
Vertriebsleiter // Head Of Sales,Lead,de,Sales Manager // Head of Sales
Vertriebsleiter | Prokurist,Lead,de,Head of Sales and Procurator
Vertriebsleiter Anlagenvertrieb und Dienstleistungsvertrieb,Lead,de,Sales Manager Plant Sales and Service Distribution
Vertriebsleiter Außendienst,Lead,de,Sales Manager Field Service
Vertriebsleiter B2B Direct Sales,Lead,de,Sales Manager B2B Direct Sales
Vertriebsleiter BAU Handel/Industrie,Lead,de,Sales Manager BAU Trade/Industry
Vertriebsleiter Berlin,Lead,de,Sales Manager Berlin
Vertriebsleiter Betriebsführung,Lead,de,Sales Manager Management
Vertriebsleiter Büroservice,Lead,de,Sales Manager Office Service
Vertriebsleiter Business Unit Linearachsen/Systeme,Lead,de,Sales Manager Business Unit Linear Axles/Systems
Vertriebsleiter Business Unit PDM/PLM,Lead,de,Sales Manager Business Unit PDM/PLM
Vertriebsleiter Consumer & B2B Partner Sales D-A-CH,Lead,de,Sales Manager Consumer & B2B Partner Sales D-A-CH
Vertriebsleiter Consumer Europa,Lead,de,Sales Manager Consumer Europe
Vertriebsleiter creditweb GmbH,Lead,de,Sales Manager creditweb GmbH
Vertriebsleiter CSE (ECM/BPM),Lead,de,Sales Manager CSE (ECM/BPM)
Vertriebsleiter D/A/CH,Lead,de,Sales Manager D/A/CH
Vertriebsleiter DACH,Lead,de,Sales Manager DACH
Vertriebsleiter D-A-CH,Lead,de,Sales Manager D-A-CH
Vertriebsleiter DACH (BI & Data Warehouse Automation),Lead,de,Sales Manager DACH (BI & Data Warehouse Automation)
Vertriebsleiter DACH (Messe Kontakt),Lead,de,Sales Manager DACH (trade fair contact)
Vertriebsleiter DACH+,Lead,de,Sales Manager DACH+
Vertriebsleiter Deutschland,Lead,de,Sales Manager Germany
Vertriebsleiter Deutschland - Product Sales Man...,Lead,de,Sales Manager Germany - Product Sales Man...
Vertriebsleiter Deutschland & Österreich - Nati...,Lead,de,Sales Manager Germany & Austria - Nat...
Vertriebsleiter Deutschland / Prokurist,Lead,de,Sales Manager Germany / Procurator
Vertriebsleiter Deutschland / Schweiz,Lead,de,Sales Manager Germany / Switzerland
Vertriebsleiter Deutschland EMC & Inductive Sol...,Lead,de,Sales Manager Germany EMC & Inductive Sol...
Vertriebsleiter Deutschland Papier + Etiketten,Lead,de,Sales Manager Germany Paper + Labels
Vertriebsleiter Deutschland Schleifkörper,Lead,de,Sales Manager Germany Grinding Body
Vertriebsleiter Deutschland/Österreich/Schweiz (D/A/CH),Lead,de,Sales Manager Germany/Austria/Switzerland (D/A/CH)
Vertriebsleiter Direktvertrieb,Lead,de,Sales Manager Direct Sales
Vertriebsleiter Duratec,Lead,de,Sales Manager Duratec
Vertriebsleiter E-Commerce,Lead,de,Sales Manager E-Commerce
Vertriebsleiter EMEA,Lead,de,Sales Manager EMEA
Vertriebsleiter EMS,Lead,de,Sales Manager EMS
Vertriebsleiter ERP Center,Lead,de,Sales Manager ERP Center
Vertriebsleiter ERP-Systeme,Lead,de,Sales Manager ERP Systems
Vertriebsleiter Europa,Lead,de,Sales Manager Europe
Vertriebsleiter Export,Lead,de,Sales Manager Export
Vertriebsleiter Fa. Rollei GmbH & Co.KG,Lead,de,Sales Manager Rollei GmbH & Co.KG
Vertriebsleiter Fach-/Versandhandel D.A.CH.,Lead,de,Sales Manager Specialist/shipping D.A.CH.
Vertriebsleiter Fachhandel,Lead,de,Sales Manager Trade
Vertriebsleiter Fachhandel & Department Stores,Lead,de,Sales Manager Retail & Department Stores
Vertriebsleiter Field Sales,Lead,de,Sales Manager Field Sales
Vertriebsleiter Fondsvertrieb,Lead,de,Sales Manager Fund Distribution
Vertriebsleiter freefii,Lead,de,Sales Manager freefii
Vertriebsleiter Frontoffice,Lead,de,Head of Sales Front Office
Vertriebsleiter Gastronomie & Grosshandel,Lead,de,Sales Manager Gastronomy & Wholesale
Vertriebsleiter Geschäftsbereich Filterelemente,Lead,de,Sales Manager Division Filter Elements
Vertriebsleiter Geschäftsbereich Industrie,Lead,de,Sales Manager Industry Division
Vertriebsleiter Geschäftskunden,Lead,de,Sales Manager Business Customers
Vertriebsleiter Geschäftskunden - Strategic Wholesale,Lead,de,Sales Manager Business Customers - Strategic Wholesale
Vertriebsleiter Geschäftskunden Deutschland,Lead,de,Sales Manager Business Customers Germany
Vertriebsleiter Grosskunden,Lead,de,Sales Manager Large Customers
Vertriebsleiter GS1 Complete Sales & Implementa...,Lead,de,Sales Manager GS1 Complete Sales & Implementationa...
Vertriebsleiter ICOS & BWCS DACH,Lead,de,Sales Manager ICOS & BWCS DACH
Vertriebsleiter im Direktvertrieb fürs Handwerk,Lead,de,Sales manager in direct distribution for the craft sector
Vertriebsleiter Immobilien,Lead,de,Sales Manager Real Estate
Vertriebsleiter index Gruppe - Experte für Stellenmarktanalysen,Lead,de,Sales Manager index Group - Expert for Job Market Analysis
Vertriebsleiter Industrial Solutions,Lead,de,Sales Manager Industrial Solutions
Vertriebsleiter Industrie,Lead,de,Sales Manager Industry
Vertriebsleiter -Industrie,Lead,de,Sales Manager - Industry
Vertriebsleiter Industrie Komponenten Hydrauli,Lead,de,Sales Manager Industry Components Hydrauli
Vertriebsleiter Industrielle Anwendungen,Lead,de,Sales Manager Industrial Applications
Vertriebsleiter Inland Süd,Lead,de,Sales Manager Inland South
Vertriebsleiter Innendienst,Lead,de,Internal Sales Manager
Vertriebsleiter Innendienst / Kundenservice,Lead,de,Sales Manager Internal Service / Customer Service
Vertriebsleiter International,Lead,de,Sales Manager International
Vertriebsleiter KAM / Vertrieb Innendienst,Lead,de,Sales Manager KAM / Sales Office
Vertriebsleiter Keller Deutschland,Lead,de,Sales Manager Keller Germany
Vertriebsleiter Key Account,Lead,de,Sales Manager Key Account
Vertriebsleiter kötter Security,Lead,de,Sales Manager Kötter Security
Vertriebsleiter Kuper Verpackungstechnik,Lead,de,Sales Manager Kuper Packaging Technology
Vertriebsleiter Mais & Gräser,Lead,de,Sales Manager Maize & Grasses
Vertriebsleiter Mass Market,Lead,de,Sales Manager Mass Market
Vertriebsleiter Messen und Ausstellungen,Lead,de,Sales Manager Fairs and Exhibitions
Vertriebsleiter Mitte,Lead,de,Sales Manager Mitte
Vertriebsleiter Mittel- und Norddeutschland,Lead,de,Sales Manager Central and Northern Germany
Vertriebsleiter Mittelstand,Lead,de,Sales Manager for Small and Medium-Sized Enterprises
Vertriebsleiter national,Lead,de,Sales Manager National
Vertriebsleiter Neu- und Bestandskunden,Lead,de,Sales Manager New and Existing Customers
Vertriebsleiter Neue Vertriebswege,Lead,de,Sales Manager New sales channels
Vertriebsleiter Niedersachsen,Lead,de,Sales Manager Lower Saxony
Vertriebsleiter Nord,Lead,de,Sales Manager North
Vertriebsleiter Nutzfahrzeugtechnik,Lead,de,Sales Manager Commercial Vehicle Technology
Vertriebsleiter Objekt,Lead,de,Sales Manager Object
Vertriebsleiter OEM,Lead,de,Sales Manager OEM
Vertriebsleiter Online-Produkte,Lead,de,Sales Manager Online Products
Vertriebsleiter ÖPNV Region DACH,Lead,de,Sales Manager Public Transport Region DACH
Vertriebsleiter Österreich und CEE,Lead,de,Sales Manager Austria and CEE
Vertriebsleiter Pharma - OTC,Lead,de,Sales Manager Pharma - OTC
Vertriebsleiter PIM/MDM,Lead,de,Sales Manager PIM/MDM
Vertriebsleiter Rail,Lead,de,Head of Sales Rail
Vertriebsleiter Region Nord-Ost,Lead,de,Sales Manager North-East Region
Vertriebsleiter Region Süd Respiratory Homecare,Lead,de,Sales Manager South Respiratory Region Homecare
Vertriebsleiter Regionen (Deutschland),Lead,de,Sales Manager Regions (Germany)
Vertriebsleiter Remonte Shoes,Lead,de,Sales Manager Remonte Shoes
Vertriebsleiter Safety & Tools Deutschland,Lead,de,Sales Manager Safety & Tools Germany
Vertriebsleiter Sales/Key Account Deutschland/Ö...,Lead,de,Sales Manager Sales/Key Account Germany/Ö...
Vertriebsleiter SAP,Lead,de,Sales Manager SAP
Vertriebsleiter Service,Lead,de,Sales Manager Service
Vertriebsleiter Software,Lead,de,Sales Manager Software
Vertriebsleiter Spezialfahrzeuge,Lead,de,Sales Manager Specialized Vehicles
Vertriebsleiter SSP / RLM,Lead,de,Sales Manager SSP / RLM
Vertriebsleiter Standortentsorgung,Lead,de,Sales Manager Site Management
Vertriebsleiter Stanz- und Umformtechnik,Lead,de,Sales Manager Stanz- und Umformtechnik
Vertriebsleiter STARKE-DMS®,Lead,de,Sales Manager STARKE-DMS®
Vertriebsleiter Süd,Lead,de,Sales Manager South
Vertriebsleiter Süd-West Europa,Lead,de,Sales Manager South-West Europe
Vertriebsleiter Technik Deutschland,Lead,de,Sales Manager Technology Germany
Vertriebsleiter TK,Lead,de,Sales Manager TK
Vertriebsleiter und Prokurist,Lead,de,Sales Manager and Procurator
Vertriebsleiter und stellv. Bereichsleiter,Lead,de,Sales Manager and Deputy Head of Division
Vertriebsleiter Vertrieb & Service Deutschland,Lead,de,Sales Manager Sales & Service Germany
Vertriebsleiter weltweit,Lead,de,Global Sales Manager
Vertriebsleiter Werbemittel - Werbemittellogisk,Lead,de,Sales Manager Advertising media - Advertising media logisk
Vertriebsleiter Werk 2,Lead,de,Sales Manager Plant 2
Vertriebsleiter Zentrale,Lead,de,Head of Sales
Vertriebsleiter/ Geschäftsführer,Lead,de,Sales Manager/Managing Director
Vertriebsleiter/ Prokurist,Lead,de,Sales Manager/Procurer
Vertriebsleiter/Head of Sales,Lead,de,Sales Manager/Head of Sales
Vertriebsleiterassistentin,Lead,de,Sales Manager Assistant
Vertriebsleiterin,Lead,de,Sales Manager
Vertriebsleiterin Aktenvernichtung,Lead,de,Sales Manager Destroyment of Records
Vertriebsleiterin Außendienst und Projekte,Lead,de,Sales Manager Field Service and Projects
Vertriebsleiterin GreenTech,Lead,de,Sales Manager GreenTech
Vertriebsleiterin Innendienst,Lead,de,Internal Sales Manager
Vertriebsleiter-Innendienst,Lead,de,Sales Manager Internal Service
Vertriebsteamleiter,Lead,de,Sales team leader
Vorstand und Bereichsleiter Vertrieb,Lead,de,Management Board and Head of Sales
Verkaufsleiter/ CSO,Lead,de,Sales Manager/CSO
Vertriebsleiter / CSO,Lead,de,Sales Manager / CSO
Abteilungsleiter,Lead,de,Head of Division
Abteilungsleiter Cyber Security & Cloud Consulting / Niederlassungsleiter,Lead,de,Head of Cyber Security & Cloud Consulting / Head of Branch
Abteilungsleiter Engineering Ingolstadt,Lead,de,Head of Engineering Ingolstadt
Abteilungsleiter Eventmanagement,Lead,de,Head of Event Management
Abteilungsleiter Groß- und Spezialprojekte,Lead,de,Head of Division for Large and Special Projects
Abteilungsleiter Improvement & Quality Data,Lead,de,Head of Department Improvement & Quality Data
Abteilungsleiter Injektionstechnik,Lead,de,Head of Injection Technology
Abteilungsleiter Key Account Management Deutschland,Lead,de,Head of Division Key Account Management Germany
Abteilungsleiter Produktmarketing und Projektmanagement,Lead,de,Head of Product Marketing and Project Management
Abteilungsleiter Regionalvertrieb,Lead,de,Head of Regional Distribution
Abteilungsleiter Strategische Akquisitionen & Neuproduktentwicklung,Lead,de,Head of Strategic Acquisitions & New Product Development
Abteilungsleiter Unternehmenskommunikation,Lead,de,Head of Corporate Communications
Abteilungsleiter Wirtschaft,Lead,de,Head of Business
Abteilungsleiterin Auftragsabwicklung / Office ...,Lead,de,Head of department Order processing / Office ...
Abteilungsleiterin Mediengestaltung,Lead,de,Head of Media Design
Abteilungsleiterin Zentralbereich 1 Veranstaltungsorganisation,Lead,de,Head of Division Central Division 1 Organisation of events
Abteilungsleitung Automation,Lead,de,Head of Automation
Anzeigenleitung,Lead,de,Guidance
Applikationsmanager mit Projektleitung,Lead,de,Application manager with project management
Außendienst Leitung,Lead,de,Field Service Management
Bauleitung,Lead,de,Construction management
Bereichsleitung,Lead,de,Sectoral management
Betriebsleitung,Lead,de,Management
BU - Leitung,Lead,de,BU - Management
BU Leiter Crm/Service,Lead,de,BU Head of Crm/Service
Büroleitung,Lead,de,Office management
Call Center Leiter,Lead,de,Call Center Head
CCO - Mitglied der Geschäftsleitung,Lead,de,CCO - Member of the Management Board
CEO / Vorsitzender der Geschäftsleitung,Lead,de,CEO / Chairman of the Executive Board
Chief Analytics Officer | Mitglied der Geschäftsleitung,Lead,de,Chief Analytics Officer 的 Member of the Executive Board
CIO / Leiter Informatik,Lead,de,CIO / Head of Computer Science
COO - Mitglied der Geschäftsleitung,Lead,de,COO - Member of the Executive Board
EDV Leiter,Lead,de,EDP Managers
EDV- Leiter,Lead,de,Computer Managers
EDV Leiterin,Lead,it,IT manager
EDV Leitung,Lead,de,EDP management
EDV und Fuhrparkleitung,Lead,de,Computer and fleet management
EDV-Leiter,Lead,it,IT manager
Geschaeftsleitung,Lead,de,Business management
Geschäfts- / Unternehmens- / Betriebs- / Behördenleitung,Lead,de,Business/company/operation/government management
Geschäftsbereichsleitung Medipolis Akademie,Lead,de,Head of the Medipolis Academy
Geschäftsführer / Geschäfts- / Unternehmens- / Betriebs- / Behördenleitung,Lead,de,Managing Director / Business / Company / Company / Administration
Geschäftsführer / Kaufmännischer Leiter,Lead,de,Managing Director / Commercial Director
Geschäftsführung / Projektleitung,Lead,de,Management / Project management
Geschäftsleitung,Lead,de,Management
Geschäftsleitung - Verkaufsleiter,Lead,de,Management - Sales Manager
Geschäftsleitung / CEO,Lead,de,Management / CEO
Geschäftsleitung / Leitung Projektmanagement  /...,Lead,de,Management / Management Project Management /...
Geschäftsleitung Autoteile,Lead,de,Management of Autoteile
Geschäftsleitung Beratung & Neugeschäft,Lead,de,Management Consulting & New Business
Geschäftsleitung Export / Prokuristin,Lead,de,Management Export / Procurator
Geschäftsleitung ppa,Lead,de,Management ppa
Geschäftsleitung Scherrer Metec AG,Lead,de,Managing Director Scherrer Metec AG
Geschäftsleitung/COO,Lead,de,Management/COO
Geschäftsleitungsassistentin,Lead,de,Executive Assistant
Geschäftsleitungsassistenz,Lead,de,Management assistance
GF / Geschäfts- / Unternehmens- / Betriebs- / Behördenleitung,Lead,de,GF/Business/Business/Occupational/Governmental management
Gründer & Leiter Kundenberatung,Lead,de,Founder & Head of Customer Consulting
Gruppenleitung Pharma,Lead,de,Group management Pharma
Inhaber und Geschäftsleitung,Lead,de,Owners and management
Inhaber und Technische Leitung,Lead,de,Owner and technical management
Inhaber/Geschäftsleitung,Lead,de,Owner/Management
kaufm. Leiter,Lead,de,Head of sales
Kaufm. Leiterin,Lead,de,Kaufm. Head of Department
Kaufmänn. Leitung / Leitung Eventmanagement,Lead,de,Commercial Manager / Head of Event Management
Kaufmännische Leiterin,Lead,de,Commercial Director
Kaufmännische Leitung,Lead,de,Commercial management
Kaufmännische Leitung / Chief Commercial Management,Lead,de,Commercial Management / Chief Commercial Management
Kaufmännische Leitung Prokuristin,Lead,de,Commercial Director Procurator
Kaufmännische Leitung/ Prokuristin,Lead,de,Commercial management/ Procurator
Kaufmännischer Leiter,Lead,de,Commercial Manager
Kaufmännischer Leiter - Prokurist,Lead,de,Commercial Manager - Procurator
kaufmännischer Leiter / CFO,Lead,de,Commercial Manager / CFO
Kaufmännischer Leiter / Gesellschafter,Lead,de,Commercial Director / Partner
Kaufmännischer Leiter / Prokurist,Lead,de,Commercial Director / Procurator
Kaufmännischer Leiter/ Prokurist,Lead,de,Commercial Manager/Procurer
Kfm. Leiter,Lead,de,Kfm. Head
Kfm. Leitung,Lead,de,Kfm. line
Leiter,Lead,de,Head
Leiter / Head of Corporate Design & Events,Lead,en,Leiter / Head of Corporate Design & Events
Leiter Adressmanagement,Lead,de,Head of Address Management
Leiter Akquise Center,Lead,de,Head of Acquise Center
Leiter Akquisition,Lead,ur,Head of Acquisition
Leiter Application Services,Lead,de,Head of Application Services
Leiter Ausführungsplanung,Lead,de,Head of Implementation Planning
Leiter Aussendienst Retail CH,Lead,de,Head of Sales Department Retail CH
Leiter B2B,Lead,de,Head B2B
Leiter Bereich Projektmanagment / Traffic,Lead,de,Head of Project Management / Traffic
Leiter Call Center,Lead,de,Head of Call Center
Leiter Cloud-Team,Lead,de,Head of Cloud Team
Leiter Competence Center Deutschland  /  Mitgli...,Lead,de,Head of Competence Center Germany / Mitgli...
Leiter Consulting Data Analytics,Lead,de,Head of Consulting Data Analytics
Leiter Consulting QMS,Lead,ur,Leiter Consulting QMS
Leiter Controlling,Lead,de,Head of Controlling
Leiter Controlling/Finanzen/Rechnungswesen,Lead,de,Head of Controlling/Finance/Accounting
Leiter Customer Care Center,Lead,en,Leiter Customer Care Center
Leiter Customer Relations,Lead,en,Leiter Customer Relations
Leiter Customer Service,Lead,de,Head of Customer Service
Leiter Daten- und Prozessqualität,Lead,de,Head of Data and Process Quality
Leiter Datenmanagement/Softwareentwicklung,Lead,de,Head of Data Management/Software Development
Leiter der Geschäftsentwicklung,Lead,de,Head of Business Development
Leiter der Informationstechnologie (CIO),Lead,de,Head of Information Technology (CIO)
Leiter der Prozesstechnik,Lead,de,Head of Process Engineering
Leiter der Systemtechnik,Lead,de,Head of System Technology
Leiter der Unternehmenskommunikation,Lead,de,Head of Corporate Communications
Leiter der Wirtschaftsredaktion,Lead,de,Head of Economic Editing
Leiter des RegionalCenters Potsdam/Potsdam-Mittelmark u. IHK-Servicezentrum,Lead,de,Head of RegionalCenter Potsdam/Potsdam-Mittelmark and IHK-Servicezentrum
Leiter digitale Lösungen,Lead,de,Head of Digital Solutions
Leiter Direktmarketing,Lead,de,Head of Direct Marketing
Leiter Direktvertrieb Geschäftskunden,Lead,de,Head of Direct Sales Business Customers
Leiter Distribution,Lead,de,Head of Distribution
Leiter ECM Projekte,Lead,de,Head of ECM Projects
Leiter eCommerce,Lead,de,Head of eCommerce
Leiter E-Commerce,Lead,de,Head of e-commerce
Leiter EDV,Lead,de,Head of IT
Leiter Ein-/Verkauf Getreide und Futtermittel,Lead,de,Head of Supply/Sales of Cereals and Feed
Leiter Entwicklung,Lead,de,Head of Development
Leiter Ent­wick­lung & Con­sul­ting,Lead,de,Head of Development & Construction
Leiter ERP Beratung & Service,Lead,de,Head of ERP Consulting & Service
Leiter Eventvermarktung und Parkierung Festplat...,Lead,de,Head of Event Marketing and Parking Solid Plate...
Leiter Fachvertrieb,Lead,de,Head of Sales
Leiter Fertigungsstandorte,Lead,de,Head of production sites
Leiter Finanzen,Lead,de,Head of Finance
Leiter Frontdesk und Facilitymanagement,Lead,de,Head of Frontdesk and Facility Management
Leiter Gesamtmarketing,Lead,de,Head of Total Marketing
Leiter Geschäfts- und Innovationsentwicklung,Lead,de,Head of Business and Innovation Development
Leiter Geschäftsentwicklung,Lead,de,Head of Business Development
Leiter Geschäftsfeld Embedded Systeme und Steue...,Lead,de,Head of Embedded Systems and Steue...
Leiter Geschäftskunden Nürnberg,Lead,de,Head of Business Customers Nuremberg
Leiter Geschäftskundenvertrieb,Lead,de,Head of Business Sales
Leiter Handel & Geschäftskunden,Lead,de,Head of Commerce & Business
Leiter Informationsmanagement,Lead,de,Head of Information Management
Leiter Informationsmanagement Markt & Kunde,Lead,de,Head of Information Management Market & Customer
Leiter Informationstechnologie,Lead,de,Head of Information Technology
Leiter Innendienst,Lead,de,Head of Internal Service
Leiter Innendienst/Kaufmännischer Leiter,Lead,de,Head of Internal Service/Business Manager
Leiter Innovation,Lead,de,Head of Innovation
Leiter Instandhaltung,Lead,de,Head of Maintenance
Leiter Kampagnenkreation/Leiter Unternehmenskom...,Lead,de,Head of Campaign Creation/Head of Corporate Com...
Leiter kaufm. Abteilung,Lead,de,Head of Commercial Division
Leiter Kompetenzzentrum Bildung,Lead,de,Head of Competence Centre for Education
Leiter Kooperationsnetzwerke,Lead,de,Head of Cooperation Networks
Leiter Kreisverband BVMW Metropolregion Hamburg,Lead,de,Head of District Association BVMW Metropolitan Region Hamburg
Leiter Kundenanalyse,Lead,de,Head of Customer Analysis
Leiter Kundenanalytik,Lead,de,Head of Customer Analysis
Leiter Kundenberatung,Lead,de,Head of Customer Consulting
Leiter Kundenbetreuung,Lead,de,Head of Customer Service
Leiter Kundenbetreuung / Key-Account,Lead,de,Head of Customer Service / Key Account
Leiter Kundenbetreuung und Verkauf,Lead,de,Head of Customer Service and Sales
Leiter Laserentwicklung,Lead,de,Head of Laser Development
Leiter Marktkommunikation,Lead,de,Head of Market Communication
Leiter Marktkommunikation Aichelin Gruppe,Lead,de,Head of Market Communication Aichelin Group
Leiter Marktmanagement Deutschland,Lead,de,Head of Market Management Germany
Leiter Mediaplanung,Lead,de,Head of Media Planning
Leiter Medien und Events,Lead,de,Head of Media and Events
Leiter Methoden & Tools,Lead,de,Head of Methods & Tools
Leiter Neugeschäft,Lead,de,Head of New Business
Leiter Neugeschäft & Kollaboration,Lead,de,Head of New Business & Collaboration
Leiter Normalien,Lead,de,Head of normals
Leiter OBO ACADEMY Deutschland,Lead,de,Head of OBO ACADEMY Germany
Leiter Operatives Tagesgeschäft,Lead,de,Head of Operational Business
Leiter Plattform Services,Lead,de,Head of Platform Services
Leiter PMO,Lead,hi,Leiter PMO
Leiter Produktentwicklung / Prokurist,Lead,de,Head of Product Development / Procurator
Leiter Produktions- und Prozessmanagement,Lead,de,Head of Production and Process Management
Leiter Produktlinie und Werkleiter INA-Drives &...,Lead,de,Head of product line and factory manager INA-Drives &...
Leiter Produktmanagement,Lead,de,Head of Product Management
Leiter Produktvertrieb,Lead,de,Head of Product Distribution
Leiter Professional Services Partner,Lead,de,Head of Professional Services Partner
Leiter Projekte,Lead,de,Head of Projects
Leiter Projektmanagement,Lead,de,Head of Project Management
Leiter Projektmanagement (Unit Interaktion),Lead,de,Head of Project Management (Unit Interaction)
Leiter Qualitätsmanagement,Lead,de,Head of Quality Management
Leiter Recruiting und Staffing,Lead,de,Head of Recruiting and Staffing
Leiter Recruiting-Services,Lead,de,Head of Recruiting Services
Leiter Research and Development,Lead,en,Leiter Research and Development
Leiter Service,Lead,de,Head of Service
Leiter Service & Veranstaltungen,Lead,de,Head of Service & Events
Leiter ServiceCenter,Lead,de,Head of ServiceCenter
Leiter Software Development & Consulting,Lead,de,Head of Software Development & Consulting
Leiter Softwareentwicklung,Lead,de,Head of Software Development
Leiter Softwareentwicklung/Automation,Lead,de,Head of Software Development/Automation
Leiter Software-Projekte/ Applications,Lead,de,Head of Software Projects/ Applications
Leiter Stakeholder- und Nachbarschaftsmanagement,Lead,de,Head of Stakeholder and Neighbourhood Management
Leiter Strategie,Lead,de,Head of Strategy
Leiter Strategische Dienste,Lead,de,Head of Strategic Services
Leiter strategische Partnerschaften,Lead,de,Head of Strategic Partnerships
Leiter Strategische Projekte,Lead,de,Head of Strategic Projects
Leiter Strategische Unternehmensentwicklung & Qualitätsmanagement,Lead,de,Head of Strategic Company Development & Quality Management
Leiter Systemadministration,Lead,de,Head of System Administration
Leiter Systemberatung,Lead,de,Head of System Consulting
Leiter TDE (technische Dienste E-Technik),Lead,de,Head of TDE (technical services e-technics)
Leiter Technik,Lead,de,Head of Technology
Leiter Technikum und technischer Qualfizierungsbetrieb,Lead,de,Head of technical centre and technical qualification plant
Leiter Technische Dokumentation,Lead,de,Head of Technical Documentation
Leiter Telekommunikation,Lead,de,Head of Telecommunications
Leiter Telesales,Lead,it,Head of Telesales
Leiter Überwachungsabteilung,Lead,de,Head of Supervision
Leiter Unternehmensentwicklung,Lead,de,Head of Enterprise Development
Leiter Unternehmenskommunikation,Lead,de,Head of Corporate Communications
Leiter Unternehmenskommunikation & PR,Lead,de,Head of Corporate Communications & PR
Leiter Unternehmensorganisation,Lead,de,Head of Business Organisation
Leiter Unternehmensteuerung,Lead,de,Head of Corporate Management
Leiter Unternehmertum,Lead,de,Head of Entrepreneurship
Leiter Veranstaltungen,Lead,de,Head of Events
Leiter Verkauf,Lead,de,Head of Sales
Leiter Verkauf Innendienst,Lead,de,Head of Sales Internal Services
Leiter Verkauf Schweiz und Verkaufsdirektor D A CH,Lead,de,Head of Sales Switzerland and Sales Director D A CH
Leiter Verkauf und Auftragsmanagement,Lead,de,Head of Sales and Order Management
Leiter Verkauf-Innendienst,Lead,de,Head of Sales-Internal Service
Leiter Verkaufsbüro Rhein-Main-Gebiet,Lead,de,Head of Sales Office Rhein-Main-Gebiet
Leiter Verkaufstandort,Lead,de,Head of Sales Location
Leiter vertrieb Marken Inland,Lead,de,Head of Distribution of Trademarks Inland
Leiter Verwaltung,Lead,de,Head of Administration
Leiter Vetriebsmarketing,Lead,de,Head of Sales Marketing
Leiter Vorentwicklung/ Produktmanager Funktionale Werkstoffe,Lead,de,Head of Pre-development/ Product Manager Functional Materials
Leiter Zentraler Fuhrpark,Lead,de,Head of Central Fleet
Leiter Zentralvertrieb,Lead,de,Head of Central Distribution
Leiter Zentralvertrieb und Qualitätswesen,Lead,de,Head of Central Sales and Quality Management
Leiterin Academy & Events,Lead,it,Head of Academy & Events
Leiterin Bundesgeschäftsstelle,Lead,de,Head of Federal Office
Leiterin Datenbank,Lead,de,Head of Database
Leiterin ERP & Applikationen,Lead,de,Head of ERP & Applications
Leiterin Event Services,Lead,de,Head of Event Services
Leiterin Events und Werksbesuche,Lead,de,Head of Events and Factory Visits
Leiterin Geschäftskundenvertrieb,Lead,de,Head of Business Sales
Leiterin Innendienst,Lead,de,Head of Internal Service
Leiterin Kundenkontaktmanagement Steuerung,Lead,de,Head of Customer Contact Management Control
Leiterin Markt- und Produktsupport,Lead,de,Head of Market and Product Support
Leiterin Marktmanagement und Unternehmenskommun...,Lead,de,Head of Market Management and Corporate Communication...
Leiterin Mitgliederbetreuung,Lead,de,Head of Members' Support
Leiterin Mitgliederservice,Lead,de,Head of member service
Leiterin Produktmanagement,Lead,de,Head of Product Management
Leiterin Prozessmanagement,Lead,de,Head of Process Management
Leiterin Recruiting & Employer Branding,Lead,tr,Head of Recruiting & Employer Branding
Leiterin Smart Waste Services,Lead,it,Head of Smart Waste Services
Leiterin Telemarketing,Lead,it,Head of Telemarketing
Leiterin Unternehmenskommunikation,Lead,de,Head of Corporate Communications
Leiterin Unternehmenskommunikation (interim),Lead,de,Head of Corporate Communications (interim)
Leiterin Unternehmenskommunikation/PR international,Lead,de,Head of Corporate Communications/PR international
Leiterin Verwaltung,Lead,de,Head of Administration
Leiterin Werbung und Öffentlichkeitsarbeit,Lead,de,Head of Advertising and Public Relations
Leitung,Lead,de,Management
Leitung  Verkaufssteuerung,Lead,de,Head of Sales Control
Leitung Address management / Customer service,Lead,de,Management Address management / Customer service
Leitung Adresspflege,Lead,de,Management Address maintenance
Leitung Anzeigenvertrieb,Lead,de,Management Ad distribution
Leitung Auftragsabwicklung / Head of Export Department,Lead,de,Head of Order Processing / Head of Export Department
Leitung Außendienst,Lead,de,Head of field service
Leitung Außendienst - Head of Representative,Lead,de,Head of Field Service - Head of Representative
Leitung Außendienst ehemaliges Gebiet Reifen John Deutschland,Lead,de,Head of field service former area tires John Germany
Leitung b2c eCommerce,Lead,de,Management b2c eCommerce
Leitung CCC,Lead,de,Head of CCC
Leitung Controlling,Lead,de,Controlling line
Leitung Customer Analytics,Lead,de,Head of Customer Analytics
Leitung Customer Service Center / Offset,Lead,de,Head of Customer Service Center / Offset
Leitung der Softwareentwicklung,Lead,de,Management of software development
Leitung Direktmarketing WeltN24,Lead,de,Head of Direct Marketing WorldN24
Leitung Direktvertrieb,Lead,de,Direct distribution line
Leitung E-Commerce,Lead,de,Head of e-commerce
Leitung EDV,Lead,de,Management of computer
Leitung Endoskopie,Lead,de,Head of Endoscopy
Leitung Energievertrieb,Lead,de,Power distribution line
Leitung eService,Lead,de,Head of eService
Leitung Eventmanagement,Lead,de,Head of Event Management
Leitung Events,Lead,de,Head of Events
Leitung Finanzbuchhaltung / Unternehmenscontrol...,Lead,de,Head of Financial Accounting / Corporate Control...
Leitung Flugeinkauf Linie,Lead,de,Management Flight purchase line
Leitung Gesamtvertrieb,Lead,de,Management of total distribution
Leitung Geschäftsentwicklung,Lead,de,Head of Business Development
Leitung Handelsmarketing & Herstellerkooperation,Lead,de,Head of Trade Marketing & Manufacturer Cooperation
Leitung Informationstechnik,Lead,de,Head of Information Technology
Leitung Informationstechnologie,Lead,de,Head of Information Technology
Leitung Informations-Technologie / Logistik (Pr...,Lead,de,Head of Information Technology / Logistics (Pr...
Leitung Innenvertrieb,Lead,de,Internal sales management
Leitung Key Account Management,Lead,de,Head of Key Account Management
Leitung Kunden Center Hamburg,Lead,de,Head of Customer Center Hamburg
Leitung Lagerlogistik,Lead,de,Management Warehousing Logistics
Leitung Markt - Prokurist,Lead,de,Head of Market - Procurist
Leitung Markt- und Unternehmenskommunikation,Lead,de,Head of Market and Corporate Communications
Leitung Mediaservice & Anzeigenmarketing,Lead,de,Management Mediaservice & Ad Marketing
Leitung nationales Keyaccountmanagement,Lead,de,Head of National Keyaccount Management
Leitung operativer Betrieb,Lead,de,Management of operational operations
Leitung Organisation und Prozesse,Lead,de,Management Organization and processes
Leitung Partnermanagement & Kundenservice,Lead,de,Management Partner Management & Customer Service
Leitung Personal/Organisation,Lead,de,Head of Personnel/Organisation
Leitung Projektmanagement,Lead,de,Head of Project Management
Leitung Promotion,Lead,de,Head of Promotion
Leitung Qualität und Dienstleistungen,Lead,de,Management Quality and services
Leitung Rechnungswesen/Controlling/Personal,Lead,de,Management Accounting/Controlling/Personnel
Leitung Region West,Lead,de,Head of West Region
Leitung Regional KAM Germany,Lead,de,Head of Regional KAM Germany
Leitung SCM - einkauf- QM,Lead,de,SCM line - purchase QM
Leitung Service B2B,Lead,de,Head of Service B2B
Leitung Servicecenter,Lead,de,Head of Service Centre
Leitung Softwareentwicklung,Lead,de,Management Software Development
Leitung Solutions & Services,Lead,de,Head of Solutions & Services
Leitung Stabsstelle Unternehmensentwicklung und strategische Projekte,Lead,de,Head of Corporate Development and Strategic Projects
Leitung Strategie,Lead,de,Management Strategy
Leitung Strategie & Projektmanagement,Lead,de,Management Strategy & Project Management
Leitung Systeme & Prozesse,Lead,de,Management Systems & Processes
Leitung Taskforce Nachwuchsmarketing,Lead,de,Head of Taskforce for Young Investigators Marketing
Leitung Unternehmens- und Markenkommunikation,Lead,de,Head of Corporate and Brand Communications
Leitung Unternehmenskommunikation,Lead,de,Head of Corporate Communications
Leitung Veranstaltungsmanagement,Lead,de,Head of Event Management
Leitung Veranstaltungsmanagement Verkauf,Lead,de,Management Event Management Sales
Leitung Verkauf,Lead,de,Head of Sales
Leitung Verkauf Innen,Lead,de,Head of sales inside
Leitung Verkauf Innendienst,Lead,de,Head of Sales Internal Services
Leitung Verkauf Österreich,Lead,de,Head of Sales Austria
Leitung Verkauf Standardgeräte,Lead,de,Line Sale Standard Equipment
Leitung Verkaufsförderung,Lead,de,Head of Sales Promotion
Leitung Verkaufsinnendienst,Lead,de,Head of Internal Sales Service
Leitung Verkaufsregion D-Süd,Lead,de,Head of Sales Region D-South
Leitung Yield & Ad Management,Lead,de,Head of Yild & Ad Management
Leitung Zentrales Kundenmanagement,Lead,de,Head of Central Customer Management
Marketin Leitung,Lead,de,Marketin Management
Mitglied der Geschäftsleitung,Lead,de,Member of the Management Board
Mitglied der Geschäftsleitung - Head of Development,Lead,de,Member of the Executive Board - Head of Development
Mitglied der Geschäftsleitung (Prokuristin),Lead,de,Member of the Executive Board (Procurator)
nhaber / Geschäfts- / Unternehmens- / Betriebs- / Behördenleitung,Lead,de,nhaber/business/business/operation/government management
Niederlassungs-Leiter,Lead,de,Head of establishment
Niederlassungsleitung,Lead,de,Establishment management
Objektleitung,Lead,de,Object line
Operative Leitung,Lead,de,Operational direction
Operativer Leiter,Lead,de,Operational Director
Operativer Leiter Prozesse,Lead,de,Operational Head of Processes
Product Manager und Abteilungsleiter Entwicklung,Lead,de,Product Manager and Head of Development
Projektkoordinator Stabsstelle Geschäftsleitung,Lead,de,Project coordinator Head of Staff
Projektleiter Eventmanagement & Teamleitung,Lead,de,Project Manager Event Management & Team Management
Projektleitung,Lead,de,Project management
Projektleitung / CTO,Lead,de,Project management / CTO
Projektleitung / Projektentwicklung,Lead,de,Project management / project development
Projektleitung Datenmanagement,Lead,de,Project Management Data Management
Projektleitung Fairs & Events (National / International),Lead,de,Project Management Fairs & Events (National / International)
Projektleitung Stammdatenqualität- und Lieferantenmanagement (Inbound Daimer AG),Lead,de,Project Management Master Data Quality and Supplier Management (Inbound Daimer AG)
Prokurist      Technischer Leiter,Lead,de,Procurator Technical Director
Prokurist / Leitung Ressourcen Management,Lead,de,Procurator / Head of Resources Management
Prokurist/ Leiter Verkauf,Lead,de,Procurator/Head of Sales
Prokuristin/ Projektmanagerin der Geschäftsleitung,Lead,de,Procurator/project manager of the management
Redaktionsleitung,Lead,de,Head of the editorial department
Redaktionsleitung / Objektleitung,Lead,de,Editorial management / object management
Referent Verkaufsleitung,Lead,de,Speaker Sales Manager
Referentin der Geschäftsleitung,Lead,de,Officer of the Management Board
Sachgebietsleitung,Lead,de,Heading
Sekretariat Geschäftsleitung,Lead,de,Secretariat Management
senior director / Mitglied der Geschäftsleitung,Lead,de,senior director / Member of the Executive Board
Stabstelle der Standortleitung,Lead,de,Staff of the site management
Stellv. Leitung Eventbüro,Lead,de,Deputy Head of Event Office
Stellv. Verkaufsleiter Export Petfood / Leiter ...,Lead,de,Deputy Sales Manager Export Petfood / Head of ...
Stellvertretende kaufmännische Leitung,Lead,de,Deputy Commercial Manager
stellvertretende Leitung  Öffentlichkeitsmarketing,Lead,de,Deputy Head of Public Marketing
Stellvertretender Leiter Handels- und Prospektg...,Lead,de,Deputy Head of Trade and Prospectus...
stv. Ressortleitung Geschäftsentwicklung,Lead,de,stv. Head of Business Development
Stv. Verkaufsleiter/ Leitung Verkauf ID,Lead,de,Stv. Sales Manager/ Head of Sales ID
Teamleitung E-Commerce,Lead,de,Team Leader E-Commerce
Teamleitung ERP,Lead,de,Head of the ERP team
technischer Leiter,Lead,de,Technical Manager
Technischer Leiter / Head of Operation / QMB,Lead,nl,Technical Manager / Head of Operation / QMB
Technischer Leiter Produktion,Lead,de,Technical Head of Production
Teil der Geschäftsleitung,Lead,de,Part of the management
Teilbereichsleitung,Lead,de,Sub-divisional line
Verkauf / Leiter Qualitätsmanagement,Lead,de,Sales / Head of Quality Management
Verkauflsleitung,Lead,de,Sales management
Verkaufsleiter/ Leiter Verkaufsinnendienst + Kundenservice  l  PROKURIST,Lead,de,Sales Manager/Head of Internal Sales Service + Customer Service l PROKURIST
Verkaufsleitung,Lead,de,Sales line
Verkaufsleitung / Key Account,Lead,de,Sales Manager / Key Account
Verkaufsleitung / Projektleitung,Lead,de,Sales management / Project management
Verkaufsleitung Crossmedia,Lead,de,Crossmedia Sales Manager
Verkaufsleitung für Deutschland und Österreich,Lead,de,Sales line for Germany and Austria
Verkaufsleitung Geschäftsführer,Lead,de,Sales Manager Managing Director
Verkaufsleitung Multimedia,Lead,de,Sales Manager Multimedia
Vetriebsleitung,Lead,de,Transmission line
Vorsitzender der Geschäftsleitung,Lead,de,Chairman of the Executive Board
Assistent der Geschäftsleitung,Lead,de,Assistant to the Executive Board
Assistent Geschäftsleitung,Lead,de,Assistant Management
Assistentin der Geschaeftsleitung,Lead,de,Assistant to the management of the business
Assistentin der Geschäftsbereichsleitung,Lead,de,Assistant to the management of the business unit
Assistentin der Geschâftsleitung,Lead,de,Business Manager's Assistant
Assistentin der Geschäftsleitung,Lead,de,Assistant to the Executive Board
Assistentin der Geschäftsleitung / personal assistant to the CEO,Lead,de,Assistant to the Executive Board / personal assistant to the CEO
Assistentin der Geschäftsleitung/Qualitätsmanagementbeauftragte,Lead,de,Assistant to the Executive Board/Quality Management Officer
Assistentin des kfm. Leiters,Lead,fr,Assistin of kfm. Leiters
Assistentin Geschäftsleitung,Lead,de,Assistant to Management
Assistentin Leitung Geschäftsführungsbüro,Lead,de,Assistant Head of Management Office
Assistenz d. Geschäftsleitung,Lead,de,Assistant to the Executive Board
Assistenz der Anzeigenleitung,Lead,de,Assistance of the ad line
Assistenz der Bereichsleitung,Lead,de,Assistance of the departmental management
Assistenz der Geschäftsführung und Betriebsleitung,Lead,de,Assistant to the management and management
Assistenz der Geschäftsleitung,Lead,de,Assistant to the management
Assistenz der Geschäftsleitung wahrsch.,Lead,de,Assistant to the management
Assistenz der Regionalvertriebsleitung,Lead,de,Assistance of the regional sales management
Assistenz der Unternehmensleitung,Lead,de,Assistant to the management of the company
Assistenz der Verlagsleitung,Lead,de,Assistant to the management of the publishing house
Assistenz für die Geschäftsleitung,Lead,de,Assistance for the management
Assistenz Geschäftsleitung,Lead,de,Assistance Management
Assistenz Regionalleitung,Lead,de,Assistance Regional management
Controller und Assistent der Geschäftsleitung,Lead,de,Controller and assistant of the management
Controller/ kfm. Assistent der Geschäftsleitung,Lead,de,Controller/ kfm. Assistant to the management
Gebietsverkaufsleitung Süd / Assistent der Geschäftsführung,Lead,de,Area Sales Manager South / Management Assistant
Leiter E-Commerce & Assistent der Geschäftsführung,Lead,de,Head of E-Commerce & Assistant to the Executive Board
Leitung QM/Assistenz GF,Lead,de,Head of QM/Assistant GF
Projektmanager / Assistent der Geschäftsleitung,Lead,de,Project manager / assistant of the management
Sekretariat/Assistenz Vorstand / Geschäftsleitung,Lead,de,Secretariat/assistance Management Board / Management
Sekretärin der Geschäftsleitung,Lead,de,Executive Secretary
Abteilungsleiter Business Data & Infonomics,Lead,de,Head of Business Data & Infonomics
Abteilungsleiter Business Enablement,Lead,de,Head of Business Enablement
Abteilungsleiter Business Intelligence,Lead,de,Head of Business Intelligence
Abteilungsleiter Corporate Standard Business Systems (CSBS),Lead,de,Head of Corporate Standard Business Systems (CSBS)
Abteilungsleiter Digital Business Solutions,Lead,de,Head of Digital Business Solutions
Business Unit Leiter Lubricants,Lead,nl,Business Unit Leiter Lubricants
Geschäftsleitung Strategy & Business Development,Lead,de,Management Strategy & Business Development
Head of Digital Business / Leiter Digitale Geschäftsbereiche,Lead,de,Head of Digital Business / Head of Digital Business Units
Leiter Anwendungstechnik / Business Development,Lead,de,Head of Application Technology / Business Development
Leiter Business Applications,Lead,en,Leiter Business Applications
Leiter Business Development,Lead,de,Head of Business Development
Leiter Business Development & Market Communication,Lead,de,Head of Business Development & Market Communication
Leiter Business Development & Strategic Partnerships,Lead,en,Leiter Business Development & Strategic Partnerships
Leiter Business Development / Business Solutions,Lead,de,Head of Business Development / Business Solutions
Leiter Business Development China,Lead,de,Head of Business Development China
Leiter Business Intelligence,Lead,de,Head of Business Intelligence
Leiter Business Operations,Lead,en,Leiter Business Operations
Leiter Competence Center IT & Business Solutions,Lead,en,Leiter Competence Center IT & Business Solutions
Leiter Customer Data & Business Intelligence,Lead,de,Head of Customer Data & Business Intelligence
Leiter Digital Business,Lead,de,Head of Digital Business
Leiter eBusiness & Web,Lead,de,Head of eBusiness & Web
Leiter International Business,Lead,de,Head of International Business
Leiter IT / Leiter Business Unit Operations,Lead,de,Head of IT / Head of Business Unit Operations
Leiter Kooperationen & Business Development (Mi...,Lead,de,Head of Cooperation & Business Development (Mi...
Leiter New Business,Lead,ur,Leiter New Business
Leiter SAP Business One Entwicklung,Lead,de,Head of SAP Business One Development
Leiterin Business Applikationen,Lead,de,Head of Business Applications
Leiterin Business Development,Lead,de,Head of Business Development
Leiterin New Business,Lead,it,Head of New Business
Leitung / Head of IT Business Intelligence,Lead,de,Head of IT Business Intelligence
Leitung Business Development,Lead,de,Head of Business Development
Leitung Business Management,Lead,de,Head of Business Management
Leitung Business Process Management / Mitarbeit...,Lead,de,Head of Business Process Management / Cooperation...
Leitung Digital Business Development,Lead,de,Head of Digital Business Development
Leitung eBusiness Management / CRM Projektmanagement,Lead,de,Head of eBusiness Management / CRM Project Management
Leitung Key Account Management & Business Development,Lead,de,Head of Key Account Management & Business Development
Stellv. Leiter Business Development,Lead,de,Deputy Head of Business Development
Stellvertretender Geschäftsführer / Leiter Business Development,Lead,de,Deputy Managing Director / Head of Business Development
Teamleitung Business Development,Lead,de,Team Management Business Development
Consultant / Project Management / Leitung Softwareentwicklung,Lead,de,Consultant / Project Management / Management Software Development
Digital Consultant / Spezialist für Digitalisierung inkl. Umsetzungsbegleitung /,Lead,de,Digital Consultant / Specialist for Digitalization incl. implementation support /
Inhouse Consultant / IT-Projektleitung,Lead,de,Inhouse Consultant / IT Project Management
Assistentin der Geschäftsleitung / Human Resources,Lead,de,Management Assistant / Human Resources
Assitenz der Geschäfstleitung / HR,Lead,de,Assistance of the management / HR
Leitung Organisation & HR,Lead,de,Management Organisation & HR
Abteilungsleiter IT,Lead,de,Head of Division IT
Abteilungsleiter IT Anwendungsentwicklung,Lead,de,Head of IT Application Development
Abteilungsleiter IT und Digitalisierung,Lead,de,Head of IT and Digitalization
Abteilungsleiter ITK,Lead,de,Head of Division ITC
Administration / Assistenz der Geschäftsleitung,Lead,de,Administration / assistance of the management
Assistenz IT-Leitung,Lead,de,Assistance IT management
Assitentin des IT Leiters,Lead,fr,Assitentin des IT Leiters
Geschäftsführer Siegen / Leiter IT und Organisation,Lead,de,Managing Director Siegen / Head of IT and Organisation
Geschäftsleitung CIIT,Lead,de,CIIT Management
Head of IT / Leiter Informationstechnik,Lead,de,Head of IT / Head of Information Technology
Head of IT / Leiter IT,Lead,ur,Head of IT / Leiter IT
IT Leiter,Lead,de,IT Head of Unit
IT Leiter Fricopan Gruppe (Ein Unternehmen der Aryzta Gruppe),Lead,de,IT Head of Fricopan Group (A company of the Aryzta Group)
IT Leitung,Lead,de,IT Management
IT Management Leitung,Lead,de,IT Management Management
IT-Abteilungsleiter,Lead,de,IT Head of Division
IT-Gesamtleitung,Lead,de,Total IT management
IT-Leiter,Lead,ur,IT-Leiter
IT-Leiter / Prokurist,Lead,ur,IT manager / authorized signatory
IT-Leiter / System-Administrator,Lead,ur,IT-Leiter / System-Administrator
IT-Leiter | CIO,Lead,it,IT-Leiter | CIO
IT-Leitung,Lead,de,IT line
Leiter Controlling & IT,Lead,de,Head of Controlling & IT
Leiter der EDV  -  Head of IT,Lead,de,Head of IT - Head of IT
Leiter der IT,Lead,de,Head of IT
Leiter der IT-Abteilung,Lead,de,Head of IT Department
Leiter des Bereiches Organisation/IT,Lead,de,Head of Organisation/IT
Leiter Digitale Prozesse,Lead,de,Head of Digital Processes
Leiter Digitale Strategien und Angebote (CDO),Lead,de,Head of Digital Strategies and Services (CDO)
Leiter Digitale Transformation Recycling Solution,Lead,de,Head of Digital Transformation Recycling Solution
Leiter Digitalisierung,Lead,de,Head of Digitalisation
Leiter E-Commerce & IT,Lead,de,Head of e-commerce & IT
Leiter EDV/IT,Lead,de,Head of Computer/IT
Leiter EDV/Organisation - Head of IT/Organisation,Lead,de,Head of IT/Organization - Head of IT/Organization
Leiter Finanzen und Administration,Lead,de,Head of Finance and Administration
Leiter Geschäftsbereich IT,Lead,de,Head of Business Unit IT
Leiter Geschäftsbereich IT & Services und Chief Digital Officer (CDO),Lead,de,Head of IT & Services and Chief Digital Officer (CDO)
Leiter Inhouse IT Infrastructure Services,Lead,nl,Leiter Inhouse IT Infrastructure Services
Leiter IT,Lead,de,Head of IT
Leiter IT & Controlling,Lead,de,Head of IT & Controlling
Leiter IT & Projekte,Lead,de,Head of IT & Projects
Leiter IT & Prozesse,Lead,de,Head of IT & Processes
Leiter IT & Qualitätsmangement,Lead,de,Head of IT & Quality Management
Leiter IT / CIO,Lead,de,Head of IT/CIO
Leiter IT / IT Sicherheitsbeauftragter (ITSB/CISO),Lead,de,Head of IT / IT Security Officer (ITSB/CISO)
Leiter IT / Organisation,Lead,de,Head of IT / Organisation
Leiter IT / Prozessmanagement,Lead,de,Head of IT / Process Management
Leiter IT | Head of IT,Lead,ur,Leiter IT | Head of IT
Leiter IT Client Systeme,Lead,de,Head of IT Client Systems
Leiter IT Infrastruktur Unternehmensgruppe,Lead,de,Head of IT Infrastructure Group
Leiter IT Konzern / CIO,Lead,de,Head of IT Group / CIO
Leiter IT Operations,Lead,de,Head of IT Operations
Leiter IT Operations Web Applications,Lead,en,Leiter IT Operations Web Applications
Leiter IT Projekt- & Prozessmanagement,Lead,de,Head of IT Project & Process Management
Leiter IT Projekte,Lead,de,Head of IT Projects
Leiter IT Service Operations,Lead,en,Leiter IT Service Operations
Leiter IT Services,Lead,de,Head of IT Services
Leiter IT Services / Prokurist,Lead,de,Head of IT Services / Procurator
Leiter IT Systeme &Prozesse,Lead,de,Head of IT Systems & Processes
Leiter IT Systemtechnik,Lead,de,Head of IT Systems Technology
Leiter IT Technik,Lead,de,Head of IT Technology
Leiter IT- und Datenmanagement,Lead,de,Head of IT and data management
Leiter IT und Organisation,Lead,de,Head of IT and Organisation
Leiter IT und WFM,Lead,de,Head of IT and WFM
Leiter IT/Organisation,Lead,de,Head of IT/Organisation
Leiter IT/SAP,Lead,de,Head of IT/SAP
Leiter IT-Abteilung,Lead,de,Head of IT Department
Leiter IT-Administration,Lead,de,Head of IT Administration
Leiter IT-Anwendungssysteme,Lead,de,Head of IT application systems
Leiter IT-Applikationen Geschäftseinheit Geschäftskunden/Energiedienstleistungen,Lead,de,Head of IT Applications Business Unit Business Customers/Energy Services
Leiter IT-Consulting,Lead,de,Head of IT consulting
Leiter IT-Infrastruktur,Lead,de,Head of IT infrastructure
Leiter IT-Organisation,Lead,de,Head of IT Organisation
Leiter IT-Service,Lead,de,Head of IT Service
Leiter IT-Services,Lead,de,Head of IT Services
Leiter Materialwirtschaft / Logistik / IT,Lead,de,Head of Materials Management / Logistics / IT
Leiter Ordermanagement und IT,Lead,de,Head of Order Management and IT
Leiter Orga u. IT,Lead,de,Head of Orga & IT
Leiter Organisation und IT,Lead,de,Head of Organisation and IT
Leiter Prozesse & IT,Lead,de,Head of Processes & IT
Leiter SAP,Lead,de,Head of SAP
Leiter SAP - Unternehmensprozesse,Lead,de,Head of SAP - Corporate Processes
Leiter SAP - Unternehmensprozesse - Controlling,Lead,de,Head of SAP - Corporate processes - Controlling
Leiter SAP Competence Center,Lead,de,Head of SAP Competence Center
Leiter SAP Technology,Lead,ur,Leiter SAP Technology
Leiter Strategie und IT-Architektur,Lead,de,Head of Strategy and IT Architecture
Leiterin Administration,Lead,de,Head of Administration
Leiterin Digitales Produktmanagement,Lead,de,Head of Digital Product Management
Leiterin IT,Lead,it,Head of IT
Leiterin Kunden- und Servicemanagement der IT,Lead,de,Head of Customer and Service Management of IT
Leiterin Organisation IT Telekommunikation,Lead,de,Head of organization IT Telecommunications
Leitung Administration,Lead,de,Administration
Leitung Digitale Transformation & VDC,Lead,de,Head of Digital Transformation & VDC
Leitung IT,Lead,de,Head of IT
Leitung IT - Warenwirtschaft,Lead,de,Management IT - Warenwirtschaft
Leitung IT & Softwareentwicklung,Lead,de,Head of IT & Software Development
Leitung IT / Systemadministration,Lead,de,Management IT / System Administration
Leitung IT Services DACH,Lead,de,Head of IT Services DACH
Leitung IT/EDV,Lead,de,Head of IT/EDV
Leitung Logistik & Order Administration,Lead,de,Head of Logistics & Order Administration
Leitung Organistion/IT,Lead,de,Head of Organization/IT
Leitung SAP,Lead,de,Management SAP
Leitung Softwareentwicklung und IT,Lead,de,Management Software Development and IT
Partner / CFO / Leiter Digitalisierung Kundenmanagement,Lead,de,Partner / CFO / Head of Digitalization Customer Management
Personalberater für IT - Spezialisten / Leiter Geschäftsbereich IT – Services,Lead,de,Personalberater für IT - Specialists / Head of Business Unit IT – Services
Projektleitung Digital Change,Lead,de,Project manager Digital Change
SAP Leiter,Lead,de,SAP Leader
SAP-Leiter,Lead,hi,SAP manager
Stellv. IT Leiter,Lead,de,Deputy IT Manager
Stellvertretende Leitung IT,Lead,de,Deputy Head of IT
stellvertretender IT-Leiter,Lead,de,Deputy IT Manager
stv. Leiter IT / Teamleiter Project & Operations,Lead,de,Deputy Head of IT / Team Leader Project & Operations
Team- & Projektleitung Integration SAP Logistik...,Lead,de,Team & Project Management Integration SAP Logistics...
Teamleiter Anwendungsentwicklung & stv. IT-Leiter,Lead,de,Team Leader Application Development & IT Manager
Teamleitung IT,Lead,de,Team Leader IT
Teamleitung IT Analytics,Lead,de,Team Leader IT Analytics
Teamleitung IT Systeme,Lead,de,Team Management IT Systems
Teamleitung IT-Steuerung,Lead,de,Team Management IT Control
Abteilungsleiter CRM,Lead,de,Head of Division CRM
Abteilungsleiterin CRM,Lead,de,Head of Division CRM
Abteilungsleiterin Customerservice/CRM,Lead,de,Head of Customerservice/CRM
CRM Leiter,Lead,de,CRM Manager
CRM Leitung,Lead,de,CRM Management
CRM Teamleiter / Team Leiter Kundensysteme,Lead,de,CRM Team Leader / Team Head of Customer Systems
CRM-Leiter,Lead,de,CRM Manager
CRM-Leiterin,Lead,it,CRM Manager
CRM-Leitung,Lead,de,CRM line
CRM-Leitung / IT Consultant,Lead,it,CRM-Leitung / IT Consultant
CRM-Projektleitung,Lead,de,CRM Project Management
ERP/ CRM Leiter,Lead,de,ERP/ CRM Manager
Gruppenleitung CRM,Lead,de,Group management CRM
IT-ProjektLeiter / Teamleitung CRM Systems,Lead,de,IT ProjectHead / Team Management CRM Systems
Leiter / Head of CRM,Lead,ur,Leiter / Head of CRM
Leiter Competence Center CRM,Lead,de,Head of Competence Center CRM
Leiter CRM,Lead,de,Head of CRM
Leiter CRM / eCommerce,Lead,de,Head of CRM / eCommerce
Leiter CRM / Head of CRM,Lead,ur,Leiter CRM / Head of CRM
Leiter CRM Systeme,Lead,de,Head of CRM Systems
Leiter CRM und Projekte,Lead,de,Head of CRM and Projects
Leiter CRM und Retail IT,Lead,de,Head of CRM and Retail IT
Leiter CRM/Kooperationen,Lead,de,Head of CRM/Cooperation
Leiter CRM-Systeme & eCRM,Lead,de,Head of CRM Systems & eCRM
Leiter Datamining & CRM,Lead,de,Head of Datamining & CRM
Leiter Geschäftsbereich CRM,Lead,de,Head of Division CRM
Leiter Geschäftsbereich CRM/SharePoint,Lead,de,Head of Division CRM/SharePoint
Leiter Onlinemarketing / CRM,Lead,de,Head of Online Marketing / CRM
Leiter Practice CRM Services,Lead,nl,Leiter Practice CRM Services
Leiter Process Solutions CRM,Lead,de,Head of Process Solutions CRM
Leiter Profit-Center CRM  (Prokurist),Lead,de,Head of Profit Center CRM (Procurer)
Leiter Regio-Desk Osnabrück I Leiter CRM,Lead,de,Head of Regio-Desk Osnabrück I Head of CRM
Leiter strategische Projekte & analytisches CRM (Kaufland Digital),Lead,de,Head of Strategic Projects & Analytical CRM (Kaufland Digital)
Leiterin CRM,Lead,de,Head of CRM
Leiterin CRM & Data Lab,Lead,it,Head of CRM & Data Lab
Leiterin CRM und Marktanalyse,Lead,de,Head of CRM and Market Analysis
Leiterin Kundenmgmt & CRM - Neukunden & Reaktiv...,Lead,de,Head of Customer Information & CRM - New Customers & Reactive...
Leitung CRM,Lead,de,Head of CRM
Leitung CRM Development,Lead,de,Head of CRM Development
Leitung Customer Relationship Management (CRM),Lead,de,Head of Customer Relationship Management (CRM)
Projektleitung CRM,Lead,de,Project management CRM
Projektleitung CRM & Telesales,Lead,de,Project management CRM & Telesales
Projektleitung internationale Geschäftsprozesse | CRM-System,Lead,de,Project management international business processes 的 CRM system
Teamleitung CRM,Lead,de,Team Leader CRM
Teamleitung CRM & New Leads,Lead,de,Team Leader CRM & New Leads
Teamleitung Geschäftskundenportal & -CRM,Lead,de,Team Management Business Portal & -CRM
Abteilungsleiter Adressen und Marketing,Lead,de,Head of Department Addresses and Marketing
Abteilungsleiter Marketing,Lead,de,Head of Marketing
Abteilungsleiter Marketing & Vertriebscontrolling,Lead,de,Head of Marketing & Sales Controlling
Abteilungsleiter Marketing/Kommunikation,Lead,de,Head of Marketing/Communication
Abteilungsleiter Messen und Events,Lead,de,Head of Trade Fairs and Events
Abteilungsleiter Vertrieb & Marketing,Lead,de,Head of Sales & Marketing
Abteilungsleiterin Direct Marketing & Database ...,Lead,de,Head of Division Direct Marketing & Database ...
Abteilungsleiterin Marketing,Lead,de,Head of Marketing
Abteilungsleiterin Marketing & Kommunikation,Lead,de,Head of Marketing & Communication
Abteilungsleiterin Marketing-Kommunikation,Lead,de,Head of Marketing Communication
Abteilungsleiterin Marketing-Kommunikation/ CRM,Lead,de,Head of Marketing Communication / CRM
Abteilungsleiterin Sales und Marketing,Lead,de,Head of Sales and Marketing
Abteilungsleitung Live-Kommunikation bei WERTGARANTIE Beteiligungen GmbH,Lead,de,Head of Live Communication at VERTGARANTIE Beteiligungen GmbH
Abteilungsleitung Marketing,Lead,de,Head of Marketing
Abteilungsleitung Marketing & Kommunikation,Lead,de,Head of Marketing & Communication
Abteilungsleitung Sekretariat und Marketing,Lead,de,Head of Division Secretariat and Marketing
Asisstentin der Marketingleitung,Lead,de,Asisstentin of Marketing Management
Assistent der Geschäftsleitung & TBR / OHT Marketing,Lead,de,Assistant to Management & TBR / OHT Marketing
Assistent der Geschäftsleitung Sales/Marketing,Lead,de,Assistant to Sales/Marketing Management
Assistent der Geschäftsleitung Vertrieb & Marketing,Lead,de,Assistant to Sales & Marketing Management
Assistentin der Geschäftsbereichsleitung /Verkaufsleitung / Marketing,Lead,de,Assistant to the Head of Business / Sales Management / Marketing
Assistentin der Geschäftsleitung / Marketing,Lead,de,Assistant to the Executive Board / Marketing
Assistentin der Geschäftsleitung Marketing & Kommunikation,Lead,de,Assistant to Marketing & Communication Management
Assistentin der Geschäftsleitung/Marketing & Kommunikation,Lead,de,Assistant to Management/Marketing & Communication
Assistentin der Vertriebsleitung / Vertriebsinnendienst / Marketing,Lead,de,Assistant to Sales Manager / Internal Sales Service / Marketing
Assistentin Geschäftsleitung / Marketing,Lead,de,Assistant Management / Marketing
Assistentin Leiter Vertrieb und Marketing,Lead,de,Assistant Head of Sales and Marketing
Assistentin Vertriebsleitung/ Marketing,Lead,de,Assistant Sales Manager/Marketing
Assistenz Bereichsleitung Marketing + Vertrieb,Lead,de,Assistance Head of Marketing + Sales
Assistenz der Geschäftsführung / Marketingleitung,Lead,de,Assistant to the management / marketing management
Assistenz der Geschäftsleitung & Marketing Consultant,Lead,de,Assistant to the Management & Marketing Consultant
Assistenz der Geschäftsleitung / Marketing,Lead,de,Assistant to the management / marketing
Assistenz der Geschäftsleitung im Bereich Marketing,Lead,de,Assistant to the management in the area of marketing
Assistenz der Marketing/Vertriebsleitung und Projektmanagement,Lead,de,Assistance of Marketing/Sales Management and Project Management
Assistenz der Marketingleitung,Lead,de,Assistance of the marketing management
Assistenz der Marketingleitung | Messe- und Eventmanagement,Lead,de,Assistance of the marketing management of the trade fair and event management
Assistenz der technischen Leitung / Marketing,Lead,de,Assistance of the technical management / marketing
Assistenz Geschäftsleitung / Marketing-Messeorganisation,Lead,de,Assistance Management / Marketing Trade Fair Organisation
Assistenz Leitung Einkauf & Marketing,Lead,de,Assistance Head of Purchasing & Marketing
Assistenz Marketing Leitung,Lead,de,Assistance Marketing Management
Assistenz Marketingleitung,Lead,de,Assistance Marketing Management
Assistenz Messeleitung,Lead,de,Assistance Messeleitung
Bereichsleitung Kommunikation & Öffentlichkeitsarbeit,Lead,de,Head of Communications & Public Relations
Bereichsleitung Marketing,Lead,de,Head of Marketing
Bereichsleitung Marketing & Akademie für Seminare zu Persönlichkeit & Stress,Lead,de,Head of Marketing & Academy for seminars on personality & stress
Bereichsleitung Marketing & Kommunikation/PR,Lead,de,Head of Marketing & Communication/PR
Bereichsleitung Marketing und Digital Business,Lead,de,Head of Marketing and Digital Business
Bereichsleitung Marketing und Vertrieb,Lead,de,Head of Marketing and Sales
Bereichsleitung Vertriebssteuerung und Marketing,Lead,de,Head of Sales Control and Marketing
Chief Marketing Officer // Geschäftsleitung,Lead,de,Chief Marketing Officer // Management
CSO/ Leiter Vertrieb und Marketing,Lead,de,CSO/ Head of Sales and Marketing
Direktorin Leiterin Vertriebseffizienz & Marketing / Öffentlichkeitsarbeit,Lead,de,Director Head of Sales Efficiency & Marketing / Public Relations
Einkaufsleitung (Messe Kontakt),Lead,de,Purchasing management (trade fair contact)
Entwicklungsleitung / Messekontakt,Lead,de,Development management / trade fair contact
Executive Assistant / Leitung Marketing & Communications,Lead,de,Executive Assistant / Head of Marketing & Communications
Fachbereichsleitung Marketing und Vertrieb,Lead,de,Head of Marketing and Sales
Gesamtleitung Marktentwicklung & Marketing,Lead,de,Overall Management Market Development & Marketing
Geschäftsführer / Leiter Vertrieb und Marketing,Lead,de,Managing Director / Head of Sales and Marketing
Geschäftsführer / Marketing Leitung,Lead,de,Managing Director / Marketing Management
Geschäftsführung / Leitung Marketing & Vertrieb,Lead,de,Management / Head of Marketing & Sales
Geschäftsleitung  Marketing,Lead,de,Management Marketing
Geschäftsleitung (Messe Ansprechpartner),Lead,de,Management (trade fair contact)
Geschäftsleitung (Messe Kontakt,Lead,de,Management (trade fair contact)
Geschäftsleitung (Messe Kontakt),Lead,de,Management (trade fair contact)
Geschäftsleitung Marketing & Vertrieb,Lead,de,Management Marketing & Sales
Geschäftsleitung Marketing / Projektierung,Lead,de,Management Marketing / Projecting
Geschäftsleitung Marketing und Fundraising,Lead,de,Management Marketing and Fundraising
Geschäftsleitung Marketing und Vertrieb,Lead,de,Management Marketing and Sales
Geschäftsleitung Marketing und Vertriebsinnendi...,Lead,de,Management Marketing and Sales...
Geschäftsleitung Sales & Marketing,Lead,de,Management Sales & Marketing
Geschäftsleitung Verkauf und Marketing,Lead,de,Management Sales and Marketing
Geschäftsleitung Vertrieb & Marketing,Lead,de,Management Sales & Marketing
Geschäftsleitung Vertrieb und Marketing,Lead,de,Management Sales and Marketing
Grafikdesigner | Leiter Marketing,Lead,de,Graphic Designer - Head of Marketing
Gruppenleitung Communications,Lead,de,Group management Communications
Head of Marketing / Leitung Marketing,Lead,de,Head of Marketing / Head of Marketing
Head of Marketing and Communications (Bereichsleitung Marketing & Kommunikation),Lead,de,Head of Marketing and Communications (Head of Marketing & Communication)
Head of Sales & Marketing /  Erweiterte Geschäftsleitung,Lead,de,Head of Sales & Marketing / Extended Management
international Marketing Leitung,Lead,de,International Marketing Management
kaufmännische Leitung (Messe Kontakt),Lead,de,Commercial management (trade fair contact)
komm. Leiterin Marketing,Lead,de,come. Head of Marketing
Leiter  Marketing & Vertrieb,Lead,de,Head of Marketing & Sales
Leiter Affiliate Marketing,Lead,de,Head of Affiliate Marketing
Leiter Business Development & Marketing,Lead,de,Head of Business Development & Marketing
Leiter Business Development und Marketing,Lead,de,Head of Business Development and Marketing
Leiter Corporate- / Marketing Communication,Lead,de,Head of Corporate/Marketing Communication
Leiter Corporate Marketing und Unternehmensentwicklung,Lead,de,Head of Corporate Marketing and Corporate Development
Leiter CRM & Marketing,Lead,de,Head of CRM & Marketing
Leiter CRM /  Digitales Marketing,Lead,de,Head of CRM / Digital Marketing
Leiter CRM-Marketing/Head of CRM-Marketing.,Lead,en,Leiter CRM-Marketing/Head of CRM-Marketing.
Leiter Customizing (Messe Kontakt),Lead,de,Head of Customizing (Trade Fair Contact)
Leiter Data Analytics & Marketing Automation (CRM),Lead,de,Head of Data Analytics & Marketing Automation (CRM)
Leiter der Abteilung Marketing,Lead,de,Head of Marketing
Leiter der Marketingabteilung,Lead,de,Head of Marketing
Leiter Dienstleistungs- und Database-Marketing,Lead,de,Head of Service and Database Marketing
Leiter Digital Marketing,Lead,de,Head of Digital Marketing
Leiter Digitales Marketing & Kommunikation,Lead,de,Head of Digital Marketing & Communication
Leiter E-Business & Marketing,Lead,de,Head of E-Business & Marketing
Leiter Event & Marketing,Lead,de,Head of Event & Marketing
Leiter Externe Kommunikation,Lead,de,Head of External Communications
Leiter für Marketing und Sortimentsentwicklung,Lead,de,Head of Marketing and Product Range Development
Leiter Geschäftsentwicklung und Marketing,Lead,de,Head of Business Development and Marketing
Leiter Geschäftsfeldentwicklung (Messe Kontakt),Lead,de,Head of Business Segment Development (Trade Fair Contact)
Leiter Information & Marketing,Lead,de,Head of Information & Marketing
Leiter IT & Marketing / Head of IT & Marketing,Lead,en,Leiter IT & Marketing / Head of IT & Marketing
Leiter IT-Projekte / E-Marketing,Lead,de,Head of IT Projects / E-Marketing
Leiter Kfm. Vertrieb und Marketing,Lead,de,Head of Sales and Marketing
Leiter Kommunikation,Lead,de,Head of Communications
Leiter Kommunikation - Head of Communications,Lead,de,Head of Communications - Head of Communications
Leiter Kommunikation & Trade Marketing,Lead,de,Head of Communications & Trade Marketing
Leiter Kommunikation Stadt- und Standortmarketing,Lead,de,Head of Communication City and Location Marketing
Leiter Kommunikation und Marketing,Lead,de,Head of Communications and Marketing
Leiter Kommunikation und Medien,Lead,de,Head of Communications and Media
Leiter Kommunikation/Marketing,Lead,de,Head of Communications/Marketing
Leiter Kommunikation/PR - Head of Communications/PR,Lead,nl,Head of Communications/PR - Head of Communications/PR
Leiter Kommunikation/Presse,Lead,de,Head of Communications/Press
Leiter Marke & Kommunikation,Lead,de,Head of Brand & Communication
Leiter Markenführung und Marketingplanung AXA,Lead,de,Head of Brand Management and Marketing Planning AXA
Leiter Marketing,Lead,de,Head of Marketing
Leiter Marketing - Prokurist,Lead,de,Head of Marketing - Procurator
Leiter Marketing & Architektur,Lead,de,Head of Marketing & Architecture
Leiter Marketing & Business Development,Lead,de,Head of Marketing & Business Development
Leiter Marketing & Communications,Lead,de,Head of Marketing & Communications
Leiter Marketing & CRM,Lead,de,Head of Marketing & CRM
Leiter Marketing & E-Commerce,Lead,de,Head of Marketing & E-Commerce
Leiter Marketing & Inside Sales,Lead,de,Head of Marketing & Inside Sales
Leiter Marketing & Kommunikation,Lead,de,Head of Marketing & Communication
Leiter Marketing & Öffentlichkeitsarbeit,Lead,de,Head of Marketing & Public Relations
Leiter Marketing & PR,Lead,de,Head of Marketing & PR
Leiter Marketing & PR (Messe Ansprechpartner),Lead,de,Head of Marketing & PR (Trade Fair Contact)
Leiter Marketing & PR / Head of Marketing & PR,Lead,en,Leiter Marketing & PR / Head of Marketing & PR
Leiter Marketing & Presse,Lead,de,Head of Marketing & Press
Leiter Marketing & Produktmanagement,Lead,de,Head of Marketing & Product Management
Leiter Marketing & Sales,Lead,de,Head of Marketing & Sales
Leiter Marketing & Technischer Dienst,Lead,de,Head of Marketing & Technical Service
Leiter Marketing & Unternehmenskommunikation,Lead,de,Head of Marketing & Corporate Communications
Leiter Marketing & Verkauf,Lead,de,Head of Marketing & Sales
Leiter Marketing & Vertrieb,Lead,de,Head of Marketing & Sales
Leiter Marketing & Vertriebscontrolling,Lead,de,Head of Marketing & Sales Controlling
Leiter Marketing & Werbung,Lead,de,Head of Marketing & Advertising
Leiter Marketing (Messe Kontakt),Lead,de,Head of Marketing (Trade Fair Contact)
Leiter Marketing / Head of Communication,Lead,en,Leiter Marketing / Head of Communication
Leiter Marketing / Head of Marketing,Lead,en,Leiter Marketing / Head of Marketing
Leiter Marketing / Head of Marketing: B2B- u. B2C-Marketing,Lead,en,Leiter Marketing / Head of Marketing: B2B- u. B2C-Marketing
Leiter Marketing / Kommunikation & Digitalisierung,Lead,de,Head of Marketing / Communication & Digitalization
Leiter Marketing / Kundenservice,Lead,de,Head of Marketing / Customer Service
Leiter Marketing / Marketing / Werbung / PR,Lead,de,Head of Marketing / Marketing / Advertising / PR
Leiter Marketing / Marketingunterstützung Sparkassen und Lebensversicherung,Lead,de,Head of Marketing / Marketing Support Sparkassen und Lebensversicherung
Leiter Marketing / Produktmanagement,Lead,de,Head of Marketing / Product Management
Leiter Marketing / Produktmanagement (Marketingleiter),Lead,de,Head of Marketing / Product Management (Marketing Manager)
Leiter Marketing / Projektleiter,Lead,de,Head of Marketing / Project Manager
Leiter Marketing / Unternehmenskommunikation,Lead,de,Head of Marketing / Corporate Communications
Leiter Marketing / Vertrieb (Mitglied der Geschäftsleitung),Lead,de,Head of Marketing / Sales (Member of the Executive Board)
Leiter Marketing /PR,Lead,de,Head of Marketing /PR
Leiter Marketing | CMO,Lead,de,"Head of Marketing, CMO"
Leiter Marketing | Unternehmenskommunikation,Lead,de,Head of Marketing and Corporate Communications
Leiter Marketing + Vertrieb,Lead,de,Head of Marketing + Sales
Leiter Marketing B2B,Lead,de,Head of Marketing B2B
Leiter Marketing CEE,Lead,de,Head of Marketing CEE
Leiter Marketing Communication,Lead,de,Head of Marketing Communication
Leiter Marketing Communication & Service,Lead,de,Head of Marketing Communication & Service
Leiter Marketing Communications,Lead,de,Head of Marketing Communications
Leiter Marketing Communications Daimler Mobility & Mercedes-Benz Bank,Lead,nl,Leiter Marketing Communications Daimler Mobility & Mercedes-Benz Bank
Leiter Marketing Consulting und Business Development,Lead,de,Head of Marketing Consulting and Business Development
Leiter Marketing D-A-CH,Lead,de,Head of Marketing D-A-CH
Leiter Marketing Deutschland,Lead,de,Head of Marketing Germany
Leiter Marketing Digitale Produkte,Lead,de,Head of Marketing Digital Products
Leiter Marketing ERWIN HYMER GROUP,Lead,hi,Head of Marketing ERWIN HYMER GROUP
Leiter Marketing Events & Logistic,Lead,de,Head of Marketing Events & Logistic
Leiter Marketing Kommunikation,Lead,de,Head of Marketing Communication
Leiter Marketing Kommunikation & Technische Dok...,Lead,de,Head of Marketing Communication & Technical Doc...
Leiter Marketing Kommunikation & Technische Dokumentation,Lead,de,Head of Marketing Communication & Technical Documentation
Leiter Marketing Mitglied der Geschäftsleitung,Lead,de,Head of Marketing Member of the Executive Board
Leiter Marketing National Brands,Lead,en,Leiter Marketing National Brands
Leiter Marketing Operatives CRM,Lead,de,Head of Marketing Operational CRM
Leiter Marketing Services,Lead,de,Head of Marketing Services
Leiter Marketing Services / Public Affairs,Lead,de,Head of Marketing Services / Public Affairs
Leiter Marketing Services und Grafik Center,Lead,de,Head of Marketing Services and Graphic Center
Leiter Marketing und Digitalisierung,Lead,de,Head of Marketing and Digitization
Leiter Marketing und E-Business,Lead,de,Head of Marketing and E-Business
Leiter Marketing und Event,Lead,de,Head of Marketing and Event
Leiter Marketing und Kommunikation,Lead,de,Head of Marketing and Communication
Leiter Marketing und Markenführung,Lead,de,Head of Marketing and Brand Management
Leiter Marketing und Öffentlichkeitsarbeit,Lead,de,Head of Marketing and Public Relations
Leiter Marketing und PR,Lead,de,Head of Marketing and PR
Leiter Marketing und Produktkommunikation,Lead,de,Head of Marketing and Product Communication
Leiter Marketing und Produktmanagement,Lead,de,Head of Marketing and Product Management
Leiter Marketing und Public Affairs,Lead,de,Head of Marketing and Public Affairs
Leiter Marketing und Sales,Lead,de,Head of Marketing and Sales
Leiter Marketing und Service,Lead,de,Head of Marketing and Service
Leiter Marketing und Technik,Lead,de,Head of Marketing and Technology
Leiter Marketing und Technische Dokumentation,Lead,de,Head of Marketing and Technical Documentation
Leiter Marketing und Training Junkers Deutschland,Lead,de,Head of Marketing and Training Junkers Germany
Leiter Marketing und Unternehmenskommunikation,Lead,de,Head of Marketing and Corporate Communications
Leiter Marketing und Veranstaltungen,Lead,de,Head of Marketing and Events
Leiter Marketing und Verkauf,Lead,de,Head of Marketing and Sales
Leiter Marketing und Verkauf / Mitglied der GL,Lead,de,Head of Marketing and Sales / Member of GL
Leiter Marketing und Verkaufsleiter Besteckreinigung,Lead,de,Head of Marketing and Sales Manager Cutlery Cleaning
Leiter Marketing und Vertrieb,Lead,de,Head of Marketing and Sales
Leiter Marketing und Vertrieb (Messe Kontakt),Lead,de,Head of Marketing and Sales (Trade Fair Contact)
Leiter Marketing und Vertrieb / DACH,Lead,de,Head of Marketing and Sales / DACH
Leiter Marketing und Vertrieb House of Media,Lead,de,Head of Marketing and Sales House of Media
Leiter Marketing und Vertrieb Privat- & Gewerbe...,Lead,de,Head of Marketing and Sales Private & Commercial...
Leiter Marketing und Vertriebskommunikation,Lead,de,Head of Marketing and Sales Communication
Leiter Marketing und Vertriebssteuerung,Lead,de,Head of Marketing and Sales Management
Leiter Marketing und Vertriebssupport,Lead,de,Head of Marketing and Sales Support
Leiter Marketing und Werbung,Lead,de,Head of Marketing and Advertising
Leiter Marketing Vertrieb International,Lead,de,Head of Marketing Sales International
Leiter Marketing Vertrieb Service,Lead,de,Head of Marketing Sales Service
Leiter Marketing Werkzeugmaschinen,Lead,de,Head of Marketing Machine Tools
Leiter Marketing/ Leiter R&D,Lead,de,Head of Marketing/Head of R&D
Leiter Marketing/Kommunikation,Lead,de,Head of Marketing/Communication
Leiter Marketing/PR,Lead,de,Head of Marketing/PR
Leiter Marketing/Sales,Lead,de,Head of Marketing/Sales
Leiter Marketing/Vertrieb für Norddeutschland,Lead,de,Head of Marketing/Sales for Northern Germany
Leiter Marketingkommunikation,Lead,de,Head of Marketing Communication
Leiter Marketing-Kommunikation,Lead,de,Head of Marketing Communication
Leiter Marketingplanung und -monitoring,Lead,de,Head of Marketing Planning and Monitoring
Leiter Marketing-Service,Lead,de,Head of Marketing Service
Leiter Marketingservices,Lead,de,Head of Marketing Services
Leiter Marketing-Services,Lead,de,Head of Marketing Services
Leiter Marketing-Services / Produktmanagement,Lead,de,Head of Marketing Services / Product Management
Leiter Messe- & Eventlogistik,Lead,de,Head of Trade Fair & Event Logistics
Leiter Messen,Lead,de,Head of Fairs
Leiter Messen & Ausstellungen International,Lead,de,Head of Trade Fairs & Exhibitions International
Leiter Messen & Veranstaltungen,Lead,de,Head of Trade Fairs & Events
Leiter Messen und Events,Lead,de,Head of Fairs and Events
Leiter Messeteam,Lead,de,Head of the exhibition team
Leiter Online-Marketing,Lead,de,Head of Online Marketing
Leiter Online-Marketing | Projektmanagement & SEO,Lead,de,"Head of Online Marketing, Project Management & SEO"
Leiter Organisation & Kommunikation,Lead,de,Head of Organization & Communication
Leiter Partnervertrieb + Marketing,Lead,de,Head of Partner Sales + Marketing
Leiter Personal + Marketing,Lead,de,Head of Personnel + Marketing
Leiter POS-Marketing & Fairs,Lead,de,Head of POS Marketing & Fairs
Leiter PR & Marketing,Lead,de,Head of PR & Marketing
Leiter PR und Marketing,Lead,de,Head of PR and Marketing
Leiter PR und Marketing / Marketing / Werbung / PR,Lead,de,Head of PR and Marketing / Marketing / Advertising / PR
Leiter Produkt und Marketing,Lead,de,Head of Product and Marketing
Leiter Produktmanagement & Marketing,Lead,de,Head of Product Management & Marketing
Leiter Produktmanagement und Marketing,Lead,de,Head of Product Management and Marketing
Leiter Produktmanagement und Marketing Communications,Lead,de,Head of Product Management and Marketing Communications
Leiter Projekte und Marketing,Lead,de,Head of Projects and Marketing
Leiter Sales & Marketing,Lead,de,Head of Sales & Marketing
Leiter Sales & Marketing Informatik,Lead,de,Head of Sales & Marketing Informatics
Leiter Sales & Marketing Subsystems and Products,Lead,en,Leiter Sales & Marketing Subsystems and Products
Leiter Sales Marketing,Lead,de,Head of Sales Marketing
Leiter Sales und Marketing,Lead,de,Head of Sales and Marketing
Leiter Stab Kommunikation,Lead,de,Head of Staff Communication
Leiter Stabsstelle Marketing,Lead,de,Head of Marketing
Leiter Stabsstelle Marketing + Kommunikation,Lead,de,Head of Department Marketing + Communication
Leiter Strategie und Marketing,Lead,de,Head of Strategy and Marketing
Leiter Strategieentwicklung und Information (Messe Kontakt),Lead,de,Head of Strategy Development and Information (Trade Fair Contact)
Leiter strategisches Marketing,Lead,de,Head of Strategic Marketing
Leiter Strategisches Marketing & Kreativmanagement,Lead,de,Head of Strategic Marketing & Creative Management
Leiter Strategisches Marketing & Vertrieb,Lead,de,Head of Strategic Marketing & Sales
Leiter Technisches Marketing WALTER und EWAG,Lead,de,Head of Technical Marketing WALTER and EWAG
Leiter Trade Marketing,Lead,de,Head of Trade Marketing
Leiter Unternehmenskommunikation & Marketing,Lead,de,Head of Corporate Communications & Marketing
Leiter Unternehmenskommunikation (Messe Kontakt),Lead,de,Head of Corporate Communications (Trade Fair Contact)
Leiter Unternehmenskommunikation Marketing,Lead,de,Head of Corporate Communications Marketing
Leiter Unternehmenskommunikation und Marketing,Lead,de,Head of Corporate Communications and Marketing
Leiter VdS-Bereich Cyber-Security (Messe Kontakt),Lead,de,Head of VdS Cyber Security (Trade Fair Contact)
Leiter Veranstaltungsmanagement und Marketing,Lead,de,Head of Event Management and Marketing
Leiter Verkauf & Marketing,Lead,de,Head of Sales & Marketing
Leiter Verkauf / Marketing,Lead,de,Head of Sales / Marketing
Leiter Verkauf Innendienst & Marketing,Lead,de,Head of Sales Internal Services & Marketing
Leiter Verkauf Innendienst (Messe Kontakt),Lead,de,Head of Sales Internal Service (Trade Fair Contact)
Leiter Verkauf und Marketing,Lead,de,Head of Sales and Marketing
Leiter Verkauf/Marketing,Lead,de,Head of Sales/Marketing
Leiter Vertrieb - Marketing - Produktmanagement...,Lead,de,Head of Sales - Marketing - Product Management...
Leiter Vertrieb & Marketing,Lead,de,Head of Sales & Marketing
Leiter Vertrieb & Marketing (Messe Kontakt),Lead,de,Head of Sales & Marketing (Trade Fair Contact)
Leiter Vertrieb & Marketing / Prokurist - Mitglied der Geschäftsleitung,Lead,de,Head of Sales & Marketing / Procurator - Member of the Executive Board
Leiter Vertrieb & Marketing EDM,Lead,de,Head of Sales & Marketing EDM
Leiter Vertrieb & Marketing International Ensinger Compounds,Lead,de,Head of Sales & Marketing International Ensinger Compounds
Leiter Vertrieb & Marketing Saarland,Lead,de,Head of Sales & Marketing Saarland
Leiter Vertrieb & Marketing/ Head of Sales and ...,Lead,de,Head of Sales & Marketing/ Head of Sales and ...
Leiter Vertrieb + Marketing,Lead,de,Head of Sales + Marketing
Leiter Vertrieb Europa und Marketing,Lead,de,Head of Sales Europe and Marketing
Leiter Vertrieb Privatkunden und Marketing,Lead,de,Head of Sales Private Customers and Marketing
Leiter Vertrieb und Marketing,Lead,de,Head of Sales and Marketing
Leiter Vertrieb und Marketing / Prokurist,Lead,de,Head of Sales and Marketing / Procurator
Leiter Vertrieb und Marketing der GU-Gruppe,Lead,de,Head of Sales and Marketing of the GU Group
Leiter Vertrieb und Marketing Deutschland,Lead,de,Head of Sales and Marketing Germany
Leiter Vertrieb&Marketing,Lead,de,Head of Sales & Marketing
Leiter Vertrieb/ Marketing,Lead,de,Head of Sales/ Marketing
Leiter Vertrieb/ Marketing -Mitglied der Geschäftsleitung-,Lead,de,Head of Sales/Marketing -Member of the Executive Board-
Leiter Vertrieb/Marketing/Kalkulation,Lead,de,Head of Sales/Marketing/Calculation
Leiter Vertrieb/Service&Marketing u.Kommunikation,Lead,de,Head of Sales/Service & Marketing & Communication
Leiter Vertriebsinnendienst & Marketing (Messe Kontakt),Lead,de,Head of Internal Sales & Marketing (Trade Fair Contact)
Leiter Vertriebsinnendienst | Marketingkoordinator,Lead,de,"Head of Internal Sales Service, Marketing Coordinator"
Leiter Vertriebs-Marketing,Lead,de,Head of Sales Marketing
Leiter Virtuelles Marketing Team – Spezialist i...,Lead,de,Head of Virtual Marketing Team – Specialist i...
Leiter Werbung & Events - Kommunikation - Marketing / Handlungsvollmacht,Lead,de,Head of Advertising & Events - Communication - Marketing
Leiter Werbung / Marketing / Messebau,Lead,de,Head of Advertising / Marketing / Messebau
Leiterin B2B Marketing,Lead,it,Head of B2B Marketing
Leiterin Business Intelligence & Marketing,Lead,it,Head of Business Intelligence & Marketing
Leiterin Corporate Communications,Lead,it,Head of Corporate Communications
Leiterin FAT Marketing,Lead,it,Head of FAT Marketing
Leiterin für Marketing & Kommunikation,Lead,de,Head of Marketing & Communication
Leiterin Kommunikation,Lead,de,Head of Communications
Leiterin Kommunikation & Marketing,Lead,de,Head of Communications & Marketing
Leiterin Kommunikation & Projekte,Lead,de,Head of Communication & Projects
Leiterin Kommunikation CEE,Lead,de,Head of Communications CEE
Leiterin Marketing,Lead,it,Head of Marketing
Leiterin Marketing - Kommunikation,Lead,de,Head of Marketing - Communication
Leiterin Marketing & Backoffice Vertrieb,Lead,de,Head of Marketing & Backoffice Sales
Leiterin Marketing & Communication Deutschland,Lead,de,Head of Marketing & Communication Germany
Leiterin Marketing & Communications,Lead,it,Head of Marketing & Communications
Leiterin Marketing & Corporate Events,Lead,it,Head of Marketing & Corporate Events
Leiterin Marketing & Kommunikation,Lead,de,Head of Marketing & Communication
Leiterin Marketing & Kommunikation - Global & EMEA,Lead,de,Head of Marketing & Communication - Global & EMEA
Leiterin Marketing & Kommunikation Deutschland,Lead,de,Head of Marketing & Communication Germany
Leiterin Marketing & Kommunikation/ CSR-Projekte,Lead,de,Head of Marketing & Communication/ CSR Projects
Leiterin Marketing & Öffentlichkeitsarbeit,Lead,de,Head of Marketing & Public Relations
Leiterin Marketing & PR,Lead,it,Head of Marketing & PR
Leiterin Marketing & Produktmanagerin,Lead,de,Head of Marketing & Product Manager
Leiterin Marketing & Sales,Lead,it,Head of Marketing & Sales
Leiterin Marketing & Unternehmenskommunikation,Lead,de,Head of Marketing & Corporate Communications
Leiterin Marketing & Vertrieb,Lead,de,Head of Marketing & Sales
Leiterin Marketing / PR,Lead,it,Head of Marketing / PR
Leiterin Marketing /R&D,Lead,it,Head of Marketing/R&D
Leiterin Marketing | Head of Marketing,Lead,it,Head of Marketing | Head of Marketing
Leiterin Marketing BrauKon und Camba Bavaria,Lead,de,Head of Marketing BrauKon and Camba Bavaria
Leiterin Marketing Communications,Lead,it,Head of Marketing Communications
Leiterin Marketing D-A-CH / Marketing / Werbung / PR,Lead,de,Head of Marketing D-A-CH / Marketing / Advertising / PR
Leiterin Marketing Deutschland,Lead,de,Head of Marketing Germany
Leiterin Marketing EPLAN & CIDEON,Lead,it,Head of Marketing EPLAN & CIDEON
Leiterin Marketing Global,Lead,it,Head of Global Marketing
Leiterin Marketing Kommunikation,Lead,de,Head of Marketing Communication
Leiterin Marketing Kommunikation Deutschland,Lead,de,Head of Marketing Communication Germany
Leiterin Marketing Koordination,Lead,de,Head of Marketing Coordination
Leiterin Marketing Nfz / Digital Expert STERNAUTO Gruppe,Lead,de,Head of Marketing Nfz / Digital Expert STERNAUTO Group
Leiterin Marketing Services,Lead,de,Head of Marketing Services
Leiterin Marketing und Event,Lead,de,Head of Marketing and Event
Leiterin Marketing und Kommunikation,Lead,de,Head of Marketing and Communication
Leiterin Marketing und Kommunikation DACH,Lead,de,Head of Marketing and Communication DACH
Leiterin Marketing und LEAC,Lead,de,Head of Marketing and LEAC
Leiterin Marketing und Öffentlichkeitsarbeit / Head of Marketing and Public Relations,Lead,de,Head of Marketing and Public Relations / Head of Marketing and Public Relations
Leiterin Marketing und Unternehmenskommunikation,Lead,de,Head of Marketing and Corporate Communications
Leiterin Marketing und Vertrieb,Lead,de,Head of Marketing and Sales
Leiterin Marketing und Vertrieb (Messe Kontakt),Lead,de,Head of Marketing and Sales (Trade Fair Contact)
Leiterin Marketing und Vertrieb Lösungen für Steuerberater und KMU,Lead,de,Head of Marketing and Sales Solutions for Tax Consultants and SMEs
Leiterin Marketing/ Produktmanagement,Lead,de,Head of Marketing/Product Management
Leiterin Marketing/Kommunikation,Lead,de,Head of Marketing/Communication
Leiterin Marketing/PR,Lead,it,Head of Marketing/PR
Leiterin Marketing/Unternehmenskommunikation,Lead,de,Head of Marketing/Corporate Communications
Leiterin Marketing/Vertrieb,Lead,de,Head of Marketing/Sales
Leiterin Marketingkommunikation,Lead,de,Head of Marketing Communication
Leiterin Marketing-Kommunikation,Lead,de,Head of Marketing Communication
Leiterin Marketing-Services,Lead,de,Head of Marketing Services
Leiterin Online Marketing und PR,Lead,de,Head of Online Marketing and PR
Leiterin Online-Marketing,Lead,de,Head of Online Marketing
Leiterin Performance Marketing und Marketing Services,Lead,de,Head of Performance Marketing and Marketing Services
Leiterin Personal & Marketing,Lead,it,Head of Human Resources & Marketing
Leiterin strategisches Marketing,Lead,de,Head of Strategic Marketing
Leiterin Teamassistenz & Marketing,Lead,de,Head of Team Assistance & Marketing
Leiterin Unternehmensbereich Vertrieb/Marketing,Lead,de,Head of Division Sales/Marketing
Leiterin Unternehmenskommunikation & Marketing,Lead,de,Head of Corporate Communications & Marketing
Leiterin Unternehmenskommunikation (Messe Kontakt),Lead,de,Head of Corporate Communications (Trade Fair Contact)
Leiterin Unternehmenskommunikation / Marketing / Werbung / PR,Lead,de,Head of Corporate Communications / Marketing / Advertising / PR
Leiterin Unternehmenskommunikation und Marketing,Lead,de,Head of Corporate Communications and Marketing
Leiterin Verkaufsinnendienst und Marketing,Lead,de,Head of Sales and Marketing
Leiterin Verkaufsinnendienst/Marketing,Lead,de,Head of Sales Service/Marketing
Leiterin Vertrieb und Marketing,Lead,de,Head of Sales and Marketing
Leiterin Vertrieb/Marketing,Lead,de,Head of Sales/Marketing
Leiterin Werbekoordination / B2B Kommunikation / Messe,Lead,de,Head of Advertising Coordination / B2B Communication / Fair
Leitung  Ausbildung / Kommunikationscenter - Prokuristin,Lead,de,Management Training / Communication Center - Procurator
Leitung B2B Marketing,Lead,de,Head of B2B Marketing
Leitung Business Development Operations & Marketing,Lead,de,Head of Business Development Operations & Marketing
Leitung Channel Marketing,Lead,de,Head of Channel Marketing
Leitung Communications und Marketing,Lead,de,Head of Communications and Marketing
Leitung Controlling & Marketing,Lead,de,Head of Controlling & Marketing
Leitung CRM Systems & Processes | Marketing,Lead,de,"Head of CRM Systems & Processes, Marketing"
Leitung Customer Centricity Success  (Messe Kontakt),Lead,de,Head of Customer Centricity Success (Trade Fair Contact)
Leitung Data Driven Marketing,Lead,de,Head of Data Driven Marketing
Leitung Digitale Medien und Online-Marketing,Lead,de,Head of Digital Media and Online Marketing
Leitung Digitales Marketing / PR,Lead,de,Head of Digital Marketing / PR
Leitung Digitales Marketing und Vertrieb,Lead,de,Head of Digital Marketing and Sales
Leitung Direct Marketing,Lead,de,Head of Direct Marketing
Leitung Einkauf/Vertrieb/Marketing,Lead,de,Head of Purchasing/Sales/Marketing
Leitung Export & Marketing,Lead,de,Head of Export & Marketing
Leitung Externe Kommunikation/Projektkommunikation,Lead,de,Head of External Communication/Project Communication
Leitung Fachbereich Kommunikation,Lead,de,Head of Communication Department
Leitung Future Concepts Process Automation (Messe Kontakt),Lead,de,Head of Future Concepts Process Automation (Trade Fair Contact)
Leitung internationales Marketing,Lead,de,Head of International Marketing
Leitung IT / Technisches Marketing,Lead,de,Head of IT / Technical Marketing
Leitung KeyAccount & Marketing,Lead,de,Head of KeyAccount & Marketing
Leitung Key-Account (Messe Kontakt),Lead,de,Head of Key-Account (Trade Fair Contact)
Leitung Kommunikation,Lead,de,Head of Communications
Leitung Kommunikation und Marketing,Lead,de,Head of Communications and Marketing
Leitung Marketing,Lead,de,Head of Marketing
Leitung Marketing - Organisation,Lead,de,Head of Marketing - Organization
Leitung Marketing & Communications,Lead,de,Head of Marketing & Communications
Leitung Marketing & CRM,Lead,de,Head of Marketing & CRM
Leitung Marketing & eBusiness,Lead,de,Head of Marketing & eBusiness
Leitung Marketing & E-Business,Lead,de,Head of Marketing & E-Business
Leitung Marketing & E-Commerce,Lead,de,Head of Marketing & E-Commerce
Leitung Marketing & Event,Lead,de,Head of Marketing & Event
Leitung Marketing & Kommunikation,Lead,de,Head of Marketing & Communication
Leitung Marketing & Kommunikation Unternehmensgruppe,Lead,de,Head of Marketing & Communication Group
Leitung Marketing & Kundenservice,Lead,de,Head of Marketing & Customer Service
Leitung Marketing & Öffentlichkeitsarbeit,Lead,de,Head of Marketing & Public Relations
Leitung Marketing & Online-Vertrieb,Lead,de,Head of Marketing & Online Sales
Leitung Marketing & PR,Lead,de,Head of Marketing & PR
Leitung Marketing & PR / Head of Marketing & PR,Lead,de,Head of Marketing & PR / Head of Marketing & PR
Leitung Marketing & Product Management,Lead,de,Head of Marketing & Product Management
Leitung Marketing & Produktmanagement,Lead,de,Head of Marketing & Product Management
Leitung Marketing & Public Relations,Lead,de,Head of Marketing & Public Relations
Leitung Marketing & Recruiting,Lead,de,Head of Marketing & Recruiting
Leitung Marketing & Sales,Lead,de,Head of Marketing & Sales
Leitung Marketing & Sales Support,Lead,de,Head of Marketing & Sales Support
Leitung Marketing & textiles Produktmanagement,Lead,de,Head of Marketing & Textiles Product Management
Leitung Marketing & Unternehmenskommunikation,Lead,de,Head of Marketing & Corporate Communications
Leitung Marketing & Unternehmenskommunikation DACH,Lead,de,Head of Marketing & Corporate Communications DACH
Leitung Marketing & Verkauf,Lead,de,Head of Marketing & Sales
Leitung Marketing & Vertrieb,Lead,de,Head of Marketing & Sales
Leitung Marketing & Vertriebscontrolling,Lead,de,Head of Marketing & Sales Controlling
Leitung Marketing (Messe Kontakt),Lead,de,Head of Marketing (Trade Fair Contact)
Leitung Marketing / Assistent der Geschäftsführung,Lead,de,Head of Marketing / Assistant to the Executive Board
Leitung Marketing / Head of Marketing,Lead,de,Head of Marketing / Head of Marketing
Leitung Marketing / Kommunikation,Lead,de,Head of Marketing / Communication
Leitung Marketing / NBD,Lead,de,Head of Marketing / NBD
Leitung Marketing / Öffentlichkeitsarbeit,Lead,de,Head of Marketing / Public Relations
Leitung Marketing / PR,Lead,de,Head of Marketing / PR
Leitung Marketing / Projektmanagement,Lead,de,Head of Marketing / Project Management
Leitung Marketing / Unternehmenskommunikation,Lead,de,Head of Marketing / Corporate Communications
Leitung Marketing / Vertrieb,Lead,de,Head of Marketing / Sales
Leitung Marketing | Kommunikation,Lead,de,Head of Marketing and Communication
Leitung Marketing + PR,Lead,de,Head of Marketing + PR
Leitung Marketing + Werbung,Lead,de,Head of Marketing + Advertising
Leitung Marketing B2B,Lead,de,Head of Marketing B2B
Leitung Marketing Food Service Schweiz,Lead,de,Head of Marketing Food Service Switzerland
Leitung Marketing Industrie & Techtex,Lead,de,Head of Marketing Industry & Techtex
Leitung Marketing International,Lead,de,Head of Marketing International
Leitung Marketing iSYS Software und Vertrieb de...,Lead,de,Head of Marketing iSYS Software and Sales de...
Leitung Marketing Kommunikation,Lead,de,Head of Marketing Communication
Leitung Marketing Konsumgüter,Lead,de,Head of Marketing Consumer Goods
Leitung Marketing M. d. GL.,Lead,de,Head of Marketing M. d. GL.
Leitung Marketing NORIT-Produkte,Lead,de,Head of Marketing NORIT Products
Leitung Marketing Raiffeisen Märkte,Lead,de,Head of Marketing Raiffeisen Markets
Leitung Marketing Service,Lead,de,Head of Marketing Service
Leitung Marketing Services,Lead,de,Head of Marketing Services
Leitung Marketing und  Produktentwicklung,Lead,de,Head of Marketing and Product Development
Leitung Marketing und Assistentin der Geschäftsleitung,Lead,de,Head of Marketing and Assistant to the Executive Board
Leitung Marketing und Assistenz des Geschäftsführers D-A-CH,Lead,de,Head of Marketing and Assistance of the Managing Director D-A-CH
Leitung Marketing und Dokumentation,Lead,de,Head of Marketing and Documentation
Leitung Marketing und E-Commerce,Lead,de,Head of Marketing and E-Commerce
Leitung Marketing und Events,Lead,de,Head of Marketing and Events
Leitung Marketing und Innovationen,Lead,de,Head of Marketing and Innovation
Leitung Marketing und IT,Lead,de,Head of Marketing and IT
Leitung Marketing und Key Account Management,Lead,de,Head of Marketing and Key Account Management
Leitung Marketing und Kommunikation,Lead,de,Head of Marketing and Communication
Leitung Marketing und Kundenservice,Lead,de,Head of Marketing and Customer Service
Leitung Marketing und PR,Lead,de,Head of Marketing and PR
Leitung Marketing und Print,Lead,de,Head of Marketing and Print
Leitung Marketing und Produktmanagement,Lead,de,Head of Marketing and Product Management
Leitung Marketing und Produkt-Management Türen/Zargen,Lead,de,Head of Marketing and Product Management Doors/Zargen
Leitung Marketing und Verkauf,Lead,de,Head of Marketing and Sales
Leitung Marketing und Vertrieb,Lead,de,Head of Marketing and Sales
Leitung Marketing und Vertrieb / Mitglied der Geschäftsleitung,Lead,de,Head of Marketing and Sales / Member of the Executive Board
Leitung Marketing und Vertrieb Europa,Lead,de,Head of Marketing and Sales Europe
Leitung Marketing und Vertrieb Westeuropa,Lead,de,Head of Marketing and Sales Western Europe
Leitung Marketing und Vertrieb-operatory products-,Lead,de,Head of Marketing and Sales-operatory products-
Leitung Marketing und Weiterbildung,Lead,de,Head of Marketing and Continuing Education
Leitung Marketing und Werbung,Lead,de,Head of Marketing and Advertising
Leitung Marketing/ Automotive,Lead,de,Head of Marketing/ Automotive
Leitung Marketing/Ausbildung,Lead,de,Head of Marketing/Training
Leitung Marketing/Head of Marketing,Lead,de,Head of Marketing/Head of Marketing
Leitung Marketing/Kommunikation,Lead,de,Head of Marketing/Communication
Leitung Marketing/PR,Lead,de,Head of Marketing/PR
Leitung Marketing/Produktmanagement,Lead,de,Head of Marketing/Product Management
Leitung Marketing/Sales,Lead,de,Head of Marketing/Sales
Leitung Marketing/Vertrieb,Lead,de,Head of Marketing/Sales
Leitung Marketingkommunikation,Lead,de,Head of Marketing Communication
Leitung Marketing-Kommunikation,Lead,de,Head of Marketing Communication
Leitung Online Marketing,Lead,de,Head of Online Marketing
Leitung Online Marketing & CRM,Lead,de,Head of Online Marketing & CRM
Leitung Online-Marketing und Metadaten,Lead,de,Head of Online Marketing and Metadata
Leitung Operatives Marketing,Lead,de,Head of Operational Marketing
Leitung Organisation und Marketing/ Prokura,Lead,de,Head of Organization and Marketing/Prokura
Leitung Performance Marketing,Lead,de,Head of Performance Marketing
Leitung Personal & Kommunikation,Lead,de,Head of Personnel & Communication
Leitung PR & Kommunikation,Lead,de,Head of PR & Communication
Leitung Produktmanagement & Marketing,Lead,de,Head of Product Management & Marketing
Leitung Produktmanagement und Marketing,Lead,de,Head of Product Management and Marketing
Leitung Produktmanagement und -Marketing,Lead,de,Head of Product Management and Marketing
Leitung Regionale Marketing Kommunikation Europa,Lead,de,Head of Regional Marketing Communication Europe
Leitung Sales & Marketing,Lead,de,Head of Sales & Marketing
Leitung Sales & Marketing  NAM,Lead,de,Head of Sales & Marketing NAM
Leitung Sales / Marketing,Lead,de,Head of Sales / Marketing
Leitung Sales Desk & Marketing Communication,Lead,de,Head of Sales Desk & Marketing Communication
Leitung strategisches Marketing,Lead,de,Head of strategic marketing
Leitung Technisches Marketing,Lead,de,Head of Technical Marketing
Leitung Unternehmens- und Marketingkommunikation,Lead,de,Head of Corporate and Marketing Communications
Leitung Unternehmenskommunikation (Messe Kontakt),Lead,de,Head of Corporate Communications (Trade Fair Contact)
Leitung Unternehmenskommunikation/ Marketing,Lead,de,Head of Corporate Communications/ Marketing
Leitung Verkauf und Marketing / Head of Sales and Marketing,Lead,de,Head of Sales and Marketing / Head of Sales and Marketing
Leitung Verkauf und Marketing Geschäftskunden,Lead,de,Head of Sales and Marketing Business Customers
Leitung Vertrieb & Marketing,Lead,de,Head of Sales & Marketing
Leitung Vertrieb & Marketing SiteFusion GmbH,Lead,de,Head of Sales & Marketing SiteFusion GmbH
Leitung Vertrieb international & Marketing,Lead,de,Head of Sales International & Marketing
Leitung Vertrieb un Marketing,Lead,de,Head of Sales and Marketing
Leitung Vertrieb und Marketing,Lead,de,Head of Sales and Marketing
Leitung Vertrieb und Marketing Invaris,Lead,de,Head of Sales and Marketing Invaris
Leitung Vertrieb/Marketing,Lead,de,Head of Sales/Marketing
Leitung Vertriebsorganisation + Marketing,Lead,de,Head of Sales Organisation + Marketing
Leitung Werbung & Kommunikation,Lead,de,Head of Advertising & Communication
Marketing & Kommunikation: Leitung,Lead,de,Marketing & Communication: Management
Marketing / Teamleitung Verkaufsförderung,Lead,de,Marketing / Team Management Sales Promotion
Marketing | Assistentin der Geschäftsleitung,Lead,de,Marketing assistant to the management
Marketing | Assistenz der Geschäftsleitung,Lead,de,Marketing and assistance of the management
Marketing | Assistenz der Geschäftsleitung | Pu...,Lead,de,Marketing - Assistant to the Executive Board - Pu...
Marketing Communications Teamleitung,Lead,de,Marketing Communications Team Leader
Marketing Kommunikation – Leitung Kreation,Lead,de,Marketing Communication – Head of Creation
Marketing Leiter,Lead,de,Marketing Director
Marketing Leiterin,Lead,de,Marketing Director
Marketing Leiterin & Vertrieb B2B,Lead,de,Marketing Head & Sales B2B
Marketing Leitung,Lead,de,Marketing Management
Marketing Leitung und Sales Managerin,Lead,de,Marketing Manager and Sales Manager
Marketing Manager Vertrieb/Leitung Kundenmanagement,Lead,de,Marketing Manager Sales/Head of Customer Management
Marketing Teamleitung,Lead,de,Marketing Team Leader
Marketing und Assistentin der Vertriebsleitung,Lead,de,Marketing and Assistant to Sales Management
Marketing und Assistentin Geschäftsleitung,Lead,de,Marketing and Assistant Management
Marketing und Sekretärin der Geschäftsleitung,Lead,de,Marketing and Secretary of the Executive Board
Marketing und Vertriebsleitung,Lead,de,Marketing and Sales Management
Marketing- und Vertriebsleitung,Lead,de,Marketing and sales management
Marketing/ Messeleitung,Lead,de,Marketing/Exhibition Management
Marketing-/Vertriebs-Leiter,Lead,de,Marketing/Sales Manager
Marketingbereichsleitung,Lead,de,Marketing Department Management
Marketing-Leiter,Lead,ur,Marketing Director
Marketing-Leiter Deutschland,Lead,de,Marketing Director Germany
Marketing-Leiterin,Lead,it,Marketing Manager
Marketingleitung,Lead,de,Marketing management
Marketing-Leitung,Lead,de,Marketing management
Marketingleitung EMEA,Lead,de,Marketing Manager EMEA
Marketingleitung HELLA GRUPPE,Lead,de,Marketing Director HELLA GROUP
Marketingleitung Mediaform Informationssysteme,Lead,de,Marketing Manager Mediaform Information Systems
Marketingleitung und Qualitätsmanagement-Beauftragte,Lead,de,Marketing Management and Quality Management Officers
Messeleitung,Lead,de,Exhibition management
Messeorganisation/Marketingleitung,Lead,de,Trade fair organisation/marketing management
Mitglied der Geschäftsleitung Business Development und Marketing,Lead,de,Member of the Management Board Business Development and Marketing
Mitglied der Geschäftsleitung Marketing & Vertrieb,Lead,de,Member of the Marketing & Sales Executive Board
Produktmanager / stv. Leitung Marketing,Lead,de,Product Manager/Stv. Head of Marketing
Projektleiter/ Leiter Marketing,Lead,de,Project Manager/Head of Marketing
Projektleiterin Digitales Marketing (stellvertretende Abteilungsleiterin),Lead,de,Digital Marketing Project Manager (Deputy Head of Division)
Projektleitung Marketing,Lead,de,Project Manager Marketing
Projektleitung Marketing & Unternehmenskommunikation,Lead,de,Project Management Marketing & Corporate Communications
Projektleitung Marketing Kommunikation & CRM De...,Lead,de,Project Manager Marketing Communication & CRM De...
Projektleitung Marketing und Kommunikation,Lead,de,Project Management Marketing and Communication
Projektleitung Messe,Lead,de,Project Management Fair
Projektleitung Vertrieb und Marketing,Lead,de,Project Management Sales and Marketing
Prokurist / Leiter Marketing,Lead,de,Procurator / Head of Marketing
Prokurist / Leiter Vertrieb und Marketing,Lead,de,Procurator / Head of Sales and Marketing
Prokurist / Leitung Messen und Ausstellungen,Lead,de,Procurist / Head of Fairs and Exhibitions
Prokurist Geschäftsleitung Verkauf und Marketing,Lead,de,Procurist Management Sales and Marketing
Prokurist/Bereichsleitung Vertrieb Privatkunden & Marketing,Lead,de,Procurist/Head of Division Sales Private Customers & Marketing
Stellv. Abteilungsleitung Marketing,Lead,de,Deputy Head of Marketing
stellv. Leiter Marketing,Lead,de,Deputy Head of Marketing
stellv. Leiter Marketing und Vertrieb,Lead,de,Deputy Head of Marketing and Sales
stellv. Leiter Vertrieb & Marketing,Lead,de,Deputy Head of Sales & Marketing
Stellv. Leiterin Marketing,Lead,de,Deputy Head of Marketing
stellv. Leitung Marketing & Vertrieb,Lead,de,Deputy Head of Marketing & Sales
stellv. Leitung Marketing & Werbung,Lead,de,Deputy Head of Marketing & Advertising
Stellv. Leitung Marketing-Kommunikation,Lead,de,Deputy Head of Marketing Communication
stellv. Marketingleitung / Deputy Head of Marketing,Lead,de,Deputy Head of Marketing
Stellvertretende Leiterin Marketing,Lead,de,Deputy Head of Marketing
Stellvertretende Marketingleitung,Lead,de,Deputy Head of Marketing
Stellvertretender Leiter Marketing,Lead,de,Deputy Head of Marketing
Stellvertretender Leiter Marketing & Vertrieb,Lead,de,Deputy Head of Marketing & Sales
Stv. Leitung Marketing,Lead,de,Head of Marketing
Team Lead Marketing Communications / Marketingleitung,Lead,de,Team Lead Marketing Communications / Marketing Management
Teamleitung B2B Marketing,Lead,de,Team Leader B2B Marketing
Teamleitung Kommunikation & Medien / Marketing,Lead,de,Team Management Communication & Media / Marketing
Teamleitung Live Communications,Lead,de,Team Leader Live Communications
Teamleitung Marketing,Lead,de,Team Leader Marketing
Teamleitung Marketing & Kommunikation,Lead,de,Team Management Marketing & Communication
Teamleitung Marketing Communications,Lead,de,Team Leader Marketing Communications
Teamleitung Marketing/ Events,Lead,de,Team Leader Marketing/ Events
Teamleitung Messen & Events,Lead,de,Team Management Fairs & Events
Teamleitung Online Marketing,Lead,de,Team Leader Online Marketing
Teamleitung Online-Marketing,Lead,de,Team Leader Online Marketing
Teamleitung Produktmanagement & Marketing,Lead,de,Team Management Product Management & Marketing
technische Leiter (Messe Kontakt),Lead,de,technical director (trade fair contact)
T-Leitung Unternehmenskommunikation und Marketing,Lead,de,T-Head of Corporate Communications and Marketing
Unternehmenskommunikation /  Leitung Informationsservice & Messebau,Lead,de,Corporate Communications / Head of Information Service & Messebau
Verkaufsleitung (Messe Kontakt),Lead,de,Sales management (trade fair contact)
Vertrieb & Marketing MES / Projektleitung,Lead,de,Sales & Marketing MES / Project Management
Vertrieb Innen- und Außendienst / Leitung Marketing & Veranstaltungen,Lead,de,Sales Internal and Field Service / Head of Marketing & Events
Vertrieb National-International / Marketing / EDV / Teamleitung,Lead,de,Sales National International / Marketing / EDP / Team Management
Vertriebs- und Marketingleitung (Messe Kontakt),Lead,de,Sales and Marketing Management (Trade Fair Contact)
Vetriebsleitung & Marketing,Lead,de,Head of Sales & Marketing
Leiter Operations,Lead,de,Head of Operations
Einkaufsleitung,Lead,de,Purchasing management
Leiter Einkauf,Lead,de,Head of Purchasing
Leiter Einkauf Handelswaren,Lead,de,Head of Purchasing Merchant Goods
Leiter Einkauf und Logistik,Lead,de,Head of Purchasing and Logistics
Leiter Einkauf und Materialwirtschaft,Lead,de,Head of Purchasing and Materials Management
Leiter Einkauf/ Materialwirtschaft (Prokurist),Lead,de,Head of Purchasing/Material Management (Procurer)
Leiter IT / Einkauf,Lead,de,Head of IT / Purchasing
Leitung Einkauf,Lead,de,Head of Purchasing
Leitung Facility Management / Leitung Einkauf,Lead,de,Head of Facility Management / Head of Purchasing
Purchasing Manager / Leitung Zentraleinkauf,Lead,de,Purchasing Manager / Head of Central Purchasing
Abteilungsleiter Programm Management (Vertrieb/...,Lead,de,Head of Department Programme Management (distribution/...
Abteilungsleiter Sales,Lead,de,Head of Sales
Abteilungsleiter Sales Information & Processes,Lead,de,Head of Sales Information & Processes
Abteilungsleiter Sales Information Management,Lead,de,Head of Sales Information Management
Abteilungsleiter Sales/Vertrieb/Customer Manage...,Lead,de,Head of Sales/Sales/Customer Manage...
Abteilungsleiter Vertrieb,Lead,de,Head of Sales
Abteilungsleiter Vertrieb Deutschland,Lead,de,Head of Sales Germany
Abteilungsleiter Vertrieb Koordination,Lead,de,Head of Sales Coordination
Abteilungsleiter Vertrieb Portfolioservices,Lead,de,Head of Sales Portfolio Services
Abteilungsleiter Vertrieb und Personal,Lead,de,Head of Sales and Personnel
Abteilungsleiter Vertriebsinnendienst,Lead,de,Head of Division Internal Sales Service
Abteilungsleiter Zentrale Vertriebsentwicklung ...,Lead,de,Head of Division Central Sales Development ...
Abteilungsleiterin Vertrieb,Lead,de,Head of Sales
Abteilungsleiterin Vertrieb Europa,Lead,de,Head of Sales Europe
Abteilungsleitung Vertrieb,Lead,de,Head of Sales
Abteilungsleitung Vertrieb Inland,Lead,de,Head of Sales Domestic
Abteilungsleitung Vertrieb und Geschäftsentwicklung,Lead,de,Head of Sales and Business Development
Abteilungsleitung Vertrieb/Kundenservice Inland,Lead,de,Head of Sales/Customer Service Domestic
Abteilungsleitung Vertriebsinnendienst und Proj...,Lead,de,Head of Division Internal Sales Service and Proj...
Assistent der Vertriebsleitung,Lead,de,Sales Manager Assistant
Assistent Vertriebsleitung Service-Team,Lead,de,Assistant Sales Manager Service Team
Assistentin - Leiter Vertrieb Süd,Lead,de,Assistant - Head of Sales South
Assistentin der Geschäftsleitung / Vertrieb,Lead,de,Assistant to the management / sales
Assistentin der Vertriebs- und Geschäftsleitung,Lead,de,Assistant to the Sales and Management Board
Assistentin der Vertriebsleitung,Lead,de,Sales Manager Assistant
Assistentin der Vertriebsleitung / Projektkoord...,Lead,de,Assistant of the Sales Management / Project Coord...
Assistentin der Vertriebsleitung International,Lead,de,Assistant to Sales Manager International
Assistentin Leiter Vertrieb,Lead,de,Assistant Head of Sales
Assistentin Vertriebsleitung,Lead,de,Assistant Sales Manager
Assistenz - Leitung Vertrieb und Entwicklung,Lead,de,Assistance - Head of Sales and Development
Assistenz Bereichsleitung Vertrieb,Lead,de,Assistance Head of Division Sales
Assistenz der Vertriebs- / Geschäftsleitung,Lead,de,Assistance of the sales / management
Assistenz der Vertriebsleitung,Lead,de,Assistance of the sales management
Assistenz Vertriebsinnendienstleitung / Key Account Branchenbetreuer,Lead,de,Assistance Internal Sales Manager / Key Account Industry Manager
Assistenz Vertriebsleitung,Lead,de,Assistance Sales Manager
Bereichsleitung / Vertrieb,Lead,de,Divisional management / distribution
Bereichsleitung Innovation / Vertrieb,Lead,de,Head of Innovation/Distribution
Bereichsleitung Prozessoptimierung | Beratung und Vertrieb,Lead,de,Divisional Management Process Optimization 的 Consulting and Sales
Bereichsleitung Vertrieb,Lead,de,Divisional Management Sales
Bereichsleitung Vertriebsförderung,Lead,de,Head of Sales Promotion
Business Support at SAP | Salesforce CRM | Leiter Verkaufsinnendienst,Lead,de,Business Support at SAP - Salesforce CRM - Head of Internal Sales Service
Consultant / Leitung Vertrieb,Lead,de,Consultant / Head of Sales
Customer Care (Leiter Vertrieb),Lead,de,Customer Care (Head of Sales)
Gebietsleitung Vertrieb Außendienst,Lead,de,Area management Distribution Field service
Gebietsverkaufsleitung + Projektleiter Einführung Salesforce für Rope & Lifting,Lead,de,Area Sales Manager + Project Manager Introduction Salesforce for Rope & Lifting
Gesamtleitung Sales / marketing,Lead,de,Global management Sales / marketing
Gesamtleitung Vertrieb,Lead,de,Total management Distribution
Geschäftsentwicklung - Leiter Vertrieb und Mark...,Lead,de,Business Development - Head of Sales and Mark...
Geschäftsleitung - Vertrieb,Lead,de,Management - Sales
Geschäftsleitung Sales & Acquisition,Lead,de,Management Sales & Acquisition
Geschäftsleitung Vertrieb,Lead,de,Management Sales
Geschäftsleitung Vertrieb & Geschäftsentwicklung / Prokurist,Lead,de,Management Sales & Business Development / Procurist
Geschäftsleitung Vertrieb (ppa.),Lead,de,Management Sales (ppa.)
Geschäftsleitung Vertrieb (Prokurist),Lead,de,Management Sales (Procurer)
Geschäftsleitung Vertrieb / Prokurist,Lead,de,Management Sales / Procurator
Geschäftsleitung Vertrieb | Head of Sales,Lead,de,Head of Sales
Geschäftsleitung Vertrieb Deutschland,Lead,de,Management Sales Germany
Geschäftstellenleitung München / Vertrieb Unter...,Lead,de,Office Management Munich / Sales Subs...
Head of Customer Sales Service / Leiter Vertriebsinnendienst,Lead,de,Head of Customer Sales Service / Head of Internal Sales Service
Head of Field Sales Consumer Beauty (Leitung Außendienst),Lead,de,Head of Field Sales Consumer Beauty
Head of Sales / Leitung Vertrieb,Lead,de,Head of Sales / Head of Sales
Head of Sales / Mitglied der Geschäftsleitung,Lead,de,Head of Sales / Member of the Executive Board
Head of Sales BMW / MINI - Leiter Vertrieb Neue...,Lead,de,Head of Sales BMW / MINI - Head of Sales New...
Head of Sales Germany / Leiter Vertrieb Deutsch...,Lead,de,Head of Sales Germany / Head of Sales German...
Head of Sales Global / Vertriebsleitung,Lead,de,Head of Sales Global / Sales Manager
Head of Sales/ Vertriebsleitung,Lead,de,Head of Sales/ Sales Management
Head of Sales/Leiter Vertrieb,Lead,de,Head of Sales/Head of Sales
Innendienst / Assistentin Geschäftsleitung & Vertrieb,Lead,de,Internal Service / Assistant Management & Sales
Innendienstleitung Vertrieb,Lead,de,Internal Service Sales
Innendienstleitung Vertrieb + Projektmanagement,Lead,de,Internal Service Management Sales + Project Management
Key Account Manager (Komm. Leitung Sales),Lead,de,Key Account Manager (Head of Sales)
Kfm. Leiter Vertrieb,Lead,de,Kfm. Head of Sales
Leiter After Sales,Lead,en,Leiter After Sales
Leiter B2B-Sales,Lead,de,Head of B2B sales
Leiter Bereich Vertrieb,Lead,de,Head of Distribution
Leiter Bereich Vertrieb / Vertriebssteuerung un...,Lead,de,Head of Sales / Sales Management and...
Leiter Business & Sales Development,Lead,de,Head of Business & Sales Development
Leiter Business Development & Vertrieb,Lead,de,Head of Business Development & Sales
Leiter Business Development & Vertrieb / CBDO,Lead,de,Head of Business Development & Sales / CBDO
Leiter Business Development / Vertriebsleiter S...,Lead,de,Head of Business Development / Sales Manager S...
Leiter Business Process Development (Sales),Lead,en,Leiter Business Process Development (Sales)
Leiter Datenmanagement / Vertriebsinnendienst,Lead,de,Head of Data Management / Internal Sales Service
Leiter der Vertriebsgesellschaft,Lead,de,Head of the distribution company
Leiter Digital Sales,Lead,de,Head of Digital Sales
Leiter direkter Vertrieb,Lead,de,Head of direct sales
Leiter Engineering / Leiter Vertrieb - Center 2,Lead,de,Head of Engineering / Head of Sales - Center 2
Leiter Export Vertriebspartner,Lead,de,Head of Export Distribution Partner
Leiter Firmenkunden / Head of Sales,Lead,de,Head of Corporate Clients / Head of Sales
Leiter Geschäftsentwicklung und Vertrieb,Lead,de,Head of Business Development and Sales
"Leiter Geschäftsfeld ""Vertriebssysteme und Archive""",Lead,de,"Head of Business Unit ""Sales Systems and Archives"""
Leiter Global Sales Excellence,Lead,de,Head of Global Sales Excellence
Leiter Global Sales Processes,Lead,de,Head of Global Sales Processes
Leiter Innendienst Vertrieb D,Lead,de,Head of Internal Sales D
Leiter Inside Sales,Lead,pt,Leiter Inside Sales
Leiter Inside Sales / Vertriebsinnendienst,Lead,de,Head of Inside Sales / Internal Sales Service
Leiter Internal Sales,Lead,de,Head of Internal Sales
Leiter International Sales,Lead,de,Head of International Sales
Leiter International Sales / Leiter Produktmanagement,Lead,de,Head of International Sales / Head of Product Management
Leiter IT Koordination - Vertriebssteuerungssysteme und CRM,Lead,de,Head of IT Coordination - Sales Control Systems and CRM
Leiter IT Vertrieb,Lead,de,Head of IT Sales
Leiter IT-Infrastructure Sales Teams,Lead,nl,Leiter IT-Infrastructure Sales Teams
Leiter Kommunikation und Vertrieb,Lead,de,Head of Communications and Sales
Leiter Kundenservice und Vertrieb,Lead,de,Head of Customer Service and Sales
Leiter Logistik / Assistenz Einkauf/Vertrieb,Lead,de,Head of Logistics / Assistance Purchasing / Sales
Leiter Maklervertrieb Leben - Geschäftsführer Zürich Vertriebs GmbH,Lead,de,Head of Realtor Sales Life - Managing Director Zürich Vertriebs GmbH
Leiter Media | Vertrieb | Verlagsmarketing,Lead,de,"Head of Media, Sales, Publishing Marketing"
Leiter Neukundenakquise und Online-Vertrieb,Lead,de,Head of New Customer Acquisition and Online Sales
Leiter Partnermanagement & Sales,Lead,de,Head of Partner Management & Sales
Leiter Planung und Vertrieb,Lead,de,Head of Planning and Sales
Leiter PreSales & Business Development,Lead,de,Head of PreSales & Business Development
Leiter Projekt- und Prozessmanagement | Vertrieb Deutschland,Lead,de,"Head of Project and Process Management, Sales Germany"
Leiter Projektierung / Vertrieb,Lead,de,Head of Project Management / Sales
Leiter Prozessmanagement Vertrieb,Lead,de,Head of Process Management Sales
Leiter Qualifikations- und Vertriebsentwicklung,Lead,de,Head of Skills and Sales Development
Leiter Regional-Vertrieb,Lead,de,Head of Regional Sales
Leiter Sales,Lead,de,Head of Sales
Leiter Sales & Distribution B2B,Lead,ur,Leiter Sales & Distribution B2B
Leiter Sales & Presales IT-Outsourcing / Mitgli...,Lead,de,Head of Sales & Presales IT Outsourcing / Mitgli...
Leiter Sales Administration EMEA,Lead,pt,Leiter Sales Administration EMEA
Leiter Sales Back Office Service,Lead,de,Head of Sales Back Office Service
Leiter Sales Center & Projektmanagement,Lead,de,Head of Sales Center & Project Management
Leiter Sales Controlling,Lead,de,Head of Sales Controlling
Leiter Sales Data Base,Lead,de,Head of Sales Data Base
Leiter Sales Development,Lead,de,Head of Sales Development
Leiter Sales Development Zentraleuropa,Lead,de,Head of Sales Development Central Europe
Leiter Sales Execution & Coordination,Lead,en,Leiter Sales Execution & Coordination
Leiter Sales national,Lead,de,Head of Sales National
Leiter Sales Operations,Lead,en,Leiter Sales Operations
Leiter Sales Support,Lead,de,Head of Sales Support
Leiter Sales und Operations,Lead,de,Head of Sales and Operations
Leiter SAP & Sales Controlling,Lead,de,Head of SAP & Sales Controlling
Leiter SAP Sales Services und SAP Basis,Lead,de,Head of SAP Sales Services and SAP Basis
Leiter Service & Sales,Lead,de,Head of Service & Sales
Leiter Service Vertrieb,Lead,de,Head of Service Sales
Leiter Service Vertrieb (D/A,Lead,de,Head of Service Sales (D/A)
Leiter Solution Sales,Lead,de,Head of Solution Sales
Leiter Stammdaten und Vertriebsservices,Lead,de,Head of Master Data and Sales Services
Leiter Steuerung und Koordination im Ressort Geschäftsführung Vertrieb,Lead,de,Head of Management and Coordination in the Department of Management Sales
Leiter Strategische Projekte / Vertriebsgruppenleiter,Lead,de,Head of Strategic Projects / Head of Sales Group
Leiter strategischer Vertrieb,Lead,de,Head of Strategic Distribution
Leiter System Vertrieb,Lead,de,Head of System Distribution
Leiter Technik und Vertrieb,Lead,de,Head of Technology and Sales
Leiter Technischer Vertrieb,Lead,de,Head of Technical Sales
Leiter Technischer Vertrieb / Projektmanager,Lead,de,Head of Technical Sales / Project Manager
Leiter Unternehmensentwicklung und Vertrieb,Lead,de,Head of Business Development and Sales
Leiter Unternehmenskommunikation und Vertrieb / Prokurist,Lead,de,Head of Corporate Communications and Sales / Procurator
Leiter Vertrieb,Lead,de,Head of Sales
Leiter Vertrieb - Business Services & Consulting,Lead,de,Head of Sales - Business Services & Consulting
Leiter Vertrieb  Network / IT Security,Lead,de,Head of Sales Network / IT Security
Leiter Vertrieb - Region Nord,Lead,de,Head of Sales - North Region
Leiter Vertrieb & Business Development,Lead,de,Head of Sales & Business Development
Leiter Vertrieb & Edelmetall-Services,Lead,de,Head of Sales & Precious Metal Services
Leiter Vertrieb & Entwicklung,Lead,de,Head of Sales & Development
Leiter Vertrieb & Key Account (Messe Konatkt),Lead,de,Head of Sales & Key Account (Messe Konatkt)
Leiter Vertrieb & Kundenbetreuung,Lead,de,Head of Sales & Customer Support
Leiter Vertrieb & Kundenservice,Lead,de,Head of Sales & Customer Service
Leiter Vertrieb & Partnermanagement,Lead,de,Head of Sales & Partner Management
Leiter Vertrieb & Projektentwicklung,Lead,de,Head of Sales & Project Development
Leiter Vertrieb & Qualität After Sales,Lead,de,Head of Sales & Quality After Sales
Leiter Vertrieb & Service,Lead,de,Head of Sales & Service
Leiter Vertrieb (Deutschland),Lead,de,Head of Sales (Germany)
Leiter Vertrieb (Messe Kontakt),Lead,de,Head of Sales (Trade Fair Contact)
Leiter Vertrieb (Prokurist),Lead,de,Head of Sales (Procurer)
Leiter Vertrieb /  Team Leader,Lead,de,Head of Sales / Team Leader
Leiter Vertrieb / Business Development,Lead,de,Head of Sales / Business Development
Leiter Vertrieb / Controlling,Lead,de,Head of Sales / Controlling
Leiter Vertrieb / Geschäftsführer,Lead,de,Head of Sales / Managing Director
Leiter Vertrieb / Head of Business Development,Lead,de,Head of Sales / Head of Business Development
Leiter Vertrieb / Head of Sales,Lead,de,Head of Sales / Head of Sales
Leiter Vertrieb / Head of Sales - Refractory Systems,Lead,de,Head of Sales / Head of Sales - Refractory Systems
Leiter Vertrieb / Head of Sales - Schwertransport / Division Heavy Haulage,Lead,de,Head of Sales / Head of Sales - Heavy Transport / Heavy Haulage Division
Leiter Vertrieb / Kundenbetreuung,Lead,de,Head of Sales / Customer Support
Leiter Vertrieb / Leiter Geschäftsentwicklung -...,Lead,de,Head of Sales / Head of Business Development -...
Leiter Vertrieb / Produktmanagement Datenschutz/IT-Sicherheit,Lead,de,Head of Sales / Product Management Data Protection / IT Security
Leiter Vertrieb / Prokurist,Lead,de,Head of Sales / Procurator
Leiter Vertrieb / Vertrieb,Lead,de,Head of Sales / Sales
Leiter Vertrieb Asien,Lead,de,Head of Sales Asia
Leiter Vertrieb Außendienst,Lead,de,Head of Sales Field Service
Leiter Vertrieb- Außendienst / Head of Sales,Lead,de,Head of Sales- Field Service / Head of Sales
Leiter Vertrieb Automation,Lead,de,Head of Sales Automation
Leiter Vertrieb B2C,Lead,de,Head of Sales B2C
Leiter Vertrieb Bestandskunden,Lead,de,Head of Sales of existing customers
Leiter Vertrieb Bitumen / Head of Sales Bitumen,Lead,de,Head of Sales Bitumen / Head of Sales Bitumen
Leiter Vertrieb Büro-Software,Lead,de,Head of Sales Office Software
Leiter Vertrieb Business Development,Lead,de,Head of Sales Business Development
Leiter Vertrieb Businesskunden B2B,Lead,de,Head of Sales Business Customers B2B
Leiter Vertrieb Customer Solutions,Lead,de,Head of Sales Customer Solutions
Leiter Vertrieb D-A-CH,Lead,de,Head of Sales D-A-CH
Leiter Vertrieb Deutschland,Lead,de,Head of Sales Germany
Leiter Vertrieb Deutschland / Head Sales Germany,Lead,de,Head of Sales Germany / Head of Sales Germany
Leiter Vertrieb Deutschland Süd (Bayern und Bad...,Lead,de,Head of Sales Germany South (Bayern and Bad...
Leiter Vertrieb Deutschland/Österreich,Lead,de,Head of Sales Germany/Austria
Leiter Vertrieb Digitalisierung,Lead,de,Head of Sales Digitalization
Leiter Vertrieb Elektro-Installationssysteme D/...,Lead,de,Head of Sales Electrical Installation Systems D/...
Leiter Vertrieb EMS / Mitglied der Geschäftslei...,Lead,de,Head of Sales EMS / Member of the...
Leiter Vertrieb Ernst-Gruppe,Lead,de,Head of Sales Ernst Group
Leiter Vertrieb Europa,Lead,de,Head of Sales Europe
Leiter Vertrieb Europa & Russland,Lead,de,Head of Sales Europe & Russia
Leiter Vertrieb Firmenkunden,Lead,de,Head of Distribution Corporate Clients
Leiter Vertrieb Geschäftsfeld SSC  / Prokurist,Lead,de,Head of Sales Business Area SSC / Procurator
Leiter Vertrieb Geschäftskunden,Lead,de,Head of Sales Business Customers
Leiter Vertrieb Hallenklima-Systeme,Lead,de,Head of Sales Indoor Climate Systems
Leiter Vertrieb Handel Deutschland / Prokurist,Lead,de,Head of Sales Trade Germany / Procurator
Leiter Vertrieb Handel und Fläche,Lead,de,Head of Distribution Trade and Area
Leiter Vertrieb Inland Medien,Lead,de,Head of Domestic Sales Media
Leiter Vertrieb Innendienst,Lead,de,Head of Internal Sales
Leiter Vertrieb Innendienst / Leiter Leadmanage...,Lead,de,Head of Sales Internal Service / Head of Leadmanage...
Leiter Vertrieb Innendienst Sparte Solar,Lead,de,Head of Sales Internal Services Division Solar
Leiter Vertrieb International,Lead,de,Head of Sales International
Leiter Vertrieb International / Head of International Sales,Lead,de,Head of Sales International / Head of International Sales
Leiter Vertrieb International / Head of Sales international,Lead,de,Head of Sales International / Head of Sales International
Leiter Vertrieb Ionenaustauscher,Lead,de,Head of Sales of Ion Exchangers
Leiter Vertrieb Maschinenautomation / Prokurist,Lead,de,Head of Sales Machine Automation / Procurator
Leiter Vertrieb Messtechnik/Sensorik,Lead,de,Head of Sales Metrology/Sensoring
Leiter Vertrieb Mikrooptik,Lead,de,Head of Sales Microoptics
Leiter Vertrieb Mobilkommunikation,Lead,de,Head of Sales Mobile Communications
Leiter Vertrieb Neubau und Technik I Prokurist,Lead,de,Head of Sales New Building and Technology I Procurist
Leiter Vertrieb Neukunden,Lead,de,Head of Sales New Customers
Leiter Vertrieb Nord/Ost,Lead,de,Head of Sales North/East
Leiter Vertrieb Organisation,Lead,de,Head of Sales Organisation
Leiter Vertrieb Powered Applications,Lead,de,Head of Sales Powered Applications
Leiter Vertrieb Powertrain Technology Group,Lead,de,Head of Sales Powertrain Technology Group
Leiter Vertrieb Privat- und Gewerbekunden,Lead,de,Head of Sales Private and Commercial Customers
Leiter Vertrieb Private Enterprise,Lead,de,Head of Sales Private Enterprise
Leiter Vertrieb Region D/A/CH +,Lead,de,Head of Sales Region D/A/CH +
Leiter Vertrieb Region Ost,Lead,de,Head of Sales Region East
Leiter Vertrieb SAP & Projekt Services,Lead,de,Head of Sales SAP & Project Services
Leiter Vertrieb Seil & Fördertechnik,Lead,de,Head of Sales Seil & Fördertechnik
Leiter Vertrieb Servicedienstleistungen,Lead,de,Head of Sales Service Services
Leiter Vertrieb Services,Lead,de,Head of Sales Services
Leiter Vertrieb Storage,Lead,de,Head of Sales Storage
Leiter Vertrieb Systems,Lead,de,Head of Sales Systems
Leiter Vertrieb Telehandler,Lead,de,Head of Sales Telehandler
Leiter Vertrieb Telekommunikation,Lead,de,Head of Sales Telecommunications
Leiter Vertrieb TubeInspect,Lead,de,Head of Sales TubeInspect
Leiter Vertrieb und Geschäftsentwicklung,Lead,de,Head of Sales and Business Development
Leiter Vertrieb und Kundenservice  / Mitglied d...,Lead,de,Head of Sales and Customer Service / Member of the...
Leiter Vertrieb und Logistik,Lead,de,Head of Sales and Logistics
Leiter Vertrieb und Marktentwicklung Additive M...,Lead,de,Head of Sales and Market Development Additive M...
Leiter Vertrieb und New Business Development,Lead,de,Head of Sales and New Business Development
Leiter Vertrieb und Planung,Lead,de,Head of Sales and Planning
Leiter Vertrieb und Produktmanagement FüWES,Lead,de,Head of Sales and Product Management FÜWES
Leiter Vertrieb und Projektmanagement,Lead,de,Head of Sales and Project Management
Leiter Vertrieb und Technologie,Lead,de,Head of Sales and Technology
Leiter Vertrieb und Unternehmenskommunikation,Lead,de,Head of Sales and Corporate Communications
Leiter Vertrieb und Vermarktung Wärmelösungen,Lead,de,Head of Sales and Marketing Heat Solutions
Leiter Vertrieb Unternehmenslösungen,Lead,de,Head of Sales Business Solutions
Leiter Vertrieb Vollsortiment,Lead,de,Head of Sales Full Range
Leiter Vertrieb Wholesale,Lead,de,Head of Sales Wholesale
Leiter Vertrieb Zentraleuropa,Lead,de,Head of Distribution Central Europe
Leiter Vertrieb Zentraleuropa (DACH),Lead,de,Head of Distribution Central Europe (DACH)
Leiter Vertrieb/Expansion Jochen Schweizer Shops,Lead,de,Head of Sales/Expansion Jochen Swiss Shops
Leiter Vertrieb/Head of Sales,Lead,de,Head of Sales/Head of Sales
Leiter Vertrieb/Prokurist/Mitglied der Geschäftsleitung,Lead,de,Head of Sales/Procurator/Member of the Executive Board
Leiter Vertrieb/Standortentwicklung/Öffentlichk...,Lead,de,Head of Sales/Location Development/Public...
Leiter Vertriebs- und Servicekoordination,Lead,de,Head of Sales and Service Coordination
Leiter Vertriebsaußendienst,Lead,de,Head of External Sales Service
Leiter Vertriebs-Entwicklung & -Controlling,Lead,de,Head of Sales Development & Controlling
Leiter Vertriebsförderung,Lead,de,Head of Sales Promotion
Leiter Vertriebsinnendienst,Lead,de,Head of Internal Sales Service
Leiter Vertriebsinnendienst & Logistik,Lead,de,Head of Internal Sales & Logistics
Leiter Vertriebsinnendienst / Head of Inside Sales,Lead,de,Head of Internal Sales / Head of Inside Sales
Leiter Vertriebsinnendienst / Head of Sales in-house,Lead,de,Head of Internal Sales Service / Head of Sales in-house
Leiter Vertriebsinnendienst Deutschland,Lead,de,Head of Internal Sales Service Germany
Leiter Vertriebsinnendienst/ Head of Sales,Lead,de,Head of Internal Sales/Head of Sales
Leiter Vertriebsinnendienst/Auftragsmanagement,Lead,de,Head of Internal Sales and Contract Management
Leiter Vertriebskanäle und Sonderthemen,Lead,de,Head of Sales Channels and Special Topics
Leiter Vertriebskooperationen,Lead,de,Head of Sales Cooperation
Leiter Vertriebskoordination Handel,Lead,de,Head of Sales Coordination Trade
Leiter Vertriebsmanagement,Lead,de,Head of Sales Management
Leiter Vertriebsmanagement und Vertriebsmarketing,Lead,de,Head of Sales Management and Sales Marketing
Leiter Vertriebsmarketing,Lead,de,Head of Sales Marketing
Leiter Vertriebsmarketing / Kooperationen / Mar...,Lead,de,Head of Sales Marketing / Cooperations / Mar...
Leiter Vertriebsmarketing und Unternehmenskommunikation,Lead,de,Head of Sales Marketing and Corporate Communications
Leiter Vertriebsnetz Deutschland,Lead,de,Head of Sales Network Germany
Leiter Vertriebsorganisation,Lead,de,Head of Sales Organisation
Leiter Vertriebsorganisation / Verkaufsstellenverwaltung,Lead,de,Head of Sales Organisation / Sales Office Management
Leiter Vertriebsprozesse,Lead,de,Head of Sales Processes
Leiter Vertriebsprozesse und Vertriebssteuerung,Lead,de,Head of Sales Processes and Sales Management
Leiter Vertriebssteuerung,Lead,de,Head of Sales Management
Leiter Vertriebssteuerung / Head of Sales Operations,Lead,de,Head of Sales Management / Head of Sales Operations
Leiter Vertriebssteuerung Gesamtmarkt Deutschland,Lead,de,Head of Sales Management General Market Germany
Leiter Vertriebssupport,Lead,de,Head of Sales Support
Leiter Vertriebsunterstützung (Handlungsbevollm...,Lead,de,Head of Sales Support (executive...
Leiter Vertrieb-und Produktmanagment,Lead,de,Head of Sales and Product Management
Leiterin Geschäftsentwicklung Vertrieb,Lead,de,Head of Business Development Sales
Leiterin Inside Sales,Lead,de,Head of Inside Sales
Leiterin Kommunikation und Vertriebsunterstützung,Lead,de,Head of Communications and Sales Support
Leiterin PreSales Beratung und Kundenservice,Lead,de,Head of PreSales Consulting and Customer Service
Leiterin Sales und Accountmanagement,Lead,de,Head of Sales and Account Management
Leiterin Strategische Vertriebssteuerung und Vertriebsinnendienst,Lead,de,Head of Strategic Sales Management and Internal Sales Service
Leiterin Vertrieb,Lead,de,Head of Sales
Leiterin Vertrieb & Projektmanagement SHI,Lead,de,Head of Sales & Project Management SHI
Leiterin Vertrieb D/A/CH,Lead,de,Head of Sales D/A/CH
Leiterin Vertrieb ID und PM Assistentin,Lead,de,Head of Sales ID and PM Assistant
Leiterin Vertrieb Innendienst,Lead,de,Head of Internal Sales
Leiterin Vertrieb und Account Mgmt,Lead,de,Head of Sales and Account Mgmt
Leiterin Vertrieb und Projektierung,Lead,de,Head of Sales and Project Management
Leiterin Vertriebsaktivitäten & CRM,Lead,de,Head of Sales & CRM
Leiterin Vertriebscontrolling & CRM Deutschland,Lead,de,Head of Sales Controlling & CRM Germany
Leiterin Vertriebsinnendienst,Lead,de,Head of Internal Sales Service
Leiterin Vertriebsinnendienst Export,Lead,de,Head of Internal Sales Service Export
Leiterin Vertriebsinnendienst SIEGENIA GRUPPE,Lead,de,Head of Internal Sales Service SIEGENIA GROUP
Leiterin Vertriebssteuerung,Lead,de,Head of Sales Management
Leiterin Vertriebsteam,Lead,de,Head of Sales Team
Leiterin Vertriebsverwaltung,Lead,de,Head of Sales Administration
Leiterin Vorstandsbuero Vertrieb,Lead,de,Head of Board of Directorsbuero Sales
Leiterin Yello Vertrieb & Marke,Lead,de,Head of Yello Sales & Brand
Leitung / Vertrieb,Lead,de,Management / Distribution
Leitung /Vertrieb,Lead,de,Management/distribution
Leitung | Sales Manufacturing,Lead,de,Head of Sales Manufacturing
Leitung Abteilung Kundenservice & Vertrieb | Pr...,Lead,de,Head of Customer Service & Sales Department ...
Leitung Competence Center & Vertrieb,Lead,de,Head of Competence Center & Sales
Leitung Consulting & Sales Manager,Lead,de,Head of Consulting & Sales Manager
Leitung Data Quality Vertrieb (Messe Kontakt),Lead,de,Head of Data Quality Sales (Trade Fair Contact)
Leitung Export Innendienst/ Head of Internal Sales Export,Lead,de,Head of Export Internal Sales/Head of Internal Sales Export
Leitung Industrieller Vertrieb & Einkauf / Head of Sales & Purchasing,Lead,de,Head of Industrial Sales & Purchasing / Head of Sales & Purchasing
Leitung Inside Sales Center,Lead,de,Head of Inside Sales Center
Leitung International Sales,Lead,de,Head of International Sales
Leitung Kundenbetreuung Metall/ Vertrieb Innen,Lead,de,Head of Customer Service Metall/Sales Internal
Leitung Media Sales & Services PRO,Lead,de,Head of Media Sales & Services PRO
Leitung Online Sales & Pressereferentin,Lead,de,Head of Online Sales & Press Officer
Leitung Produktmanagement und TV Sales,Lead,de,Head of Product Management and TV Sales
Leitung Projekte & Vertrieb,Lead,de,Management Projects & Sales
Leitung Sales,Lead,de,Head of Sales
Leitung Sales & Kundenmanagement,Lead,de,Head of Sales & Customer Management
Leitung Sales & Operations Planning(S&OP) / Cat...,Lead,de,Head of Sales & Operations Planning(S&OP) / Cat...
Leitung Sales & Services,Lead,de,Head of Sales & Services
Leitung Sales Back Office PwC Frankfurt,Lead,de,Head of Sales Back Office PwC Frankfurt
Leitung Sales Development,Lead,de,Head of Sales Development
Leitung Sales Management,Lead,de,Head of Sales Management
Leitung Sales Operations,Lead,de,Head of Sales Operations
Leitung Sales print.de,Lead,de,Head of Sales print.de
Leitung Sales Support Management,Lead,de,Head of Sales Support Management
Leitung Stammdaten und Fakturierung / Vertriebscontrolling,Lead,de,Management master data and invoicing / sales controlling
Leitung strategischer Vertrieb / Vertrieb,Lead,de,Head of strategic sales / sales
Leitung Team Vertrieb und Einkauf,Lead,de,Head of Team Sales and Purchasing
Leitung Technischer Vertrieb / Head of Technical Sales,Lead,de,Head of Technical Sales / Head of Technical Sales
Leitung Verkauf und Vertrieb,Lead,de,Head of Sales and Distribution
Leitung Vertrieb,Lead,de,Head of Sales
Leitung Vertrieb - Neukundenakquisition,Lead,de,Head of Sales - New Customer Acquisition
Leitung Vertrieb - Prokurist,Lead,de,Head of Sales - Procurist
Leitung Vertrieb & Business Management,Lead,de,Head of Sales & Business Management
Leitung Vertrieb & Projekte WITTE Components,Lead,de,Head of Sales & Projects WITTE Components
Leitung Vertrieb & Projektkoordination,Lead,de,Head of Sales & Project Coordination
Leitung Vertrieb & Projektmanagement,Lead,de,Head of Sales & Project Management
Leitung Vertrieb & Service,Lead,de,Head of Sales & Service
Leitung Vertrieb (Messe Kontakt),Lead,de,Head of Sales (trade fair contact)
Leitung Vertrieb / Ansprechpartner für Vertrieb...,Lead,de,Head of Sales / Contact for Sales...
Leitung Vertrieb / EDV / IT-Management,Lead,de,Head of Sales / IT / IT Management
Leitung Vertrieb / Head of Sales,Lead,de,Head of Sales / Head of Sales
Leitung Vertrieb / Leitung Onlineabteilung,Lead,de,Head of Sales / Head of Online Department
Leitung Vertrieb / PR,Lead,de,Head of Sales / PR
Leitung Vertrieb / Sales Manager,Lead,de,Head of Sales / Sales Manager
Leitung Vertrieb + Vertragswesen,Lead,de,Head of Sales + Contracts
Leitung Vertrieb B2B,Lead,de,Head of Sales B2B
Leitung Vertrieb Business Intelligence,Lead,de,Head of Sales Business Intelligence
Leitung Vertrieb DACH,Lead,de,Head of Sales DACH
Leitung Vertrieb D-A-CH,Lead,de,Head of Sales D-A-CH
Leitung Vertrieb Deutschland,Lead,de,Head of Sales Germany
Leitung Vertrieb Deutschland / Vertrieb,Lead,de,Head of Sales Germany / Sales
Leitung Vertrieb Europa,Lead,de,Head of Sales Europe
Leitung Vertrieb Großhandel,Lead,de,Management Distribution Wholesale trade
Leitung Vertrieb Industry & Trade | Prokurist,Lead,de,Head of Sales Industry & Trade
Leitung Vertrieb Innendienst,Lead,de,Head of Internal Sales
Leitung Vertrieb Innendienst KSC,Lead,de,Head of Sales Internal Service KSC
Leitung Vertrieb International,Lead,de,Head of Sales International
Leitung Vertrieb Krankenhaus,Lead,de,Head of Sales Hospital
Leitung Vertrieb Logistik / MItglied der Geschäftsleitung,Lead,de,Head of Sales Logistics / Member of the Executive Board
Leitung Vertrieb München,Lead,de,Head of Sales Munich
Leitung Vertrieb Neuanlagen Deutschland,Lead,de,Head of Sales New plants Germany
Leitung Vertrieb Objekteinrichtungen,Lead,de,Head of Sales Facilities
Leitung Vertrieb Online,Lead,de,Head of Sales Online
Leitung Vertrieb Projekt Nord,Lead,de,Head of Sales Project North
Leitung Vertrieb Services,Lead,de,Head of Sales Services
Leitung Vertrieb STRAIL Deutschland,Lead,de,Head of Sales STRAIL Germany
Leitung Vertrieb Telis Direkt,Lead,de,Head of Sales Telis Direct
Leitung Vertrieb Turmdrehkrane,Lead,de,Head of Sales Tower Cranes
Leitung Vertrieb und Kalkulation,Lead,de,Head of Sales and Calculation
Leitung Vertrieb und Key Account Management,Lead,de,Head of Sales and Key Account Management
Leitung Vertrieb und Produktmanagement,Lead,de,Head of Sales and Product Management
Leitung Vertrieb und Projekte,Lead,de,Head of Sales and Projects
Leitung Vertrieb und Projektierung,Lead,de,Head of Sales and Project Management
Leitung Vertrieb und Projektmanagement,Lead,de,Head of Sales and Project Management
Leitung Vertrieb&Geschäftsentwicklung,Lead,de,Head of Sales & Business Development
Leitung Vertriebscontrolling und CRM,Lead,de,Head of Sales Controlling and CRM
Leitung Vertriebsinnendienst,Lead,de,Head of Internal Sales Service
Leitung Vertriebsinnendienst / allgem. Verwaltung,Lead,de,Management Internal Sales Service / General Administration
Leitung Vertriebsinnendienst CEWE-PRINT GmbH,Lead,de,Head of Internal Sales Service CEWE-PRINT GmbH
Leitung Vertriebsinnendienst International,Lead,de,Head of Internal Sales Service International
Leitung Vertriebsinnendienst WOODTECH,Lead,de,Head of Internal Sales Service WOODTECH
Leitung Vertriebsmanagement,Lead,de,Head of Sales Management
Leitung Vertriebsmarketing/PR Sparte Technik,Lead,de,Head of Sales Marketing/PR Division Technology
Leitung Vertriebssteuerung,Lead,de,Head of Sales Control
Leitung Vertriebssupport,Lead,de,Head of Sales Support
Leitung Vertriebsunterstüzung,Lead,de,Head of Sales Support
Leitung Zentrale Vertriebsentwicklung,Lead,de,Head of Central Sales Development
Leitung/Steuerung Vertrieb,Lead,de,Management/Control Distribution
Microsoft Dynamics AX2012 Teilprojektleitung Vertrieb / Key-User Kalkulation,Lead,de,Microsoft Dynamics AX2012 Project Management Sales / Key-User Calculation
Mitarbeiter  gewinnen -  binden -  motivieren  Leiter Vertrieb,Lead,de,Gaining - binding - motivating Head of Sales
Mitglied der Geschäftsführung / Leiter Vertrieb,Lead,de,Member of the Management Board / Head of Sales
Mitglied der Geschäftsleitung (Leiter Vertrieb)...,Lead,de,Member of the Executive Board (Head of Sales)...
Niederlassungsleiterin/ Leitung Vertrieb,Lead,de,Head of Branch/Head of Sales
Produkt und Vertriebsleitung Healthcare,Lead,de,Product and Sales Manager Healthcare
Produktmanager Metall / Vertriebsleitung,Lead,de,Product Manager Metal / Sales Manager
Programmleitung Vertrieb,Lead,de,Programme Management Distribution
Projektierung & Vertrieb - Abteilungsleiter,Lead,de,Project Design & Sales - Head of Department
Projektleitung & Vertrieb,Lead,de,Project Management & Sales
Projektleitung / Vertrieb,Lead,de,Project management / sales
Projektleitung Sales & Veranstaltungsmanagement,Lead,de,Project Management Sales & Event Management
Projektleitung Sales Excellence,Lead,de,Project Management Sales Excellence
Projektleitung Sales-CR,Lead,de,Project Manager Sales-CR
Projektleitung Salesforce,Lead,de,Project Manager Salesforce
Projektleitung und Vertrieb,Lead,de,Project management and distribution
Projektleitung Vertrieb,Lead,de,Project Management Sales
Prokurist / Leiter Vertrieb,Lead,de,Procurator / Head of Sales
Prokurist / Leitung Vertrieb,Lead,de,Procurator / Head of Sales
Prokurist / Vertriebsleitung,Lead,de,Procurator / Sales Manager
Prokurist | Leiter Vertrieb,Lead,de,Head of Sales
Prokurist | Leiter Vertriebssteuerung,Lead,de,Head of Sales Control
Prokurist | Operative Vertriebsleitung,Lead,de,Proprietary officer - Operational sales manager
Prokurist Leitung Vertrieb,Lead,de,Procurator Head of Sales
Prokurist und Leiter Sales Excellence,Lead,de,Procurator and Head of Sales Excellence
Prokurist und Vertriebsleitung,Lead,de,Procurator and sales manager
Prokurist/Leiter Vertrieb,Lead,de,Procurator/Head of Sales
Salesdirector DACH / Leitung Trade Activation / Außendienst Deutschland,Lead,de,Salesdirector DACH / Head of Trade Activation / Field Service Germany
Sekretariat der Geschäftsleitung & Vertrieb,Lead,de,Secretariat of Management & Sales
Stellv. Leiter Vertrieb,Lead,de,Deputy Head of Sales
Stellv. Leitung Vertrieb / Geschäftskundenbetre...,Lead,de,Deputy Head of Sales / Business...
Stellvertrende Geschäftsleitung Vertrieb,Lead,de,Stellvertrende Management Sales
Stellvertretende Leiterin Vertrieb,Lead,de,Deputy Head of Sales
Stellvertretende Leitung Public Sales,Lead,de,Deputy Head of Public Sales
Strategische Vertriebsleitung,Lead,de,Strategic Sales Management
Stv. Abteilungsleitung Vertrieb,Lead,de,Deputy Head of Division Sales
stv. Vertriebsleitung,Lead,de,Stv. Sales Manager
Teamleitung  Sales digital & mobile / digitales...,Lead,de,Team Leader Sales digital & mobile / digital...
Teamleitung Innendienst / Teamleiter Customer Care - Sales,Lead,de,Team Leader Internal Service / Team Leader Customer Care - Sales
Teamleitung Inside Sales,Lead,de,Team Leader Inside Sales
Teamleitung Internationaler Vertrieb / Teamlead...,Lead,de,Team Leader International Sales / Teamlead...
Teamleitung Keyaccount Sales,Lead,en,Teamleitung Keyaccount Sales
Teamleitung MediaSales,Lead,de,Team Leader MediaSales
Teamleitung Merchandising / Vertrieb,Lead,de,Team Management Merchandising / Sales
Teamleitung Sales & Vertrieb DACH,Lead,de,Team Management Sales & Sales DACH
Teamleitung Sales (Messe Kontakt),Lead,de,Team Management Sales (Trade Fair Contact)
Teamleitung Sales Service,Lead,de,Team Leader Sales Service
Teamleitung Sales und Partnermanagement,Lead,de,Team Management Sales and Partner Management
Teamleitung Vertrieb,Lead,de,Team Management Sales
Teamleitung Vertrieb / Projektsachbearbeiter,Lead,de,Team Management Sales / Project Manager
Teamleitung Vertrieb / Vertriebsbeauftragter / Consulting,Lead,de,Team Management Sales / Sales Officer / Consulting
Teamleitung Vertrieb Kärnten / Key Account Mana...,Lead,de,Team Management Sales Carinthia / Key Account Mana...
Teamleitung Vertriebsinnendienst,Lead,de,Team Management Internal Sales Service
Teamleitung Vertriebsmarketing,Lead,de,Team Management Sales Marketing
Teamleitung Vertriebsservice,Lead,de,Team Management Sales Service
Teamleitung Vertriebsverwaltung,Lead,de,Team Management Sales Management
Teamleitung Werbung Vertrieb,Lead,de,Team Management Advertising Sales
Technischer Leiter / Leiter technischer Vertrieb,Lead,de,Technical Director / Head of Technical Sales
Verkaufs/Vertriebsleitung,Lead,de,Sales/distribution line
Verkaufsleitung Corporate Sales Rhein-Main-Neckar,Lead,de,Sales Manager Corporate Sales Rhein-Main-Neckar
Vertrieb & Projektleitung,Lead,de,Sales & Project Management
Vertrieb und Projektleitung,Lead,de,Sales and project management
Vertrieb/Projektleitung,Lead,de,Distribution/project management
Vertriebsinnendienst & Assistenz Vertriebsleitung,Lead,de,Internal Sales Service & Assistance Sales Manager
Vertriebskoordinator & Leitung Zentraler Verkaufsservice / Datenmanagement,Lead,de,Sales Coordinator & Head of Central Sales Service / Data Management
Vertriebsleiter & Leiter Repower,Lead,de,Sales Manager & Head of Repower
Vertriebsleiter und Leitung Außendienst,Lead,de,Sales Manager and Head of Field Service
Vertriebsleitung,Lead,de,Sales management
Vertriebsleitung (Messe Kontakt),Lead,de,Sales management (trade fair contact)
Vertriebsleitung / Head of Sales,Lead,de,Sales Manager / Head of Sales
Vertriebsleitung / Prokurist,Lead,de,Sales Manager / Procurator
Vertriebsleitung / Software,Lead,de,Sales management / Software
Vertriebsleitung / Vertrieb,Lead,de,Sales management / distribution
Vertriebsleitung Berlin,Lead,de,Sales Manager Berlin
Vertriebsleitung Cook Deutschland,Lead,de,Sales Manager Cook Germany
Vertriebsleitung Daten- & Systemlösungen,Lead,de,Sales Manager Data & System Solutions
Vertriebsleitung Datenkommunikation,Lead,de,Sales Manager Data Communication
Vertriebsleitung Deutschland,Lead,de,Sales Manager Germany
Vertriebsleitung Deutschland-Österreich-Schweiz,Lead,de,Sales Manager Germany-Austria-Switzerland
Vertriebsleitung Export,Lead,de,Sales Manager Export
Vertriebsleitung Hauptsitz Bochum,Lead,de,Sales Manager Head of Bochum
Vertriebsleitung Innendienst,Lead,de,Internal Sales Manager
Vertriebsleitung NKW,Lead,de,Sales Manager NKW
Vertriebsleitung Precision Plastics,Lead,de,Sales Manager Precision Plastics
Vertriebsleitung Region Nord-West Filialvertrieb,Lead,de,Sales Manager Region Nord-West Branch Sales
Vertriebsleitung/ Vertrieb,Lead,de,Sales management/distribution
Vertriebsleitung/Head,Lead,de,Sales management/Head
Vertriebsleitung/Projektmanagement,Lead,de,Sales management/project management
Vertriebsleitungsassistentin,Lead,de,Sales Manager Assistant
Vertriebsmitarbeiterin/ Gruppenleitung Vertriebsassistenz,Lead,de,Sales assistant/group management Sales assistant
Vertriebsunterstützung des Leiters der Maklerdirektion Süd-Vorsorge,Lead,tr,Sales support for the head of the South Provision brokerage directorate
Leiter Customer Support / Prokurist,Lead,de,Head of Customer Support / Procurator
Leiter IT Infrastruktur & Support,Lead,de,Head of IT Infrastructure & Support
Teamleitung IT Systems & Support,Lead,de,Team Management IT Systems & Support
Anforderungsmanager / Product Owner,Management,de,Requirement Manager / Product Owner
BI Product Owner,Management,en,BI Product Owner
CEO & Co-Founder,Management,en,CEO & Co-Founder
CEO & Co-Founder FanFinders,Management,en,CEO & Co-Founder FanFinders
CEO & Founder,Management,en,CEO & Founder
CEO & Founder - Strobel & Walter GmbH,Management,de,CEO & Founder - Strobel & Walter GmbH
CEO / Co Founder,Management,en,CEO / Co Founder
CEO / Co-Founder,Management,en,CEO / Co-Founder
CEO / Founder,Management,en,CEO / Founder
CEO // Co-Founder,Management,en,CEO // Co-Founder
CEO | Founder,Management,hi,CEO | Founder
CEO + Founder,Management,en,CEO + Founder
CEO and Co Founder  JeReveduneMaison.com,Management,en,CEO and Co Founder  JeReveduneMaison.com
CEO and Co-Founder,Management,en,CEO and Co-Founder
CEO and Founder,Management,en,CEO and Founder
CEO Founder,Management,en,CEO Founder
CFO / Founder,Management,en,CFO / Founder
CMO & Co-Founder,Management,it,CMO & Co-Founder
CMO + Co-Founder,Management,it,CMO + Co-Founder
CMO/Co-Founder,Management,it,CMO/Co-Founder
Co Founder,Management,en,Co Founder
Co-Founder,Management,en,Co-Founder
Co-Founder & CEO,Management,en,Co-Founder & CEO
Co-Founder & CEO @ Hypercampus | Ex-McKinsey,Management,en,Co-Founder & CEO @ Hypercampus | Ex-McKinsey
Co-Founder & COO,Management,it,Co-Founder & COO
Co-Founder & CSO,Management,it,Co-Founder & CSO
Co-Founder & Partner,Management,en,Co-Founder & Partner
Co-Founder / CMO,Management,it,Co-Founder / CMO
Co-Founder / Head of Product and Finance,Management,en,Co-Founder / Head of Product and Finance
Co-Founder @ Listenchampion.de,Management,sw,Co-Founder @ Listenchampion.de
Co-Founder + Managing Partner,Management,en,Co-Founder + Managing Partner
Co-Founder and Managing Partner,Management,en,Co-Founder and Managing Partner
Co-Founder bei Sellma,Management,de,Co-founder at Sellma
Co-Founder CEO,Management,en,Co-Founder CEO
Co-Founder I CPO,Management,it,Co-Founder I CPO
coFounder QuickSign (www.quicksign.com) International Dev.,Management,en,coFounder QuickSign (www.quicksign.com) International Dev.
Co-Founder und CEO,Management,de,Co-founder and CEO
Co-Founder und Geschäftsführer,Management,de,Co-founder and managing director
Company Owner,Management,en,Company Owner
COO & Founder,Management,en,COO & Founder
COO/Founder,Management,en,COO/Founder
CSO & Co-Founder,Management,en,CSO & Co-Founder
CTO & Founder,Management,en,CTO & Founder
Dynamics Owner,Management,en,Dynamics Owner
Entrepreneur. Co-Founder Hummus Bros & Tenzo,Management,it,Entrepreneur. Co-Founder Hummus Bros & Tenzo
Entrepreneur/Geschäftsführer/Owner/CEO,Management,de,Entrepreneur/Managing Director/Owner/CEO
Founder,Management,en,Founder
Founder - Kurucu,Management,hi,Founder
Founder - SelloSphere,Management,en,Founder - SelloSphere
Founder & CEO,Management,en,Founder & CEO
Founder & COO,Management,en,Founder & COO
Founder & CTO,Management,en,Founder & CTO
Founder & developer,Management,en,Founder & developer
Founder / CTO,Management,en,Founder / CTO
Founder | Social Media Strategist,Management,en,Founder | Social Media Strategist
Founder and CEO,Management,en,Founder and CEO
Founder und Geschäftsführer,Management,de,Founder and Managing Director
Founder/CEO - KSP Krieg Schlupp Partner,Management,de,Founder/CEO - KSP Krieg Schlupp Partner
Geschäftsführender Gesellschafter - CEO/Owner,Management,de,Managing Partner - CEO/Owner
Geschäftsführer & Co-Founder,Management,de,Managing Director & Co-Founder
Geschäftsführer / Founder (CEO),Management,de,Managing Director / Founder (CEO)
Gründer / Vorstand / Founder / CEO,Management,de,Founder / Board / Founder / CEO
Gründer und Geschäftsführer / Founder and Gener...,Management,de,Founder and Managing Director / Founder and Gener...
Head Visionary & Founder,Management,en,Head Visionary & Founder
Managing Partner & CO-Founder,Management,en,Managing Partner & CO-Founder
Managing Partner and Co-Founder,Management,en,Managing Partner and Co-Founder
MD & Founder,Management,en,MD & Founder
NETWORKS IN REAL ESTATE / Owners Club,Management,it,NETWORKS IN REAL ESTATE / Owners Club
Owner,Management,en,Owner
Owner & Architect,Management,en,Owner & Architect
Owner ~ Operator,Management,en,Owner ~ Operator
President - Co-Founder,Management,en,President - Co-Founder
Product Owner,Management,en,Product Owner
Product Owner | Information Technologies,Management,en,Product Owner | Information Technologies
Product Owner Stammdaten,Management,de,Product Owner master data
Proud Founder,Management,en,Proud Founder
Team Lead Product Owner Software Development,Management,en,Team Lead Product Owner Software Development
Business Process Analyst / Product Owner CRM Service Analytics,Management,en,Business Process Analyst / Product Owner CRM Service Analytics
Chief Business Development & Co-Founder,Management,en,Chief Business Development & Co-Founder
Co-Founder - Business Development,Management,en,Co-Founder - Business Development
CoFounder of iCom Cloud - Business development leveraging on digital and CRM technologies,Management,en,CoFounder of iCom Cloud - Business development leveraging on digital and CRM technologies
CRM Business Application Owner GFCS,Management,en,CRM Business Application Owner GFCS
CRM Business Owner,Management,en,CRM Business Owner
Head of Customer Relationship & Commercial Performance - Business Process Owner CRM,Management,en,Head of Customer Relationship & Commercial Performance - Business Process Owner CRM
Head of IT Business Solutions | Product Owner,Management,en,Head of IT Business Solutions | Product Owner
Product Owner CRM | Digital Business Development,Management,en,Product Owner CRM | Digital Business Development
Product Owner Digital Business (CRM),Management,en,Product Owner Digital Business (CRM)
Co-Founder & CEO@Mecuris - Enabling Digital Prosthetics & Orthotics // Speaker,Management,en,Co-Founder & CEO@Mecuris - Enabling Digital Prosthetics & Orthotics // Speaker
IT Project Manager & Product Owner,Management,en,IT Project Manager & Product Owner
Product Owner eCommerce IT B2B/B2C,Management,en,Product Owner eCommerce IT B2B/B2C
Product Owner IT,Management,en,Product Owner IT
CRM Specialist - Agile Product Owner,Management,en,CRM Specialist - Agile Product Owner
Global Process Owner: Commercial CRM,Management,en,Global Process Owner: Commercial CRM
MS Dynamics CRM Product Owner,Management,en,MS Dynamics CRM Product Owner
Product Owner CRM,Management,en,Product Owner CRM
Product Owner CRM - Focus Contact Care Center,Management,en,Product Owner CRM - Focus Contact Care Center
Product Owner CRM - RegTech,Management,en,Product Owner CRM - RegTech
Product Owner IoT CRM integration,Management,en,Product Owner IoT CRM integration
Projektmanagerin / Product Owner CRM und Strategie,Management,de,Project Manager / Product Owner CRM and Strategy
Co-Founder & Head of Sales & Marketing,Management,en,Co-Founder & Head of Sales & Marketing
Founder and Owner Targa Communications,Management,en,Founder and Owner Targa Communications
Marketing Chef and Founder,Management,en,Marketing Chef and Founder
Marketing Specialist and Owner @ New Age SEO,Management,en,Marketing Specialist and Owner @ New Age SEO
Product Owner Digital Marketing,Management,en,Product Owner Digital Marketing
CRM & Data Services / Product Owner Vertriebsprozesse,Management,de,CRM & Data Services / Product Owner sales processes
D&A Technologies CEO & Founder - Salesforce Pure Player,Management,en,D&A Technologies CEO & Founder - Salesforce Pure Player
Founder and Account Manager,Management,en,Founder and Account Manager
Global Product Owner - Sales Cloud Platform,Management,en,Global Product Owner - Sales Cloud Platform
Product Owner at House of Digital Sales,Management,en,Product Owner at House of Digital Sales
Product Owner Salesforce,Management,en,Product Owner Salesforce
Responsable Equipe SI FM / IT Owner Projet Salesforce FSL,Management,en,Responsable Equipe SI FM / IT Owner Projet Salesforce FSL
Salesforce CRM Specialist / Product Owner,Management,en,Salesforce CRM Specialist / Product Owner
Salesforce Owner,Management,en,Salesforce Owner
Salesforce Product Owner,Management,en,Salesforce Product Owner
Applications-Management,Senior,en,Applications-Management
Betriebswirtschaft/Management,Senior,de,Business administration/management
Buchhaltung und Office Management,Senior,de,Accounting and Office Management
Change Management,Senior,en,Change Management
Chef de projet Lead Management Trade & Event West Mediterranean,Senior,nl,Project Manager Lead Management Trade & Event West Mediterranean
Client Relationship Management,Senior,en,Client Relationship Management
Company Management,Senior,en,Company Management
COO and Member of the Board / Vorstand Systemhaus Holding und Managed Services,Senior,de,COO and Member of the Board / Board of Management Systemhaus Holding and Managed Services
Corporate Brand Management,Senior,en,Corporate Brand Management
CSR&Sustainability-Management,Senior,en,CSR&Sustainability-Management
Customer Relationship Management,Senior,en,Customer Relationship Management
Customer Relationship Management Analyst,Senior,en,Customer Relationship Management Analyst
Customer Relationship Management e-Media,Senior,en,Customer Relationship Management e-Media
Customer Relationship Management Specialist,Senior,en,Customer Relationship Management Specialist
Customer Relationship Management Specialist @ KELLER,Senior,en,Customer Relationship Management Specialist @ KELLER
Data Management Lead,Senior,en,Data Management Lead
Daten-Management,Senior,ur,Data management
Direktor Fördermittel-Management,Senior,de,Director of Funding Management
Doktorand / Wissenschaftlicher Mitarbeiter Lehrstuhl für Supply Chain Management (DE - Nürnberg),Senior,de,Doctoral student / Research assistant Chair of Supply Chain Management (DE - Nürnberg)
Event Management and Community Involvement Specialist,Senior,en,Event Management and Community Involvement Specialist
Event Management Specialist,Senior,en,Event Management Specialist
Expert Project- / Process Management Logistics,Senior,en,Expert Project- / Process Management Logistics
General Management,Senior,en,General Management
Geschäftsführender Gesellschafter/ Managing Par...,Senior,de,Managing Partner/Managing Par...
Geschäftsführender Gesellschafter/Managing Partner,Senior,de,Managing Partner/Managing Partner
Geschäftsführer / Managing Partner,Senior,de,Managing Director / Managing Partner
Geschäftsführer/Gesellschafter (Managing Partner),Senior,de,Managing Director/Partner (Managing Partner)
Geschäftsführer/Managing,Senior,de,Managing Director/Managing
Geschäftsführung / Management,Senior,de,Management / Management
Global Account Management,Senior,en,Global Account Management
Global Head of Key Account Management,Senior,en,Global Head of Key Account Management
Global Head Product Management Repair,Senior,en,Global Head Product Management Repair
Graduate Management Trainee,Senior,en,Graduate Management Trainee
Group Head Of Customer Value Management,Senior,en,Group Head Of Customer Value Management
Head of Brand Management,Senior,en,Head of Brand Management
Head of Brand Management DACH,Senior,en,Head of Brand Management DACH
Head of Content Management,Senior,en,Head of Content Management
Head of Continuous Improvement and Compliance Management,Senior,en,Head of Continuous Improvement and Compliance Management
Head of Corporate Design and Customer Relationship Management,Senior,en,Head of Corporate Design and Customer Relationship Management
Head Of Customer Experience Management and Data Analytics,Senior,en,Head Of Customer Experience Management and Data Analytics
Head of Customer Relationship Management,Senior,en,Head of Customer Relationship Management
Head of Dataquality Management,Senior,en,Head of Dataquality Management
Head of Event Management,Senior,en,Head of Event Management
Head of Global Brand Management,Senior,en,Head of Global Brand Management
Head of Global Processes & Data Management (Exe...,Senior,en,Head of Global Processes & Data Management (Exe...
Head of Key Account Management,Senior,en,Head of Key Account Management
Head of Key Account Management & Strategic Alliances,Senior,en,Head of Key Account Management & Strategic Alliances
Head of Key Account Management / Member of the Leadership Team Switzerland,Senior,en,Head of Key Account Management / Member of the Leadership Team Switzerland
Head of Key Account Management Hotel & Gastronomy,Senior,en,Head of Key Account Management Hotel & Gastronomy
Head of Managed Enterprise Services,Senior,en,Head of Managed Enterprise Services
Head of Managed Hosting,Senior,en,Head of Managed Hosting
Head of Process and Performance Management. Gro...,Senior,en,Head of Process and Performance Management. Gro...
Head of Product Management,Senior,en,Head of Product Management
Head of Product Solution Management,Senior,en,Head of Product Solution Management
Head of Project Management,Senior,en,Head of Project Management
Head of Quality Management,Senior,en,Head of Quality Management
Head of Quality Management & Software Development Services,Senior,en,Head of Quality Management & Software Development Services
Head of RCM (Run Client Management),Senior,en,Head of RCM (Run Client Management)
Head of Regional Key Account Management,Senior,en,Head of Regional Key Account Management
Head of Relationship Management,Senior,en,Head of Relationship Management
Head of Relationship Management & Expansion,Senior,en,Head of Relationship Management & Expansion
Head of Strategic Project Management,Senior,en,Head of Strategic Project Management
Head of Technical Product Management,Senior,en,Head of Technical Product Management
Head of Trade Partner Management Worldwide,Senior,en,Head of Trade Partner Management Worldwide
Head of Visitor Management,Senior,en,Head of Visitor Management
Head Project Management / Consulting,Senior,en,Head Project Management / Consulting
Helping Keal Technology stay the Canadian Leader in Broker Management Solutions,Senior,en,Helping Keal Technology stay the Canadian Leader in Broker Management Solutions
Influencer Management,Senior,en,Influencer Management
Information Management,Senior,en,Information Management
Infrastructure & Data Management (IDM),Senior,it,Infrastructure & Data Management (IDM)
Interim Management & Führungsberatung für komplexe Projektaufgaben,Senior,de,Interim management & management consulting for complex project tasks
Key Account Management,Senior,en,Key Account Management
Key-Account-Management,Senior,en,Key-Account-Management
Lead Management,Senior,en,Lead Management
Lead Management / Recruiting,Senior,en,Lead Management / Recruiting
Lead Transformation & Information Management,Senior,en,Lead Transformation & Information Management
Management,Senior,en,Management
Management & Accounting,Senior,en,Management & Accounting
Management Board,Senior,en,Management Board
Management Systems & Approval,Senior,en,Management Systems & Approval
Management Trainee,Senior,en,Management Trainee
Managementassistentin,Senior,en,Managementassistentin
Managing Partner,Senior,en,Managing Partner
Managing Partner | Dieter von Holtzbrinck Ventures,Senior,de,Managing Partner 的 Dieter von Holtzbrinck Ventures
Managing Partner der Umarex GmbH & Co. KG,Senior,de,Managing Partner of Umarex GmbH & Co. KG
Media Management,Senior,en,Media Management
Member of Management,Senior,en,Member of Management
Meter-Data-Management,Senior,en,Meter-Data-Management
MobileDeviceManagement,Senior,en,MobileDeviceManagement
Office Management / Teamassistenz,Senior,de,Office Management / Team Assistance
Office Management Professional / Facility,Senior,en,Office Management Professional / Facility
Order Management,Senior,en,Order Management
Order Managment,Senior,en,Order Managment
Partner Management,Senior,en,Partner Management
Partner Management | Working student,Senior,en,Partner Management | Working student
Portfolio & Partner Management,Senior,en,Portfolio & Partner Management
Principal Product and Client Management,Senior,en,Principal Product and Client Management
Product Management & Design,Senior,en,Product Management & Design
Product Management | UX Design,Senior,en,Product Management | UX Design
Produkt Management,Senior,de,Product management
Project & Demand Management,Senior,en,Project & Demand Management
Project Management - Working Student,Senior,en,Project Management - Working Student
Project Management Fairs international,Senior,en,Project Management Fairs international
Projekt Management,Senior,el,Project management
Quality and Operation Management,Senior,en,Quality and Operation Management
Recruiting Specialist & Managing Partner,Senior,en,Recruiting Specialist & Managing Partner
Referentin Event Management,Senior,tr,Event Management Speaker
SD Global Strategic Account Management (Commercial Leadership team),Senior,en,SD Global Strategic Account Management (Commercial Leadership team)
Solution Architect | Managing Partner,Senior,en,Solution Architect | Managing Partner
Specialist Event Management,Senior,en,Specialist Event Management
Supply Chain Management,Senior,en,Supply Chain Management
Supply Chain Management und Customer Service Center,Senior,en,Supply Chain Management und Customer Service Center
Team Lead Application Management,Senior,en,Team Lead Application Management
Team Lead Projekt Management Office,Senior,en,Team Lead Projekt Management Office
Team Leader Event Management,Senior,en,Team Leader Event Management
Teamlead Lead Management,Senior,en,Teamlead Lead Management
Texten/Content Management,Senior,en,Texten/Content Management
Top Management,Senior,en,Top Management
Veranstaltungsmanagement: Event-Management,Senior,de,Event management: Event management
Vorstand und Managing Partner,Senior,de,Management Board and Managing Partner
WERTGARANTIE Management GmbH,Senior,de,VALUE GUARANTEE Management GmbH
Management Accountant/ Controllerin,Senior,tr,Management Accountant/ Controllerin
Assistentin der Geschäftsführung / Management Office,Senior,de,Assistant to the management / management office
Assistentin Management,Senior,en,Assistentin Management
Office Management & Assistenz,Senior,de,Office Management & Assistance
Business Application Management,Senior,en,Business Application Management
Business Developer & Partner Management,Senior,en,Business Developer & Partner Management
Business Development & Management Consultancy,Senior,en,Business Development & Management Consultancy
Business Development and Multi-project Management,Senior,en,Business Development and Multi-project Management
Business Development I Commercial I Contracts & Tender Management,Senior,en,Business Development I Commercial I Contracts & Tender Management
Business Development Management,Senior,en,Business Development Management
Business Management,Senior,en,Business Management
Business Processes - Solution Management - SAP Authority,Senior,en,Business Processes - Solution Management - SAP Authority
Deputy Head of Business Development Management,Senior,en,Deputy Head of Business Development Management
Digital Business Management,Senior,en,Digital Business Management
Experte für internationales Business Process Management und Project Management,Senior,de,Expert for international business process management and project management
Head Business Application Management,Senior,en,Head Business Application Management
Head of Business Process Management,Senior,en,Head of Business Process Management
Head of Product Management Business Unit Plastics & Advanced Industries,Senior,en,Head of Product Management Business Unit Plastics & Advanced Industries
Head of Project Management and Business Development,Senior,en,Head of Project Management and Business Development
Key Account Management | Business Development,Senior,en,Key Account Management | Business Development
Strategic Key Account Management/Business Development,Senior,en,Strategic Key Account Management/Business Development
Teamleader Business Development & Key Account Management,Senior,en,Teamleader Business Development & Key Account Management
Change Management and Transformation Consultant,Senior,en,Change Management and Transformation Consultant
Change Management Consultant,Senior,en,Change Management Consultant
Consultant Lean Management,Senior,en,Consultant Lean Management
Consultant Supply Chain Management,Senior,en,Consultant Supply Chain Management
Management Consultant,Senior,en,Management Consultant
Management Consultant (Strategy Consulting),Senior,en,Management Consultant (Strategy Consulting)
Managing Consultant,Senior,en,Managing Consultant
Project Management / IT Consultant,Senior,en,Project Management / IT Consultant
Office Management & HR,Senior,en,Office Management & HR
Client Lead Digital & Management Supervisor Digital Innovation,Senior,en,Client Lead Digital & Management Supervisor Digital Innovation
Customer Relationship Management Administrator,Senior,en,Customer Relationship Management Administrator
Global Head IT Application Management,Senior,en,Global Head IT Application Management
Global IT - Application Management,Senior,en,Global IT - Application Management
Group IT Operations & Applications Management,Senior,en,Group IT Operations & Applications Management
GS-IT App Management,Senior,en,GS-IT App Management
Head of Digital Management,Senior,en,Head of Digital Management
Head Of Digital Product Management,Senior,en,Head Of Digital Product Management
Head of IT & Process Management,Senior,en,Head of IT & Process Management
Head of IT Application Management,Senior,en,Head of IT Application Management
Head of IT Customer Relationship Management,Senior,en,Head of IT Customer Relationship Management
Head of IT-Project Management Applications,Senior,en,Head of IT-Project Management Applications
IT Management Strategic Market Development,Senior,en,IT Management Strategic Market Development
IT Service Management: Erfolg durch Erfahrung,Senior,de,IT Service Management: Success through experience
IT Specialist Data Management,Senior,en,IT Specialist Data Management
IT Strategy and Management,Senior,en,IT Strategy and Management
IT-Management,Senior,it,IT-Management
IT-Systemberater Mobile Device Management,Senior,en,IT-Systemberater Mobile Device Management
CRM Customer Relationship Management,Senior,en,CRM Customer Relationship Management
CRM Portfolio Management / Gründerin CRM Einheit,Senior,de,CRM Portfolio Management / Founder CRM Unit
CRM Project Management,Senior,en,CRM Project Management
Customer Relationship Management (CRM),Senior,en,Customer Relationship Management (CRM)
Customer Relationship Management (CRM) Specialist,Senior,en,Customer Relationship Management (CRM) Specialist
Head of CRM & Channel-Management,Senior,en,Head of CRM & Channel-Management
Head of CRM and Data Management,Senior,en,Head of CRM and Data Management
Head of Customer Relationship Management (CRM),Senior,en,Head of Customer Relationship Management (CRM)
Head of Digital Customer Management & CRM,Senior,en,Head of Digital Customer Management & CRM
IT Project Management CRM international,Senior,en,IT Project Management CRM international
Lead Management & CRM,Senior,en,Lead Management & CRM
Lead-Management & CRM,Senior,en,Lead-Management & CRM
Market Management / Head of CRM & Commercial Sy...,Senior,en,Market Management / Head of CRM & Commercial Sy...
Office Management / CRM / sales / Standortverantwortung,Senior,de,Office Management / CRM / sales / location responsibility
Team Lead CRM / Digital Product Management,Senior,en,Team Lead CRM / Digital Product Management
Teamleader Data Management & CRM,Senior,en,Teamleader Data Management & CRM
Unit Lead CRM & Campaign Management,Senior,en,Unit Lead CRM & Campaign Management
Account Management & Event Marketing,Senior,en,Account Management & Event Marketing
Area Sales & Marketing Management,Senior,en,Area Sales & Marketing Management
Business Development Home & Interiors Marketing Management,Senior,en,Business Development Home & Interiors Marketing Management
Campaign Management &  Online Product Marketing,Senior,en,Campaign Management &  Online Product Marketing
Consultant Marketing und Sales Management,Senior,de,Consultant Marketing and Sales Management
CRM Project and Marketing Management,Senior,en,CRM Project and Marketing Management
Digital Marketing Data Management,Senior,en,Digital Marketing Data Management
Direct Sales Management & Marketing,Senior,en,Direct Sales Management & Marketing
Event & Customer Management / Marketing & Business Development,Senior,en,Event & Customer Management / Marketing & Business Development
Event Staffing Specialist/Internet Marketing & Website Management Consultant,Senior,en,Event Staffing Specialist/Internet Marketing & Website Management Consultant
Fair/Event Management & Digital Marketing,Senior,en,Fair/Event Management & Digital Marketing
Global Head of Marketing & Commercial Product Management,Senior,en,Global Head of Marketing & Commercial Product Management
Head of Global Industry Management (Strategisches Marketing),Senior,en,Head of Global Industry Management (Strategisches Marketing)
Head of Marketing & Lead Management,Senior,en,Head of Marketing & Lead Management
Head of Marketing & Partner Management,Senior,en,Head of Marketing & Partner Management
Head of Marketing & Product Management,Senior,en,Head of Marketing & Product Management
Head of Marketing Communications and Brand Management,Senior,en,Head of Marketing Communications and Brand Management
Head of Marketing Resource Management,Senior,en,Head of Marketing Resource Management
Head of Product Manag & Marketing,Senior,en,Head of Product Manag & Marketing
Head of Sales Management | Global Marketing & S...,Senior,en,Head of Sales Management | Global Marketing & S...
Head Product Management & Marketing,Senior,en,Head Product Management & Marketing
Innovation Management and Marketing,Senior,en,Innovation Management and Marketing
Int. Marketing & Congress Management,Senior,en,Int. Marketing & Congress Management
International Marketing Management,Senior,en,International Marketing Management
Internationales Management und Marketing,Senior,de,International Management and Marketing
Key Account Management & Marketing Services,Senior,en,Key Account Management & Marketing Services
Management des projets Marketing & Communication,Senior,fr,Project Management Marketing & Communication
Management Marketing,Senior,en,Management Marketing
Management Trainee - Marketing/Vertrieb,Senior,de,Management Trainee - Marketing/Distribution
Management-Assistentin - Marketing - Events,Senior,tr,Management-Assistentin - Marketing - Events
Management-Assistentin/ Marketing,Senior,tr,Management Assistant/Marketing
Managementassistenz & Marketing,Senior,de,Management Assistance & Marketing
Managing Partner globeone  -  Global Brand Management & Corporate Communication Expert,Senior,en,Managing Partner globeone  -  Global Brand Management & Corporate Communication Expert
Marketing & Business Management,Senior,en,Marketing & Business Management
Marketing & Event Management,Senior,en,Marketing & Event Management
Marketing & Management Professional,Senior,en,Marketing & Management Professional
Marketing & Project Management Coordinator,Senior,en,Marketing & Project Management Coordinator
Marketing & Sales Management,Senior,en,Marketing & Sales Management
Marketing / Events Management,Senior,en,Marketing / Events Management
Marketing / Qualitäts-Management-Beauftragte,Senior,de,Marketing / Quality Management Officer
Marketing | Customer Relationship Management,Senior,en,Marketing | Customer Relationship Management
Marketing Communication & Event Management,Senior,en,Marketing Communication & Event Management
Marketing Communications & Event Management,Senior,en,Marketing Communications & Event Management
Marketing Communications | Live Experience | Digital Event | Project Management | Strategy | Planning,Senior,en,Marketing Communications | Live Experience | Digital Event | Project Management | Strategy | Planning
Marketing Communications Management,Senior,en,Marketing Communications Management
Marketing Management,Senior,en,Marketing Management
Marketing Specialist Digital Innovation & Lead Management,Senior,en,Marketing Specialist Digital Innovation & Lead Management
Marketing Spezialist - Digitale Projekte und Event Management,Senior,de,Marketing Specialist - Digital Projects and Event Management
Marketing und Management,Senior,de,Marketing and Management
Marketing- und Managementassistentin,Senior,de,Marketing and Management Assistant
Marketingkommunikation / Event Management,Senior,hi,Marketingkommunikation / Event Management
Performance Marketing Professional Event Management DACH,Senior,de,Performance Marketing Professional Event Management DACH
Project Management & Marketing,Senior,en,Project Management & Marketing
Project Management Marketing,Senior,en,Project Management Marketing
Roadshow & Event Management - Identity & Communications,Senior,en,Roadshow & Event Management - Identity & Communications
Sales Management & Marketing Officer,Senior,en,Sales Management & Marketing Officer
Strategisches Marketing & Sales Management,Senior,de,Strategic Marketing & Sales Management
Teamleader Account Management - Marketing & Sales Services,Senior,en,Teamleader Account Management - Marketing & Sales Services
Account Management & Sales,Senior,en,Account Management & Sales
Business Analyst / Sales & Partner Management,Senior,en,Business Analyst / Sales & Partner Management
Business Process Management - Sales,Senior,en,Business Process Management - Sales
CoE Customer Relationship Managment / Sales,Senior,en,CoE Customer Relationship Managment / Sales
CRM & Sales Support Wealth and Asset Management,Senior,en,CRM & Sales Support Wealth and Asset Management
Data Management / Administration CRM SalesForce / Chef de projet fonctionnel,Senior,fr,Data Management / Administration CRM SalesForce / Functional Project Manager
Facility Management - Vertrieb und Kalkulation,Senior,de,Facility Management - Sales and Calculation
Head of Area Sales Management,Senior,en,Head of Area Sales Management
Head of Group Regional Sales Management,Senior,en,Head of Group Regional Sales Management
Head of GSS Sales & Relationship Management,Senior,en,Head of GSS Sales & Relationship Management
Head of Inhouse Sales Management,Senior,en,Head of Inhouse Sales Management
Head of Order Management Sales & Service,Senior,en,Head of Order Management Sales & Service
Head of Product Management | Head of Sales Processing,Senior,en,Head of Product Management | Head of Sales Processing
Head of Product Management and PreSales,Senior,en,Head of Product Management and PreSales
Head of Project Management & Project Sales,Senior,en,Head of Project Management & Project Sales
Head of Sales - Partner & Keyaccount Management,Senior,en,Head of Sales - Partner & Keyaccount Management
Head of Sales & Account Management,Senior,en,Head of Sales & Account Management
Head of Sales & Account Management Frankfurt,Senior,en,Head of Sales & Account Management Frankfurt
Head of Sales & Event Management,Senior,en,Head of Sales & Event Management
Head of Sales & Key Account Management,Senior,en,Head of Sales & Key Account Management
Head of Sales & Product Management,Senior,en,Head of Sales & Product Management
Head of Sales & Project Management,Senior,en,Head of Sales & Project Management
Head of Sales / Member of the Management Team,Senior,en,Head of Sales / Member of the Management Team
Head of Sales and Account Management,Senior,en,Head of Sales and Account Management
Head of Sales and Account Management Germany,Senior,en,Head of Sales and Account Management Germany
Head of Sales and Key Account Management,Senior,en,Head of Sales and Key Account Management
Head of Sales DACH & Account Management,Senior,en,Head of Sales DACH & Account Management
Head of Sales Germany and Product Management,Senior,en,Head of Sales Germany and Product Management
Head of Sales Management,Senior,en,Head of Sales Management
Head of Sales Platforms & Customer Management,Senior,en,Head of Sales Platforms & Customer Management
Head of Sales Systems / CRM & Campaign Management,Senior,en,Head of Sales Systems / CRM & Campaign Management
Head of Strategic Sales Management,Senior,en,Head of Strategic Sales Management
Head of Territory Sales Management,Senior,en,Head of Territory Sales Management
Head Sales Management & Support,Senior,en,Head Sales Management & Support
International Sales Management,Senior,en,International Sales Management
IT Projekt Management / CRM Salesforce Admin / Trainings-Management SAP,Senior,en,IT Projekt Management / CRM Salesforce Admin / Trainings-Management SAP
IT Vertrieb und Account Management/ Datacenter,Senior,de,IT Sales and Account Management / Datacenter
Lead Sales Management,Senior,en,Lead Sales Management
Management & Sales,Senior,en,Management & Sales
Markt- und VertriebsManagement: Vertriebsmanage...,Senior,de,Market and Sales Management: Sales Management...
Marktplatz Vertrieb und Key Account Management,Senior,de,Marketplace Sales and Key Account Management
Order Management und Inside Sales,Senior,en,Order Management und Inside Sales
Sales & Business Development Management,Senior,en,Sales & Business Development Management
Sales Account Management,Senior,en,Sales Account Management
Sales Address Management,Senior,en,Sales Address Management
Sales Coach & Project Management,Senior,en,Sales Coach & Project Management
Sales Coordinator and Operations Management,Senior,en,Sales Coordinator and Operations Management
Sales director Germany / Head of Key Account Management Germany,Senior,en,Sales director Germany / Head of Key Account Management Germany
Sales Excellence - Customer Experience Management,Senior,en,Sales Excellence - Customer Experience Management
Sales Management,Senior,en,Sales Management
Sales Management - Direktvertrieb,Senior,de,Sales Management - Direct Sales
Sales Process Management,Senior,en,Sales Process Management
Sales Support Key Account Management,Senior,en,Sales Support Key Account Management
Specialist Inside Sales Management Europe & LAA,Senior,en,Specialist Inside Sales Management Europe & LAA
Strategic Sales Management,Senior,en,Strategic Sales Management
Team Lead Sales Strategy and Process Management,Senior,en,Team Lead Sales Strategy and Process Management
Trainee Sales Management,Senior,en,Trainee Sales Management
Vertrieb / Key Account Management,Senior,de,Sales / Key Account Management
Vertrieb // Business Development Management,Senior,de,Sales // Business Development Management
VertriebsKommunikation + -Management,Senior,de,SalesCommunication + Management
Account Management Support,Senior,en,Account Management Support
Interim CEO | MD | CSO - Sales & Performance Management Consultant,Senior,hi,Interim CEO | MD | CSO - Sales & Performance Management Consultant
Abteilungsdirektor Sales & Relationship Managem...,Senior,nl,Department Director Sales & Relationship Management...
Vertriebsdirektor Asset Management,Senior,de,Sales Director Asset Management
Gruppenleiter Project Management Office & Proce...,Senior,de,Group Leader Project Management Office & Proce...
Teamleiter Account Management,Senior,ru,Team leader account management
Teamleiter Customer Relationship Management,Senior,de,Team Leader Customer Relationship Management
Teamleiter Key Account Management,Senior,ru,Team Leader Key Account Management
Teamleiter Managed Services,Senior,de,Team Leader Managed Services
Teamleiter Technisches Property Management,Senior,de,Team Leader Technical Property Management
Teamleiter Business Prozess Management,Senior,de,Team Leader Business Process Management
Gruppenleiter Messe & Event Management,Senior,de,Group Leader Fair & Event Management
Bereichsleiter Vertrieb & Service Management,Senior,de,Head of Sales & Service Management
Managing Consultant / Teamleiter Vertrieb / Büroleiter,Senior,de,Managing Consultant / Team Manager Sales / Office Manager
Teamleiter Key Account Management Support,Senior,de,Team Leader Key Account Management Support
"Leiter ""Master Data Management""",Senior,de,"Head of ""Master Data Management"""
Leiter Akquisition & Key Account Management Modernisation,Senior,de,Head of Acquisition & Key Account Management Modernisation
Leiter Application Management,Senior,de,Head of Application Management
Leiter Channel Management,Senior,de,Head of Channel Management
Leiter eProduct Management,Senior,de,Head of eProduct Management
Leiter Key Account Management,Senior,de,Head of Key Account Management
Leiter Managed Services,Senior,ur,Leiter Managed Services
Leiter Order Management,Senior,de,Head of Order Management
Leiter Process Management,Senior,de,Head of Process Management
Leiterin Office Management,Senior,it,Head of Office Management
Teamleitung Key Account Management,Senior,de,Team Leader Key Account Management
Leiter Business Process Management,Senior,de,Head of Business Process Management
Leiter Business Process Management/Rekrutierung,Senior,de,Head of Business Process Management/Recruitment
Leiter IT Service Management,Senior,de,Head of IT Service Management
Leiter IT-Management,Senior,de,Head of IT Management
Bereichsleitung Key Account Management CRM,Senior,de,Key Account Management CRM
Leiter Customer Relationship Management (CRM),Senior,en,Leiter Customer Relationship Management (CRM)
AGV/IT Leiter Projekt-Management (Messe Kontakt),Senior,de,AGV/IT Head of Project Management (Trade Fair Contact)
Leiter Marketing / International Brand Management,Senior,de,Head of Marketing / International Brand Management
Leiter Marketing Management,Senior,de,Head of Marketing Management
Leiter Marketing und Managementsysteme,Senior,de,Head of Marketing and Management Systems
Leiter Social Media & Community Management / Kommunikation,Senior,de,Head of Social Media & Community Management / Communication
Leiterin Marketing / Produkt Management,Senior,de,Head of Marketing / Product Management
Leiter Operations Management,Senior,en,Leiter Operations Management
Leiter Area Sales Management D-A-CH,Senior,de,Head of Area Sales Management D-A-CH
Leiter Regional Sales Management National,Senior,en,Leiter Regional Sales Management National
Leiter Sales Systems & Process Management / Leiter VID/KD,Senior,de,Head of Sales Systems & Process Management / Head of VID/KD
Leiter Vertrieb Consulting und Managed Services,Senior,de,Head of Sales Consulting and Managed Services
Leiter Vertrieb Industrie und Key Account Management,Senior,de,Head of Sales Industry and Key Account Management
Leiter Vertrieb Managed Services / IT-Strategie...,Senior,de,Head of Sales Managed Services / IT Strategy...
Leiter Vertrieb und Key Account Management,Senior,de,Head of Sales and Key Account Management
Leiter Vertriebssteuerung / Key Account Management,Senior,de,Head of Sales Management / Key Account Management
Vertriebsleitung / Sales Management,Senior,de,Sales Management / Sales Management
Account Executive,Senior,en,Account Executive
Account Executive Automotive DACH,Senior,de,Account Executive Automotive DACH
Account Executive SaaS,Senior,en,Account Executive SaaS
Acquisition Executive,Senior,en,Acquisition Executive
Cloud Services Executive,Senior,en,Cloud Services Executive
Customer Executive,Senior,en,Customer Executive
Enterprise Account Executive,Senior,en,Enterprise Account Executive
Executive board,Senior,en,Executive board
Executive Board Member,Senior,en,Executive Board Member
Executive Chairman,Senior,en,Executive Chairman
Executive In Residence,Senior,en,Executive In Residence
Executive Recruiter,Senior,en,Executive Recruiter
Executive Researcher -Travis Research & CER Sourcing - lucy@travisresearch.co.uk,Senior,en,Executive Researcher -Travis Research & CER Sourcing - lucy@travisresearch.co.uk
Executive Search,Senior,en,Executive Search
Field Account Executive,Senior,en,Field Account Executive
Head Executive Search & Partner,Senior,en,Head Executive Search & Partner
"Account Executive""",Senior,en,"Account Executive"""
Inhaberin  Leadership & Executive Development,Senior,de,Owner Leadership & Executive Development
Interim Executive - Agent of Change,Senior,en,Interim Executive - Agent of Change
Interim Management | Executive Search | Unified...,Senior,en,Interim Management | Executive Search | Unified...
Jr. Account Executive,Senior,en,Jr. Account Executive
Logistics & Supply Chain Executive Recruiter,Senior,en,Logistics & Supply Chain Executive Recruiter
Member of the Executive Board,Senior,en,Member of the Executive Board
Mid-Market Account Executive,Senior,en,Mid-Market Account Executive
Sr. Executive Design & Estimations,Senior,en,Sr. Executive Design & Estimations
Strategic Partnerships Executive,Senior,en,Strategic Partnerships Executive
Teamlead & Enterprise Account Executive DACH,Senior,en,Teamlead & Enterprise Account Executive DACH
Xerox Account Executive,Senior,en,Xerox Account Executive
Business Development Account Executive,Senior,en,Business Development Account Executive
Business Development Executive,Senior,en,Business Development Executive
Business Development Executive Asset Management | Insurance,Senior,en,Business Development Executive Asset Management | Insurance
Business Development Executive DACH,Senior,de,Business Development Executive DACH
New Business Executive,Senior,en,New Business Executive
Executive Consultant,Senior,en,Executive Consultant
Business Development and Marketing Executive,Senior,en,Business Development and Marketing Executive
Customer Marketing Executive,Senior,en,Customer Marketing Executive
Digital Marketing Executive,Senior,en,Digital Marketing Executive
Head of Sales Executive and Sales & Marketing M...,Senior,en,Head of Sales Executive and Sales & Marketing M...
International Marketing Executive,Senior,en,International Marketing Executive
Marketing & Channel Sales Executive,Senior,en,Marketing & Channel Sales Executive
Marketing & Sales Executive,Senior,en,Marketing & Sales Executive
Marketing and Events Executive,Senior,en,Marketing and Events Executive
Marketing Executive,Senior,en,Marketing Executive
Marketing Executive - DACH,Senior,hi,Marketing Executive - DACH
Marketing Executive (Messe Kontakt),Senior,ur,Marketing Executive (Exhibition Contact)
Marketing Executive | CRM Marketing | B2B | Commercial Services | German Market at American Express,Senior,en,Marketing Executive | CRM Marketing | B2B | Commercial Services | German Market at American Express
Marketing Executive DACH,Senior,hi,Marketing Executive DACH
Marketing Executive Germany,Senior,de,Marketing Executive Germany
Nuvias Marketing Executive,Senior,pt,Nuvias Marketing Executive
PR & Marketing Executive,Senior,en,PR & Marketing Executive
Regional Marketing Executive DACH,Senior,hi,Regional Marketing Executive DACH
Sr. Marketing Operations Executive,Senior,en,Sr. Marketing Operations Executive
Trade Marketing Executive,Senior,en,Trade Marketing Executive
Vendor Marketing Executive & Events,Senior,en,Vendor Marketing Executive & Events
Channel Sales Executive,Senior,en,Channel Sales Executive
Enterprise Sales Executive,Senior,en,Enterprise Sales Executive
Export Sales Executive,Senior,en,Export Sales Executive
External Sales Account Executive,Senior,en,External Sales Account Executive
Global Executive Officer Global Sales Support,Senior,en,Global Executive Officer Global Sales Support
Inside Sales Executive,Senior,en,Inside Sales Executive
Sales Account Executive | I-Goal,Senior,en,Sales Account Executive | I-Goal
Sales Executive,Senior,en,Sales Executive
Sales Executive - Data Centre Services,Senior,en,Sales Executive - Data Centre Services
Sales Executive - Eastern Europe,Senior,en,Sales Executive - Eastern Europe
Sales Executive D/A/CH,Senior,pt,Sales Executive D/A/CH
Sales Executive D-A-CH,Senior,pt,Sales Executive D-A-CH
Sales Executive SE,Senior,en,Sales Executive SE
Sales Leader| Qlik OEM | Executive Commercial Management| Speaker | Consultant | Healthcare IT & Life Sciences| IoT| Data Catalog | Data Literacy | Mensa,Senior,en,Sales Leader| Qlik OEM | Executive Commercial Management| Speaker | Consultant | Healthcare IT & Life Sciences| IoT| Data Catalog | Data Literacy | Mensa
Solutions Executive - Enterprise Sales,Senior,en,Solutions Executive - Enterprise Sales
Vertriebsinnendienst - Sales Support Executive,Senior,de,Internal Sales Service - Sales Support Executive
Accout Manager Nord,Senior,en,Accout Manager Nord
AE Manager DACH & NORDICS,Senior,ur,AE Manager DACH & NORDICS
Alliance Manager Distribution NFON Group,Senior,en,Alliance Manager Distribution NFON Group
Alliance Managerin,Senior,en,Alliance Managerin
Application Manager,Senior,en,Application Manager
Application Manager BI,Senior,en,Application Manager BI
Application Manager ERP & BI,Senior,en,Application Manager ERP & BI
Applications Manager,Senior,en,Applications Manager
Applications Manager EMEA,Senior,en,Applications Manager EMEA
Area Manager,Senior,en,Area Manager
Area Manager / Key-Account,Senior,en,Area Manager / Key-Account
Article Data Manager,Senior,en,Article Data Manager
Asset Manager,Senior,en,Asset Manager
Assistant,Senior,en,Assistant
Assistant CEO,Senior,en,Assistant CEO
Assistant CFO & COO,Senior,en,Assistant CFO & COO
Assistant commercial et administratif NMC France SAS - B.U. Isolation,Senior,fr,Commercial and administrative assistant NMC France SAS - B.U. Isolation
Assistant COO Corrugated Board Converting Systems,Senior,en,Assistant COO Corrugated Board Converting Systems
Assistant Customer Relationship,Senior,en,Assistant Customer Relationship
Assistant de direction,Senior,nl,Executive assistant
Assistant General Affairs,Senior,en,Assistant General Affairs
Assistant Manager,Senior,en,Assistant Manager
Assistant marketing,Senior,en,Assistant marketing
Assistant Newbuilding Division,Senior,en,Assistant Newbuilding Division
Assistant Project Manager,Senior,en,Assistant Project Manager
Assistant to CEO,Senior,en,Assistant to CEO
Assistant to CFO,Senior,en,Assistant to CFO
Assistant to General Management,Senior,en,Assistant to General Management
Assistant to Holding Management,Senior,en,Assistant to Holding Management
Assistant to the CEO,Senior,en,Assistant to the CEO
Assistante,Senior,en,Assistante
Assistante commerciale,Senior,fr,Sales Assistant
Assistante commerciale et marketing,Senior,fr,Sales and Marketing Assistant
Assistante Commerciale/ADV - France/Export,Senior,fr,Sales Assistant/ADV - France/Export
Assistante communication,Senior,en,Assistante communication
Assistante communication marketing,Senior,en,Assistante communication marketing
Assistante de direction et communication,Senior,fr,Senior Management and Communications Assistant
Assistante de gestion,Senior,fr,Management Assistant
Assistante Direction Commerciale,Senior,nl,Sales Management Assistant
Assistante marketing et communication,Senior,fr,Marketing and Communication Assistant
Assistante technique,Senior,en,Assistante technique
Associate Broker/Manager for Kurfiss Sotheby's International Realty's Rittenhouse Square and Bryn Mawr Offices,Senior,en,Associate Broker/Manager for Kurfiss Sotheby's International Realty's Rittenhouse Square and Bryn Mawr Offices
Associate Manager,Senior,en,Associate Manager
Associate Market Development Manager,Senior,en,Associate Market Development Manager
Associate Market Manager,Senior,en,Associate Market Manager
B2B Event Manager DACH & EMEA,Senior,pt,B2B Event Manager DACH & EMEA
BPI Manager,Senior,en,BPI Manager
Branch Manager,Senior,en,Branch Manager
Brand Manager,Senior,en,Brand Manager
Brand Manager & PR,Senior,en,Brand Manager & PR
Brand Manager Volkswagen Financial Services Ireland,Senior,en,Brand Manager Volkswagen Financial Services Ireland
Brand Managerin Westeuropa,Senior,it,Brand Manager Western Europe
Campaign Manager,Senior,en,Campaign Manager
Campaign Manager EMEA,Senior,nl,Campaign Manager EMEA
Campaign Manager Lead Generation,Senior,en,Campaign Manager Lead Generation
Category Development Manager NE,Senior,en,Category Development Manager NE
CEO / Recruiting Manager (Executive Search),Senior,en,CEO / Recruiting Manager (Executive Search)
Channel Development Manager,Senior,en,Channel Development Manager
Channel Distribution Manager,Senior,en,Channel Distribution Manager
Channel Manager,Senior,en,Channel Manager
Channel Manager D/A/CH,Senior,en,Channel Manager D/A/CH
Channel Manager DACH,Senior,en,Channel Manager DACH
Channel Manager EMEA,Senior,en,Channel Manager EMEA
Chef de Produit / Product Manager,Senior,pt,Product Manager / Product Manager
Chief Executive Manager,Senior,en,Chief Executive Manager
CIO / Organization Development Manager,Senior,en,CIO / Organization Development Manager
CIO -IS Manager,Senior,ur,CIO -IS Manager
Client Engagement Manager,Senior,en,Client Engagement Manager
Client Managerin / Project Managerin,Senior,en,Client Managerin / Project Managerin
Client Relationship Manager,Senior,en,Client Relationship Manager
Client Relationship Manager BA Nord,Senior,en,Client Relationship Manager BA Nord
Client Relationship Manager Global IPM / Health Solutions,Senior,en,Client Relationship Manager Global IPM / Health Solutions
Client Success Manager,Senior,en,Client Success Manager
co-founder and Senior Graphic Designer,Senior,en,co-founder and Senior Graphic Designer
Commercial Excellence Manager,Senior,en,Commercial Excellence Manager
Commercial Excellence Manager DACH,Senior,de,Commercial Excellence Manager DACH
Commercial Insights & Analytics Manager,Senior,en,Commercial Insights & Analytics Manager
Commercial Manager,Senior,en,Commercial Manager
Commercial Manager Civil,Senior,en,Commercial Manager Civil
Commercial Manager Dairy Europe,Senior,en,Commercial Manager Dairy Europe
Commercial Manager Europe,Senior,en,Commercial Manager Europe
Community Manager,Senior,en,Community Manager
Community Managerin,Senior,en,Community Managerin
Conference and Exhibition Manager,Senior,en,Conference and Exhibition Manager
Content Manager,Senior,en,Content Manager
Contracts Manager,Senior,en,Contracts Manager
Corporate Applications Manager,Senior,en,Corporate Applications Manager
Corporate Development Manager,Senior,en,Corporate Development Manager
Corporate Event Manager,Senior,en,Corporate Event Manager
Corporate Project Portfolio Manager,Senior,en,Corporate Project Portfolio Manager
Country Manager,Senior,en,Country Manager
Country Manager - Fingerspitzengefühl,Senior,de,Country Manager - Sensitivity
Country Manager DACH,Senior,en,Country Manager DACH
Country Manager Deutschland,Senior,de,Country Manager Germany
Country Manager Germany,Senior,en,Country Manager Germany
Country Manager Germany / Austria,Senior,en,Country Manager Germany / Austria
Country Manager Industry Verticals Healthcare,Senior,en,Country Manager Industry Verticals Healthcare
Country Manager LPR Deutschland,Senior,de,Country Manager LPR Germany
Country Manager The Netherlands,Senior,en,Country Manager The Netherlands
CSR and Event Manager,Senior,en,CSR and Event Manager
CSR-Manager,Senior,en,CSR-Manager
Customer Care Managerin,Senior,en,Customer Care Managerin
Customer Data Manager,Senior,en,Customer Data Manager
Customer Development Manager,Senior,en,Customer Development Manager
Customer Development Manager E-Commerce,Senior,en,Customer Development Manager E-Commerce
Customer Expansion Manager,Senior,en,Customer Expansion Manager
Customer Manager,Senior,en,Customer Manager
Customer Relation Manager and Process Development,Senior,en,Customer Relation Manager and Process Development
Customer Relations & Team Manager,Senior,en,Customer Relations & Team Manager
Customer Relations Manager,Senior,en,Customer Relations Manager
Customer Relations Manager - Leadership,Senior,en,Customer Relations Manager - Leadership
Customer Relationship Management Manager,Senior,en,Customer Relationship Management Manager
Customer Relationship Manager,Senior,en,Customer Relationship Manager
Customer Relationship Managerin,Senior,en,Customer Relationship Managerin
Customer Service Manager,Senior,en,Customer Service Manager
Customer Service Managerin,Senior,en,Customer Service Managerin
Customer Success Manager,Senior,en,Customer Success Manager
DACH Country Manager,Senior,en,DACH Country Manager
DACH Team Assistant,Senior,en,DACH Team Assistant
Data Manager,Senior,en,Data Manager
Data Manager & BoM Coordinator,Senior,pt,Data Manager & BoM Coordinator
Demand Generation Manager,Senior,en,Demand Generation Manager
Demand Manager,Senior,en,Demand Manager
Department Manager Process Management,Senior,en,Department Manager Process Management
Deputy General Manager,Senior,en,Deputy General Manager
Deputy Head of Equities | Equity Portfolio Manager,Senior,en,Deputy Head of Equities | Equity Portfolio Manager
Development Manager,Senior,en,Development Manager
Development Manager ( Akquisiteur ),Senior,nl,Development Manager (acquisitor)
Directeur De Clientèle /account Manager,Senior,nl,Customer Director / Account Manager
Direktmarketing Manager,Senior,ur,Direct Marketing Manager
Direktmarketing Managerin,Senior,de,Direct marketing manager
Distribution Manager,Senior,en,Distribution Manager
Distribution Manager DACH,Senior,en,Distribution Manager DACH
Division Manager,Senior,en,Division Manager
Division Manager - Crowd & Traffic Control,Senior,en,Division Manager - Crowd & Traffic Control
Divisional Dealer Development Manager,Senior,en,Divisional Dealer Development Manager
Divisional Manager Material Testing,Senior,en,Divisional Manager Material Testing
Eastern Regional Manager,Senior,en,Eastern Regional Manager
eCommerce Customer Experience Manager,Senior,en,eCommerce Customer Experience Manager
eCommerce Manager,Senior,en,eCommerce Manager
E-Commerce Manager,Senior,en,E-Commerce Manager
E-Commerce Manager & Prozessoptimierung & Social Media,Senior,de,E-Commerce Manager & Process Optimization & Social Media
E-Commerce Manager Marketplaces,Senior,en,E-Commerce Manager Marketplaces
E-Commerce und Pricing Manager,Senior,de,E-Commerce and Pricing Manager
eCommerce-Manager,Senior,en,eCommerce-Manager
E-Commerce-Managerin,Senior,pt,E-Commerce Manager
EMEA Event Manager,Senior,pt,EMEA Event Manager
EMEA Event Manager / Technology & innovation for events,Senior,en,EMEA Event Manager / Technology & innovation for events
EMEA Process Improvement Manager,Senior,pt,EMEA Process Improvement Manager
Engineering Manager,Senior,en,Engineering Manager
ERP Manager,Senior,en,ERP Manager
E-Trade Manager B2B D/A/CH,Senior,sw,E-Trade Manager B2B D/A/CH
EU Event Manager,Senior,en,EU Event Manager
Event & Facility Manager,Senior,en,Event & Facility Manager
Event Manager,Senior,en,Event Manager
Event Manager DACH by Avantgarde Experts at Google Cloud,Senior,en,Event Manager DACH by Avantgarde Experts at Google Cloud
Event Manager Onkologie,Senior,ur,Event Manager Onkologie
Event Manager Region Europe,Senior,en,Event Manager Region Europe
Event Managerin,Senior,en,Event Managerin
Event-Manager,Senior,en,Event-Manager
Event-Managerin,Senior,en,Event-Managerin
Eventmarketing Manager,Senior,en,Eventmarketing Manager
Events Manager @Philips-Connected Care,Senior,en,Events Manager @Philips-Connected Care
Executive Assistant,Senior,en,Executive Assistant
Executive Assistant / Strategic Projects,Senior,en,Executive Assistant / Strategic Projects
Executive Assistant | Office Management,Senior,en,Executive Assistant | Office Management
Executive Assistant to CEO,Senior,en,Executive Assistant to CEO
Exhibition & Event Manager Europe,Senior,en,Exhibition & Event Manager Europe
Export Manager,Senior,en,Export Manager
External Evenets & Partnerships Manager,Senior,en,External Evenets & Partnerships Manager
Factory Manager,Senior,en,Factory Manager
Fairs & Events Manager,Senior,en,Fairs & Events Manager
Finance & Partner Manager,Senior,en,Finance & Partner Manager
Founder / Senior Recruiter,Senior,en,Founder / Senior Recruiter
Freelance Event Manager & Producer,Senior,en,Freelance Event Manager & Producer
General  Manager,Senior,en,General  Manager
General Manager,Senior,en,General Manager
Général Manager,Senior,hi,General Manager
General Manager - Cloud & Distribution,Senior,en,General Manager - Cloud & Distribution
General Manager and President,Senior,en,General Manager and President
General Manager Central & Eastern Europe,Senior,en,General Manager Central & Eastern Europe
General Manager Customercenter D-A-CH,Senior,en,General Manager Customercenter D-A-CH
General Manager DACH,Senior,de,General Manager DACH
General Manager DACH / Prokurist,Senior,de,General Manager DACH / Procurator
General Manager France,Senior,fr,General Manager France
General Manager Netmail EMEA,Senior,pt,General Manager Netmail EMEA
General Manager Production Management,Senior,en,General Manager Production Management
General Manager SENA,Senior,sw,General Manager SENA
Geschäftsführender Gesellschafter ART and SOURCE // General Manager CREACTIVES,Senior,de,Managing Partner ART and SOURCE // General Manager CREACTIVES
Geschäftsführer & Senior Partner,Senior,de,Managing Director & Senior Partner
Geschäftsführer / General Manager,Senior,de,Managing Director / General Manager
Geschäftsführer/ General Manager,Senior,de,Managing Director/General Manager
Global Application and Master Data Manager,Senior,en,Global Application and Master Data Manager
Global B2B Campaign Manager,Senior,en,Global B2B Campaign Manager
Global Brand & Events Manager,Senior,en,Global Brand & Events Manager
Global Category Manager,Senior,en,Global Category Manager
Global Customer Order Service Process & Systems Manager,Senior,en,Global Customer Order Service Process & Systems Manager
Global Market Development Manager,Senior,en,Global Market Development Manager
Global Market Manager,Senior,en,Global Market Manager
Global Pricing Manager,Senior,en,Global Pricing Manager
Global Relationship Manager,Senior,en,Global Relationship Manager
Graphic Design Manager,Senior,en,Graphic Design Manager
Group ICT Manager,Senior,en,Group ICT Manager
Group Leads Generation & Customers Events Manager,Senior,en,Group Leads Generation & Customers Events Manager
Group Manager Marcom & Events,Senior,en,Group Manager Marcom & Events
Growth LEAD Manager,Senior,en,Growth LEAD Manager
Growth Manager,Senior,en,Growth Manager
Gruppenleiter Veranstaltungsmanagment & Go-to-Market Manager,Senior,de,Group Leader Event Management & Go-to-Market Manager
Händler-Manager,Senior,de,Merchant Manager
Head of Omni Channel Solutions Senior Manager,Senior,en,Head of Omni Channel Solutions Senior Manager
Head of Product Management & Senior Project Man...,Senior,en,Head of Product Management & Senior Project Man...
Hosting Manager,Senior,en,Hosting Manager
I&C Event Manager,Senior,en,I&C Event Manager
IAM Customers - General Manager,Senior,en,IAM Customers - General Manager
ICT Manager,Senior,en,ICT Manager
IM&T Enterprise Architecture Manager,Senior,nl,IM&T Enterprise Architecture Manager
Implementation Manager ERP,Senior,en,Implementation Manager ERP
Industry Manager,Senior,en,Industry Manager
Information Manager Research,Senior,en,Information Manager Research
Information System Transformation Manager,Senior,en,Information System Transformation Manager
Innovation Manager,Senior,en,Innovation Manager
Int. Senior Key Account Leader Out-of-Home,Senior,en,Int. Senior Key Account Leader Out-of-Home
Internal Process Manager & ERP Coordination,Senior,en,Internal Process Manager & ERP Coordination
International Channel Manager,Senior,en,International Channel Manager
International Product Manager,Senior,en,International Product Manager
International Project Manager,Senior,en,International Project Manager
Internet Managerin,Senior,en,Internet Managerin
Investment Manager & Partner,Senior,en,Investment Manager & Partner
Kaufmännischer Facility Manager,Senior,de,Commercial Facility Manager
Key Market Manager Bereich Prozesswasser,Senior,de,Key Market Manager Area Process Water
Knowledge Manager,Senior,en,Knowledge Manager
Lead Generation Manager,Senior,en,Lead Generation Manager
Lead Manager,Senior,en,Lead Manager
Lead Product Manager @ Bolloré Logistics,Senior,pt,Lead Product Manager @ Bolloré Logistics
Lead Project Manager,Senior,en,Lead Project Manager
Leiter Produktmanagement / Manager Product Management,Senior,de,Head of Product Management / Manager Product Management
License Manager,Senior,en,License Manager
M&A Manager,Senior,en,M&A Manager
Management Assistant,Senior,en,Management Assistant
Management Assistant / Customer Service Key Acc...,Senior,en,Management Assistant / Customer Service Key Acc...
Management Assistant Wipak Group,Senior,en,Management Assistant Wipak Group
Manager,Senior,en,Manager
Manager - Data Analyst,Senior,en,Manager - Data Analyst
Manager & Sr Technical Talent Acquisition Specialist,Senior,en,Manager & Sr Technical Talent Acquisition Specialist
Manager / Prokurist People and Organisation,Senior,en,Manager / Prokurist People and Organisation
Manager Agency Partnerships DACH,Senior,de,Manager Agency Partnerships DACH
Manager Akquisition und Standortberatung,Senior,de,Manager acquisition and site consulting
Manager Awards + Tradeshows,Senior,en,Manager Awards + Tradeshows
Manager Backoffice,Senior,en,Manager Backoffice
Manager Booking & Events,Senior,en,Manager Booking & Events
Manager BU Connecting Rods,Senior,en,Manager BU Connecting Rods
Manager Change & Process Enablement,Senior,en,Manager Change & Process Enablement
Manager Channel Development,Senior,en,Manager Channel Development
Manager Conferences and Events,Senior,en,Manager Conferences and Events
Manager Corporate Relations,Senior,en,Manager Corporate Relations
Manager Corporate Strategy,Senior,en,Manager Corporate Strategy
Manager Customer Data Management,Senior,en,Manager Customer Data Management
Manager Customer Engagement Solutions,Senior,en,Manager Customer Engagement Solutions
Manager Customer Relations,Senior,en,Manager Customer Relations
Manager Customer Relationship Management,Senior,en,Manager Customer Relationship Management
Manager Customer Success,Senior,en,Manager Customer Success
Manager Data Center Solution,Senior,en,Manager Data Center Solution
Manager Demand Generation & Events,Senior,en,Manager Demand Generation & Events
Manager Deployment und Migration,Senior,de,Manager Deployment and Migration
Manager des Ventes,Senior,fr,Sales Manager
Manager Development,Senior,en,Manager Development
Manager Dialogmarketing,Senior,en,Manager Dialogmarketing
Manager Dokumentation,Senior,en,Manager Dokumentation
Manager Event & Sportmarketing,Senior,en,Manager Event & Sportmarketing
Manager Exhibition & Events,Senior,en,Manager Exhibition & Events
Manager Fairs&Events retarus GmbH,Senior,de,Manager Fairs&Events retarus GmbH
Manager General Line Division,Senior,en,Manager General Line Division
Manager Geschäftsentwicklung,Senior,de,Manager Business Development
Manager Geschäftskundenvertrieb Telekommunikation,Senior,de,Manager Business Sales Telecommunications
Manager Global Customer Relationship Management,Senior,en,Manager Global Customer Relationship Management
Manager Globale Marktkommunikation,Senior,de,Manager Global Market Communication
Manager Lead-Generierung,Senior,de,Manager Lead Generation
Manager Lieferantenwechsel und Stammdaten,Senior,de,Manager Supplier Change and Master Data
Manager MarCom,Senior,en,Manager MarCom
Manager Marcom and Events,Senior,en,Manager Marcom and Events
Manager Master Data,Senior,en,Manager Master Data
Manager Mergers & Acquisitions,Senior,en,Manager Mergers & Acquisitions
Manager of International Development,Senior,en,Manager of International Development
Manager of Very Important Things,Senior,en,Manager of Very Important Things
Manager Outsourcing,Senior,en,Manager Outsourcing
Manager Prime Processing,Senior,en,Manager Prime Processing
Manager Products & Solution Architect,Senior,en,Manager Products & Solution Architect
Manager Produktmarketing  und -kommunikation,Senior,de,Manager Product Marketing and Communication
Manager Professional Services,Senior,en,Manager Professional Services
Manager Publisher Partnerships,Senior,en,Manager Publisher Partnerships
Manager Smart Apps und Services,Senior,en,Manager Smart Apps und Services
Manager Strategic Customer Development,Senior,en,Manager Strategic Customer Development
Manager Strategic Projects,Senior,en,Manager Strategic Projects
Manager Systems Engineering DACH,Senior,en,Manager Systems Engineering DACH
Manager Technology Consulting,Senior,en,Manager Technology Consulting
Manager Trade Fairs & Events,Senior,en,Manager Trade Fairs & Events
Manager Trade Shows & Events,Senior,en,Manager Trade Shows & Events
Manager Verkaufssteuerung,Senior,de,Manager Sales Control
Manager Verkaufssysteme,Senior,de,Managers Sales Systems
Managerin Customer Delivery und Engagement,Senior,de,Manager Customer Delivery and Engagement
Managerin Gastveranstaltungen,Senior,de,Manager Guest events
Managerin Kundenbetreuung,Senior,de,Manager Customer Support
Managerin Unternehmenskommunikation,Senior,de,Manager Corporate Communications
Managerin Unternehmenskommunikation D-A-CH,Senior,de,Manager Corporate Communications D-A-CH
Marcom Manager,Senior,en,Marcom Manager
Marcom Manager Central & Eastern Europe,Senior,en,Marcom Manager Central & Eastern Europe
MarCom Manager Europe,Senior,en,MarCom Manager Europe
MarCom Manager Tradeshows,Senior,en,MarCom Manager Tradeshows
MarCom Project Manager,Senior,en,MarCom Project Manager
MARCOM Regional Manager DACH,Senior,hi,MARCOM Regional Manager DACH
Market Assistant,Senior,en,Market Assistant
Market Development Manager,Senior,en,Market Development Manager
Market Development Manager DACH & Benelux,Senior,it,Market Development Manager DACH & Benelux
Market Development Manager Renewables + Team Leader BD2,Senior,en,Market Development Manager Renewables + Team Leader BD2
Market Intelligence Manager in our N.E.X.T. Team,Senior,en,Market Intelligence Manager in our N.E.X.T. Team
Market Manager,Senior,en,Market Manager
Market Manager Cable Systems,Senior,en,Market Manager Cable Systems
Market Manager Distribution,Senior,en,Market Manager Distribution
Market Segment Manager,Senior,en,Market Segment Manager
Markt Manager - Dichtheitsprüfgeräte für die Lebensmittelindustrie,Senior,de,Market Manager - leak testers for the food industry
Master Data Manager,Senior,en,Master Data Manager
Microsoft Global Alliance Manager,Senior,en,Microsoft Global Alliance Manager
Mr Chiron's Assistant,Senior,en,Mr Chiron's Assistant
Networker und Dealflow Manager,Senior,de,Networker and Dealflow Manager
Office & Event Manager,Senior,en,Office & Event Manager
Office Manager,Senior,en,Office Manager
Office Manager | EA to Jens Friedrich CEO,Senior,ur,Office Manager | EA to Jens Friedrich CEO
Office Managerin,Senior,en,Office Managerin
Online & Public Relations Manager,Senior,en,Online & Public Relations Manager
Online Kampagnen Managerin,Senior,en,Online Kampagnen Managerin
Online Platform Manager Europe,Senior,en,Online Platform Manager Europe
Onlinemarketing Manager,Senior,en,Onlinemarketing Manager
Operativer Manager,Senior,en,Operativer Manager
Opertions Manager Deutschland,Senior,de,Operations Manager Germany
Partner Alliance Manager,Senior,en,Partner Alliance Manager
Partner Channel Manager,Senior,en,Partner Channel Manager
Partner Development Manager,Senior,en,Partner Development Manager
Partner Manager,Senior,en,Partner Manager
Partner Manager DACH,Senior,de,Partner Manager DACH
Partner Success Manager,Senior,en,Partner Success Manager
Personal Assistant,Senior,en,Personal Assistant
Post Merger Integration & Project Manager,Senior,en,Post Merger Integration & Project Manager
PR- & Content-Managerin,Senior,ur,PR- & Content-Managerin
PR- & Social Media-Managerin,Senior,ur,PR- & Social Media-Managerin
PR Manager,Senior,en,PR Manager
Pricing Manager,Senior,en,Pricing Manager
PR-Manager,Senior,en,PR-Manager
PR-Managerin,Senior,ur,PR Manager
Process & Innovations Manager,Senior,en,Process & Innovations Manager
Process and Product Manager,Senior,en,Process and Product Manager
Process Manager,Senior,en,Process Manager
Procurement Manager,Senior,en,Procurement Manager
Product Group Manager,Senior,en,Product Group Manager
Product Management Assistant,Senior,en,Product Management Assistant
Product Manager,Senior,en,Product Manager
Product Manager Converged Solutions,Senior,en,Product Manager Converged Solutions
Product Manager Leistungssteller,Senior,de,Product Manager Service Providers
Product Manager Rugged Products,Senior,en,Product Manager Rugged Products
Product Manager und Software-Verifizierung,Senior,de,Product Manager and Software Verification
Product Manager. Solutions & Product Management,Senior,en,Product Manager. Solutions & Product Management
Product Segment Manager Systems,Senior,en,Product Segment Manager Systems
Produkt Manager,Senior,de,Product Manager
Produktmanager / Senior Creative Technologist,Senior,de,Product Manager / Senior Creative Technologist
Produktmarketing Manager,Senior,en,Produktmarketing Manager
Produktmarketing Managerin,Senior,de,Product Marketing Manager
Program Manager,Senior,en,Program Manager
Project Assistant,Senior,en,Project Assistant
Project Manager,Senior,en,Project Manager
Project Manager / Data Scientist,Senior,en,Project Manager / Data Scientist
Project Manager Customer Relationship Managment,Senior,en,Project Manager Customer Relationship Managment
Project Manager Deutschland,Senior,de,Project Manager Germany
Project Manager ERP,Senior,en,Project Manager ERP
Project Manager Events,Senior,en,Project Manager Events
Project Manager Events & PR,Senior,en,Project Manager Events & PR
Project Manager Exhibitions/Events,Senior,en,Project Manager Exhibitions/Events
Project Manager Fairs & Events,Senior,en,Project Manager Fairs & Events
Project Manager Germany,Senior,en,Project Manager Germany
Project Manager International Motor Shows and Events for the global Volkswagen Group brands,Senior,en,Project Manager International Motor Shows and Events for the global Volkswagen Group brands
Project Manager Level C (IPMA),Senior,en,Project Manager Level C (IPMA)
Project Manager Market Intelligence & Exhibitions,Senior,en,Project Manager Market Intelligence & Exhibitions
Project Manager New Product Introduction,Senior,en,Project Manager New Product Introduction
Project Manager Non-Food Compounds,Senior,it,Project Manager Non-Food Compounds
Project Manager Product,Senior,en,Project Manager Product
Project Manager Trade Fairs,Senior,en,Project Manager Trade Fairs
Project Managerin,Senior,en,Project Managerin
Projekt- / Channel Manager,Senior,en,Projekt- / Channel Manager
Projekt Manager,Senior,it,Project Manager
Projektleiter & Application Manager,Senior,de,Project Manager & Application Manager
Prokurist / Senior Projektleiter,Senior,de,Procurator / Senior Project Manager
Prokurist | General Manager,Senior,hi,Authorized signatory | General Manager
Prozess Manager,Senior,de,Process Manager
PS Manager EMEA Central,Senior,pt,PS Manager EMEA Central
Public & Investor Relations Manager,Senior,en,Public & Investor Relations Manager
Public Affairs Manager,Senior,en,Public Affairs Manager
Public Relations Manager,Senior,en,Public Relations Manager
QR Project & Change Manager,Senior,en,QR Project & Change Manager
Quality / R&D Manager,Senior,en,Quality / R&D Manager
R&D Manager,Senior,hi,R&D Manager
Rail Systems Engineer and Project Manager with global business development and proposal management expertise,Senior,en,Rail Systems Engineer and Project Manager with global business development and proposal management expertise
Real Estate Manager,Senior,en,Real Estate Manager
Recruitment Manager,Senior,en,Recruitment Manager
Referentin Startup-Partner Manager,Senior,tr,Speaker Startup Partner Manager
Region Manager DACH,Senior,de,Region Manager DACH
Regional Delivery Lead Northwest & Senior Project Manager,Senior,en,Regional Delivery Lead Northwest & Senior Project Manager
Regional Event Manager DACH,Senior,de,Regional Event Manager DACH
Regional Manager,Senior,en,Regional Manager
Regional Manager Northern Europe,Senior,en,Regional Manager Northern Europe
Regional Manager Österreich,Senior,de,Regional Manager Austria
Regional Market Manager,Senior,en,Regional Market Manager
Regionalleiter / Regional Manager,Senior,de,Regional Manager / Regional Manager
Relationship Manager,Senior,en,Relationship Manager
Relationship Manager Payment&DCC,Senior,en,Relationship Manager Payment&DCC
Relationship Manager Unternehmenskunden,Senior,de,Relationship Manager Corporate Customers
Relationship-Manager QlikView und Qlik Sense,Senior,de,Relationship Managers QlikView and Qlik Sense
Reliability Technologies Manager,Senior,en,Reliability Technologies Manager
Research Assistant,Senior,en,Research Assistant
Responsable communications / logistique /Assistante commerciale,Senior,it,Communications/Logistics Manager/Sales Assistant
Responsable des systèmes d'information | IS Manager,Senior,fr,Information Systems Manager  IS Manager
Retail Data & Analytics Manager @ McKesson Europe AG,Senior,nl,Retail Data & Analytics Manager @ McKesson Europe AG
Sap Application Engineer SCM & Project Manager,Senior,en,Sap Application Engineer SCM & Project Manager
SEM Managerin,Senior,hi,SEM Manager
Senior Account Executive Large Enterprise,Senior,en,Senior Account Executive Large Enterprise
Senior Account Executive Service Cloud,Senior,en,Senior Account Executive Service Cloud
Senior Account Executive@Oracle NetSuite,Senior,en,Senior Account Executive@Oracle NetSuite
Senior Account Supervisor,Senior,en,Senior Account Supervisor
Senior Advisory Partner Automotive,Senior,en,Senior Advisory Partner Automotive
Senior Analyst ECM & IM,Senior,nl,Senior Analyst ECM & IM
Senior Assistant Corporate Insurance Risk Management,Senior,en,Senior Assistant Corporate Insurance Risk Management
Senior Associate,Senior,en,Senior Associate
Senior Board Advisor,Senior,en,Senior Board Advisor
Senior Brand Manager,Senior,en,Senior Brand Manager
Senior Brand Managerin,Senior,en,Senior Brand Managerin
Senior Campaign Manager,Senior,en,Senior Campaign Manager
Senior Channel Head Electronic Retail,Senior,en,Senior Channel Head Electronic Retail
Senior Client Service / Produktion,Senior,en,Senior Client Service / Produktion
Senior Commercial Development Manager EMEA,Senior,pt,Senior Commercial Development Manager EMEA
Senior Contact Manager,Senior,en,Senior Contact Manager
Senior Conversion Manager,Senior,en,Senior Conversion Manager
Senior Customer Insights Manager,Senior,en,Senior Customer Insights Manager
Senior Customer Manager,Senior,en,Senior Customer Manager
Senior Customer Relationship Manager,Senior,en,Senior Customer Relationship Manager
Senior Data Analyst,Senior,en,Senior Data Analyst
Senior Data Manager,Senior,en,Senior Data Manager
Senior Data Scientist,Senior,it,Senior Data Scientist
Senior Data Scientist & Data Thinker,Senior,en,Senior Data Scientist & Data Thinker
Senior Database Specialist,Senior,en,Senior Database Specialist
Senior Developer,Senior,en,Senior Developer
Senior Engineer: Testing,Senior,en,Senior Engineer: Testing
Senior Enterprise Account Executive,Senior,en,Senior Enterprise Account Executive
Senior Event Manager,Senior,en,Senior Event Manager
Senior Event Specialist,Senior,en,Senior Event Specialist
Senior Eventmanager,Senior,en,Senior Eventmanager
Senior Events Manager,Senior,en,Senior Events Manager
Senior Events Specialist,Senior,en,Senior Events Specialist
Senior Executive - Data Processing,Senior,en,Senior Executive - Data Processing
Senior Executive Client Service,Senior,en,Senior Executive Client Service
Senior Experte Data Management & Data Quality,Senior,en,Senior Experte Data Management & Data Quality
Senior Fairs & Event Manager,Senior,en,Senior Fairs & Event Manager
Senior Fairs & Exhibits Manager,Senior,en,Senior Fairs & Exhibits Manager
Senior Full Stack Web Developer,Senior,en,Senior Full Stack Web Developer
Senior Graphic Designer,Senior,en,Senior Graphic Designer
Senior Installed Sound Specialist,Senior,en,Senior Installed Sound Specialist
Senior Integration Engineer (Teamleiter),Senior,de,Senior Integration Engineer (Team Leader)
Senior Investment Manager,Senior,en,Senior Investment Manager
Senior JAVA Developer,Senior,en,Senior JAVA Developer
Senior Manager,Senior,en,Senior Manager
Senior Manager - Leitung Center of Competence I...,Senior,de,Senior Manager - Head of Center of Competence I...
Senior Manager / Cloud Architect,Senior,en,Senior Manager / Cloud Architect
Senior Manager Consulting,Senior,en,Senior Manager Consulting
Senior Manager Controlling,Senior,en,Senior Manager Controlling
Senior Manager Customer Service,Senior,en,Senior Manager Customer Service
Senior Manager Demand Generation & Lead Management,Senior,en,Senior Manager Demand Generation & Lead Management
Senior Manager Dynamics 365,Senior,en,Senior Manager Dynamics 365
Senior Manager Exhibitions & Events,Senior,en,Senior Manager Exhibitions & Events
Senior Manager Global Commercial Excellence,Senior,en,Senior Manager Global Commercial Excellence
Senior Manager Global Events,Senior,en,Senior Manager Global Events
Senior Manager Media International,Senior,en,Senior Manager Media International
Senior Manager Process & Application Services,Senior,en,Senior Manager Process & Application Services
Senior Manager Technical Service,Senior,en,Senior Manager Technical Service
Senior Market Intelligence Analyst,Senior,en,Senior Market Intelligence Analyst
Senior Media Buying,Senior,en,Senior Media Buying
Senior Partner,Senior,en,Senior Partner
Senior Partner Manager,Senior,en,Senior Partner Manager
Senior Partner Manager - Deutschland Nord-Ost,Senior,de,Senior Partner Manager - Germany North-East
Senior Partner Manager DACH,Senior,de,Senior Partner Manager DACH
Senior Presales Solution Manager,Senior,en,Senior Presales Solution Manager
Senior Product Manager,Senior,en,Senior Product Manager
Senior Produkt Manager,Senior,de,Senior Product Manager
Senior Produktmanager,Senior,de,Senior Product Manager
Senior Project- and Process Manager,Senior,en,Senior Project- and Process Manager
Senior Project Lead / Senior Projektleiter,Senior,de,Senior Project Lead / Senior Project Leader
Senior Project Manager,Senior,en,Senior Project Manager
Senior Project Manager / Fairs & Events,Senior,en,Senior Project Manager / Fairs & Events
Senior Project Manager Events,Senior,en,Senior Project Manager Events
Senior Project Manager Recruiting / Talent Acquisition,Senior,en,Senior Project Manager Recruiting / Talent Acquisition
Senior Projekt Manager,Senior,en,Senior Projekt Manager
Senior Projektleiter,Senior,de,Senior Project Leader
Senior Projektleiterin,Senior,de,Senior Project Leader
Senior Projektleitung,Senior,de,Senior Project Management
Senior Projektmanager,Senior,en,Senior Projektmanager
Senior Projektmanager Loyalty & Program,Senior,it,Senior Project Manager Loyalty & Program
Senior Prozessmanagerin Datenqualität B2B,Senior,de,Senior Process Manager Data Quality B2B
Senior Research & Insight Manager,Senior,en,Senior Research & Insight Manager
Senior Research Manager,Senior,en,Senior Research Manager
Senior Researcher,Senior,en,Senior Researcher
Senior Retail Manager,Senior,en,Senior Retail Manager
Senior Simulation Engineer,Senior,en,Senior Simulation Engineer
Senior Software Developer,Senior,en,Senior Software Developer
Senior Software Engineer,Senior,en,Senior Software Engineer
Senior software professional,Senior,en,Senior software professional
Senior Software Test Engineer,Senior,en,Senior Software Test Engineer
Senior Strategic Adviser,Senior,en,Senior Strategic Adviser
Senior Stylistic Supervisior,Senior,en,Senior Stylistic Supervisior
Senior System Engineer,Senior,en,Senior System Engineer
Senior Technical Advisor,Senior,en,Senior Technical Advisor
Senior Trade Fair Organization Specialist,Senior,en,Senior Trade Fair Organization Specialist
Senior VB Fachhandel/KMU,Senior,de,Senior VB specialist trade/SMEs
Senior Venture Architect,Senior,en,Senior Venture Architect
Senior Verkaufsberaterin Key Account Management,Senior,de,Senior Sales Consultant Key Account Management
Senior Vice President,Senior,en,Senior Vice President
Senior vice president Public Sector et Transport,Senior,nl,Senior vice president Public Sector et Transport
Senior VP,Senior,en,Senior VP
Senior Web Developer,Senior,en,Senior Web Developer
Service Manager Munich Re,Senior,en,Service Manager Munich Re
Services Manager / Projektingenieur B2B Custome...,Senior,nl,Services Manager / Projektingenieur B2B Custome...
Smart Food Paris Manager,Senior,en,Smart Food Paris Manager
Social Media Manager,Senior,en,Social Media Manager
Social Media Managerin,Senior,en,Social Media Managerin
Software Developer / Project Manager,Senior,en,Software Developer / Project Manager
Software License and Contract Manager,Senior,en,Software License and Contract Manager
Sourcing Manager DACH,Senior,en,Sourcing Manager DACH
Sponsoring-Manager,Senior,en,Sponsoring-Manager
Sr. Campaign Manager,Senior,en,Sr. Campaign Manager
Sr. Content Manager,Senior,en,Sr. Content Manager
Sr. Customer Relationship Manager,Senior,en,Sr. Customer Relationship Manager
Sr. Event Manager,Senior,en,Sr. Event Manager
Sr. Manager,Senior,en,Sr. Manager
Sr. System Integrator Manager,Senior,en,Sr. System Integrator Manager
Store Manager Megastore,Senior,en,Store Manager Megastore
Strategic Alliance Manager,Senior,en,Strategic Alliance Manager
Strategie Manager,Senior,en,Strategie Manager
Strategische Change Managerin,Senior,de,Strategic Change Manager
Strategischer Asset Manager,Senior,de,Strategic Asset Manager
Strategy Manager,Senior,en,Strategy Manager
Supply Chain Manager Rental Division,Senior,en,Supply Chain Manager Rental Division
Supply-Chain-Manager,Senior,en,Supply-Chain-Manager
Systems Development Manager,Senior,en,Systems Development Manager
TDWI Community Managerin,Senior,en,TDWI Community Managerin
Team Assistant,Senior,en,Team Assistant
Team Assistant Customer Management OE,Senior,en,Team Assistant Customer Management OE
Team Assistant Western Europe,Senior,en,Team Assistant Western Europe
Team Lead Operational Excellence and Comms Manager,Senior,en,Team Lead Operational Excellence and Comms Manager
Team Manager,Senior,en,Team Manager
Team Manager Dialogmarketing,Senior,en,Team Manager Dialogmarketing
Team Manager eCommerce Solutions,Senior,en,Team Manager eCommerce Solutions
Team Manager WORLD CLASS CENTER ADVANCED MANUFACTURING - German Satellite,Senior,en,Team Manager WORLD CLASS CENTER ADVANCED MANUFACTURING - German Satellite
Technical Assistant to the CTO,Senior,en,Technical Assistant to the CTO
Technical Integrations Manager,Senior,en,Technical Integrations Manager
Technical Manager,Senior,en,Technical Manager
Technical Product Manager,Senior,en,Technical Product Manager
Technical Project Manager,Senior,en,Technical Project Manager
Territory Development Manager,Senior,en,Territory Development Manager
Territory Manager - QLD & NSW,Senior,en,Territory Manager - QLD & NSW
Trade & Category Manager,Senior,en,Trade & Category Manager
Trade Fair Manager,Senior,en,Trade Fair Manager
Trade Show Manager,Senior,en,Trade Show Manager
Tradeshow and Events Manager,Senior,en,Tradeshow and Events Manager
Training & Technical Service Manager,Senior,en,Training & Technical Service Manager
Unternehmensentwicklung - Corporate Development Manager,Senior,de,Corporate Development - Corporate Development Manager
Venture Development Manager,Senior,en,Venture Development Manager
Verkaufsleiter - Field Force Manager,Senior,de,Sales Manager - Field Force Manager
Vorstandsassistenz/ Executive Assistant to the Board,Senior,de,Executive Assistant/ Executive Assistant to the Board
Wholesale Manager Schweiz,Senior,de,Wholesale Manager Switzerland
World Event Manager,Senior,en,World Event Manager
Assistentin / Assistant,Senior,en,Assistentin / Assistant
Assistentin Innendienstleitung / Assistant Office Manager,Senior,de,Assistant Internal Service Manager / Assistant Office Manager
Assistenz der Geschäftsleitung / Executive Assistant,Senior,de,Assistant to the Executive Board / Executive Assistant
Executive Assistant / Assistentin der Geschäftsführung,Senior,de,Executive Assistant / Assistant to the Executive Board
Office Manager/ Assistentin der Geschäftsführung,Senior,de,Office Manager/Managing Assistant
✔ Senior Business Development Professional ✔ all round e-enthusiast ✔ ecommerce & e-payments addicted,Senior,en,✔ Senior Business Development Professional ✔ all round e-enthusiast ✔ ecommerce & e-payments addicted
Account Manager I New Business Development,Senior,en,Account Manager I New Business Development
Account Manager New Business,Senior,en,Account Manager New Business
Account Manager und Business Development,Senior,de,Account Manager and Business Development
Assistant Manager- Business Development,Senior,en,Assistant Manager- Business Development
Assistant to CEO & Business Development,Senior,en,Assistant to CEO & Business Development
Business Administration Manager,Senior,en,Business Administration Manager
Business Alliance Manager,Senior,en,Business Alliance Manager
Business Analyst / Manager CRM,Senior,en,Business Analyst / Manager CRM
Business Application Manager,Senior,en,Business Application Manager
Business Application Manager Europe,Senior,en,Business Application Manager Europe
Business Customer Relationship Manager,Senior,en,Business Customer Relationship Manager
Business Development - Account Manager Inside S...,Senior,en,Business Development - Account Manager Inside S...
Business Development & Account Manager,Senior,en,Business Development & Account Manager
Business Development & Innovation Manager,Senior,en,Business Development & Innovation Manager
Business Development & Innovation Manager - Safety BU,Senior,en,Business Development & Innovation Manager - Safety BU
Business Development & Key Account Manager,Senior,en,Business Development & Key Account Manager
Business Development & Product Manager,Senior,en,Business Development & Product Manager
Business Development / Personal Assistant,Senior,en,Business Development / Personal Assistant
Business Development / Projekt Manager,Senior,en,Business Development / Projekt Manager
Business Development Assistant,Senior,en,Business Development Assistant
Business Development CRM/BI (Senior Consultant),Senior,sw,Business Development CRM/BI (Senior Consultant)
Business Development Manager,Senior,en,Business Development Manager
Business Development Manager - Enterprise Mobility,Senior,en,Business Development Manager - Enterprise Mobility
Business Development Manager - Truck & Trailer,Senior,en,Business Development Manager - Truck & Trailer
Business Development Manager - Verbruggen North America,Senior,nl,Business Development Manager - Verbruggen North America
Business Development Manager & Executive Assistant,Senior,en,Business Development Manager & Executive Assistant
Business Development Manager & Key Account Manager,Senior,en,Business Development Manager & Key Account Manager
Business Development Manager & Strategic Planning,Senior,en,Business Development Manager & Strategic Planning
Business Development Manager / Glass Complementary Products,Senior,en,Business Development Manager / Glass Complementary Products
Business Development Manager / Market Research ...,Senior,en,Business Development Manager / Market Research ...
Business Development Manager Asia-Pacific,Senior,en,Business Development Manager Asia-Pacific
Business Development Manager AV,Senior,en,Business Development Manager AV
Business Development Manager AV-Steuerungen & Signalmanagement,Senior,de,Business Development Manager AV Controls & Signal Management
Business Development Manager Capital/OEM,Senior,en,Business Development Manager Capital/OEM
Business Development Manager CEE,Senior,en,Business Development Manager CEE
Business Development Manager CIS,Senior,en,Business Development Manager CIS
Business Development Manager Customer Service,Senior,en,Business Development Manager Customer Service
Business Development Manager Cybersecurity,Senior,en,Business Development Manager Cybersecurity
Business Development Manager DACH,Senior,de,Business Development Manager DACH
Business Development Manager D-A-CH,Senior,pt,Business Development Manager D-A-CH
Business Development Manager Data Enabled Solutions / Alliance director FM companies,Senior,en,Business Development Manager Data Enabled Solutions / Alliance director FM companies
Business Development Manager Deutschland     Gebietsvertriebsleiter Mitte,Senior,de,Business Development Manager Germany District Sales Manager Mitte
Business Development Manager DMS/ECM,Senior,en,Business Development Manager DMS/ECM
Business Development Manager EMEA,Senior,pt,Business Development Manager EMEA
Business Development Manager EUROPE,Senior,en,Business Development Manager EUROPE
Business Development Manager F&B,Senior,en,Business Development Manager F&B
Business Development Manager Global,Senior,en,Business Development Manager Global
Business Development Manager Health Care International,Senior,en,Business Development Manager Health Care International
Business Development Manager Logistics,Senior,en,Business Development Manager Logistics
Business Development Manager Sensors,Senior,en,Business Development Manager Sensors
Business Development Manager USA,Senior,en,Business Development Manager USA
Business Development Manager Virtualisierung,Senior,de,Business Development Manager Virtualization
Business Development Managerin,Senior,en,Business Development Managerin
Business Development Project Manager EMEA,Senior,pt,Business Development Project Manager EMEA
Business Manager,Senior,en,Business Manager
Business Manager bei Baumer Management Services AG,Senior,de,Business Manager at Baumer Management Services AG
Business Manager CRM,Senior,en,Business Manager CRM
Business Manager DACH,Senior,de,Business Manager DACH
Business Manager ICT,Senior,en,Business Manager ICT
Business Manager Population Health Management DACH,Senior,hi,Business Manager Population Health Management DACH
Business Monitoring Manager B2B,Senior,en,Business Monitoring Manager B2B
Business Operations Manager,Senior,en,Business Operations Manager
Business Process & Systems Manager,Senior,en,Business Process & Systems Manager
Business Process Manager,Senior,en,Business Process Manager
Business Process Manager - Supply Chain Management,Senior,en,Business Process Manager - Supply Chain Management
Business Process Manager QA,Senior,en,Business Process Manager QA
Business Relationship Manager,Senior,en,Business Relationship Manager
Business Segment Manager,Senior,en,Business Segment Manager
Business Solution Manager,Senior,en,Business Solution Manager
Business Unit Manager,Senior,en,Business Unit Manager
Business Unit Manager - IT-Service-Management,Senior,en,Business Unit Manager - IT-Service-Management
Business Unit Manager Airport Technology,Senior,en,Business Unit Manager Airport Technology
Business Unit Manager Gaskets (ppa.),Senior,it,Business Unit Manager Gaskets (ppa.)
Business-Manager,Senior,en,Business-Manager
Cooperation & Business Development Manager,Senior,en,Cooperation & Business Development Manager
Corporate & Business Communication Manager Germany,Senior,en,Corporate & Business Communication Manager Germany
Corporate Business Process Manager,Senior,en,Corporate Business Process Manager
CRM / Business Development Manager (Clients & Industries),Senior,en,CRM / Business Development Manager (Clients & Industries)
CRM Application Manager (Business Support Appli...,Senior,en,CRM Application Manager (Business Support Appli...
CRM Business Analyst Senior,Senior,en,CRM Business Analyst Senior
CRM Business Development Manager,Senior,en,CRM Business Development Manager
CRM Business Process Manager,Senior,en,CRM Business Process Manager
CRM Business Solution Manager (Microsoft Dynamics 365),Senior,en,CRM Business Solution Manager (Microsoft Dynamics 365)
CRM Manager / Business Process Management,Senior,en,CRM Manager / Business Process Management
Customer Business Development Manager,Senior,en,Customer Business Development Manager
EMEA Business Manager,Senior,pt,EMEA Business Manager
European Business Development Manager HD,Senior,en,European Business Development Manager HD
Fachlicher Projektleiter / Business Project Manager,Senior,de,Professional Project Manager / Business Project Manager
Global Business & Digital Development Manager,Senior,en,Global Business & Digital Development Manager
Global Business Development | Digital Consulting Manager,Senior,en,Global Business Development | Digital Consulting Manager
Global Business Development Manager,Senior,en,Global Business Development Manager
Global Category and Business Development Manager (area Foodservice),Senior,en,Global Category and Business Development Manager (area Foodservice)
Globlal Business Development Manager,Senior,hi,Globlal Business Development Manager
Head of Business Development & Market Manager Building Services,Senior,en,Head of Business Development & Market Manager Building Services
Head of Business Development Manager,Senior,en,Head of Business Development Manager
HP Enterprise - EMEA Business Development Manager,Senior,pt,HP Enterprise - EMEA Business Development Manager
Int. Business Development Manager,Senior,en,Int. Business Development Manager
International Account Manager - New Business Development,Senior,en,International Account Manager - New Business Development
International Business Development Manager,Senior,en,International Business Development Manager
International Business Development Manager Communication Services,Senior,en,International Business Development Manager Communication Services
International Business Development Manager Digital Innovations,Senior,en,International Business Development Manager Digital Innovations
IT Business Development Manager,Senior,en,IT Business Development Manager
IT Business Manager,Senior,en,IT Business Manager
IT Business Process Manager EMEA – CRM & Retail,Senior,pt,IT Business Process Manager EMEA – CRM & Retail
Key Account & Business Development Manager,Senior,en,Key Account & Business Development Manager
Key Account Manager / Business Development,Senior,en,Key Account Manager / Business Development
Key Account Manager Bereich Business Solutions,Senior,de,Key Account Manager Business Solutions
Leiter Presales Consulting & Business Development Manager,Senior,de,Head of Presales Consulting & Business Development Manager
Manager (Head of) Business Solutions,Senior,en,Manager (Head of) Business Solutions
Manager Administration Business Excellence,Senior,en,Manager Administration Business Excellence
Manager Business Administration,Senior,en,Manager Business Administration
Manager Business and Product Development,Senior,en,Manager Business and Product Development
Manager Business Application,Senior,en,Manager Business Application
Manager Business Application Team,Senior,en,Manager Business Application Team
Manager Business Development,Senior,en,Manager Business Development
Manager Business Development & Digital,Senior,en,Manager Business Development & Digital
Manager Business Development / Key Account Management,Senior,en,Manager Business Development / Key Account Management
Manager Business Development and M&A,Senior,en,Manager Business Development and M&A
Manager Business Development CRM,Senior,en,Manager Business Development CRM
Manager Business IT,Senior,en,Manager Business IT
Manager CRM - Business Development,Senior,en,Manager CRM - Business Development
Manager CRM Business,Senior,en,Manager CRM Business
Manager Data Services & Business Development,Senior,en,Manager Data Services & Business Development
Manager Database / Business Analytics,Senior,en,Manager Database / Business Analytics
Manager Global Business Support,Senior,en,Manager Global Business Support
Manager IT & Business Process Automation,Senior,en,Manager IT & Business Process Automation
Manager IT Business & Services,Senior,en,Manager IT Business & Services
Manager New Business,Senior,en,Manager New Business
Manager of Business Affairs,Senior,en,Manager of Business Affairs
Manager Project Team Business Consulting xRM,Senior,en,Manager Project Team Business Consulting xRM
Manager Strategy & Business Development,Senior,en,Manager Strategy & Business Development
New Business Account Manager,Senior,en,New Business Account Manager
New Business Development & Innovation Manager,Senior,en,New Business Development & Innovation Manager
New Business Development Manager,Senior,en,New Business Development Manager
New Business Development Manager Dental,Senior,en,New Business Development Manager Dental
New Business Manager,Senior,en,New Business Manager
OEM Business Development Manager - Gebietsverkaufsleiter,Senior,de,OEM Business Development Manager - Area Sales Manager
Partner Business Manager,Senior,en,Partner Business Manager
Partner Manager / Business Development Manager,Senior,en,Partner Manager / Business Development Manager
Powertrain Actuators Systems Business Group Communication Manager,Senior,en,Powertrain Actuators Systems Business Group Communication Manager
PR- & Product Manager Home Electronics Business,Senior,en,PR- & Product Manager Home Electronics Business
Process Manager (Business Process Management),Senior,en,Process Manager (Business Process Management)
Produkt Managerin/Business Development Managerin - Europa,Senior,de,Product Manager/Business Development Manager - Europe
Produktmanager/Manager Business Development,Senior,en,Produktmanager/Manager Business Development
Program Manager and Business Analyst,Senior,en,Program Manager and Business Analyst
Program Manager Integrated Business Apps,Senior,en,Program Manager Integrated Business Apps
Project Manager / Business Process Improvement,Senior,en,Project Manager / Business Process Improvement
Project Manager Business Development,Senior,en,Project Manager Business Development
Project Manager Business Development International,Senior,en,Project Manager Business Development International
Project Manager Business Technology,Senior,en,Project Manager Business Technology
Project Manager CRM & Business Intelligence,Senior,en,Project Manager CRM & Business Intelligence
Project Manager Digitial Business Transformation | Head of Work Stream Customer Data & CRM,Senior,en,Project Manager Digitial Business Transformation | Head of Work Stream Customer Data & CRM
Project Manager IT Business Management,Senior,en,Project Manager IT Business Management
Project Manager Strategic Business Development,Senior,en,Project Manager Strategic Business Development
Projektleiter - Business Development Manager,Senior,de,Project Manager - Business Development Manager
Prokurist / Business Unit Manager,Senior,ur,Prokurist / Business Unit Manager
Regional Business Development Manager,Senior,en,Regional Business Development Manager
Risk Manager / Business Analyst,Senior,en,Risk Manager / Business Analyst
Senior Business Analyst,Senior,en,Senior Business Analyst
Senior Business Application Engineer,Senior,en,Senior Business Application Engineer
Senior Business Application Expert,Senior,en,Senior Business Application Expert
Senior Business Consultant,Senior,en,Senior Business Consultant
Senior Business Controller,Senior,en,Senior Business Controller
Senior Business Developer,Senior,en,Senior Business Developer
Senior Business Development,Senior,en,Senior Business Development
Senior Business Development Expert,Senior,en,Senior Business Development Expert
Senior Business Development Manager,Senior,en,Senior Business Development Manager
Senior Business Development Manager - Investment Products,Senior,en,Senior Business Development Manager - Investment Products
Senior Business Development Manager & Quality Management Representative,Senior,en,Senior Business Development Manager & Quality Management Representative
Senior Business Development Manager DACH,Senior,de,Senior Business Development Manager DACH
Senior Business Development Manager D-A-CH,Senior,pt,Senior Business Development Manager D-A-CH
Senior Business Development Manager Germany,Senior,en,Senior Business Development Manager Germany
Senior Business Development Manager Logistics,Senior,en,Senior Business Development Manager Logistics
Senior Business Development Manager Western Eur...,Senior,en,Senior Business Development Manager Western Eur...
Senior Business Development Representative,Senior,en,Senior Business Development Representative
Senior Business Improvement Manager,Senior,en,Senior Business Improvement Manager
Senior Business Intelligence & CRM Manager,Senior,en,Senior Business Intelligence & CRM Manager
Senior Business Manager,Senior,en,Senior Business Manager
Senior Business Partner CRM,Senior,en,Senior Business Partner CRM
Senior Consultant for Business Intelligence Sol...,Senior,en,Senior Consultant for Business Intelligence Sol...
Senior Coordinator Business Development and CRM,Senior,en,Senior Coordinator Business Development and CRM
Senior CRM & Data Business Transformation Manager,Senior,en,Senior CRM & Data Business Transformation Manager
Senior Data & Business Analyst,Senior,en,Senior Data & Business Analyst
Senior Digital Business Consultant / Strategist,Senior,en,Senior Digital Business Consultant / Strategist
Senior Events & Business associate,Senior,it,Senior Events & Business associate
Senior IT Business Analyst,Senior,en,Senior IT Business Analyst
Senior IT Project Manager Business Intelligence,Senior,en,Senior IT Project Manager Business Intelligence
Senior Key Account Manager - Business Solutions,Senior,en,Senior Key Account Manager - Business Solutions
Senior Manager - Business Development,Senior,en,Senior Manager - Business Development
Senior Manager - Business Development/ Business...,Senior,en,Senior Manager - Business Development/ Business...
Senior Manager Business & Innovation,Senior,en,Senior Manager Business & Innovation
Senior Manager Business Development,Senior,en,Senior Manager Business Development
Senior Manager Business Development & Strategy,Senior,en,Senior Manager Business Development & Strategy
Senior Manager Business Support,Senior,en,Senior Manager Business Support
Senior Manager Communications and Business Development CRM,Senior,en,Senior Manager Communications and Business Development CRM
Senior Manager CRM Business,Senior,en,Senior Manager CRM Business
Senior Manager of Local Business Outreach,Senior,en,Senior Manager of Local Business Outreach
Senior Manager Strategy &  Business Development,Senior,en,Senior Manager Strategy &  Business Development
Senior New Business Manager,Senior,en,Senior New Business Manager
Senior Specialist CRM Business Analysis,Senior,en,Senior Specialist CRM Business Analysis
Sr. Business Development Manager,Senior,en,Sr. Business Development Manager
Sr. Manager - Global Business Systems and CRM,Senior,en,Sr. Manager - Global Business Systems and CRM
Strategic Partner Business Manager,Senior,en,Strategic Partner Business Manager
Strategy & Business Development Manager,Senior,en,Strategy & Business Development Manager
Team Manager Business Solutions,Senior,en,Team Manager Business Solutions
Teamleiterin Manager Business Development,Senior,de,Team leader Manager Business Development
Tech Evangelist & Senior Business Development Analyst,Senior,en,Tech Evangelist & Senior Business Development Analyst
Technical Business Development Manager,Senior,en,Technical Business Development Manager
Technical Business Improvement Manager,Senior,en,Technical Business Improvement Manager
TM1-Teamleiterin und Senior Managerin Business Intelligence,Senior,de,TM1 Team Leader and Senior Manager Business Intelligence
Verkaufsleiter Geschäftsentwicklung - Chief Manager Business Development,Senior,de,Sales Manager Business Development - Chief Manager Business Development
Vielseitiger und versierter Business Development Manager mit zehn Jahren internationaler Berufserfahrung,Senior,de,Versatile and experienced business development manager with ten years of international professional experience
Berater & Interim Executive Manager,Senior,de,Consultant & Interim Executive Manager
Senior Berater,Senior,tr,Senior Advisor
Senior Berater / Projektleiter,Senior,de,Senior Adviser / Project Manager
Senior Berater | Mitglied der Geschäftsleitung,Senior,de,Senior Adviser - Member of the Executive Board
Senior-Beraterin Bürovermietung und Research,Senior,de,Senior consultant Office rental and research
Consultant and Project Manager,Senior,en,Consultant and Project Manager
Fachbereichsleiter SAP | Senior IT-Consultant | SAP-Basis,Senior,de,"Head of the SAP Department of Business Administration, Senior IT Consultant, SAP Base"
Finance Manager & ERP Consultant supporting your next business transformation | Odoo (OpenERP) | Sap | Oracle,Senior,en,Finance Manager & ERP Consultant supporting your next business transformation | Odoo (OpenERP) | Sap | Oracle
Functional Lead (Senior Consultant),Senior,en,Functional Lead (Senior Consultant)
Gründer und Senior Consultant,Senior,de,Founder and Senior Consultant
HR Consultant | HR Interim Manager | IT Recruit...,Senior,hi,HR Consultant | HR Interim Manager | IT Recruit...
IT Senior Consultant,Senior,en,IT Senior Consultant
Partner / Senior Recruitment Consultant,Senior,en,Partner / Senior Recruitment Consultant
Partner Service Manager/Recruitment Consultant,Senior,en,Partner Service Manager/Recruitment Consultant
Projektmanager / Senior Consultant,Senior,it,Project Manager / Senior Consultant
Senior Applications Consultant,Senior,en,Senior Applications Consultant
Senior Consultant,Senior,en,Senior Consultant
Senior Consultant - Digital & E-Commerce,Senior,en,Senior Consultant - Digital & E-Commerce
Senior Consultant & Head of Account Management,Senior,en,Senior Consultant & Head of Account Management
Senior Consultant & Senior Developer,Senior,en,Senior Consultant & Senior Developer
Senior Consultant / Projektmanager | Fachteamleiter,Senior,de,Senior Consultant / Project Manager
Senior Consultant Brand Partnerships DACH,Senior,de,Senior Consultant Brand Partnerships DACH
Senior Consultant Digital Transformation,Senior,en,Senior Consultant Digital Transformation
Senior Consultant IT,Senior,en,Senior Consultant IT
Senior Consultant -IT Services-,Senior,en,Senior Consultant -IT Services-
Senior Consultant IT-Lösungen,Senior,de,Senior Consultant IT Solutions
Senior Consultant NRW - Java Recruitment,Senior,sw,Senior Consultant NRW - Java Recruitment
Senior Consultant RFID-Systeme,Senior,en,Senior Consultant RFID-Systeme
Senior Consultant SAP BI,Senior,pt,Senior Consultant SAP BI
Senior Consultant SAP C/4HANA,Senior,hi,Senior Consultant SAP C/4HANA
Senior Consultant SAP HCM,Senior,en,Senior Consultant SAP HCM
Senior Conversion Consultant,Senior,it,Senior Conversion Consultant
Senior Customer Consultant,Senior,en,Senior Customer Consultant
Senior IT Consultant,Senior,en,Senior IT Consultant
Senior IT Consultant im Außendienst,Senior,de,Senior IT consultant in field service
Senior Management Consultant,Senior,en,Senior Management Consultant
Senior Managing Consultant,Senior,en,Senior Managing Consultant
Senior Presales Consultant,Senior,it,Senior Presales Consultant
Senior Programmatic Consultant,Senior,en,Senior Programmatic Consultant
Senior Recruitment Consultant,Senior,en,Senior Recruitment Consultant
Senior SAP Consultant,Senior,en,Senior SAP Consultant
Senior Software Consultant,Senior,en,Senior Software Consultant
Senior Strategic Services Consultant,Senior,en,Senior Strategic Services Consultant
Senior WordPress Coach & Consultant,Senior,en,Senior WordPress Coach & Consultant
Team Lead Consulting / Senior Consultant,Senior,en,Team Lead Consulting / Senior Consultant
Team Manager / Consultant Executive Search,Senior,en,Team Manager / Consultant Executive Search
Assistant to Head of Human Resources,Senior,en,Assistant to Head of Human Resources
HR Assistant (compensation&evaluation specialist),Senior,en,HR Assistant (compensation&evaluation specialist)
HR Manager,Senior,en,HR Manager
HR Manager / Personalreferentin,Senior,en,HR Manager / Personalreferentin
HR Manager Germany,Senior,de,HR Manager Germany
HR Recruiting Manager,Senior,en,HR Recruiting Manager
HR- und Event Manager / Qualitätsmanagement,Senior,de,HR and Event Manager / Quality Management
Human Resources Manager,Senior,en,Human Resources Manager
Manager HR Service & Recruiting,Senior,en,Manager HR Service & Recruiting
Office Manager/HR & Payroll,Senior,en,Office Manager/HR & Payroll
Assistante Commerciale et Administrative,Senior,fr,Commercial and Administrative Assistant
Central Program Manager Digitalization,Senior,en,Central Program Manager Digitalization
Corporate IT Infrastructure Manager,Senior,en,Corporate IT Infrastructure Manager
Database- & IT-Manager,Senior,en,Database- & IT-Manager
Digital & Innovation Project Manager,Senior,en,Digital & Innovation Project Manager
Digital Content Manager,Senior,en,Digital Content Manager
Digital Development Manager,Senior,en,Digital Development Manager
Digital Evangelist & Project Manager,Senior,en,Digital Evangelist & Project Manager
Digital Innovation Manager,Senior,en,Digital Innovation Manager
Digital Manager,Senior,en,Digital Manager
Digital Manager D-A-CH,Senior,hi,Digital Manager D-A-CH
Digital Marcom Manager,Senior,en,Digital Marcom Manager
Digital Media Manager,Senior,en,Digital Media Manager
Digital Operations Manager,Senior,en,Digital Operations Manager
Digital Project Manager,Senior,en,Digital Project Manager
Digital Transformation Manager,Senior,en,Digital Transformation Manager
Digitalization Manager Group,Senior,en,Digitalization Manager Group
Event & Digital Manager,Senior,en,Event & Digital Manager
Executive Administrative Assistant,Senior,en,Executive Administrative Assistant
Global Category Manager IT - Digital Applications,Senior,en,Global Category Manager IT - Digital Applications
Global Digital Manager,Senior,en,Global Digital Manager
Global IT Application Manager (SAP),Senior,en,Global IT Application Manager (SAP)
Global IT Demand Manager,Senior,en,Global IT Demand Manager
Global IT Manager,Senior,en,Global IT Manager
Global Manager IT,Senior,en,Global Manager IT
Global Process Manager SAP S/4 Hana,Senior,ur,Global Process Manager SAP S/4 Hana
Global Procurement Digital Solutions Deployment Manager,Senior,en,Global Procurement Digital Solutions Deployment Manager
Group Digital Manager,Senior,en,Group Digital Manager
Group IT Manager,Senior,en,Group IT Manager
Group IT Manager DACH,Senior,en,Group IT Manager DACH
Hauptabteilungsleiter IT / Senior Executive Manager IT,Senior,de,Head of IT / Senior Executive Manager IT
Innovation Manager (Digital Innovation),Senior,en,Innovation Manager (Digital Innovation)
International IT Demand Manager - Industrial,Senior,en,International IT Demand Manager - Industrial
IT & Digital Manager,Senior,en,IT & Digital Manager
IT & ERP Manager,Senior,en,IT & ERP Manager
IT & System Manager,Senior,en,IT & System Manager
IT Application Manager,Senior,en,IT Application Manager
IT Application Project Manager,Senior,en,IT Application Project Manager
IT Applications & Development Manager,Senior,en,IT Applications & Development Manager
IT Configuration Manager & Service Now Administrator,Senior,en,IT Configuration Manager & Service Now Administrator
IT Demand Manager,Senior,en,IT Demand Manager
IT Infrastructure Manager,Senior,en,IT Infrastructure Manager
IT Lead / Customer Solutions Manager,Senior,en,IT Lead / Customer Solutions Manager
IT Manager,Senior,en,IT Manager
IT Manager - Applications & Projects,Senior,en,IT Manager - Applications & Projects
IT Manager & SAP Administrator,Senior,en,IT Manager & SAP Administrator
IT Manager (IT Leiter SEE),Senior,ur,IT Manager (IT Leiter SEE)
IT Manager / IT Leiter,Senior,de,IT Manager / IT Manager
IT Manager / System Engineer,Senior,en,IT Manager / System Engineer
IT Manager ESE Group,Senior,en,IT Manager ESE Group
IT Manager France Air,Senior,en,IT Manager France Air
IT Manager Germany / IT Leiter Deutschland,Senior,de,IT Manager Germany / IT Head of Germany
IT Manager Infrastruktur,Senior,ur,IT Manager Infrastructure
IT Manager Resopal GmbH / IT Infrastructure Leader EMEA at Wilsonart,Senior,nl,IT Manager Resopal GmbH / IT Infrastructure Leader EMEA at Wilsonart
IT Manager SAP Mastére ME Management et stratégie d’entreprise,Senior,fr,IT Manager SAP Master ME Management and Business Strategy
IT Product Manager,Senior,en,IT Product Manager
IT Project and Process Manager,Senior,en,IT Project and Process Manager
IT Project and Program Manager,Senior,en,IT Project and Program Manager
IT Project Manager,Senior,en,IT Project Manager
IT Project Manager Europe,Senior,en,IT Project Manager Europe
IT Senior Projects Manager LKQ Europe,Senior,it,IT Senior Projects Manager LKQ Europe
IT Service Manager,Senior,en,IT Service Manager
IT Service Manager BMW,Senior,en,IT Service Manager BMW
IT Solutions Manager,Senior,en,IT Solutions Manager
IT Systems Manager,Senior,en,IT Systems Manager
IT-Interim Manager,Senior,en,IT-Interim Manager
IT-Manager,Senior,en,IT-Manager
IT-Service Manager,Senior,en,IT-Service Manager
IT-Systems Manager,Senior,en,IT-Systems Manager
Manager / Digital Customer Management,Senior,en,Manager / Digital Customer Management
Manager |  IT,Senior,hi,Manager |  IT
Manager Digital & Compliance,Senior,en,Manager Digital & Compliance
Manager Digital Innovation | Prokurist,Senior,hi,Manager Digital Innovation | Authorized signatory
Manager Digital Services,Senior,en,Manager Digital Services
Manager Digital Solutions,Senior,en,Manager Digital Solutions
Manager Digital Strategy,Senior,en,Manager Digital Strategy
Manager Digital Transformation,Senior,en,Manager Digital Transformation
Manager Digitale Lösungen,Senior,de,Managers Digital Solutions
Manager Digitale Transformation,Senior,en,Manager Digitale Transformation
Manager Digitalization,Senior,en,Manager Digitalization
Manager Global SAP Applications,Senior,en,Manager Global SAP Applications
Manager IT,Senior,en,Manager IT
Manager IT Services,Senior,en,Manager IT Services
Manager IT Solutions Numériques ERAMET,Senior,fr,IT Manager Digital Solutions ERAMET
Manager IT Systeme,Senior,en,Manager IT Systeme
Manager IT- und Prozesssteuerung,Senior,de,Manager IT and process control
Manager SAP,Senior,en,Manager SAP
Manager SAP-Systeme/Konsolidierung,Senior,de,Manager SAP Systems/Consolidation
Market Manager D/A/CH/IT,Senior,sw,Market Manager D/A/CH/IT
New Digital Solutions Manager,Senior,en,New Digital Solutions Manager
Product Manager Digital Solutions,Senior,en,Product Manager Digital Solutions
Produktions Manager/ IT Experte,Senior,en,Produktions Manager/ IT Experte
Program Manager / Senior IT Project Manager,Senior,en,Program Manager / Senior IT Project Manager
Program Manager Digitalization,Senior,en,Program Manager Digitalization
Program Manager IT Service Desk & Operations,Senior,en,Program Manager IT Service Desk & Operations
Programm Manager Digitalisierung,Senior,de,Program Manager Digitization
Project Manager Digitalisation,Senior,en,Project Manager Digitalisation
Project Manager Group IT,Senior,en,Project Manager Group IT
Project Manager IT - Digital Projects,Senior,en,Project Manager IT - Digital Projects
Project Manager IT / IT Security Coordinator IHK,Senior,en,Project Manager IT / IT Security Coordinator IHK
Project Manager SAP / ERP,Senior,en,Project Manager SAP / ERP
Project Manager SAP GTS,Senior,en,Project Manager SAP GTS
SAP Application Manager,Senior,en,SAP Application Manager
SAP Application Manager FI,Senior,en,SAP Application Manager FI
SAP Manager,Senior,en,SAP Manager
SAP Project Manager,Senior,en,SAP Project Manager
SAP-Senior Berater,Senior,tr,SAP senior consultant
Senior Digital Manager,Senior,en,Senior Digital Manager
Senior IT Architect,Senior,en,Senior IT Architect
Senior IT Architekt und Mentor digitale Prozesse,Senior,de,Senior IT architect and mentor digital processes
Senior IT Coordinator,Senior,en,Senior IT Coordinator
Senior IT Manager Digitale Transformation,Senior,en,Senior IT Manager Digitale Transformation
Senior IT Project Manager,Senior,en,Senior IT Project Manager
Senior IT Specialist,Senior,en,Senior IT Specialist
Senior Manager IT,Senior,en,Senior Manager IT
Senior Manager IT- & Data Management,Senior,en,Senior Manager IT- & Data Management
Senior Manager IT Innovations,Senior,en,Senior Manager IT Innovations
Senior Project Manager DIGITAL,Senior,en,Senior Project Manager DIGITAL
Senior Referent Strategie und Digitalisierung der Erdgas Südwest GmbH,Senior,de,Senior Speaker Strategy and Digitization of Gas Südwest GmbH
Senior Vice President (SVP)  SAP Solutions,Senior,en,Senior Vice President (SVP)  SAP Solutions
Senior Vice President IT & Prozesse - Mitglied der operativen Geschäftsleitung,Senior,de,Senior Vice President IT & Processes - Member of the operational management
Service Team Manager - IT Operations,Senior,en,Service Team Manager - IT Operations
Social  & Digital Media Manager,Senior,en,Social  & Digital Media Manager
Stellv. Manager SAP Personalberatung,Senior,de,Stellv. Manager SAP Head Office
Americas CRM Manager,Senior,en,Americas CRM Manager
Application Manager CRM / DWH,Senior,ur,Application Manager CRM / DWH
Application Manager ERP & CRM,Senior,en,Application Manager ERP & CRM
Application Manager IT CRM,Senior,en,Application Manager IT CRM
Application Manager Microsoft Dynamics CRM,Senior,en,Application Manager Microsoft Dynamics CRM
Assistant Global CRM Team Leader,Senior,en,Assistant Global CRM Team Leader
Assistant to Head of CRM,Senior,en,Assistant to Head of CRM
Assistante de Direction Commerciale - Chef de projet CRM,Senior,fr,Sales Assistant - CRM Project Manager
B2B CRM & Operations Manager EMEA,Senior,pt,B2B CRM & Operations Manager EMEA
Brand Manager CRM/Digital,Senior,en,Brand Manager CRM/Digital
Campaign Manager CRM SATURN,Senior,nl,Campaign Manager CRM SATURN
Client Knowledge & CRM Manager,Senior,en,Client Knowledge & CRM Manager
Corporate Online & CRM Manager Switzerland,Senior,en,Corporate Online & CRM Manager Switzerland
CRM - Growth Managerin,Senior,en,CRM - Growth Managerin
CRM & BI Product Manager ?,Senior,en,CRM & BI Product Manager ?
CRM & communication Manager,Senior,en,CRM & communication Manager
CRM & Content Manager,Senior,en,CRM & Content Manager
CRM & Digital Manager,Senior,en,CRM & Digital Manager
CRM & Direktmarketing Managerin,Senior,de,CRM & Direct Marketing Manager
CRM & Lead Manager,Senior,en,CRM & Lead Manager
CRM & Partner Manager,Senior,en,CRM & Partner Manager
CRM & SFE Manager DACH,Senior,de,CRM & SFE Manager DACH
CRM & Technical Project Manager,Senior,en,CRM & Technical Project Manager
CRM / ERP IT Manager,Senior,en,CRM / ERP IT Manager
CRM / Senior Manager Strategische Projekte,Senior,de,CRM / Senior Manager Strategic Projects
CRM and analytics Manager @Flokk,Senior,en,CRM and analytics Manager @Flokk
CRM Application Manager,Senior,en,CRM Application Manager
CRM Application Manager / Global IT Baerlocher GmbH,Senior,de,CRM Application Manager / Global IT Baerlocher GmbH
CRM Campaign and Content Manager,Senior,en,CRM Campaign and Content Manager
CRM Group Manager,Senior,en,CRM Group Manager
CRM Manager,Senior,en,CRM Manager
CRM Manager - AG,Senior,ur,CRM Manager - AG
CRM Manager - Group Commercial Excellence,Senior,en,CRM Manager - Group Commercial Excellence
CRM Manager B2B,Senior,en,CRM Manager B2B
CRM Manager bei Contorion,Senior,de,CRM Manager at Contorion
CRM Manager Continental Europe,Senior,en,CRM Manager Continental Europe
CRM Manager Customer Analytics,Senior,en,CRM Manager Customer Analytics
CRM Manager D2C,Senior,en,CRM Manager D2C
CRM Manager DACH,Senior,de,CRM Manager DACH
CRM Manager EMEA,Senior,pt,CRM Manager EMEA
CRM Manager EMEA (Europe Middle East & Africa),Senior,nl,CRM Manager EMEA (Europe Middle East & Africa)
CRM Manager Homag Group,Senior,hi,CRM Manager Homag Group
CRM Manager International,Senior,en,CRM Manager International
CRM Manager Northern Europe,Senior,en,CRM Manager Northern Europe
CRM Managerin,Senior,en,CRM Managerin
CRM PRM Campaign Manager,Senior,en,CRM PRM Campaign Manager
CRM Process Manager,Senior,en,CRM Process Manager
CRM Product Manager,Senior,en,CRM Product Manager
CRM Program Manager,Senior,en,CRM Program Manager
CRM Project Manager,Senior,en,CRM Project Manager
CRM Project Manager EMEA,Senior,en,CRM Project Manager EMEA
CRM Project Manager EUN,Senior,en,CRM Project Manager EUN
CRM Projekt Manager,Senior,en,CRM Projekt Manager
CRM Solution Manager,Senior,en,CRM Solution Manager
CRM Success Manager & Global Client Data Governor,Senior,en,CRM Success Manager & Global Client Data Governor
CRM/ Online Fundraising Manager,Senior,en,CRM/ Online Fundraising Manager
CRM-Implementation/Manager,Senior,en,CRM-Implementation/Manager
CRM-Manager,Senior,en,CRM-Manager
CRM-Managerin,Senior,en,CRM-Managerin
CRM-Spezialist/Manager Microsoft Dynamics CRM,Senior,pt,CRM-Spezialist/Manager Microsoft Dynamics CRM
Customer Experience & CRM Manager / Digital Channels,Senior,en,Customer Experience & CRM Manager / Digital Channels
Customerservice Manager und CRM Systemmanager,Senior,de,Customerservice Manager and CRM System Manager
Deputy Head of CRM / Senior Credit Officer (NPL...,Senior,en,Deputy Head of CRM / Senior Credit Officer (NPL...
Digital & CRM Manager,Senior,en,Digital & CRM Manager
Digital CRM Manager,Senior,en,Digital CRM Manager
Field Force Effectiveness Manager/ Senior CRM Manager,Senior,en,Field Force Effectiveness Manager/ Senior CRM Manager
Global CRM Manager,Senior,en,Global CRM Manager
Global CRM Market Deployment Manager,Senior,en,Global CRM Market Deployment Manager
Global CRM Project Management and Change Manager,Senior,en,Global CRM Project Management and Change Manager
Global Digital CRM Manager,Senior,en,Global Digital CRM Manager
Group CRM Manager,Senior,en,Group CRM Manager
Group Manager CRM,Senior,en,Group Manager CRM
Head of Lead Management/ CRM Manager,Senior,en,Head of Lead Management/ CRM Manager
Inhaber/GL/CRM+CX Visionär/Senior Analyst/Trainer+Coach/Netzwerker,Senior,de,Owner/GL/CRM+CX Visionary/Senior Analyst/Trainer+Coach/Networker
International CRM Manager,Senior,en,International CRM Manager
IS Project Manager CRM,Senior,en,IS Project Manager CRM
IT Application Manager CRM,Senior,en,IT Application Manager CRM
IT CRM Service Manager,Senior,en,IT CRM Service Manager
IT DIGITAL | RETAIL | CRM | ECOMMERCE Domain Manager,Senior,hi,IT DIGITAL | RETAIL | CRM | ECOMMERCE Domain Manager
IT-Manager Digitalisierungsprojekte - Einführung CRM,Senior,de,IT Manager Digitization Projects - Introduction CRM
Kampagnen Manager - CRM,Senior,en,Kampagnen Manager - CRM
Lead CRM Manager,Senior,en,Lead CRM Manager
Lead CRM Manager (Tchibo Community),Senior,sw,Lead CRM Manager (Tchibo Community)
Manager / Expertise CRM - SI,Senior,en,Manager / Expertise CRM - SI
Manager Campaing & CRM,Senior,en,Manager Campaing & CRM
Manager Commercial Effectiveness (CRM),Senior,en,Manager Commercial Effectiveness (CRM)
Manager Commercial Excellence Pricing & CRM - Continental Europe,Senior,en,Manager Commercial Excellence Pricing & CRM - Continental Europe
Manager CRM,Senior,en,Manager CRM
Manager CRM Online Retail,Senior,en,Manager CRM Online Retail
Manager CRM Software,Senior,en,Manager CRM Software
Manager CRM Solutions,Senior,en,Manager CRM Solutions
Manager CRM Strategy & Operations,Senior,en,Manager CRM Strategy & Operations
Manager CRM Systems,Senior,en,Manager CRM Systems
Manager CRM/Media,Senior,en,Manager CRM/Media
Manager Customer Relations / CRM,Senior,en,Manager Customer Relations / CRM
Manager Direktmarketing & CRM,Senior,ur,Manager Direct Marketing & CRM
Manager E-Solution & CRM,Senior,en,Manager E-Solution & CRM
Manager Global CRM,Senior,en,Manager Global CRM
Manager IT CRM,Senior,en,Manager IT CRM
Manager Master Data Management SAP / CRM,Senior,en,Manager Master Data Management SAP / CRM
Manager Offer Coordination & CRM,Senior,en,Manager Offer Coordination & CRM
Manager SAP CRM,Senior,en,Manager SAP CRM
Managerin für  CRM-Projekte,Senior,de,Manager for CRM projects
nationaler Verkaufsleiter Industrie/Handel und CRM- Manager in Personalunion,Senior,de,National Sales Manager Industry/Trade and CRM Manager in Personnel Union
Online CRM Manager,Senior,en,Online CRM Manager
Pricing and CRM Manager EMEA Case IH and Steyr,Senior,en,Pricing and CRM Manager EMEA Case IH and Steyr
Product Manager CRM & Customer Care,Senior,en,Product Manager CRM & Customer Care
Product Managerin CRM,Senior,en,Product Managerin CRM
Project Manager & Coordinator CRM Systems,Senior,en,Project Manager & Coordinator CRM Systems
Project Manager & CRM Manager,Senior,en,Project Manager & CRM Manager
Project Manager / CRM Consultant,Senior,en,Project Manager / CRM Consultant
Project Manager CRM,Senior,en,Project Manager CRM
Project Manager CRM Applications,Senior,en,Project Manager CRM Applications
Project Manager CRM D.A.CH.,Senior,en,Project Manager CRM D.A.CH.
Project Manager CRM/CBM,Senior,en,Project Manager CRM/CBM
Project Manager Global CRM,Senior,en,Project Manager Global CRM
Project Manager MS Dynamics CRM,Senior,en,Project Manager MS Dynamics CRM
Project Manager SAP CRM y C4C,Senior,es,Project Manager SAP CRM y C4C
Projekt Manager BI/CRM,Senior,en,Projekt Manager BI/CRM
Prokurist / Leit. Senior Berater CRM  / IS-U,Senior,de,Senior Consultant CRM / IS-U
SAP CRM Projekt Manager,Senior,en,SAP CRM Projekt Manager
SAP Hybris CRM Senior Consultant,Senior,pt,SAP Hybris CRM Senior Consultant
SAP-CRM Support Managerin,Senior,en,SAP-CRM Support Managerin
Senior Application Manager CRM,Senior,en,Senior Application Manager CRM
Senior Consultant SAP CRM,Senior,en,Senior Consultant SAP CRM
Senior CRM / Email marketing Manager,Senior,en,Senior CRM / Email marketing Manager
Senior CRM Analyst,Senior,en,Senior CRM Analyst
Senior CRM and Data Analytics Manager,Senior,en,Senior CRM and Data Analytics Manager
Senior CRM Consultant,Senior,en,Senior CRM Consultant
Senior CRM Consultant (Inhouse),Senior,en,Senior CRM Consultant (Inhouse)
Senior CRM Coordinator,Senior,en,Senior CRM Coordinator
Senior CRM Manager,Senior,en,Senior CRM Manager
Senior CRM Managerin,Senior,en,Senior CRM Managerin
Senior CRM Planner // Teamlead,Senior,en,Senior CRM Planner // Teamlead
Senior CRM Projektmanager,Senior,en,Senior CRM Projektmanager
Senior CRM System Manager,Senior,en,Senior CRM System Manager
Senior Digital CRM Manager,Senior,en,Senior Digital CRM Manager
Senior Expert Global CRM,Senior,en,Senior Expert Global CRM
Senior Global CRM Leader,Senior,en,Senior Global CRM Leader
Senior Global CRM Manager,Senior,en,Senior Global CRM Manager
Senior Information Technology Specialist for CRM application,Senior,en,Senior Information Technology Specialist for CRM application
Senior Inhouse CRM Consultant,Senior,en,Senior Inhouse CRM Consultant
Senior IT Consulting - Schwerpunkt MS Dynamics CRM,Senior,de,Senior IT Consulting - focus MS Dynamics CRM
Senior IT Project Manager CRM,Senior,en,Senior IT Project Manager CRM
Senior Manager CRM,Senior,en,Senior Manager CRM
Senior Manager Interactive Media & CRM,Senior,en,Senior Manager Interactive Media & CRM
Senior Manager Lead Generation & CRM,Senior,en,Senior Manager Lead Generation & CRM
Senior Online marketing Manager /eCRM,Senior,en,Senior Online marketing Manager /eCRM
Senior Product & Process Owner CRM,Senior,en,Senior Product & Process Owner CRM
Senior Product Owner CRM,Senior,en,Senior Product Owner CRM
Senior Projektmanager CRM,Senior,en,Senior Projektmanager CRM
Senior Solution Specialist CRM,Senior,en,Senior Solution Specialist CRM
Senior Specialist ERP & CRM,Senior,en,Senior Specialist ERP & CRM
Senior System Manager CRM,Senior,en,Senior System Manager CRM
Senior-Projektmanager CRM/Kommunikation,Senior,hi,Senior Project Manager CRM/Communications
Solution Manager CRM/BI/Data,Senior,en,Solution Manager CRM/BI/Data
Solution Manager IT CRM,Senior,en,Solution Manager IT CRM
Solutions Manager CRM,Senior,en,Solutions Manager CRM
Technischer Support & CRM Manager,Senior,de,Technical Support & CRM Manager
Trainee CRM Manager,Senior,en,Trainee CRM Manager
Verkaufsleiter Industrie/Handel und CRM- Manager in Personalunion,Senior,de,Sales Manager Industry/Trade and CRM Manager in Personalunion
A&D Marketing Manager Germany & Switzerland,Senior,it,A&D Marketing Manager Germany & Switzerland
Academia Segment Marketing Manager Europe,Senior,en,Academia Segment Marketing Manager Europe
Account & Marketing Manager,Senior,en,Account & Marketing Manager
Account Manager – Werbung · Marketing · Messen · Ausstellungen · Veranstaltungen,Senior,de,Account Manager – Advertising · Marketing · Fairs · Exhibitions · Events
Account Manager (Messe Kontakt),Senior,de,Account Manager (trade fair contact)
Account Manager / HR Marketing,Senior,en,Account Manager / HR Marketing
Account Manager Marketing & Sales Germany,Senior,en,Account Manager Marketing & Sales Germany
Account Manager Online Marketing,Senior,en,Account Manager Online Marketing
Account Managerin Marketing & Kommunikation,Senior,de,Account Manager Marketing & Communication
Account-Managerin & Marketing,Senior,en,Account-Managerin & Marketing
Affiliate Marketing Manager,Senior,en,Affiliate Marketing Manager
Aftermarket Marketing Product Manager,Senior,en,Aftermarket Marketing Product Manager
Area Marketing Manager DACH,Senior,hi,Area Marketing Manager DACH
Area Sales Manager / Marketing Manager,Senior,en,Area Sales Manager / Marketing Manager
Assistant Achat & Marketing,Senior,en,Assistant Achat & Marketing
Assistant CSO / Marketing,Senior,en,Assistant CSO / Marketing
Assistant Manager Marketing,Senior,en,Assistant Manager Marketing
Assistant Marketing & Communication,Senior,en,Assistant Marketing & Communication
Assistant Marketing & Communications,Senior,en,Assistant Marketing & Communications
Assistant Marketing & Events,Senior,en,Assistant Marketing & Events
Assistant Marketing & Key Account Management,Senior,en,Assistant Marketing & Key Account Management
Assistant Marketing & PR,Senior,en,Assistant Marketing & PR
Assistant Marketing & Sales,Senior,en,Assistant Marketing & Sales
Assistant Marketing & Sales Corporate Communica...,Senior,en,Assistant Marketing & Sales Corporate Communica...
Assistant Marketing & Sales International,Senior,en,Assistant Marketing & Sales International
Assistant Marketing and Sales,Senior,en,Assistant Marketing and Sales
Assistant Marketing Business Unit Immunology,Senior,en,Assistant Marketing Business Unit Immunology
Assistant Marketing Digital,Senior,en,Assistant Marketing Digital
Assistant Marketing Manager,Senior,en,Assistant Marketing Manager
Assistant Marketing Product Management Diagnostics Division,Senior,en,Assistant Marketing Product Management Diagnostics Division
Assistant Marketing/Training/Sales,Senior,en,Assistant Marketing/Training/Sales
Assistant Sales & Marketing,Senior,en,Assistant Sales & Marketing
Assistant Sales and Marketing,Senior,en,Assistant Sales and Marketing
Assistant Technical Marketing,Senior,en,Assistant Technical Marketing
Assistant to Head of International Sales & Marketing / Regional Head of EMEA,Senior,en,Assistant to Head of International Sales & Marketing / Regional Head of EMEA
Assistant to Head of Organizational Development and Marketing,Senior,en,Assistant to Head of Organizational Development and Marketing
Assistant to head of Sales & Marketing,Senior,en,Assistant to head of Sales & Marketing
Assistant to Marketing,Senior,en,Assistant to Marketing
Assistant to Marketing Communication,Senior,en,Assistant to Marketing Communication
Assistante administrative et commerciale - Communication,Senior,fr,Administrative and Commercial Assistant - Communication
Assistante Marketing,Senior,en,Assistante Marketing
Assistante Marketing & Communication,Senior,en,Assistante Marketing & Communication
Assistantin Geschäftsführung / Kommunikation,Senior,de,Assistant Management / Communication
Associate Manager - Marketing Automation // Salesforce Business Group Competence and Innovation Center,Senior,en,Associate Manager - Marketing Automation // Salesforce Business Group Competence and Innovation Center
B2B Marketing Manager,Senior,en,B2B Marketing Manager
B2B Marketing Manager EMEA,Senior,pt,B2B Marketing Manager EMEA
B2B Marketing Managerin,Senior,en,B2B Marketing Managerin
B2B Online Marketing Manager Central Europe,Senior,en,B2B Online Marketing Manager Central Europe
B2B-Marketing-Manager,Senior,en,B2B-Marketing-Manager
B2C Product Marketing Partnership Manager,Senior,en,B2C Product Marketing Partnership Manager
Brand Manager Direct to Consumer Marketing/ CRM Leader DACH,Senior,en,Brand Manager Direct to Consumer Marketing/ CRM Leader DACH
Brand Marketing Communication Manager,Senior,en,Brand Marketing Communication Manager
Business Analyst Manager Marketing,Senior,en,Business Analyst Manager Marketing
Business Development & Marketing BtoB Assistant,Senior,en,Business Development & Marketing BtoB Assistant
Business Development & Marketing Manager,Senior,en,Business Development & Marketing Manager
Business Development Manager (Messe Kontakt),Senior,ur,Business Development Manager (trade fair contact)
Business Development Manager / Digitalization and Digital Transformation & Marketing & Communication,Senior,en,Business Development Manager / Digitalization and Digital Transformation & Marketing & Communication
Business Development Manager / Marketing & Communication,Senior,en,Business Development Manager / Marketing & Communication
Business Enablement Manager - Marketing & Sales,Senior,en,Business Enablement Manager - Marketing & Sales
Business Insurance Manager & Marketing Manager,Senior,en,Business Insurance Manager & Marketing Manager
Business Marketing Manager,Senior,en,Business Marketing Manager
Business Marketing Manager DACH,Senior,de,Business Marketing Manager DACH
Business Unit Manager Marketing,Senior,en,Business Unit Manager Marketing
Business Unit Manager Marketing Communications & Services,Senior,en,Business Unit Manager Marketing Communications & Services
Business Unit Marketing Manager,Senior,en,Business Unit Marketing Manager
Campaign Manager Marketing Automation,Senior,en,Campaign Manager Marketing Automation
Central Marketing Manager,Senior,en,Central Marketing Manager
Channel & Commercial Marketing Manager,Senior,en,Channel & Commercial Marketing Manager
Channel Marketing Manager,Senior,en,Channel Marketing Manager
Channel Marketing Manager (Messe Kontakt),Senior,de,Channel Marketing Manager (trade fair contact)
Channel Marketing Manager Central Europe,Senior,en,Channel Marketing Manager Central Europe
Channel Marketing Manager DACH,Senior,hi,Channel Marketing Manager DACH
Channel Marketing Manager DACH & Poland,Senior,en,Channel Marketing Manager DACH & Poland
Channel Marketing Manager EDU,Senior,en,Channel Marketing Manager EDU
Channel Marketing Manager Reseller (Messe Kontakt),Senior,de,Channel Marketing Manager Reseller (Trade Fair Contact)
Channel Sales & Marketing Manager,Senior,en,Channel Sales & Marketing Manager
Commercial Marketing Manager Particle Counting & Characterization EMEAI,Senior,en,Commercial Marketing Manager Particle Counting & Characterization EMEAI
Communication - Marketing Manager / IT solutions and services,Senior,en,Communication - Marketing Manager / IT solutions and services
Communication & Image Manager,Senior,en,Communication & Image Manager
Communication & Marketing Manager Road Logistics,Senior,en,Communication & Marketing Manager Road Logistics
Communication & Organizational Development Manager,Senior,en,Communication & Organizational Development Manager
Communication and Marketing Manager,Senior,en,Communication and Marketing Manager
Communication Manager,Senior,en,Communication Manager
Communication Manager Germany,Senior,de,Communication Manager Germany
Communication Project Manager,Senior,en,Communication Project Manager
Communications & Events Manager - Marine & Offshore,Senior,en,Communications & Events Manager - Marine & Offshore
Communications & Events Manager @ Plastic Omnium,Senior,nl,Communications & Events Manager @ Plastic Omnium
Communications Manager,Senior,en,Communications Manager
Communications Project Manager,Senior,en,Communications Project Manager
Community Manager & Marketing Support,Senior,en,Community Manager & Marketing Support
Consultant & Marketing Managerin,Senior,en,Consultant & Marketing Managerin
Consultant / Projekt Manager Marketing & Online...,Senior,it,Consultant / Project Manager Marketing & Online...
Content Marketing Manager,Senior,en,Content Marketing Manager
Content Marketing Manager On-/Offline,Senior,en,Content Marketing Manager On-/Offline
Content Marketing Managerin,Senior,en,Content Marketing Managerin
Corporate Affairs & Communication Manager,Senior,en,Corporate Affairs & Communication Manager
Corporate Communication Manager,Senior,en,Corporate Communication Manager
Corporate Communication Manager Germany,Senior,de,Corporate Communication Manager Germany
Corporate Communications Manager,Senior,en,Corporate Communications Manager
Corporate Manager Marketing Laboratory and Analytical Technology,Senior,en,Corporate Manager Marketing Laboratory and Analytical Technology
Corporate Marketing - Project Manager Exhibitions and Events,Senior,en,Corporate Marketing - Project Manager Exhibitions and Events
Corporate Marketing & Communications Manager,Senior,en,Corporate Marketing & Communications Manager
Corporate Marketing Event Manager,Senior,en,Corporate Marketing Event Manager
Corporate Marketing Manager,Senior,en,Corporate Marketing Manager
Corporate Marketing Manager - Messen/Werbung,Senior,de,Corporate Marketing Manager - Fairs/Advertising
Corporate Projects and Communication Manager,Senior,en,Corporate Projects and Communication Manager
Country Communication & Marketing Manager France,Senior,en,Country Communication & Marketing Manager France
Country Marketing Manager,Senior,en,Country Marketing Manager
Country Marketing Manager Germany & France,Senior,en,Country Marketing Manager Germany & France
Country Marketing Managerin DACH,Senior,en,Country Marketing Managerin DACH
CRM & Automation Marketing Manager,Senior,en,CRM & Automation Marketing Manager
CRM & Direct Marketing Manager,Senior,en,CRM & Direct Marketing Manager
CRM & Email-Marketing Manager,Senior,en,CRM & Email-Marketing Manager
CRM & Marketing Assistant,Senior,en,CRM & Marketing Assistant
CRM & Marketing Automation Manager,Senior,en,CRM & Marketing Automation Manager
CRM & Retention Marketing Managerin,Senior,en,CRM & Retention Marketing Managerin
CRM Manager / Marketing,Senior,en,CRM Manager / Marketing
CRM Marketing Manager,Senior,en,CRM Marketing Manager
CRM-Manager im Bereich Marketing,Senior,de,CRM Manager in Marketing
Customer Marketing Manager DACH,Senior,de,Customer Marketing Manager DACH
DACH Marketing Manager,Senior,hi,DACH Marketing Manager
Data / CRM Marketing Manager,Senior,en,Data / CRM Marketing Manager
Database Marketing Manager,Senior,en,Database Marketing Manager
Department Manager Marketing,Senior,en,Department Manager Marketing
Deputy Division Manager Sales & Marketing,Senior,en,Deputy Division Manager Sales & Marketing
Deputy Marketing Manager,Senior,en,Deputy Marketing Manager
Digital & Data Marketing Manager,Senior,en,Digital & Data Marketing Manager
Digital and Communication Manager - Valeo Service France,Senior,en,Digital and Communication Manager - Valeo Service France
Digital Communication Managerin,Senior,en,Digital Communication Managerin
Digital Marketing & Communication Manager,Senior,en,Digital Marketing & Communication Manager
Digital Marketing & Content Manager,Senior,en,Digital Marketing & Content Manager
Digital Marketing & CRM Manager,Senior,en,Digital Marketing & CRM Manager
Digital Marketing & Sales Manager,Senior,en,Digital Marketing & Sales Manager
Digital Marketing and Innovation Manager/ Automotive,Senior,en,Digital Marketing and Innovation Manager/ Automotive
Digital Marketing Manager,Senior,en,Digital Marketing Manager
Digital Marketing Manager (zone LAT),Senior,tr,Digital Marketing Manager (zone LAT)
Digital Marketing Manager B2B,Senior,en,Digital Marketing Manager B2B
Digital Marketing Manager EMEA,Senior,pt,Digital Marketing Manager EMEA
Digital Marketing Manager Global + EMEA,Senior,pt,Digital Marketing Manager Global + EMEA
Digital Marketing Project Manager,Senior,en,Digital Marketing Project Manager
Digital Offer Marketing Manager,Senior,en,Digital Offer Marketing Manager
Direct Marketing Manager,Senior,en,Direct Marketing Manager
Distribution Manager im GB Vertrieb & Marketing,Senior,de,Distribution Manager in GB Sales & Marketing
Division Manager Communication,Senior,en,Division Manager Communication
E-Commerce Marketing Manager,Senior,en,E-Commerce Marketing Manager
Ecommerce Sales & Marketing Manager,Senior,en,Ecommerce Sales & Marketing Manager
E-Mail-Marketing Manager,Senior,en,E-Mail-Marketing Manager
EMEA Field Marketing Manager,Senior,pt,EMEA Field Marketing Manager
EMEA Marketing Communications & Digital Marketing Manager,Senior,pt,EMEA Marketing Communications & Digital Marketing Manager
EMEA Marketing Communications & eCommerce Manager,Senior,pt,EMEA Marketing Communications & eCommerce Manager
EMEA Marketing Communications Manager,Senior,pt,EMEA Marketing Communications Manager
EMEA Marketing Manager,Senior,pt,EMEA Marketing Manager
EMEA Marketing Solutions Manager - Responsable Marketing EMEA,Senior,pt,EMEA Marketing Solutions Manager - Responsable Marketing EMEA
Engineering & Manager Marketing,Senior,en,Engineering & Manager Marketing
Enterprise Field Marketing Manager CE,Senior,en,Enterprise Field Marketing Manager CE
EuroCentral Event Manager & Transportation & Mobility Marketing Program Manager,Senior,en,EuroCentral Event Manager & Transportation & Mobility Marketing Program Manager
European Marketing and Communications Manager,Senior,en,European Marketing and Communications Manager
European Sales & Marketing Manager,Senior,en,European Sales & Marketing Manager
European Sales and Marketing Manager,Senior,en,European Sales and Marketing Manager
Event & Communication Manager,Senior,en,Event & Communication Manager
Event & Marketing Manager,Senior,en,Event & Marketing Manager
Event & Marketing Manager / Marketing / Werbung / PR,Senior,de,Event & Marketing Manager / Marketing / Advertising / PR
Event- & Online-Marketing Managering,Senior,en,Event- & Online-Marketing Managering
Event and Communications Manager,Senior,en,Event and Communications Manager
Event and Sports Communications - Manager Event Communication,Senior,en,Event and Sports Communications - Manager Event Communication
Event Manager - Marketing,Senior,en,Event Manager - Marketing
Event Manager | Marketing,Senior,hi,Event Manager | Marketing
Event Manager Marketing Communications,Senior,en,Event Manager Marketing Communications
Event Marketing Manager,Senior,en,Event Marketing Manager
Event Marketing Manager (Messe Ansprechpartner),Senior,de,Event Marketing Manager (trade fair contact)
Event- und Marketing-Manager,Senior,de,Event and Marketing Manager
Event- und Marketing-Managerin,Senior,de,Event and Marketing Manager
Event-Managerin / Kommunikation,Senior,de,Event Manager / Communication
Event-Marketing Manager,Senior,en,Event-Marketing Manager
Events & Digital Marketing Manager EMEA,Senior,pt,Events & Digital Marketing Manager EMEA
Executive & Marketing Assistant,Senior,en,Executive & Marketing Assistant
Executive Assistant Business Development & Marketing,Senior,en,Executive Assistant Business Development & Marketing
Executive Assistant Marketing,Senior,en,Executive Assistant Marketing
Executive Assistant Sales Marketing,Senior,en,Executive Assistant Sales Marketing
Executive Assistant to Head of Sales and Marketing Mercedes-Benz Vans,Senior,en,Executive Assistant to Head of Sales and Marketing Mercedes-Benz Vans
Executive Manager Sales & Marketing,Senior,en,Executive Manager Sales & Marketing
Exhibition Manager | Marketing | Design,Senior,hi,Exhibition Manager | Marketing | Design
Export Marketing & Sales Manager,Senior,en,Export Marketing & Sales Manager
Field Marketing Manager,Senior,en,Field Marketing Manager
Field Marketing Manager (Messe Kontakt),Senior,ur,Field Marketing Manager (Exhibition Contact)
Field Marketing Manager Central,Senior,en,Field Marketing Manager Central
Field Marketing Manager Central Europe,Senior,en,Field Marketing Manager Central Europe
Field Marketing Manager DACH,Senior,de,Field Marketing Manager DACH
Field Marketing Manager Europe,Senior,en,Field Marketing Manager Europe
Field Marketing-Manager,Senior,en,Field Marketing-Manager
Field Marketing-Manager DACH,Senior,en,Field Marketing-Manager DACH
Finance/Marketing & Sales Managerin,Senior,en,Finance/Marketing & Sales Managerin
France Field Marketing Manager,Senior,en,France Field Marketing Manager
General Manager (Messe Kontakt),Senior,ur,General Manager (Exhibition Contact)
General Manager Marketing & Sales,Senior,en,General Manager Marketing & Sales
General Manager Sales & Marketing,Senior,en,General Manager Sales & Marketing
Global Brand Communication Manager,Senior,en,Global Brand Communication Manager
Global Communication Manager,Senior,en,Global Communication Manager
Global Communications Manager,Senior,en,Global Communications Manager
Global CRM and Marketing Manager - Nespresso Professional,Senior,en,Global CRM and Marketing Manager - Nespresso Professional
Global Digital Marketing Manager,Senior,en,Global Digital Marketing Manager
Global Digital Marketing Senior Manager Customer Engagement | CRM | Loyalty | Acquisition,Senior,en,Global Digital Marketing Senior Manager Customer Engagement | CRM | Loyalty | Acquisition
Global Marketing & Business Development Manager – Infrastructure,Senior,en,Global Marketing & Business Development Manager – Infrastructure
Global Marketing Communications Manager,Senior,en,Global Marketing Communications Manager
Global Marketing Exhibition & Event Manager,Senior,en,Global Marketing Exhibition & Event Manager
Global Marketing Exhibition Manager,Senior,en,Global Marketing Exhibition Manager
Global Marketing Manager,Senior,en,Global Marketing Manager
Global Marketing Manager | Green Polymer Additives,Senior,en,Global Marketing Manager | Green Polymer Additives
Global Marketing Manager Automotive,Senior,en,Global Marketing Manager Automotive
Global Marketing Manager CRM,Senior,en,Global Marketing Manager CRM
Global Marketing Manager Exhibitions and Events,Senior,en,Global Marketing Manager Exhibitions and Events
Global Project Manager Marketing & Sales Solutions,Senior,en,Global Project Manager Marketing & Sales Solutions
Global Sales & Marketing Manager,Senior,en,Global Sales & Marketing Manager
Global Sales & Marketing Manager Linings,Senior,en,Global Sales & Marketing Manager Linings
Global Sales and Marketing Manager - Rack Mounting Solutions,Senior,en,Global Sales and Marketing Manager - Rack Mounting Solutions
Global Senior Marketing Manager - HID & Forensics,Senior,en,Global Senior Marketing Manager - HID & Forensics
Global Trade Show and Marketing Event Manager,Senior,en,Global Trade Show and Marketing Event Manager
Grafik-Designerin (B.A.) & Online-Marketing-Managerin,Senior,tr,Graphic designer (B.A.) & online marketing manager
Group Communication & Event Manager,Senior,en,Group Communication & Event Manager
Group Communications Manager,Senior,en,Group Communications Manager
Group Manager Communications,Senior,en,Group Manager Communications
Group Manager Marketing & Business Development (CMO),Senior,en,Group Manager Marketing & Business Development (CMO)
Group Manager Marketing Communications,Senior,en,Group Manager Marketing Communications
Group Manager Performance Marketing,Senior,en,Group Manager Performance Marketing
Group Marketing & Assistant to the Executive Board,Senior,en,Group Marketing & Assistant to the Executive Board
Group Marketing Communication Manager (Worldwide),Senior,en,Group Marketing Communication Manager (Worldwide)
Group Marketing Events Manager,Senior,en,Group Marketing Events Manager
Group Marketing Manager,Senior,en,Group Marketing Manager
Group Marketing Manager Aluminium Tubes,Senior,en,Group Marketing Manager Aluminium Tubes
Group Markets Clients Relationship Manager &  Group Markets Event Marketing Manager,Senior,en,Group Markets Clients Relationship Manager &  Group Markets Event Marketing Manager
Groupware/Kommunikation/Social Media Manager,Senior,it,Groupware/Communication/Social Media Manager
Head of Enterprise Marketing Manager,Senior,en,Head of Enterprise Marketing Manager
Head of Manager Marketing & Public Relations,Senior,en,Head of Manager Marketing & Public Relations
Head of Marketing - Marketing Manager,Senior,en,Head of Marketing - Marketing Manager
Head of Marketing & Innovations / Executive Assistant to the CEO,Senior,en,Head of Marketing & Innovations / Executive Assistant to the CEO
Head of Marketing / Sales Manager,Senior,en,Head of Marketing / Sales Manager
HR Marketing Manager,Senior,en,HR Marketing Manager
Human Resources & Marketing Manager,Senior,en,Human Resources & Marketing Manager
Industry Marketing & Business Development Manager,Senior,en,Industry Marketing & Business Development Manager
Influencer Marketing & Event Manager,Senior,en,Influencer Marketing & Event Manager
Innovation Manager - Events & Marketing,Senior,en,Innovation Manager - Events & Marketing
Inside Sales & Marketing Manager,Senior,en,Inside Sales & Marketing Manager
Int. Product Managerin & Marketing Managerin,Senior,en,Int. Product Managerin & Marketing Managerin
Interim Manager und Consultant Marketing (Selbstständig),Senior,de,Interim Manager and Consultant Marketing (Self-employed)
Internal Communication Manager,Senior,en,Internal Communication Manager
International Development Manager | Sales & Marketing,Senior,en,International Development Manager | Sales & Marketing
International Event Marketing Manager,Senior,en,International Event Marketing Manager
International Marketing & PR Manager,Senior,en,International Marketing & PR Manager
International Marketing & Product Manager ImuPro,Senior,it,International Marketing & Product Manager ImuPro
International Marketing Communications Manager,Senior,en,International Marketing Communications Manager
International Marketing Manager,Senior,en,International Marketing Manager
International Marketing Manager & Manager Messen und Events,Senior,de,International Marketing Manager & Manager Trade Shows and Events
International Marketing Manager (Messe Kontakt),Senior,ur,International Marketing Manager (Exhibition Contact)
International Marketing Manager for Transportation and Marketing Officer for Swiss Area,Senior,en,International Marketing Manager for Transportation and Marketing Officer for Swiss Area
International Sales & Marketing Manager,Senior,en,International Sales & Marketing Manager
International Sales & Marketing Manager Flexible Foams,Senior,en,International Sales & Marketing Manager Flexible Foams
International Sales and Marketing Assistant,Senior,en,International Sales and Marketing Assistant
IT Demand Manager Sales & Marketing,Senior,en,IT Demand Manager Sales & Marketing
IT Domain Manager for Sales and Marketing,Senior,en,IT Domain Manager for Sales and Marketing
IT-Manager & Marketing,Senior,en,IT-Manager & Marketing
Jr. Marketing Manager,Senior,en,Jr. Marketing Manager
Jr. Online-Marketing Manager,Senior,en,Jr. Online-Marketing Manager
Kauffrau für Bürokommunikation / Assistant Marketing,Senior,de,Businesswoman for Office Communications / Assistant Marketing
Key Account Manager (Messe Kontakt),Senior,ur,Key Account Manager (trade fair contact)
Key Account Manager / Marketing,Senior,en,Key Account Manager / Marketing
Key Account Manager / Messe Kontakt,Senior,de,Key Account Manager / Trade Fair Contact
Key Account Manager Convenience/Marketing Manager,Senior,en,Key Account Manager Convenience/Marketing Manager
Key Account Managerin (Sales & Marketing),Senior,en,Key Account Managerin (Sales & Marketing)
Kommunikation&PR Manager,Senior,de,Communication & PR Manager
Lead Generation Marketing Manager,Senior,en,Lead Generation Marketing Manager
Lead Marketing Assistant,Senior,en,Lead Marketing Assistant
Leadmanager / Senior Professional Marketing Man...,Senior,en,Leadmanager / Senior Professional Marketing Man...
Leiter Abteilung Marketing - Senior Manager Marketing,Senior,de,Head of Marketing - Senior Manager Marketing
Leiterin Marketing/PR (Communications Manager),Senior,it,Head of Marketing/PR (Communications Manager)
Leitung Messe und Marktforschung & Corporate Marketing | Senior Marketing Manager,Senior,de,"Head of Trade Fair and Market Research & Corporate Marketing, Senior Marketing Manager"
Lintex Industrial Ltd - Marketing Development Manager,Senior,ur,Lintex Industrial Ltd - Marketing Development Manager
Live Communications Manager,Senior,en,Live Communications Manager
Management and Marketing Assistant,Senior,en,Management and Marketing Assistant
Management Assistant & Marketing Services,Senior,en,Management Assistant & Marketing Services
Manager - Marketing & Unternehmenskommunikation,Senior,de,Manager - Marketing & Corporate Communications
Manager Account Based Marketing DACH/South Europe - ABM DACH AEC,Senior,en,Manager Account Based Marketing DACH/South Europe - ABM DACH AEC
Manager Advertising & Marketing,Senior,en,Manager Advertising & Marketing
Manager Akquisition & Marketing,Senior,en,Manager Akquisition & Marketing
Manager Backoffice / Technik / Marketing,Senior,de,Manager Backoffice / Technology / Marketing
Manager Brand Marketing,Senior,en,Manager Brand Marketing
Manager Business Development / Marketing,Senior,en,Manager Business Development / Marketing
Manager Business Marketing,Senior,en,Manager Business Marketing
Manager Communication,Senior,en,Manager Communication
Manager Communication & PR,Senior,en,Manager Communication & PR
Manager Communication / Messe Kontakt,Senior,de,Manager Communication / Trade Fair Contact
Manager Communications,Senior,en,Manager Communications
Manager Communications & Customer Relations,Senior,en,Manager Communications & Customer Relations
Manager Corporate & Marketing Communications,Senior,en,Manager Corporate & Marketing Communications
Manager Corporate Communications,Senior,en,Manager Corporate Communications
Manager Corporate Marketing&Communications,Senior,en,Manager Corporate Marketing&Communications
Manager CRM & Collaborative Solutions & BSA Sales & Marketing,Senior,en,Manager CRM & Collaborative Solutions & BSA Sales & Marketing
Manager CRM & Marketing Databases,Senior,en,Manager CRM & Marketing Databases
Manager Database Marketing,Senior,en,Manager Database Marketing
Manager Digital Marketing,Senior,en,Manager Digital Marketing
Manager Digital Marketing Platforms & Tools,Senior,en,Manager Digital Marketing Platforms & Tools
Manager Digital Sales & Marketing,Senior,en,Manager Digital Sales & Marketing
Manager DirectMarketing und CRM,Senior,de,Manager DirectMarketing and CRM
Manager Event Marketing,Senior,en,Manager Event Marketing
Manager Event Marketing - Corporate & Marketing Communications,Senior,en,Manager Event Marketing - Corporate & Marketing Communications
Manager Events & Kommunikation,Senior,de,Manager Events & Communication
Manager Fairs & Online Marketing,Senior,en,Manager Fairs & Online Marketing
Manager Field Marketing & Communications für Xerox GmbH,Senior,de,Manager Field Marketing & Communications for Xerox GmbH
Manager Global Marketing Communications,Senior,en,Manager Global Marketing Communications
Manager Group Communications DACH,Senior,en,Manager Group Communications DACH
Manager HR Marketing and Employer Branding,Senior,en,Manager HR Marketing and Employer Branding
Manager HSO CRM Solutions & Marketing,Senior,en,Manager HSO CRM Solutions & Marketing
Manager Integrated Marketing Europe,Senior,en,Manager Integrated Marketing Europe
Manager Internal Events Marketing Operations Western Europe,Senior,en,Manager Internal Events Marketing Operations Western Europe
Manager International Strategic Marketing,Senior,en,Manager International Strategic Marketing
Manager IT-Services Sales & Marketing Customer Integration,Senior,en,Manager IT-Services Sales & Marketing Customer Integration
Manager Kommunikation und Content Marketing,Senior,de,Manager Communication and Content Marketing
Manager Live-Kommunikation/ Marketing,Senior,hi,Manager Live-Communication/ Marketing
Manager Marketing,Senior,en,Manager Marketing
Manager Marketing & Administration / Prokurist,Senior,ur,Manager Marketing & Administration / Prokurist
Manager Marketing & Business Development,Senior,en,Manager Marketing & Business Development
Manager Marketing & Communication,Senior,en,Manager Marketing & Communication
Manager Marketing & Communications,Senior,en,Manager Marketing & Communications
Manager Marketing & Communications EMEA,Senior,pt,Manager Marketing & Communications EMEA
Manager Marketing & Corporate Communication,Senior,en,Manager Marketing & Corporate Communication
Manager Marketing & Corporate Communications,Senior,en,Manager Marketing & Corporate Communications
Manager Marketing & Event,Senior,en,Manager Marketing & Event
Manager Marketing & Events,Senior,en,Manager Marketing & Events
Manager Marketing & Kommunikation,Senior,de,Manager Marketing & Communication
Manager Marketing & PR,Senior,en,Manager Marketing & PR
Manager Marketing & Public Relations,Senior,en,Manager Marketing & Public Relations
Manager Marketing & Sales,Senior,en,Manager Marketing & Sales
Manager Marketing & Sales Development,Senior,en,Manager Marketing & Sales Development
Manager Marketing & Vertrieb,Senior,de,Manager Marketing & Sales
Manager Marketing (Messe Ansprechpartner),Senior,de,Manager Marketing (trade fair contact)
Manager Marketing and Communications,Senior,en,Manager Marketing and Communications
Manager Marketing and PR,Senior,en,Manager Marketing and PR
Manager Marketing Communication,Senior,en,Manager Marketing Communication
Manager Marketing Communications,Senior,en,Manager Marketing Communications
Manager Marketing Communications and Services EMEA,Senior,en,Manager Marketing Communications and Services EMEA
Manager Marketing Communications DACH,Senior,de,Manager Marketing Communications DACH
Manager Marketing Communications EMEA,Senior,pt,Manager Marketing Communications EMEA
Manager Marketing CRM & Communications,Senior,en,Manager Marketing CRM & Communications
Manager Marketing Intelligence,Senior,en,Manager Marketing Intelligence
Manager Marketing Kommunikation,Senior,de,Manager Marketing Communication
Manager Marketing Kommunikation Dacia DACH,Senior,de,Manager Marketing Communication Dacia DACH
Manager Marketing Performance & Customer Data Science,Senior,en,Manager Marketing Performance & Customer Data Science
Manager Marketing Process Technology,Senior,en,Manager Marketing Process Technology
Manager Marketing Robotics / PR,Senior,en,Manager Marketing Robotics / PR
Manager Marketing Service,Senior,en,Manager Marketing Service
Manager Marketing Services,Senior,en,Manager Marketing Services
Manager Marketing und Interne Kommunikation,Senior,de,Manager Marketing and Internal Communication
Manager Marketing und Kommunikation,Senior,de,Manager Marketing and Communication
Manager Marketing und Unternehmenskommunikation,Senior,de,Manager Marketing and Corporate Communications
Manager Marketing&Kommunikation,Senior,hi,Manager Marketing&Communication
Manager Marketing/Communication,Senior,en,Manager Marketing/Communication
Manager Marketing/PR,Senior,en,Manager Marketing/PR
Manager Marketing-Communication,Senior,en,Manager Marketing-Communication
Manager Marketing-Projekte,Senior,de,Manager Marketing Projects
Manager Media & Communications,Senior,en,Manager Media & Communications
Manager Messen & Events,Senior,en,Manager Messen & Events
Manager of Marketing & PR,Senior,en,Manager of Marketing & PR
Manager Online-Marketing,Senior,en,Manager Online-Marketing
Manager Outbound Marketing - Connected Home Division,Senior,en,Manager Outbound Marketing - Connected Home Division
Manager PR & Marketing (Cross-Border),Senior,en,Manager PR & Marketing (Cross-Border)
Manager PR und Kommunikation,Senior,de,Manager PR and Communication
Manager Process Digitalization Sales & Marketing,Senior,en,Manager Process Digitalization Sales & Marketing
Manager Sales & Marketing,Senior,en,Manager Sales & Marketing
Manager Sales & Marketing Development,Senior,en,Manager Sales & Marketing Development
Manager Sales & Marketing OTC,Senior,en,Manager Sales & Marketing OTC
Manager Sales and Marketing (Messe Kontakt),Senior,ur,Manager Sales and Marketing (Exhibition Contact)
Manager Sales and Marketing I SAP Gold Partner für den Mittelstand,Senior,de,Manager Sales and Marketing I SAP Gold Partner for SMEs
Manager Sales Coordination & Marketing,Senior,en,Manager Sales Coordination & Marketing
Manager Strategischer Vertrieb & Marketing,Senior,de,Manager Strategic Sales & Marketing
Manager Strategy & Marketing,Senior,en,Manager Strategy & Marketing
Manager Technical Marketing & IP,Senior,en,Manager Technical Marketing & IP
Manager Trade Fairs & Events / Brand & Customer Communications,Senior,en,Manager Trade Fairs & Events / Brand & Customer Communications
Manager Unternehmenskommunikation/Marketing,Senior,de,Manager Corporate Communications/Marketing
Manager Vertrieb und Marketing,Senior,de,Manager Sales and Marketing
Manager Vertrieb/Marketing,Senior,de,Manager Sales/Marketing
Managerin Corporate Marketing & Events,Senior,en,Managerin Corporate Marketing & Events
Managerin für Marketing & PR,Senior,de,Manager for Marketing & PR
Managerin Marketing &  Unternehmenskommunikation,Senior,de,Manager Marketing & Corporate Communications
Managerin Marketing & Events,Senior,en,Managerin Marketing & Events
Managerin Marketing & Kommunikation,Senior,de,Manager Marketing & Communication
Managerin Marketing Kommunikation,Senior,de,Manager Marketing Communication
Managerin Marketingkommunikation u. Events,Senior,de,Manager Marketing Communication & Events
Managerin Marketingprojekte,Senior,de,Manager Marketing Projects
Managerin Veranstaltungen & Netzwerke (Marke & Kommunikation),Senior,de,Manager Events & Networks (brand & communication)
Market Communication Manager,Senior,en,Market Communication Manager
Market Communications Manager,Senior,en,Market Communications Manager
Marketing  Communication Manager,Senior,en,Marketing  Communication Manager
Marketing  Communication Manager (w),Senior,en,Marketing  Communication Manager (w)
Marketing  Manager,Senior,en,Marketing  Manager
Marketing & Account Manager,Senior,en,Marketing & Account Manager
Marketing & Area Sales Manager,Senior,en,Marketing & Area Sales Manager
Marketing & Business Development Manager,Senior,en,Marketing & Business Development Manager
Marketing & Communication Manager,Senior,en,Marketing & Communication Manager
Marketing & Communication Manager @ ROCKWOOL Core Solutions,Senior,en,Marketing & Communication Manager @ ROCKWOOL Core Solutions
Marketing & Communication Manager France Benelux,Senior,nl,Marketing & Communication Manager France Benelux
Marketing & Communication Manager Germany,Senior,en,Marketing & Communication Manager Germany
Marketing & Communication Managerin,Senior,en,Marketing & Communication Managerin
Marketing & Communication/Social Media Manager/Exhibitions,Senior,en,Marketing & Communication/Social Media Manager/Exhibitions
Marketing & Communications Manager,Senior,en,Marketing & Communications Manager
Marketing & Communications Manager - Smart Automation Solutions Division,Senior,en,Marketing & Communications Manager - Smart Automation Solutions Division
Marketing & Communications Manager Online,Senior,en,Marketing & Communications Manager Online
Marketing & Communications Managerin,Senior,en,Marketing & Communications Managerin
Marketing & CRM Manager,Senior,en,Marketing & CRM Manager
Marketing & Database Manager,Senior,en,Marketing & Database Manager
Marketing & Digital Strategy Manager,Senior,en,Marketing & Digital Strategy Manager
Marketing & Event Manager,Senior,en,Marketing & Event Manager
Marketing & Event Manager & Technical Consultant,Senior,en,Marketing & Event Manager & Technical Consultant
Marketing & Events Manager,Senior,en,Marketing & Events Manager
Marketing & Events Manager EMEA,Senior,en,Marketing & Events Manager EMEA
Marketing & Growth Manager,Senior,en,Marketing & Growth Manager
Marketing & HR Manager,Senior,en,Marketing & HR Manager
Marketing & HR Managerin,Senior,en,Marketing & HR Managerin
Marketing & Key Account Manager,Senior,en,Marketing & Key Account Manager
Marketing & Loyalty Manager France,Senior,en,Marketing & Loyalty Manager France
Marketing & Operations Manager,Senior,en,Marketing & Operations Manager
Marketing & Partner Manager,Senior,en,Marketing & Partner Manager
Marketing & PR Manager,Senior,en,Marketing & PR Manager
Marketing & PR Manager D-A-CH,Senior,hi,Marketing & PR Manager D-A-CH
Marketing & Product Management Assistant,Senior,en,Marketing & Product Management Assistant
Marketing & Product Manager,Senior,en,Marketing & Product Manager
Marketing & Proposals Manager,Senior,en,Marketing & Proposals Manager
Marketing & Public Relations Manager,Senior,en,Marketing & Public Relations Manager
Marketing & Public Relations Managerin,Senior,en,Marketing & Public Relations Managerin
Marketing & Sales Assistant,Senior,en,Marketing & Sales Assistant
Marketing & Sales Management Assistant,Senior,en,Marketing & Sales Management Assistant
Marketing & Sales Manager,Senior,en,Marketing & Sales Manager
Marketing & Sales Manager Battery Management Systems,Senior,en,Marketing & Sales Manager Battery Management Systems
Marketing & Sales Managerin,Senior,en,Marketing & Sales Managerin
Marketing- & Sales-Manager,Senior,en,Marketing- & Sales-Manager
Marketing /  Sales Manager,Senior,en,Marketing /  Sales Manager
Marketing / Inside Sales Manager,Senior,en,Marketing / Inside Sales Manager
Marketing / Kommunikation Event Manager,Senior,de,Marketing / Communication Event Manager
Marketing / Online Marketing Manager,Senior,en,Marketing / Online Marketing Manager
Marketing / PR Manager,Senior,en,Marketing / PR Manager
Marketing / Public Relations Manager,Senior,en,Marketing / Public Relations Manager
Marketing / Sales Managerin,Senior,en,Marketing / Sales Managerin
Marketing / Senior Customer Events & Sponsoring Specialist,Senior,en,Marketing / Senior Customer Events & Sponsoring Specialist
Marketing Account Manager (Messe Kontakt),Senior,de,Marketing Account Manager (trade fair contact)
Marketing Activation Manager EMEA,Senior,pt,Marketing Activation Manager EMEA
Marketing Administrative Assistant,Senior,en,Marketing Administrative Assistant
Marketing and communication Manager,Senior,en,Marketing and communication Manager
Marketing and Communication Manager @VINCI Energies,Senior,nl,Marketing and Communication Manager @VINCI Energies
Marketing and Communications Manager,Senior,en,Marketing and Communications Manager
Marketing and Event Management Assistant,Senior,en,Marketing and Event Management Assistant
Marketing and Event Manager,Senior,en,Marketing and Event Manager
Marketing and People Development Managerin,Senior,en,Marketing and People Development Managerin
Marketing and Project Management / Executive Assistant,Senior,en,Marketing and Project Management / Executive Assistant
Marketing And Public Relations Manager,Senior,en,Marketing And Public Relations Manager
Marketing and Sales Manager,Senior,en,Marketing and Sales Manager
Marketing and Sales Manager Power transformers,Senior,en,Marketing and Sales Manager Power transformers
Marketing Assistant,Senior,en,Marketing Assistant
Marketing Assistant & Content Creator,Senior,en,Marketing Assistant & Content Creator
Marketing Assistant/ Dept.Internal Event Coordinator,Senior,pt,Marketing Assistant/ Dept.Internal Event Coordinator
Marketing Automation Manager,Senior,en,Marketing Automation Manager
Marketing Brand Manager,Senior,en,Marketing Brand Manager
Marketing Campaign Manager,Senior,en,Marketing Campaign Manager
Marketing Communication & Event Manager,Senior,en,Marketing Communication & Event Manager
Marketing Communication Assistant,Senior,en,Marketing Communication Assistant
Marketing Communication Manager,Senior,en,Marketing Communication Manager
Marketing Communication Manager (Europe) AES,Senior,nl,Marketing Communication Manager (Europe) AES
Marketing Communication Manager BWT France,Senior,en,Marketing Communication Manager BWT France
Marketing Communication Manager Continental Europe,Senior,en,Marketing Communication Manager Continental Europe
Marketing Communication Manager mit Führungsverantwortung,Senior,de,Marketing Communication Manager with leadership responsibility
Marketing Communication Managerin,Senior,en,Marketing Communication Managerin
Marketing Communications & Event Manager,Senior,en,Marketing Communications & Event Manager
Marketing Communications & Events Manager,Senior,en,Marketing Communications & Events Manager
Marketing Communications Assistant,Senior,en,Marketing Communications Assistant
Marketing Communications Assistant Europe,Senior,en,Marketing Communications Assistant Europe
Marketing Communications Manager,Senior,en,Marketing Communications Manager
Marketing Communications Manager (Europe),Senior,en,Marketing Communications Manager (Europe)
Marketing Communications Manager : International Events & Trade Shows,Senior,en,Marketing Communications Manager : International Events & Trade Shows
Marketing Communications Manager | Teamleiter EMEA,Senior,de,Marketing Communications Manager 的 Team Leader EMEA
Marketing Communications Manager EMEA,Senior,pt,Marketing Communications Manager EMEA
Marketing Communications Manager Europe & North America,Senior,en,Marketing Communications Manager Europe & North America
Marketing Communications Manager Healthcare,Senior,en,Marketing Communications Manager Healthcare
Marketing Communications Managerin,Senior,en,Marketing Communications Managerin
Marketing Communications Project Manager,Senior,en,Marketing Communications Project Manager
Marketing Content & Planning Manager,Senior,en,Marketing Content & Planning Manager
Marketing Data Manager Global P&S,Senior,en,Marketing Data Manager Global P&S
Marketing Database Manager,Senior,en,Marketing Database Manager
Marketing Department and Executive Assistant,Senior,en,Marketing Department and Executive Assistant
Marketing Development Manager Healthcare EMEA,Senior,pt,Marketing Development Manager Healthcare EMEA
Marketing Event & Agency Manager,Senior,en,Marketing Event & Agency Manager
Marketing Event & Asset Manager EMEA,Senior,pt,Marketing Event & Asset Manager EMEA
Marketing Event Manager,Senior,en,Marketing Event Manager
Marketing Event Manager - DACH,Senior,de,Marketing Event Manager - DACH
Marketing Event Manager EMEA / LATAM,Senior,hi,Marketing Event Manager EMEA / LATAM
Marketing Events Manager EMEA,Senior,pt,Marketing Events Manager EMEA
Marketing Events Manager Europe,Senior,en,Marketing Events Manager Europe
Marketing Intelligence Manager,Senior,en,Marketing Intelligence Manager
Marketing Leiterin/ E-Commerce-Managerin,Senior,it,Marketing Manager/E-Commerce Manager
Marketing Manager,Senior,en,Marketing Manager
Marketing Manager - Brand & Communications,Senior,en,Marketing Manager - Brand & Communications
Marketing Manager - Customer Success & CRM,Senior,en,Marketing Manager - Customer Success & CRM
Marketing Manager - Digital Marketing Cloud,Senior,en,Marketing Manager - Digital Marketing Cloud
Marketing Manager  Europe & DACH,Senior,de,Marketing Manager Europe & DACH
Marketing Manager - Events & operatives Marketing,Senior,en,Marketing Manager - Events & operatives Marketing
Marketing Manager - International,Senior,en,Marketing Manager - International
Marketing Manager - Messen & Events,Senior,nl,Marketing Manager - Messen & Events
Marketing Manager - Schwerpunkt Eventmanagement,Senior,de,Marketing Manager - Focus Event Management
Marketing Manager & Corporate Communications,Senior,en,Marketing Manager & Corporate Communications
Marketing Manager & Global Regulatory Strategist,Senior,en,Marketing Manager & Global Regulatory Strategist
Marketing Manager & Sales Back Office Manager @Tenax International Srl,Senior,en,Marketing Manager & Sales Back Office Manager @Tenax International Srl
Marketing Manager (Messe Ansprechpartner),Senior,de,Marketing Manager (trade fair contact)
Marketing Manager (Messe Kontakt),Senior,ur,Marketing Manager (Exhibition Contact)
Marketing Manager (PR & Marketing EMEA),Senior,pt,Marketing Manager (PR & Marketing EMEA)
Marketing Manager (Sales Marketing),Senior,en,Marketing Manager (Sales Marketing)
Marketing Manager (SDR/BDR),Senior,en,Marketing Manager (SDR/BDR)
Marketing Manager / Ausbildungsleiter / Produktmanager (Sensorik),Senior,de,Marketing Manager / Training Manager / Product Manager (sensory)
Marketing Manager / CRM,Senior,en,Marketing Manager / CRM
Marketing Manager / Dipl.- Ing.,Senior,it,Marketing Manager / Dipl.- Ing.
Marketing Manager / Fachpressesprecher,Senior,de,Marketing Manager / Spokesperson
Marketing Manager / Head of Human Resources,Senior,en,Marketing Manager / Head of Human Resources
Marketing Manager / International Sales Support,Senior,en,Marketing Manager / International Sales Support
Marketing Manager / Messe Kontakt,Senior,de,Marketing Manager / Trade Fair Contact
Marketing Manager / Messekontakt,Senior,de,Marketing Manager / Trade Fair Contact
Marketing Manager / Personal Assistant of CEO,Senior,en,Marketing Manager / Personal Assistant of CEO
Marketing Manager / Prokurist / Verkaufsleiter,Senior,de,Marketing Manager / Procurator / Sales Manager
Marketing Manager / Prokuristin,Senior,ur,Marketing Manager / Prokuristin
Marketing Manager / Strategic Project Development & Acquisition Germany,Senior,en,Marketing Manager / Strategic Project Development & Acquisition Germany
Marketing Manager / Werbung,Senior,de,Marketing Manager / Advertising
Marketing Manager | Business Development,Senior,hi,Marketing Manager | Business Development
Marketing Manager | Digital & Kommunikation,Senior,de,Marketing Manager - Digital & Communication
Marketing Manager | Fairs and Events,Senior,en,Marketing Manager | Fairs and Events
Marketing Manager | Marketing und Kommunikation,Senior,de,Marketing Manager - Marketing and Communication
Marketing Manager 2H Business,Senior,en,Marketing Manager 2H Business
Marketing Manager Ambient Media,Senior,en,Marketing Manager Ambient Media
Marketing Manager and Project Development Assistant -International,Senior,en,Marketing Manager and Project Development Assistant -International
Marketing Manager Application Technology,Senior,en,Marketing Manager Application Technology
Marketing Manager Architecture,Senior,en,Marketing Manager Architecture
Marketing Manager B2B,Senior,en,Marketing Manager B2B
Marketing Manager B2B / Digital Media,Senior,en,Marketing Manager B2B / Digital Media
Marketing Manager Business Intelligence,Senior,en,Marketing Manager Business Intelligence
Marketing Manager CEMEA,Senior,hi,Marketing Manager CEMEA
Marketing Manager Central & Eastern Europe,Senior,en,Marketing Manager Central & Eastern Europe
Marketing Manager Central Europe,Senior,en,Marketing Manager Central Europe
Marketing Manager Communications,Senior,en,Marketing Manager Communications
Marketing Manager Communications (Leiter Marketing DACH),Senior,de,Marketing Manager Communications (Head of Marketing DACH)
Marketing Manager Communications NWE,Senior,en,Marketing Manager Communications NWE
Marketing Manager Communities & Verticals CE,Senior,en,Marketing Manager Communities & Verticals CE
Marketing Manager Contruction,Senior,en,Marketing Manager Contruction
Marketing Manager Corporate Events & Sponsoring,Senior,en,Marketing Manager Corporate Events & Sponsoring
Marketing Manager Corporate Marketing,Senior,en,Marketing Manager Corporate Marketing
Marketing Manager CRM,Senior,en,Marketing Manager CRM
Marketing Manager CRM & Dialogmarketing,Senior,en,Marketing Manager CRM & Dialogmarketing
Marketing Manager DACH,Senior,de,Marketing Manager DACH
Marketing Manager DACH - FR,Senior,de,Marketing Manager DACH - FR
Marketing Manager DACH & NL,Senior,hi,Marketing Manager DACH & NL
Marketing Manager De'Longhi Brand,Senior,nl,Marketing Manager De'Longhi Brand
Marketing Manager Deutschland,Senior,de,Marketing Manager Germany
Marketing Manager Deutschland/Österreich,Senior,de,Marketing Manager Germany/Austria
Marketing Manager Digital,Senior,en,Marketing Manager Digital
Marketing Manager Digital Advertisement,Senior,en,Marketing Manager Digital Advertisement
Marketing Manager Digital Media,Senior,en,Marketing Manager Digital Media
Marketing Manager Digitale Services,Senior,en,Marketing Manager Digitale Services
Marketing Manager Eastern Europe,Senior,en,Marketing Manager Eastern Europe
Marketing Manager eCRM,Senior,en,Marketing Manager eCRM
Marketing Manager EMEA,Senior,pt,Marketing Manager EMEA
Marketing Manager EMEA & Russia,Senior,pt,Marketing Manager EMEA & Russia
Marketing Manager EMEA Central,Senior,pt,Marketing Manager EMEA Central
Marketing Manager EMEA Region,Senior,pt,Marketing Manager EMEA Region
Marketing Manager Europe,Senior,en,Marketing Manager Europe
Marketing Manager Europe East,Senior,en,Marketing Manager Europe East
Marketing Manager Event & Partnership,Senior,en,Marketing Manager Event & Partnership
Marketing Manager Events,Senior,en,Marketing Manager Events
Marketing Manager Events & Projekte,Senior,de,Marketing Manager Events & Projects
Marketing Manager Exhibitions & Events,Senior,en,Marketing Manager Exhibitions & Events
Marketing Manager Exteriors division France,Senior,en,Marketing Manager Exteriors division France
Marketing Manager Food Service,Senior,en,Marketing Manager Food Service
Marketing Manager France,Senior,fr,Marketing Manager France
Marketing Manager France & Export,Senior,en,Marketing Manager France & Export
Marketing Manager für den Bereich Security Cons...,Senior,de,Marketing Manager for Security Cons...
Marketing Manager Germany,Senior,de,Marketing Manager Germany
Marketing Manager Global Marketing Communication,Senior,en,Marketing Manager Global Marketing Communication
Marketing Manager HRSflow D-A-CH,Senior,nl,Marketing Manager HRSflow D-A-CH
Marketing Manager HVAC/R,Senior,hi,Marketing Manager HVAC/R
Marketing Manager I Global Communication and Brand Management,Senior,en,Marketing Manager I Global Communication and Brand Management
Marketing Manager IDEXX Companion Animal Group D/A/CH,Senior,it,Marketing Manager IDEXX Companion Animal Group D/A/CH
Marketing Manager Industrie,Senior,en,Marketing Manager Industrie
Marketing Manager Instruments & Hygiene,Senior,en,Marketing Manager Instruments & Hygiene
Marketing Manager Internal Communication,Senior,en,Marketing Manager Internal Communication
Marketing Manager International,Senior,en,Marketing Manager International
Marketing Manager International sales,Senior,en,Marketing Manager International sales
Marketing Manager Kommunikation,Senior,de,Marketing Manager Communication
Marketing Manager Messe,Senior,de,Marketing Manager Fair
Marketing Manager North Europe & Sales Manager Suisse,Senior,nl,Marketing Manager North Europe & Sales Manager Suisse
Marketing Manager Northern Europe,Senior,en,Marketing Manager Northern Europe
Marketing Manager online/offline,Senior,en,Marketing Manager online/offline
Marketing Manager Partnermarketing und Kommunikation,Senior,de,Marketing Manager Partner Marketing and Communication
Marketing Manager POS Display,Senior,en,Marketing Manager POS Display
Marketing Manager Process Control,Senior,en,Marketing Manager Process Control
Marketing Manager Retail,Senior,en,Marketing Manager Retail
Marketing Manager Retail EMEA,Senior,pt,Marketing Manager Retail EMEA
Marketing Manager Schweiz,Senior,de,Marketing Manager Switzerland
Marketing Manager Schwerpunkt Art Direction,Senior,de,Marketing Manager Focus Art Direction
Marketing Manager Shows & Events,Senior,en,Marketing Manager Shows & Events
Marketing Manager Shows and Events,Senior,en,Marketing Manager Shows and Events
Marketing Manager Strategie,Senior,en,Marketing Manager Strategie
Marketing Manager Strategy & Digitalization,Senior,en,Marketing Manager Strategy & Digitalization
Marketing Manager Strategy & Team Coordination,Senior,en,Marketing Manager Strategy & Team Coordination
Marketing Manager Technical Foams,Senior,en,Marketing Manager Technical Foams
Marketing Manager Trade Marketing,Senior,en,Marketing Manager Trade Marketing
Marketing Manager Trade Show & Events International,Senior,en,Marketing Manager Trade Show & Events International
Marketing Manager Trades Shows and Events,Senior,en,Marketing Manager Trades Shows and Events
Marketing Manager und Assistent der Geschäftsleitung,Senior,de,Marketing Manager and Assistant to the Executive Board
Marketing Manager und Assistenz der Geschäftsleitung,Senior,de,Marketing Manager and Management Assistant
Marketing Manager Vertrieb,Senior,de,Marketing Manager Sales
Marketing Manager/ Marketing Management,Senior,en,Marketing Manager/ Marketing Management
Marketing Managerin,Senior,en,Marketing Managerin
Marketing Managerin & Messeverantwortung,Senior,de,Marketing Manager & Trade Fair Responsibility
Marketing Managerin (Messe Kontakt),Senior,de,Marketing Manager (trade fair contact)
Marketing Managerin / Public Relations,Senior,en,Marketing Managerin / Public Relations
Marketing Managerin B2B Markt,Senior,de,Marketing Manager B2B Market
Marketing Managerin Brand Communications & Event,Senior,en,Marketing Managerin Brand Communications & Event
Marketing Managerin DACH,Senior,de,Marketing Manager DACH
Marketing Managerin Equipment,Senior,en,Marketing Managerin Equipment
Marketing Managerin Event & Trade Fair,Senior,en,Marketing Managerin Event & Trade Fair
Marketing Managerin Kommunikation,Senior,de,Marketing Manager Communication
Marketing Managerin Trade Shows,Senior,en,Marketing Managerin Trade Shows
Marketing Managerin/Teamleitung,Senior,de,Marketing Manager/Team Leader
Marketing Operations Manager,Senior,en,Marketing Operations Manager
Marketing Operations Manager EMEA,Senior,pt,Marketing Operations Manager EMEA
Marketing Operations Program Manager,Senior,en,Marketing Operations Program Manager
Marketing Process Manager Fairs & Events,Senior,en,Marketing Process Manager Fairs & Events
Marketing Process Managerin Fairs & Events,Senior,en,Marketing Process Managerin Fairs & Events
Marketing Professional / Event Manager,Senior,en,Marketing Professional / Event Manager
Marketing Program Manager,Senior,en,Marketing Program Manager
Marketing Program Manager - Liquid Phase separations & Lab Informatics,Senior,en,Marketing Program Manager - Liquid Phase separations & Lab Informatics
Marketing Programs Manager,Senior,en,Marketing Programs Manager
Marketing Project and Event Manager,Senior,en,Marketing Project and Event Manager
Marketing Project Manager,Senior,en,Marketing Project Manager
Marketing Project Manager i Glamox AS,Senior,en,Marketing Project Manager i Glamox AS
Marketing Sales Manager,Senior,en,Marketing Sales Manager
Marketing Sales Strategy Manager,Senior,en,Marketing Sales Strategy Manager
Marketing Service Manager,Senior,en,Marketing Service Manager
Marketing Services Manager,Senior,en,Marketing Services Manager
Marketing Services Project Manager,Senior,en,Marketing Services Project Manager
Marketing Technology Manager CRM,Senior,en,Marketing Technology Manager CRM
Marketing und Communications Manager Medical,Senior,de,Marketing and Communications Manager Medical
Marketing und Community Manager,Senior,de,Marketing and Community Manager
Marketing- und E-Commerce Manager,Senior,de,Marketing and e-commerce manager
Marketing und Event Manager,Senior,de,Marketing and Event Manager
Marketing und Event Manager DACH,Senior,de,Marketing and Event Manager DACH
Marketing und Event Managerin,Senior,de,Marketing and Event Manager
Marketing- und Kommunikations-Manager,Senior,de,Marketing and Communication Manager
Marketing- und Kommunikations-Managerin,Senior,de,Marketing and Communication Manager
Marketing und Management Assistant,Senior,de,Marketing and Management Assistant
Marketing und PR Manager,Senior,de,Marketing and PR Manager
Marketing und Produkt Manager,Senior,de,Marketing and Product Manager
Marketing und Sales Operations Manager,Senior,de,Marketing and Sales Operations Manager
Marketing- und Sales-Manager,Senior,de,Marketing and Sales Managers
Marketing und Vertriebs Managerin,Senior,de,Marketing and Sales Manager
Marketing-/ Kommunikations-Manager,Senior,de,Marketing/Communication Manager
Marketing/Business Development Manager,Senior,en,Marketing/Business Development Manager
Marketing/Communications Manager,Senior,en,Marketing/Communications Manager
Marketing/Event-Manager,Senior,en,Marketing/Event-Manager
Marketingkampagnen-Manager,Senior,tr,The Marketing Campaign Manager
Marketingleiterin / Marketing Manager,Senior,de,Marketing Manager / Marketing Manager
Marketingleitung / Marketing Manager,Senior,de,Marketing Management / Marketing Manager
Marketingleitung /Marketing Manager,Senior,de,Marketing Management / Marketing Manager
Marketing-Manager,Senior,en,Marketing-Manager
Marketing-Manager Online,Senior,en,Marketing-Manager Online
Marketing-Managerin,Senior,en,Marketing-Managerin
Marketing-Managerin (Media),Senior,ur,Marketing Manager (Media)
Marketing-Managerin Kommunikation/Werbung,Senior,de,Marketing Manager Communication/Advertising
Marketing-Referentin / Account Manager,Senior,nl,Marketing Representative / Account Manager
Medien & Marketing Manager,Senior,en,Medien & Marketing Manager
Messe & Event Manager,Senior,de,Fair & Event Manager
Messe Kontakt / Key Account Manager,Senior,de,Trade Fair Contact / Key Account Manager
Multi Channel Marketing Manager,Senior,en,Multi Channel Marketing Manager
Multichannel Communication Manager,Senior,en,Multichannel Communication Manager
National Marketing & Communication Manager,Senior,en,National Marketing & Communication Manager
National Marketing&Communication Manager,Senior,en,National Marketing&Communication Manager
National Partnership Manager - Sport & Event Marketing,Senior,en,National Partnership Manager - Sport & Event Marketing
National Sales Marketing Manager Solar Energy,Senior,en,National Sales Marketing Manager Solar Energy
New Business Development - Regional Marketing Manager,Senior,en,New Business Development - Regional Marketing Manager
Online- / Social Media Manager Marketing Deutschland,Senior,de,Online / Social Media Manager Marketing Germany
Online Marketing - Senior Key Account Managerin,Senior,en,Online Marketing - Senior Key Account Managerin
Online Marketing & Community Manager,Senior,en,Online Marketing & Community Manager
Online Marketing & E-Commerce Manager,Senior,en,Online Marketing & E-Commerce Manager
Online Marketing & Sales Manager,Senior,en,Online Marketing & Sales Manager
Online Marketing + Event Manager,Senior,en,Online Marketing + Event Manager
Online Marketing Assistant,Senior,en,Online Marketing Assistant
Online Marketing Manager,Senior,en,Online Marketing Manager
Online Marketing Manager & IT-Consultant,Senior,en,Online Marketing Manager & IT-Consultant
Online Marketing Manager / Leadmanagement,Senior,en,Online Marketing Manager / Leadmanagement
Online Marketing Manager | Google AdWords Specialist,Senior,hi,Online Marketing Manager | Google AdWords Specialist
Online Marketing Manager B2B,Senior,en,Online Marketing Manager B2B
Online Marketing Manager B2B D/A/CH,Senior,sw,Online Marketing Manager B2B D/A/CH
Online Marketing Managerin,Senior,en,Online Marketing Managerin
Online Marketing und Event Manager,Senior,de,Online Marketing and Event Manager
Online und Community Marketing Managerin,Senior,de,Online and Community Marketing Manager
Online-Marketing & eCommerce Managerin,Senior,en,Online-Marketing & eCommerce Managerin
Online-Marketing Manager,Senior,en,Online-Marketing Manager
Online-Marketing Managerin / Online marketing manager,Senior,en,Online-Marketing Managerin / Online marketing manager
Online-Marketing und Event Managerin,Senior,de,Online Marketing and Event Manager
Online-Marketing-Manager,Senior,en,Online-Marketing-Manager
Online-Marketing-Manager E-Mail & CRM,Senior,en,Online-Marketing-Manager E-Mail & CRM
Operational & Digital Marketing - Communication Project Manager,Senior,en,Operational & Digital Marketing - Communication Project Manager
Operational Marketing & Communications Manager - Group,Senior,en,Operational Marketing & Communications Manager - Group
Operational Marketing and Communication Manager,Senior,en,Operational Marketing and Communication Manager
Performance Marketing Manager,Senior,en,Performance Marketing Manager
Performance Marketing Manager - Affiliate & Native Display at Gorillas,Senior,en,Performance Marketing Manager - Affiliate & Native Display at Gorillas
PR & Communications Manager,Senior,en,PR & Communications Manager
PR & Content Marketing Managerin,Senior,en,PR & Content Marketing Managerin
PR & Marketing Communications Manager,Senior,en,PR & Marketing Communications Manager
PR & Marketing Manager,Senior,en,PR & Marketing Manager
PR / Communications Managerin,Senior,en,PR / Communications Managerin
PR und Marketing Manager,Senior,de,PR and Marketing Manager
PR/Marketing Manager,Senior,en,PR/Marketing Manager
PR-/Marketing Managerin,Senior,en,PR-/Marketing Managerin
Process- & Project Manager Sales Channel Management & Marketing,Senior,en,Process- & Project Manager Sales Channel Management & Marketing
Product & Campaign Marketing Manager,Senior,en,Product & Campaign Marketing Manager
Product & Marketing Manager,Senior,en,Product & Marketing Manager
Product & Sales Marketing Manager,Senior,en,Product & Sales Marketing Manager
Product and Marketing Manager,Senior,en,Product and Marketing Manager
Product Manager EMEA Platform & Solutions Marketing,Senior,en,Product Manager EMEA Platform & Solutions Marketing
Product Manager Trade Marketing,Senior,en,Product Manager Trade Marketing
Product Marketing Manager,Senior,en,Product Marketing Manager
Product Marketing Manager (CRM),Senior,en,Product Marketing Manager (CRM)
Product Marketing Manager B2B Health,Senior,en,Product Marketing Manager B2B Health
Produkt & Marketing Manager,Senior,en,Produkt & Marketing Manager
Produkt Marketing Manager,Senior,de,Product Marketing Manager
Produkt Marketing Manager / Vertriebsingenieur,Senior,de,Product Marketing Manager / Sales Engineer
Produkt Marketing Managerin,Senior,de,Product Marketing Manager
Produktentwickler/Marketing-Manager,Senior,nl,Product Developer/Marketing Manager
Project & Product Manager - CRM & Marketing automation,Senior,en,Project & Product Manager - CRM & Marketing automation
Project Manager - Marketing and Communication,Senior,en,Project Manager - Marketing and Communication
Project Manager Communication & PR,Senior,en,Project Manager Communication & PR
Project Manager Digital Marketing,Senior,en,Project Manager Digital Marketing
Project Manager E-Commerce & Digital Marketing,Senior,en,Project Manager E-Commerce & Digital Marketing
Project Manager Event & Partner Marketing,Senior,en,Project Manager Event & Partner Marketing
Project Manager External Communications,Senior,en,Project Manager External Communications
Project Manager Location Marketing,Senior,en,Project Manager Location Marketing
Project Manager Marketing,Senior,en,Project Manager Marketing
Project Manager Marketing & Communications,Senior,en,Project Manager Marketing & Communications
Project Manager Marketing & Corporate Communications,Senior,en,Project Manager Marketing & Corporate Communications
Project Manager Marketing & Fairs / Projektleiterin Marketing & Messen,Senior,de,Project Manager Marketing & Fairs / Project Manager Marketing & Fairs
Project Manager Marketing & Sales,Senior,en,Project Manager Marketing & Sales
Project Manager Marketing Communication,Senior,en,Project Manager Marketing Communication
Project Manager Marketing Communications,Senior,en,Project Manager Marketing Communications
Project Manager Technical Marketing and Business Development Tepex Automotive,Senior,en,Project Manager Technical Marketing and Business Development Tepex Automotive
Projekt Managerin | Marketing Events & Messen,Senior,de,Project Manager 的 Marketing Events & Fairs
Recruiting und Marketing Manager,Senior,de,Recruiting and Marketing Manager
Regional Communication Manager,Senior,en,Regional Communication Manager
Regional Communication Manager DACH,Senior,de,Regional Communication Manager DACH
Regional Field Marketing Manager,Senior,en,Regional Field Marketing Manager
Regional Marketing & Communications Manager,Senior,en,Regional Marketing & Communications Manager
Regional Marketing Manager,Senior,en,Regional Marketing Manager
Regional Marketing Manager - Sales Region,Senior,en,Regional Marketing Manager - Sales Region
Regional Marketing Manager | Europe Central,Senior,en,Regional Marketing Manager | Europe Central
Regional Marketing Manager DACH,Senior,de,Regional Marketing Manager DACH
Regional Sales & Marketing Operations Manager Europe Duty Free,Senior,en,Regional Sales & Marketing Operations Manager Europe Duty Free
Responsable Communication commerciale et Travel Manager,Senior,fr,Sales Communications and Travel Manager
Retail CRM & Marketing Manager,Senior,en,Retail CRM & Marketing Manager
Sales & Marketing Assistant,Senior,en,Sales & Marketing Assistant
Sales- & Marketing Assistant,Senior,en,Sales- & Marketing Assistant
Sales & Marketing Assistant Leadacquisition,Senior,en,Sales & Marketing Assistant Leadacquisition
Sales & Marketing Management Assistant,Senior,en,Sales & Marketing Management Assistant
Sales & Marketing Manager,Senior,en,Sales & Marketing Manager
Sales & Marketing Manager - Refining Division Switzerland,Senior,en,Sales & Marketing Manager - Refining Division Switzerland
Sales & Marketing Manager AGR Germany,Senior,en,Sales & Marketing Manager AGR Germany
Sales & Marketing Manager France Infrastruture sector,Senior,fr,Sales & Marketing Manager France Infrastructure sector
Sales & Marketing Manager HPW AG,Senior,en,Sales & Marketing Manager HPW AG
Sales & Marketing Manager Industry,Senior,en,Sales & Marketing Manager Industry
Sales & Marketing Manager Middle East,Senior,en,Sales & Marketing Manager Middle East
Sales & Marketing Manager South & West Europe Region & EMEA Luxury Segment BDM,Senior,en,Sales & Marketing Manager South & West Europe Region & EMEA Luxury Segment BDM
Sales & Marketing Manager Speedo Deutschland,Senior,de,Sales & Marketing Manager Speedo Germany
Sales & Marketing Managerin,Senior,en,Sales & Marketing Managerin
Sales & Marketing Operations Manager Truck & Trailer EMEAR,Senior,en,Sales & Marketing Operations Manager Truck & Trailer EMEAR
Sales & Marketing Operations Senior Manager,Senior,en,Sales & Marketing Operations Senior Manager
Sales & Marketing Team Manager,Senior,en,Sales & Marketing Team Manager
Sales & Marketing Transformation Manager,Senior,en,Sales & Marketing Transformation Manager
Sales- & Marketing-Manager,Senior,en,Sales- & Marketing-Manager
Sales- & Marketing-Manager LAC,Senior,en,Sales- & Marketing-Manager LAC
Sales- & Marketing-Managerin,Senior,ur,Sales & Marketing Manager
Sales / Marketing Manager,Senior,en,Sales / Marketing Manager
Sales and Marketing Assistant,Senior,en,Sales and Marketing Assistant
Sales and Marketing Manager,Senior,en,Sales and Marketing Manager
Sales and Marketing Manager (Social Media),Senior,en,Sales and Marketing Manager (Social Media)
Sales and Marketing Manager B2B,Senior,en,Sales and Marketing Manager B2B
Sales and Marketing Manager France,Senior,en,Sales and Marketing Manager France
Sales and Marketing Manager Vision division,Senior,en,Sales and Marketing Manager Vision division
Sales Manager & Marketing Manager / CRM & CSR Management,Senior,en,Sales Manager & Marketing Manager / CRM & CSR Management
Sales Manager Conferences & Online Marketing,Senior,en,Sales Manager Conferences & Online Marketing
Sales Manager Direct Marketing,Senior,en,Sales Manager Direct Marketing
Sales Marketing Assistant,Senior,en,Sales Marketing Assistant
Sales Marketing Manager,Senior,en,Sales Marketing Manager
Sales Representative & Marketing Manager,Senior,en,Sales Representative & Marketing Manager
Sales und Marketing Manager,Senior,de,Sales and Marketing Manager
Sales und Marketing Managerin,Senior,de,Sales and Marketing Manager
Salesforce Marketing Cloud Manager,Senior,en,Salesforce Marketing Cloud Manager
Sales-Marketing Manager,Senior,en,Sales-Marketing Manager
Section Manager Marketing,Senior,en,Section Manager Marketing
Sen.Marketing Manager,Senior,en,Sen.Marketing Manager
Senior Account Manager Digital- & Performance-Marketing,Senior,en,Senior Account Manager Digital- & Performance-Marketing
Senior Account Manager Marketing Automation & Lead Management,Senior,en,Senior Account Manager Marketing Automation & Lead Management
Senior B2B Digital Content Marketing Manager,Senior,en,Senior B2B Digital Content Marketing Manager
Senior B2B Marketing Manager,Senior,en,Senior B2B Marketing Manager
Senior Beraterin Business Development Performance Marketing,Senior,tr,Senior Consultant Business Development Performance Marketing
Senior Brand and Marketing Campaign Manager iTero EMEA,Senior,en,Senior Brand and Marketing Campaign Manager iTero EMEA
Senior Brand Marketing Manager,Senior,en,Senior Brand Marketing Manager
Senior Buyer Marketing and Travelmanagement,Senior,en,Senior Buyer Marketing and Travelmanagement
Senior Channel Marketing Manager,Senior,en,Senior Channel Marketing Manager
Senior Channel Marketing Manager Central Europe,Senior,en,Senior Channel Marketing Manager Central Europe
Senior Communication Manager,Senior,en,Senior Communication Manager
Senior Communications Specialist,Senior,en,Senior Communications Specialist
Senior Communications Specialist Central Europe,Senior,en,Senior Communications Specialist Central Europe
Senior Consultant Marketing & Communication,Senior,en,Senior Consultant Marketing & Communication
Senior Coordinator Marketing,Senior,en,Senior Coordinator Marketing
Senior Corporate Brand Communications,Senior,en,Senior Corporate Brand Communications
Senior Corporate Communication Manager,Senior,en,Senior Corporate Communication Manager
Senior CRM & Marketing Project Manager,Senior,en,Senior CRM & Marketing Project Manager
Senior CRM Manager - Unternehmensentwicklung & Marketing,Senior,de,Senior CRM Manager - Corporate Development & Marketing
Senior CRM Manager / Senior E-Mail Marketing Ma...,Senior,it,Senior CRM Manager / Senior E-Mail Marketing Ma...
Senior Customer Marketing Manager,Senior,en,Senior Customer Marketing Manager
Senior DACH Marketing Manager,Senior,en,Senior DACH Marketing Manager
Senior Developer Marketing Specialist,Senior,en,Senior Developer Marketing Specialist
Senior Digital Communication Managerin,Senior,en,Senior Digital Communication Managerin
Senior Digital Marketing Manager,Senior,en,Senior Digital Marketing Manager
Senior Direktor Marketing und Vertrieb (Messe Kontakt),Senior,de,Senior Director Marketing and Sales (Trade Fair Contact)
Senior eCommerce Marketing Manager,Senior,en,Senior eCommerce Marketing Manager
Senior Event Marketing Manager,Senior,en,Senior Event Marketing Manager
Senior Events and National Veterinary Schools Communication manager,Senior,en,Senior Events and National Veterinary Schools Communication manager
Senior Expert E-Business & Marketing,Senior,en,Senior Expert E-Business & Marketing
Senior Expert Software & Online Dialog Marketing,Senior,en,Senior Expert Software & Online Dialog Marketing
Senior Field Marketing Manager,Senior,en,Senior Field Marketing Manager
Senior Field Marketing Manager DACH,Senior,de,Senior Field Marketing Manager DACH
Senior Global Communications Manager,Senior,en,Senior Global Communications Manager
Senior Global Marketing Manager,Senior,en,Senior Global Marketing Manager
Senior Group Key Account & Marketing Manager,Senior,en,Senior Group Key Account & Marketing Manager
Senior Group Manager Central European and Nordics Marketing Programs and Communications at MathWorks,Senior,en,Senior Group Manager Central European and Nordics Marketing Programs and Communications at MathWorks
Senior HR Marketing Manager,Senior,en,Senior HR Marketing Manager
Senior International Marketing Manager,Senior,en,Senior International Marketing Manager
Senior Key Account Manager & Online Marketing Manager (IHK),Senior,en,Senior Key Account Manager & Online Marketing Manager (IHK)
Senior Manager - CRM & Digital Marketing,Senior,en,Senior Manager - CRM & Digital Marketing
Senior Manager - Global BMW Program- Sales&Marketing,Senior,en,Senior Manager - Global BMW Program- Sales&Marketing
Senior Manager – Product Marketing Scheer PAS,Senior,nl,Senior Manager – Product Marketing Scheer PAS
Senior Manager Application Development & Business Solution Management Sales and Marketing,Senior,en,Senior Manager Application Development & Business Solution Management Sales and Marketing
Senior Manager Brand & Communication,Senior,en,Senior Manager Brand & Communication
Senior Manager Communication,Senior,en,Senior Manager Communication
Senior Manager Communications at Magna Powertrain,Senior,en,Senior Manager Communications at Magna Powertrain
Senior Manager Corporate Communications,Senior,en,Senior Manager Corporate Communications
Senior Manager CRM / Team-Leader (Group Strategic Marketing),Senior,en,Senior Manager CRM / Team-Leader (Group Strategic Marketing)
Senior Manager Demand Generation & Marketing Operations,Senior,en,Senior Manager Demand Generation & Marketing Operations
Senior Manager Digital Marketing & Communication,Senior,en,Senior Manager Digital Marketing & Communication
Senior Manager EMEA Channel Marketing,Senior,en,Senior Manager EMEA Channel Marketing
Senior Manager EMEA Marketing,Senior,en,Senior Manager EMEA Marketing
Senior Manager Global Marketing,Senior,en,Senior Manager Global Marketing
Senior Manager Kommunikation & Marketing,Senior,en,Senior Manager Kommunikation & Marketing
Senior Manager Marketing,Senior,en,Senior Manager Marketing
Senior Manager Marketing - Digital Prosthetics,Senior,en,Senior Manager Marketing - Digital Prosthetics
Senior Manager Marketing & Communications,Senior,en,Senior Manager Marketing & Communications
Senior Manager Marketing & Inside Sales,Senior,en,Senior Manager Marketing & Inside Sales
Senior Manager Marketing & Sales,Senior,en,Senior Manager Marketing & Sales
Senior Manager Marketing & Sales Operations,Senior,en,Senior Manager Marketing & Sales Operations
Senior Manager Marketing / PR,Senior,en,Senior Manager Marketing / PR
Senior Manager Marketing and Online Communications,Senior,en,Senior Manager Marketing and Online Communications
Senior Manager Marketing Central Europe,Senior,en,Senior Manager Marketing Central Europe
Senior Manager Marketing Communications,Senior,en,Senior Manager Marketing Communications
Senior Manager Marketing Cyber Security DACH,Senior,de,Senior Manager Marketing Cyber Security DACH
Senior Manager Marketing Services / Corporate Communications,Senior,en,Senior Manager Marketing Services / Corporate Communications
Senior Manager Marketing Technology + Tools,Senior,en,Senior Manager Marketing Technology + Tools
Senior Manager Marketing/PR,Senior,en,Senior Manager Marketing/PR
Senior Manager Online-Marketing,Senior,en,Senior Manager Online-Marketing
Senior Manager Product & Program Marketing,Senior,en,Senior Manager Product & Program Marketing
Senior Marketing & Brand Manager,Senior,en,Senior Marketing & Brand Manager
Senior Marketing & Communications Manager,Senior,en,Senior Marketing & Communications Manager
Senior Marketing & Communications Specialist,Senior,en,Senior Marketing & Communications Specialist
Senior Marketing & Design Manager,Senior,en,Senior Marketing & Design Manager
Senior Marketing & Event Manager EMEIA,Senior,it,Senior Marketing & Event Manager EMEIA
Senior Marketing & Events Manager B2B DACH,Senior,de,Senior Marketing & Events Manager B2B DACH
Senior Marketing & PR Manager,Senior,en,Senior Marketing & PR Manager
Senior Marketing & Sales Manager,Senior,en,Senior Marketing & Sales Manager
Senior Marketing Analyst / Salesforce Administrator,Senior,en,Senior Marketing Analyst / Salesforce Administrator
Senior Marketing and Event Manager,Senior,en,Senior Marketing and Event Manager
Senior Marketing and Pricing Manager,Senior,en,Senior Marketing and Pricing Manager
Senior Marketing Communations Managerin,Senior,en,Senior Marketing Communations Managerin
Senior Marketing Communications Manager,Senior,en,Senior Marketing Communications Manager
Senior Marketing Communications Specialist,Senior,en,Senior Marketing Communications Specialist
Senior Marketing Consultant,Senior,en,Senior Marketing Consultant
Senior Marketing Coordinator,Senior,en,Senior Marketing Coordinator
Senior Marketing Event Manager,Senior,en,Senior Marketing Event Manager
Senior Marketing Event Specialist,Senior,en,Senior Marketing Event Specialist
Senior Marketing Executive ‑ Europe,Senior,en,Senior Marketing Executive ‑ Europe
Senior Marketing Manager,Senior,en,Senior Marketing Manager
Senior Marketing Manager - Corporate Marketing and Business Development,Senior,en,Senior Marketing Manager - Corporate Marketing and Business Development
Senior Marketing Manager – Demand Generation EMEA,Senior,pt,Senior Marketing Manager – Demand Generation EMEA
Senior Marketing Manager - Global Marketing,Senior,en,Senior Marketing Manager - Global Marketing
Senior Marketing Manager (Direct marketing),Senior,en,Senior Marketing Manager (Direct marketing)
Senior Marketing Manager / Team Leader,Senior,en,Senior Marketing Manager / Team Leader
Senior Marketing Manager Central + Eastern Europe,Senior,en,Senior Marketing Manager Central + Eastern Europe
Senior Marketing Manager CRM,Senior,en,Senior Marketing Manager CRM
Senior Marketing Manager CRM Retention,Senior,en,Senior Marketing Manager CRM Retention
Senior Marketing Manager DACH,Senior,de,Senior Marketing Manager DACH
Senior Marketing Manager Digital Experience - MAN Digital Solutions,Senior,en,Senior Marketing Manager Digital Experience - MAN Digital Solutions
Senior Marketing Manager EMEA,Senior,pt,Senior Marketing Manager EMEA
Senior Marketing Manager France at Celonis,Senior,it,Senior Marketing Manager France at Celonis
Senior Marketing Manager Southern Europe,Senior,en,Senior Marketing Manager Southern Europe
Senior Marketing Managerin,Senior,en,Senior Marketing Managerin
Senior Marketing Managerin | Teamlead,Senior,en,Senior Marketing Managerin | Teamlead
Senior Marketing Mitarbeiterin/Marketingmanagement,Senior,de,Senior Marketing Employee/Marketing Management
Senior Marketing Professional,Senior,en,Senior Marketing Professional
Senior Marketing Project Manager,Senior,en,Senior Marketing Project Manager
Senior Marketing Referent,Senior,en,Senior Marketing Referent
Senior Marketing Service & Event Specialist,Senior,en,Senior Marketing Service & Event Specialist
Senior Marketing Specialist,Senior,en,Senior Marketing Specialist
Senior Marketing Specialist - Central Europe,Senior,en,Senior Marketing Specialist - Central Europe
Senior Marketing Specialist (Event),Senior,en,Senior Marketing Specialist (Event)
Senior Marketing Specialist (高级营销专家),Senior,zh,Senior Marketing Specialist
Senior Marketing Specialist Central Europe,Senior,en,Senior Marketing Specialist Central Europe
Senior Marketing-Managerin Customer Communication & Digitization,Senior,en,Senior Marketing-Managerin Customer Communication & Digitization
Senior Marketingreferentin,Senior,de,Senior Marketing Officer
Senior Online Marketing CRM Manager,Senior,en,Senior Online Marketing CRM Manager
Senior Online Marketing Manager,Senior,en,Senior Online Marketing Manager
Senior Online Marketing Manager SEO,Senior,en,Senior Online Marketing Manager SEO
Senior Partner Manager | Marketing+Communication | Creative communication strategies + Definitive data analysis,Senior,en,Senior Partner Manager | Marketing+Communication | Creative communication strategies + Definitive data analysis
Senior Performance Marketing Manager,Senior,en,Senior Performance Marketing Manager
Senior PR & Marketing Manager,Senior,en,Senior PR & Marketing Manager
Senior Product Manager | Digital Marketing,Senior,en,Senior Product Manager | Digital Marketing
Senior Product Manager International Marketing,Senior,en,Senior Product Manager International Marketing
Senior Product Marketing Manager,Senior,en,Senior Product Marketing Manager
Senior Product Marketing Manager Cloud Solutions,Senior,en,Senior Product Marketing Manager Cloud Solutions
Senior Project Manager CRM & Digital Marketing,Senior,en,Senior Project Manager CRM & Digital Marketing
Senior Projektleitung Beratung/Marketing,Senior,de,Senior Project Management Consulting/Marketing
Senior Projektmanager Marketing / CRM,Senior,en,Senior Projektmanager Marketing / CRM
Senior Projektmanager Online Marketing,Senior,en,Senior Projektmanager Online Marketing
Senior Projektmanagerin Marketing und Kommunikation,Senior,de,Senior Project Manager Marketing and Communication
Senior Projektmanagerin Marketing-Kommunikation (B2B),Senior,it,Senior Project Manager Marketing Communications (B2B)
Senior Projektpartner (Messe Kontakt),Senior,de,Senior project partner (trade fair contact)
Senior Referent Online Marketing,Senior,en,Senior Referent Online Marketing
Senior Referentin Event Marketing,Senior,tr,Senior Consultant Event Marketing
Senior Referentin Kommunikation und Entwicklung und Eventmanagerin,Senior,de,Senior Speaker Communication and Development and Event Manager
Senior Referentin Marketing,Senior,tr,Senior Marketing Officer
Senior Regional Marketing Manager,Senior,en,Senior Regional Marketing Manager
Senior Regional Marketing Manager EMEA,Senior,pt,Senior Regional Marketing Manager EMEA
Senior Sales & Marketing Assistentin,Senior,en,Senior Sales & Marketing Assistentin
Senior Sales & Marketing Manager,Senior,en,Senior Sales & Marketing Manager
Senior Sales & Marketing Manager Europe/US/LA,Senior,en,Senior Sales & Marketing Manager Europe/US/LA
Senior Sales and Marketing Manager,Senior,en,Senior Sales and Marketing Manager
Senior Sales Manager - Sales & Marketing,Senior,en,Senior Sales Manager - Sales & Marketing
Senior Sales Manager & Marketing Industrial Cases,Senior,en,Senior Sales Manager & Marketing Industrial Cases
Senior Sales Manager Sales & Marketing,Senior,en,Senior Sales Manager Sales & Marketing
Senior Sales Marketing Manager,Senior,en,Senior Sales Marketing Manager
Senior Specialist Digital Marketing,Senior,en,Senior Specialist Digital Marketing
Senior Specialist Marketing & Business Development,Senior,en,Senior Specialist Marketing & Business Development
Senior Specialist Marketing global,Senior,en,Senior Specialist Marketing global
Senior Specialist Marketing Manager,Senior,en,Senior Specialist Marketing Manager
Senior Spezialist Digitale Kommunikation,Senior,de,Senior Specialist Digital Communication
Senior Team Assistant Sales & Marketing,Senior,en,Senior Team Assistant Sales & Marketing
Senior Trade Marketing Manager,Senior,en,Senior Trade Marketing Manager
Senior Vice President (Messe Kontakt),Senior,ur,Senior Vice President (Exhibition Contact)
Senior Vice President Marketing & Sales,Senior,en,Senior Vice President Marketing & Sales
Senior Vice President Sales & Marketing,Senior,en,Senior Vice President Sales & Marketing
Senior Vice President Strategic Marketing & Sales,Senior,en,Senior Vice President Strategic Marketing & Sales
Senior VP Sales & Marketing,Senior,en,Senior VP Sales & Marketing
Service Sales & Marketing Manager,Senior,en,Service Sales & Marketing Manager
Social Media Manager und Marketing/Kommunikation,Senior,de,Social Media Manager and Marketing/Communication
Software Marketing Manager - SAP PLM,Senior,en,Software Marketing Manager - SAP PLM
South Europe Marketing Manager,Senior,en,South Europe Marketing Manager
Sr. CRM Marketing Manager,Senior,en,Sr. CRM Marketing Manager
Sr. Event Marketing Manager,Senior,en,Sr. Event Marketing Manager
Sr. Manager EMEA Marketing,Senior,en,Sr. Manager EMEA Marketing
Sr. Marketing & Communications Manager,Senior,en,Sr. Marketing & Communications Manager
Sr. Marketing Manager,Senior,en,Sr. Marketing Manager
Sr. Regional Marketing Manager DACH,Senior,hi,Sr. Regional Marketing Manager DACH
Stellvertretender Marketing-Leiter & PR & Content Manager,Senior,de,Deputy Marketing Manager & PR & Content Manager
Strategic Marketing & Innovation Manager,Senior,en,Strategic Marketing & Innovation Manager
Strategic Marketing & PR Manager,Senior,en,Strategic Marketing & PR Manager
Strategic Marketing & Sales Manager,Senior,en,Strategic Marketing & Sales Manager
Strategic Marketing Manager,Senior,en,Strategic Marketing Manager
Strategic Sales & Marketing Manager Germany and Scandinavia,Senior,en,Strategic Sales & Marketing Manager Germany and Scandinavia
Strategy Implementation & Transformation Manager - Sales & Marketing,Senior,en,Strategy Implementation & Transformation Manager - Sales & Marketing
Team Assistant Marketing,Senior,en,Team Assistant Marketing
Team Assistant Sales & Marketing,Senior,en,Team Assistant Sales & Marketing
Team Manager Marketing,Senior,en,Team Manager Marketing
Team Manager Marketing & Branding,Senior,en,Team Manager Marketing & Branding
Team Manager Marketing | Product Manager,Senior,en,Team Manager Marketing | Product Manager
Team Manager PR & Communications,Senior,en,Team Manager PR & Communications
Teamleiter Marketing / Product Manager,Senior,de,Team Leader Marketing / Product Manager
Technical Marketing Manager,Senior,en,Technical Marketing Manager
Technical Marketing Operations Manager,Senior,en,Technical Marketing Operations Manager
Trade Marketing & Event Manager,Senior,en,Trade Marketing & Event Manager
Trade Marketing & PR Manager Europe,Senior,en,Trade Marketing & PR Manager Europe
Trade Marketing / Event Managerin,Senior,en,Trade Marketing / Event Managerin
Trade Marketing Manager,Senior,en,Trade Marketing Manager
Trade Marketing Manager Consumer Printing und Computing Portfolio,Senior,de,Trade Marketing Manager Consumer Printing and Computing Portfolio
Trade Marketing Manager Events,Senior,en,Trade Marketing Manager Events
Trade Marketing Managerin,Senior,en,Trade Marketing Managerin
Training Manager/ Messemanager,Senior,de,Training Manager/Trade Fair Manager
Unternehmensberater & Interim Manager für Marketing & Vertrieb,Senior,de,Management Consultant & Interim Manager for Marketing & Sales
Vertriebsassistentin/Marketing Assistant,Senior,de,Sales Assistant/Marketing Assistant
Vertriebsleiter & Marketing Manager,Senior,de,Sales Manager & Marketing Manager
Customer Operations Manager,Senior,en,Customer Operations Manager
DACH Operations Manager,Senior,en,DACH Operations Manager
Inter-Company Operations Manager,Senior,en,Inter-Company Operations Manager
Manager Customer Management Operations,Senior,en,Manager Customer Management Operations
Manager Operations,Senior,en,Manager Operations
Operations & Recruiting Manager,Senior,en,Operations & Recruiting Manager
Operations Manager,Senior,en,Operations Manager
Operations Manager / Prokuristin,Senior,ur,Operations Manager / Prokuristin
Operations Manager Berufung,Senior,de,Operations Manager Appeal
Operations Manager Central & Eastern Europe,Senior,en,Operations Manager Central & Eastern Europe
Revenue Operations Manager,Senior,en,Revenue Operations Manager
Service & Operations Manager,Senior,en,Service & Operations Manager
Assistant to Head of IT Services and Global Purchasing,Senior,en,Assistant to Head of IT Services and Global Purchasing
IT Purchasing Manager,Senior,en,IT Purchasing Manager
Purchasing Manager,Senior,en,Purchasing Manager
☁️ Salesforce Manager,Senior,en,☁️ Salesforce Manager
Account / Sales Manager,Senior,en,Account / Sales Manager
Account Manager,Senior,en,Account Manager
Account Manager - Industry Liaison,Senior,en,Account Manager - Industry Liaison
Account Manager - Pipe Manufacturers & Yellow/Green Goods,Senior,en,Account Manager - Pipe Manufacturers & Yellow/Green Goods
Account Manager - Sales Development,Senior,en,Account Manager - Sales Development
Account Manager & Salesforce Admin,Senior,en,Account Manager & Salesforce Admin
Account Manager / Digital Strategist,Senior,en,Account Manager / Digital Strategist
Account Manager / IT Consultant,Senior,en,Account Manager / IT Consultant
Account Manager / Leiter Vertrieb,Senior,de,Account Manager / Sales Manager
Account Manager / Media Consultant,Senior,en,Account Manager / Media Consultant
Account Manager / Teamleiter Vertriebsinnendienst,Senior,de,Account Manager / Team Manager Internal Sales Service
Account Manager @UPTOO,Senior,sw,Account Manager @UPTOO
Account Manager | CRM Consultant Mercedes-Benz,Senior,hi,Account Manager | CRM Consultant Mercedes-Benz
Account Manager Automotive,Senior,en,Account Manager Automotive
Account Manager bundesweit,Senior,de,Account Manager nationwide
Account Manager CRM,Senior,en,Account Manager CRM
Account Manager CRM / Client Service,Senior,en,Account Manager CRM / Client Service
Account Manager D/A/CH,Senior,de,Account Manager D/A/CH
Account Manager D-A-CH,Senior,de,Account Manager D-A-CH
Account Manager Digital,Senior,en,Account Manager Digital
Account Manager EMEA,Senior,pt,Account Manager EMEA
Account Manager Events,Senior,en,Account Manager Events
Account Manager Innendienst,Senior,de,Account Manager Internal Service
Account Manager Inside Sales,Senior,en,Account Manager Inside Sales
Account Manager International Sales (Messe Kontakt),Senior,ur,Account Manager International Sales (trade fair contact)
Account Manager Investitionsgüter,Senior,de,Account Manager Capital goods
Account Manager Schulungs- und Dienstleistungsvertrieb,Senior,de,Account Manager Training and service distribution
Account Manager SME Pre-Sales DACH,Senior,de,Account Manager SME Pre-Sales DACH
Account Manager Vertrieb,Senior,de,Account Manager Sales
Account Manager Vertriebsprojekte,Senior,de,Account Manager Sales Projects
Account Manager/ Technik_Vertrieb,Senior,de,Account Manager/ Technology_Sales
Account Managerin,Senior,en,Account Managerin
Account/ Sales Manager,Senior,en,Account/ Sales Manager
Account-Manager,Senior,en,Account-Manager
Account-Manager (B2B),Senior,en,Account-Manager (B2B)
Account-Managerin,Senior,en,Account-Managerin
Account-Managerin Migräne,Senior,de,Account manager Migraine
Advantech Online Sales Manager Central Europe,Senior,en,Advantech Online Sales Manager Central Europe
AEC Sales Manager,Senior,en,AEC Sales Manager
Agency Sales Manager,Senior,en,Agency Sales Manager
Application Manager Salesforce,Senior,en,Application Manager Salesforce
Area Manager Sales,Senior,en,Area Manager Sales
Area Sales & Business Development Manager,Senior,en,Area Sales & Business Development Manager
Area Sales & Distributors Manager,Senior,en,Area Sales & Distributors Manager
Area Sales Manager,Senior,en,Area Sales Manager
Area Sales Manager - DACH,Senior,de,Area Sales Manager - DACH
Area Sales Manager - Mobility Consultant,Senior,en,Area Sales Manager - Mobility Consultant
Area Sales Manager - Skandinavien,Senior,nl,Area Sales Manager - Scandinavia
Area Sales Manager & Key Account Manager,Senior,en,Area Sales Manager & Key Account Manager
Area Sales Manager / Assistant of the devision management,Senior,en,Area Sales Manager / Assistant of the devision management
Area Sales Manager / Marine and Generator Appli...,Senior,en,Area Sales Manager / Marine and Generator Appli...
Area Sales Manager B2B Remmers Baustofftechnik GmbH,Senior,de,Area Sales Manager B2B Remmers Baustofftechnik GmbH
Area Sales Manager BioLine for Germany and Austria,Senior,en,Area Sales Manager BioLine for Germany and Austria
Area Sales Manager Coffee,Senior,en,Area Sales Manager Coffee
Area Sales Manager DACH Süd,Senior,de,Area Sales Manager DACH South
Area Sales Manager D-A-CH/DK/NOR/SE/FIN,Senior,nl,Area Sales Manager D-A-CH/DK/NOR/SE/FIN
Area Sales Manager EMEA,Senior,pt,Area Sales Manager EMEA
Area Sales Manager Germany,Senior,en,Area Sales Manager Germany
Area Sales Manager International Sales,Senior,en,Area Sales Manager International Sales
Area Sales Manager Japan,Senior,en,Area Sales Manager Japan
Area Sales Manager Schweiz,Senior,de,Area Sales Manager Switzerland
Area Sales Manager Süd,Senior,de,Area Sales Manager South
Assistant CEO & Sales Management,Senior,en,Assistant CEO & Sales Management
Assistant Sales and R&D,Senior,en,Assistant Sales and R&D
Assistant Sales International,Senior,en,Assistant Sales International
Assistant Sales Manager,Senior,en,Assistant Sales Manager
Assistant to Head of Sales,Senior,en,Assistant to Head of Sales
Assistant to Sales,Senior,en,Assistant to Sales
Assistant to the Head of Sales,Senior,en,Assistant to the Head of Sales
B2B Global Key Account Manager,Senior,en,B2B Global Key Account Manager
B2B Regional Salesforce Manager West,Senior,en,B2B Regional Salesforce Manager West
B2B Sales Manager,Senior,en,B2B Sales Manager
B2B Sales Manager International,Senior,en,B2B Sales Manager International
"B2B-Key Account Manager DACH ""Under Armour""",Senior,de,"B2B-Key Account Manager DACH ""Under Armour"""
Business- & Sales Manager AT,Senior,en,Business- & Sales Manager AT
Business Development & Sales Manager,Senior,en,Business Development & Sales Manager
Business Development / Sales Manager,Senior,en,Business Development / Sales Manager
Business Development and Sales Manager,Senior,en,Business Development and Sales Manager
Business Development Manager - Inside Sales (Lead Gen. & Market Pen.),Senior,en,Business Development Manager - Inside Sales (Lead Gen. & Market Pen.)
Business Development Manager - International Sales,Senior,en,Business Development Manager - International Sales
Business Development Manager & Inside Sales,Senior,en,Business Development Manager & Inside Sales
Business Development Manager / Deputy Head of Sales,Senior,en,Business Development Manager / Deputy Head of Sales
Business Development Manager / Project Sales,Senior,en,Business Development Manager / Project Sales
Business Development Managerin KYOCERA Sales Excellence,Senior,en,Business Development Managerin KYOCERA Sales Excellence
Business Development Sales Manager,Senior,en,Business Development Sales Manager
Business Manager (Business Development & Sales Control),Senior,en,Business Manager (Business Development & Sales Control)
Business Unit Manager / Leiter Vertrieb,Senior,de,Business Unit Manager / Head of Sales
Business Unit Manager Sales Nuclear Valves,Senior,en,Business Unit Manager Sales Nuclear Valves
Category Manager Sales ERP,Senior,en,Category Manager Sales ERP
Central & Eastern Europe Region Sales Manager,Senior,en,Central & Eastern Europe Region Sales Manager
Channel Account Manager,Senior,en,Channel Account Manager
Channel Manager & Inside Sales,Senior,en,Channel Manager & Inside Sales
Channel Manager Online Sales B2B,Senior,en,Channel Manager Online Sales B2B
Channel Sales Manager,Senior,en,Channel Sales Manager
Channel Sales Manager DACH,Senior,en,Channel Sales Manager DACH
Channel Sales und Partner Manager,Senior,de,Channel Sales and Partner Manager
Chief Sales Manager,Senior,en,Chief Sales Manager
Conference & Events Sales Manager,Senior,en,Conference & Events Sales Manager
Corporate Regional Sales Manager,Senior,en,Corporate Regional Sales Manager
Corporate Sales Management: Manager International Business Support Asia,Senior,en,Corporate Sales Management: Manager International Business Support Asia
Country Sales Manager,Senior,en,Country Sales Manager
Country Sales Manager & Teamlead ONLY,Senior,en,Country Sales Manager & Teamlead ONLY
Country Sales Manager Austria,Senior,en,Country Sales Manager Austria
Country Sales Manager New Business & Rental Ser...,Senior,en,Country Sales Manager New Business & Rental Ser...
Country Sales Manager/Head of Retail D/A/CH,Senior,en,Country Sales Manager/Head of Retail D/A/CH
CRM & After Sales Manager,Senior,en,CRM & After Sales Manager
CRM Application Manager (Salesforce.com),Senior,en,CRM Application Manager (Salesforce.com)
CRM Manager & InHouse Berater (Salesforce & Pardot),Senior,en,CRM Manager & InHouse Berater (Salesforce & Pardot)
CRM Manager (Salesforce),Senior,en,CRM Manager (Salesforce)
CRM Manager / Salesforce Engineer,Senior,en,CRM Manager / Salesforce Engineer
CRM Manager Salesforce,Senior,en,CRM Manager Salesforce
CRM Project & Governance Manager - Salesforce,Senior,en,CRM Project & Governance Manager - Salesforce
CRM Project Manager - Original Equipment - Global Sales Excellence,Senior,en,CRM Project Manager - Original Equipment - Global Sales Excellence
CRM/Salesforce Manager,Senior,en,CRM/Salesforce Manager
Deparment Manager Sales Support,Senior,en,Deparment Manager Sales Support
Deputy Sales Manager,Senior,en,Deputy Sales Manager
Digital & IT - Sales / CRM Domain Manager /Digital & IT CMO,Senior,en,Digital & IT - Sales / CRM Domain Manager /Digital & IT CMO
Digital Sales Manager,Senior,en,Digital Sales Manager
dipl.-Ing. Regional Sales Manager,Senior,it,dipl.-Ing. Regional Sales Manager
Direct Sales Manager,Senior,en,Direct Sales Manager
Directeur Commercial Equipement et Services. Sales Manager Equipment and Services,Senior,fr,Sales Manager Equipment and Services Sales Manager Equipment and Services
Divisional Sales Manager,Senior,en,Divisional Sales Manager
Eastern Regional Sales Manager - Engineered Products,Senior,en,Eastern Regional Sales Manager - Engineered Products
E-Commerce Consultant / Key Account Manager,Senior,en,E-Commerce Consultant / Key Account Manager
EDI Senior Sales Executive DACH,Senior,de,EDI Senior Sales Executive DACH
Enterprise Account Manager,Senior,en,Enterprise Account Manager
Enterprise Inside Sales Account Manager,Senior,en,Enterprise Inside Sales Account Manager
Enterprise Sales Manager,Senior,en,Enterprise Sales Manager
Enterprise Sales Manager DACH,Senior,en,Enterprise Sales Manager DACH
Enterprise Sales Manager Emea,Senior,pt,Enterprise Sales Manager Emea
Enterprise-Sales Manager D-A-CH,Senior,en,Enterprise-Sales Manager D-A-CH
Europe Sales Manager,Senior,en,Europe Sales Manager
Europe Sales Manager / General Manager,Senior,en,Europe Sales Manager / General Manager
European Aerospace Sales Manager,Senior,en,European Aerospace Sales Manager
Executive Key Account Manager,Senior,en,Executive Key Account Manager
Executive Manager  International Sales Processes,Senior,en,Executive Manager  International Sales Processes
Executive Partner Account Manager - Deutsche Te...,Senior,de,Executive Partner Account Manager - Deutsche Te...
Export Sales Assistant,Senior,en,Export Sales Assistant
Export Sales Manager,Senior,en,Export Sales Manager
Field & Digital Sales Manager,Senior,en,Field & Digital Sales Manager
Focus Sales Manager,Senior,en,Focus Sales Manager
Foreign Sales Manager,Senior,en,Foreign Sales Manager
Freelance Business Developer (ex-Oracle) / Sales Manager @Inventiv-IT / Business Developer @Jahia,Senior,sw,Freelance Business Developer (ex-Oracle) / Sales Manager @Inventiv-IT / Business Developer @Jahia
Gebietsverkaufsleiter / Area Sales Manager,Senior,de,Area Sales Manager / Area Sales Manager
Gebietsverkaufsleiter | Area Sales Manager,Senior,de,Area Sales Manager
Gebietsverkaufsleiter West-Deutschland / Area Sales Manager Scandinavia,Senior,de,Area Sales Manager West Germany / Area Sales Manager Scandinavia
General Manager Direct Sales EMEA,Senior,pt,General Manager Direct Sales EMEA
General Manager Sales & Key Accounts,Senior,en,General Manager Sales & Key Accounts
General Manager Sales Germany,Senior,en,General Manager Sales Germany
General Sales Manager,Senior,en,General Sales Manager
General Sales Manager D|A|CH Region,Senior,it,General Sales Manager D|A|CH Region
Geschäftsführer / Sales Manager,Senior,de,Managing Director / Sales Manager
Global Account Manager,Senior,en,Global Account Manager
Global CRM Project Manager | Sales Service & Startegy Manager,Senior,it,Global CRM Project Manager | Sales Service & Startegy Manager
Global Key Account Manager,Senior,en,Global Key Account Manager
Global Project Sales Manager,Senior,en,Global Project Sales Manager
Global Sales - Process and Support Manager,Senior,en,Global Sales - Process and Support Manager
Global Sales & Account Manager,Senior,en,Global Sales & Account Manager
Global Sales Coordination Manager,Senior,en,Global Sales Coordination Manager
Global Sales Excellence Manager / Reg. Coordinator CE Asia/Pacific,Senior,en,Global Sales Excellence Manager / Reg. Coordinator CE Asia/Pacific
Global Sales Manager,Senior,en,Global Sales Manager
Global Sales Manager & Sales Operations Leader,Senior,en,Global Sales Manager & Sales Operations Leader
Global Sales Manager PVC,Senior,en,Global Sales Manager PVC
Global Sales Operations Manager,Senior,en,Global Sales Operations Manager
Global Sales Operations Manager - Partnerships,Senior,en,Global Sales Operations Manager - Partnerships
Global Sales Process & Technology Manager,Senior,en,Global Sales Process & Technology Manager
Global Sales Process Manager,Senior,en,Global Sales Process Manager
Global Sales Training Manager,Senior,en,Global Sales Training Manager
Global Strategic Account Manager,Senior,en,Global Strategic Account Manager
Group Manager Commercial & Sales Solutions,Senior,en,Group Manager Commercial & Sales Solutions
Group Manager Sales,Senior,en,Group Manager Sales
Group Manager Sales Administration / Distribution DE,Senior,en,Group Manager Sales Administration / Distribution DE
Group Sales Manager,Senior,en,Group Sales Manager
Group Sales Operations Manager,Senior,en,Group Sales Operations Manager
Group Senior Sales Analyst,Senior,en,Group Senior Sales Analyst
Head of Field Sales & Key Account Manager,Senior,en,Head of Field Sales & Key Account Manager
Head of Sales / Key Account Manager,Senior,en,Head of Sales / Key Account Manager
Head of Sales CSO / Cooperation Manager Smart A...,Senior,en,Head of Sales CSO / Cooperation Manager Smart A...
Head of Sales Europe & General Manager DACH,Senior,en,Head of Sales Europe & General Manager DACH
Hybrid Sales Coordinator / Assistant Management...,Senior,en,Hybrid Sales Coordinator / Assistant Management...
Inhouse Senior Consultant SAP Sales Cloud,Senior,en,Inhouse Senior Consultant SAP Sales Cloud
Innovation Introducer - Sales Development Manager,Senior,en,Innovation Introducer - Sales Development Manager
Inside Sales Account Manager,Senior,en,Inside Sales Account Manager
Inside Sales Manager,Senior,en,Inside Sales Manager
Inside Sales Manager / Consultant New Business / Salesforce Administration,Senior,en,Inside Sales Manager / Consultant New Business / Salesforce Administration
Inside Sales Manager / Vertriebsleiter Innendienst,Senior,de,Inside Sales Manager / Internal Sales Manager
Inside Sales Manager für Telefónica,Senior,de,Inside Sales Manager for Telefónica
Inside Sales Manager/Kreditspezialist,Senior,nl,Inside Sales Manager/Credit Specialist
Inside Sales Managerin,Senior,en,Inside Sales Managerin
Inside Sales Senior Professional - Teamlead,Senior,en,Inside Sales Senior Professional - Teamlead
Int. Sales Manager,Senior,en,Int. Sales Manager
Internal Sales Manager,Senior,en,Internal Sales Manager
International Sales & Business Development Manager,Senior,en,International Sales & Business Development Manager
International Sales & Customer Service Manager,Senior,en,International Sales & Customer Service Manager
International Sales & Expansion Manager,Senior,en,International Sales & Expansion Manager
International Sales & Project Manager,Senior,en,International Sales & Project Manager
International Sales Development Manager,Senior,en,International Sales Development Manager
International Sales Manager,Senior,en,International Sales Manager
International Sales Manager - Germany,Senior,de,International Sales Manager - Germany
International Sales Manager / Vertrieb,Senior,de,International Sales Manager / Sales
International Sales Project Manager,Senior,en,International Sales Project Manager
International Senior Account Manager,Senior,en,International Senior Account Manager
Internationaler Key Account Manager,Senior,en,Internationaler Key Account Manager
Intl. Sales Manager,Senior,en,Intl. Sales Manager
IT Product & Sales Manager,Senior,en,IT Product & Sales Manager
IT Project Manager / Vertrieb,Senior,de,IT Project Manager / Sales
IT Sales Manager (D-A-CH),Senior,ur,IT Sales Manager (D-A-CH)
Jr. Account Manager CRM,Senior,en,Jr. Account Manager CRM
Kay Account Manager,Senior,en,Kay Account Manager
Key - Account Manager,Senior,en,Key - Account Manager
Key Acccount Manager System-Geschäft / stv. Vertriebsleiter,Senior,de,Key Acccount Manager System Business / stv. Sales Manager
Key Account Manager,Senior,en,Key Account Manager
Key Account Manager - Business Partner Sales,Senior,en,Key Account Manager - Business Partner Sales
Key Account Manager  DACH,Senior,hi,Key Account Manager  DACH
Key Account Manager - Global Sales,Senior,en,Key Account Manager - Global Sales
Key Account Manager  Vertrieb national / intern...,Senior,de,Key Account Manager Sales national / internal...
Key Account Manager - Vertriebsleitung,Senior,de,Key Account Manager - Sales Manager
Key Account Manager & Internal Sales Team Leader,Senior,en,Key Account Manager & Internal Sales Team Leader
Key Account Manager & Sales Engineer,Senior,en,Key Account Manager & Sales Engineer
Key Account Manager / Corporate Sales Manager (...,Senior,en,Key Account Manager / Corporate Sales Manager (...
Key Account Manager / Group Head of Sales,Senior,en,Key Account Manager / Group Head of Sales
Key Account Manager / OEM,Senior,en,Key Account Manager / OEM
Key Account Manager / Projektleiter,Senior,de,Key Account Manager / Project Manager
Key Account Manager / Projektmanager,Senior,en,Key Account Manager / Projektmanager
Key Account Manager / Solution Architect,Senior,en,Key Account Manager / Solution Architect
Key Account Manager / stellvertr.Abteilungsleitung Vertrieb Profi,Senior,de,Key Account Manager / Deputy Head of Department Sales Professional
Key Account Manager Automotive,Senior,en,Key Account Manager Automotive
Key Account Manager B2B,Senior,en,Key Account Manager B2B
Key Account Manager B2B Enterprise,Senior,en,Key Account Manager B2B Enterprise
Key Account Manager Coffee and Machine systems Retail and E-Tailer,Senior,en,Key Account Manager Coffee and Machine systems Retail and E-Tailer
Key Account Manager Consumer Goods,Senior,en,Key Account Manager Consumer Goods
Key Account Manager Corporate Accounts,Senior,en,Key Account Manager Corporate Accounts
Key Account Manager DACH,Senior,hi,Key Account Manager DACH
Key Account Manager D-A-CH,Senior,en,Key Account Manager D-A-CH
Key Account Manager Deutschland,Senior,de,Key Account Manager Germany
Key Account Manager E-Commerce,Senior,en,Key Account Manager E-Commerce
Key Account Manager Europa/Südamerika,Senior,pt,Key Account Manager Europe/South America
Key Account Manager Europe,Senior,en,Key Account Manager Europe
Key Account Manager Global Accounts,Senior,en,Key Account Manager Global Accounts
Key Account Manager Global Sales Industrial Solution,Senior,en,Key Account Manager Global Sales Industrial Solution
Key Account Manager Government,Senior,en,Key Account Manager Government
Key Account Manager Healthcare S-DACH,Senior,en,Key Account Manager Healthcare S-DACH
Key Account Manager HUGO Menswear | Sales Germany & Austria,Senior,en,Key Account Manager HUGO Menswear | Sales Germany & Austria
Key Account Manager Indirect Sales,Senior,en,Key Account Manager Indirect Sales
Key Account Manager Industrial Engines,Senior,en,Key Account Manager Industrial Engines
Key Account Manager Media,Senior,en,Key Account Manager Media
Key Account Manager Medical Division,Senior,en,Key Account Manager Medical Division
Key Account Manager Sales,Senior,en,Key Account Manager Sales
Key Account Manager Solution,Senior,en,Key Account Manager Solution
Key Account Manager Tobacco,Senior,en,Key Account Manager Tobacco
Key Account Manager Vertrieb,Senior,de,Key Account Manager Sales
Key Account Manager Vertrieb Non-Automotive,Senior,de,Key Account Manager Sales Non-Automotive
Key Account Manager/ strategic sales and project management,Senior,en,Key Account Manager/ strategic sales and project management
Key Account Manager/ Vertrieb,Senior,de,Key Account Manager/ Sales
Key Account Manager/Verantwortlich Sales,Senior,de,Key Account Manager/Responsible Sales
Key Account Managerin,Senior,en,Key Account Managerin
Key Account Sales Manager,Senior,en,Key Account Sales Manager
Key Account-/Sales Manager,Senior,en,Key Account-/Sales Manager
Key-Account Manager,Senior,en,Key-Account Manager
Key-Account Manager Automotive und Oberfläche,Senior,de,Key-Account Manager Automotive and Surface
Key-Account Manager Vertrieb,Senior,en,Key-Account Manager Vertrieb
Key-Account Managerin,Senior,en,Key-Account Managerin
Key-Account-Manager,Senior,en,Key-Account-Manager
Key-Account-Manager / Bereichsleiter,Senior,de,Key account manager / division manager
Key-Account-Manager Coop/Retail,Senior,en,Key-Account-Manager Coop/Retail
Key-Account-Manager Distribution Sales,Senior,en,Key-Account-Manager Distribution Sales
Key-Account-Managerin Vertragsmanagement,Senior,de,Key account manager Contract management
Kundenbetreuer / Key Account Manager,Senior,de,Customer Manager / Key Account Manager
Kundenbetreuung / Account Manager,Senior,de,Customer support / Account Manager
Lead Sales Manager,Senior,en,Lead Sales Manager
Leitender Key Account Manager,Senior,en,Leitender Key Account Manager
Leiter Vertrieb & Akademie/ Senior Consultant,Senior,de,Head of Sales & Academy/ Senior Consultant
Leiter Vertrieb / Sales Manager,Senior,de,Head of Sales / Sales Manager
Leiter Vertriebsaußendienst   -    Sales Manager,Senior,de,Head of Sales Department - Sales Manager
Leiter Vertriebscenter BMW / Global Account Manager BMW,Senior,de,Head of Sales Center BMW / Global Account Manager BMW
Leiter Vertriebsinnendienst D-A-CH - Manager Sa...,Senior,de,Head of Internal Sales Service D-A-CH - Manager Sa...
Leitung Partnermanagement / Senior Sales Manager,Senior,de,Head of Partner Management / Senior Sales Manager
Major Account Manager,Senior,en,Major Account Manager
Manager  Sales & Customer Service,Senior,en,Manager  Sales & Customer Service
Manager / Vertrieb,Senior,de,Manager / Sales
Manager B2B Sales Development,Senior,en,Manager B2B Sales Development
Manager Business Development and Sales,Senior,en,Manager Business Development and Sales
Manager Channel & Small-Medium Enterprise Sales...,Senior,en,Manager Channel & Small-Medium Enterprise Sales...
Manager Competence Groups and Sales,Senior,en,Manager Competence Groups and Sales
Manager Coordination International Sales,Senior,en,Manager Coordination International Sales
Manager CRM & Inside Sales,Senior,en,Manager CRM & Inside Sales
Manager CRM & Sales Back Office,Senior,en,Manager CRM & Sales Back Office
Manager CRM & Sales Enablement,Senior,en,Manager CRM & Sales Enablement
Manager CRM (Salesforce) International,Senior,en,Manager CRM (Salesforce) International
Manager CRM Sales - Quoting Solutions,Senior,en,Manager CRM Sales - Quoting Solutions
Manager Digital Concepts & Sales,Senior,en,Manager Digital Concepts & Sales
Manager Digital Sales,Senior,en,Manager Digital Sales
Manager Europe Sales & Recruiting,Senior,en,Manager Europe Sales & Recruiting
Manager Field Sales Force,Senior,en,Manager Field Sales Force
Manager Global Business Processes Sales,Senior,en,Manager Global Business Processes Sales
Manager Global Corporate Sales,Senior,en,Manager Global Corporate Sales
Manager International Sales | Team Lead,Senior,en,Manager International Sales | Team Lead
Manager National OnSite Sales und Business Development,Senior,en,Manager National OnSite Sales und Business Development
Manager of Sales,Senior,en,Manager of Sales
Manager of Sales Service,Senior,en,Manager of Sales Service
Manager Online-Vertrieb,Senior,en,Manager Online-Vertrieb
Manager Products and Sales,Senior,en,Manager Products and Sales
Manager Regional Sales,Senior,en,Manager Regional Sales
Manager Renewal Sales,Senior,en,Manager Renewal Sales
Manager Sales & Account Management,Senior,en,Manager Sales & Account Management
Manager Sales & Alliances,Senior,en,Manager Sales & Alliances
Manager Sales & Business Consulting,Senior,en,Manager Sales & Business Consulting
Manager Sales & Business Development E-Commerce,Senior,en,Manager Sales & Business Development E-Commerce
Manager Sales & Business Relations,Senior,en,Manager Sales & Business Relations
Manager Sales / Head of Recruitment,Senior,en,Manager Sales / Head of Recruitment
Manager Sales / Vertriebsleitung,Senior,de,Manager Sales / Sales Management
Manager Sales Administration,Senior,en,Manager Sales Administration
Manager Sales Administration D/A/CH,Senior,pt,Manager Sales Administration D/A/CH
Manager Sales and Business Development,Senior,en,Manager Sales and Business Development
Manager Sales API,Senior,en,Manager Sales API
Manager Sales Central Europe,Senior,en,Manager Sales Central Europe
Manager Sales Controlling Germany,Senior,en,Manager Sales Controlling Germany
Manager Sales Deutschland,Senior,de,Manager Sales Germany
Manager Sales Germany,Senior,en,Manager Sales Germany
Manager Sales Intelligence,Senior,en,Manager Sales Intelligence
Manager Sales Operations,Senior,en,Manager Sales Operations
Manager Sales Processes,Senior,en,Manager Sales Processes
Manager Sales Services,Senior,en,Manager Sales Services
Manager Sales South Central Europe & Strategic Distribution,Senior,en,Manager Sales South Central Europe & Strategic Distribution
Manager Sales Steering & Process Optimization,Senior,en,Manager Sales Steering & Process Optimization
Manager Sales Strategy,Senior,en,Manager Sales Strategy
Manager Sales Support,Senior,en,Manager Sales Support
Manager Sales Support & Projects - Laser,Senior,en,Manager Sales Support & Projects - Laser
Manager Sales Support valantic Supply Chain Excellence GmbH,Senior,ur,Manager Sales Support valantic Supply Chain Excellence GmbH
Manager Sales Support/ B2B Indirect Sales,Senior,en,Manager Sales Support/ B2B Indirect Sales
Manager Sales und Business Development,Senior,de,Manager Sales and Business Development
Manager Service Sales,Senior,en,Manager Service Sales
Manager Strategic Sales,Senior,en,Manager Strategic Sales
Manager Strategischer Vertrieb,Senior,de,Strategic Sales Manager
Manager Vertrieb und Geschäftsentwicklung,Senior,de,Manager Sales and Business Development
Manager Vertriebsentwicklung & -controlling,Senior,de,Manager Sales Development & Controlling
Manager Vertriebsmarketing & Kundenkommunikation,Senior,de,Manager Sales Marketing & Customer Communication
Manager Vertriebssteuerung & Vertriebsservice,Senior,de,Manager Sales Control & Sales Service
Managing Partner - FotoWare Sales Manager,Senior,en,Managing Partner - FotoWare Sales Manager
Market Intelligence Sales Manager,Senior,en,Market Intelligence Sales Manager
Market Manager / Key Account Manager,Senior,en,Market Manager / Key Account Manager
National Account Manager,Senior,en,National Account Manager
National Key Account Manager,Senior,en,National Key Account Manager
National Key Account Manager FS,Senior,en,National Key Account Manager FS
National Sales Manager,Senior,en,National Sales Manager
National Sales Manager Germany& Austria,Senior,de,National Sales Manager Germany& Austria
Nationaler Key Account Manager,Senior,en,Nationaler Key Account Manager
Nationaler Key-Account-Manager - Bereich Digitalisierung,Senior,de,National Key Account Manager - Digitalization
Network Sales & Operations Manager,Senior,en,Network Sales & Operations Manager
NLWC Sales Development Manager,Senior,en,NLWC Sales Development Manager
North America Sales Manager,Senior,en,North America Sales Manager
Office & Sales Assistant,Senior,en,Office & Sales Assistant
Online Sales Manager,Senior,en,Online Sales Manager
Online Sales Manager Europe,Senior,en,Online Sales Manager Europe
Operations and Sales Manager,Senior,en,Operations and Sales Manager
Operations Manager (Customer Service & Sales) - Special Accounts & Tankcontainer,Senior,en,Operations Manager (Customer Service & Sales) - Special Accounts & Tankcontainer
Operations Manager Corporate Sales,Senior,en,Operations Manager Corporate Sales
Operations Manager Sales,Senior,en,Operations Manager Sales
Partner Account Manager,Senior,en,Partner Account Manager
Partner Channel Sales Manager,Senior,en,Partner Channel Sales Manager
Partner Manager & Head of Sales/Inside Sales,Senior,en,Partner Manager & Head of Sales/Inside Sales
Partner Manager & Vertriebsbeauftragter,Senior,de,Partner Manager & Sales Representative
Pre Sales Manager,Senior,en,Pre Sales Manager
Pre-Sales Manager,Senior,en,Pre-Sales Manager
President und Sales Manager,Senior,de,President and Sales Manager
Process Manager Sales Operations,Senior,en,Process Manager Sales Operations
Process Optimisation Manager - Sales Service International,Senior,en,Process Optimisation Manager - Sales Service International
Product and Sales Manager,Senior,en,Product and Sales Manager
Product Group Manager / Head Of Sales Flexible ...,Senior,en,Product Group Manager / Head Of Sales Flexible ...
Product Manager Salesforce Implementation,Senior,en,Product Manager Salesforce Implementation
Product Sales Manager Wet Cooling,Senior,en,Product Sales Manager Wet Cooling
Program Manager Salesforce,Senior,en,Program Manager Salesforce
Program Manager TeleSales Kampagnen,Senior,pt,Program Manager TeleSales Campaign
Project & Sales Manager,Senior,en,Project & Sales Manager
Project Manager & Sales Engineer,Senior,en,Project Manager & Sales Engineer
Project Manager | Digital Sales Development & Product Communication | B2B,Senior,en,Project Manager | Digital Sales Development & Product Communication | B2B
Project Manager After Sales (Customer Service Dep),Senior,en,Project Manager After Sales (Customer Service Dep)
Project Manager and Salesforce Business Analyst,Senior,en,Project Manager and Salesforce Business Analyst
Project Manager CRM - Salesforce,Senior,en,Project Manager CRM - Salesforce
Project Manager Sales Excellence,Senior,en,Project Manager Sales Excellence
Projekt Manager / Vertrieb,Senior,de,Project Manager / Sales
Projekt Manager Sales,Senior,en,Projekt Manager Sales
Projekt-/ Account Manager Digital & Mobile,Senior,en,Projekt-/ Account Manager Digital & Mobile
Projektmanager / Key Account Manager / Vertrieb,Senior,de,Project Manager / Key Account Manager / Sales
Projektvertrieb / Key Account Manager,Senior,de,Project Distribution / Key Account Manager
Publisher Sales Manager DACH,Senior,de,Publisher Sales Manager DACH
Referent Vertrieb / Key Account Manager,Senior,de,Speaker Sales / Key Account Manager
Regional Account Manager,Senior,en,Regional Account Manager
Regional Account Manager EMEA,Senior,pt,Regional Account Manager EMEA
Regional Account Manager Public Safety,Senior,en,Regional Account Manager Public Safety
Regional Key Account Manager ve společnosti Bossard Group,Senior,tr,Regional Key Account Manager at Bossard Group
Regional Sales Manager,Senior,en,Regional Sales Manager
Regional Sales Manager / Business Development,Senior,en,Regional Sales Manager / Business Development
Regional Sales Manager Central Europe,Senior,en,Regional Sales Manager Central Europe
Regional Sales Manager DACH,Senior,de,Regional Sales Manager DACH
Regional Sales Manager D-A-CH Datacenter Business,Senior,pt,Regional Sales Manager D-A-CH Datacenter Business
Regional Sales Manager Deutschland,Senior,de,Regional Sales Manager Germany
Regional Sales Manager Europe,Senior,en,Regional Sales Manager Europe
Regional Sales Manager Germany,Senior,de,Regional Sales Manager Germany
Regional Sales Manager Germany & Switzerland,Senior,de,Regional Sales Manager Germany & Switzerland
Regional Sales Manager Germany / Benelux,Senior,en,Regional Sales Manager Germany / Benelux
Regional Sales Manager I Teamleiter,Senior,de,Regional Sales Manager I Team Leader
Regional Sales Manager International Central,Senior,en,Regional Sales Manager International Central
Regional Sales Manager Middle East,Senior,en,Regional Sales Manager Middle East
Regional Sales Manager NRW / Vertriebsleitung,Senior,de,Regional Sales Manager NRW / Sales Manager
Regional Sales Manager South,Senior,en,Regional Sales Manager South
Regional Sales Manager South Germany,Senior,en,Regional Sales Manager South Germany
Regional Sales Manager West,Senior,en,Regional Sales Manager West
Regional Sales Operations Manager,Senior,en,Regional Sales Operations Manager
Relationship Manager Sales,Senior,en,Relationship Manager Sales
Responsable Opérationnelle Data Ventes / Sales Operations Data Manager,Senior,fr,Operations Manager Data Sales / Sales Operations Data Manager
Retail Sales Manager - McKesson,Senior,en,Retail Sales Manager - McKesson
Sales & Account Manager,Senior,en,Sales & Account Manager
Sales & Acquisition Manager Theatrical,Senior,en,Sales & Acquisition Manager Theatrical
Sales & Business Development Manager,Senior,en,Sales & Business Development Manager
Sales- & Business Development Manager,Senior,en,Sales- & Business Development Manager
Sales & Customer Success Manager,Senior,en,Sales & Customer Success Manager
Sales & Franchise Manager,Senior,en,Sales & Franchise Manager
Sales & HR Manager,Senior,en,Sales & HR Manager
Sales- & IT-Manager,Senior,en,Sales- & IT-Manager
Sales & Key Account Manager DACH,Senior,en,Sales & Key Account Manager DACH
Sales & New Business Manager,Senior,en,Sales & New Business Manager
Sales & Partner Manager,Senior,en,Sales & Partner Manager
Sales & Performance Managerin / Preismanagement,Senior,de,Sales & Performance Manager / Price Management
Sales & Product Manager,Senior,en,Sales & Product Manager
Sales & Product Manager Techmaflex,Senior,en,Sales & Product Manager Techmaflex
Sales & Project Manager,Senior,en,Sales & Project Manager
Sales & Project Manager Digital Transformation,Senior,en,Sales & Project Manager Digital Transformation
Sales & Purchase Assistant,Senior,en,Sales & Purchase Assistant
Sales & Quality Manager,Senior,en,Sales & Quality Manager
Sales Account & Business Development Manager After-Sales,Senior,en,Sales Account & Business Development Manager After-Sales
Sales Account Manager,Senior,en,Sales Account Manager
Sales Account Manager DACH & BENELUX,Senior,de,Sales Account Manager DACH & BENELUX
Sales Administration Assistant,Senior,en,Sales Administration Assistant
Sales Administration Manager,Senior,en,Sales Administration Manager
Sales and Application Manager,Senior,en,Sales and Application Manager
Sales and Business Development Manager,Senior,en,Sales and Business Development Manager
Sales and Business Development Managerin,Senior,en,Sales and Business Development Managerin
Sales and Poject Manager,Senior,en,Sales and Poject Manager
Sales and Product Manager Europe,Senior,en,Sales and Product Manager Europe
Sales and Project Manager,Senior,en,Sales and Project Manager
Sales and Project Manager Fuel Gas Systems,Senior,en,Sales and Project Manager Fuel Gas Systems
Sales and Service Business Manager,Senior,en,Sales and Service Business Manager
Sales Assistant,Senior,en,Sales Assistant
Sales Assistant DACH,Senior,en,Sales Assistant DACH
Sales Assistante,Senior,en,Sales Assistante
Sales Business Process Manager,Senior,en,Sales Business Process Manager
Sales Coordinator & Distribution Manager  EMEA,Senior,en,Sales Coordinator & Distribution Manager  EMEA
Sales Country Manager Germany and Austria,Senior,en,Sales Country Manager Germany and Austria
Sales Data Integration Manager,Senior,en,Sales Data Integration Manager
Sales Development Manager,Senior,en,Sales Development Manager
Sales Development Manager - Aeronautical Equipment,Senior,en,Sales Development Manager - Aeronautical Equipment
Sales Development Manager EPS,Senior,en,Sales Development Manager EPS
Sales Development Manager for DACH + Central Eastern Europe,Senior,en,Sales Development Manager for DACH + Central Eastern Europe
Sales Development Manager Solvair Solutions Central Europe,Senior,en,Sales Development Manager Solvair Solutions Central Europe
Sales Division Manager | Gebietsleiter | Prokurist,Senior,de,Sales Division Manager - Area Manager - Procurist
Sales Effectiveness Manager EMEA,Senior,en,Sales Effectiveness Manager EMEA
Sales Enablement Manager,Senior,en,Sales Enablement Manager
Sales Excellence Manager,Senior,en,Sales Excellence Manager
Sales Executive / Business Development Manager,Senior,en,Sales Executive / Business Development Manager
Sales Executive Manager,Senior,en,Sales Executive Manager
Sales Executive Manager | Teamleitung,Senior,de,Sales Executive Manager
Sales Force Effectiveness and Business Insights Manager DACH,Senior,en,Sales Force Effectiveness and Business Insights Manager DACH
Sales Intelligence Managerin,Senior,en,Sales Intelligence Managerin
Sales Leader & Key Account Manager Healthcare,Senior,en,Sales Leader & Key Account Manager Healthcare
Sales Management Assistant,Senior,en,Sales Management Assistant
Sales Manager,Senior,en,Sales Manager
Sales Manager - B2B & eCommerce,Senior,en,Sales Manager - B2B & eCommerce
Sales Manager  Europe,Senior,en,Sales Manager  Europe
Sales Manager - Europe,Senior,en,Sales Manager - Europe
Sales Manager - New Accounts,Senior,en,Sales Manager - New Accounts
Sales Manager - Team Key Account & Systemhaus,Senior,en,Sales Manager - Team Key Account & Systemhaus
Sales Manager - Vertrieb,Senior,de,Sales Manager - Sales
Sales Manager & Controller,Senior,en,Sales Manager & Controller
Sales Manager & CS-Agent,Senior,en,Sales Manager & CS-Agent
Sales Manager & e-Commerce Projektleiter,Senior,de,Sales Manager & e-Commerce Project Manager
Sales Manager (Elektronische Medien),Senior,de,Sales Manager (electronic media)
Sales Manager (Vertriebsleiter),Senior,de,Sales Manager (Sales Manager)
Sales Manager / Büroleiter Köln,Senior,de,Sales Manager / Office Manager Cologne
Sales Manager / Business Development,Senior,en,Sales Manager / Business Development
Sales Manager / Business Development Manager,Senior,en,Sales Manager / Business Development Manager
Sales Manager / Customer Consultant,Senior,en,Sales Manager / Customer Consultant
Sales Manager / Head of Sales,Senior,en,Sales Manager / Head of Sales
Sales Manager / Key Account Manager DACH,Senior,de,Sales Manager / Key Account Manager DACH
Sales Manager / Licensing Sales Specialist,Senior,en,Sales Manager / Licensing Sales Specialist
Sales Manager / Prokurist,Senior,ur,Sales Manager / Authorized Signatory
Sales Manager / Vertrieb (Messe Kontakt),Senior,de,Sales Manager / Sales (trade fair contact)
Sales Manager / Vertriebsleiter,Senior,de,Sales Manager / Sales Manager
Sales Manager / Vertriebsleiter (IATD Germany),Senior,de,Sales Manager / Sales Manager (IATD Germany)
Sales Manager Agency,Senior,en,Sales Manager Agency
Sales Manager and  Business Development,Senior,en,Sales Manager and  Business Development
Sales Manager and Account Manager IC,Senior,en,Sales Manager and Account Manager IC
Sales Manager Business Analytics,Senior,en,Sales Manager Business Analytics
Sales Manager Business Solutions,Senior,en,Sales Manager Business Solutions
Sales Manager Business Unit LAB,Senior,en,Sales Manager Business Unit LAB
Sales Manager BY,Senior,en,Sales Manager BY
Sales Manager Central Europe,Senior,en,Sales Manager Central Europe
Sales Manager Conferences & Onlinemarketing,Senior,en,Sales Manager Conferences & Onlinemarketing
Sales Manager Consulting,Senior,en,Sales Manager Consulting
Sales Manager Corporate Sales B2B,Senior,en,Sales Manager Corporate Sales B2B
Sales Manager Country Board Germany,Senior,en,Sales Manager Country Board Germany
Sales Manager Customer Care,Senior,en,Sales Manager Customer Care
Sales Manager D/A/CH,Senior,hi,Sales Manager D/A/CH
Sales Manager DACH,Senior,de,Sales Manager DACH
Sales Manager D-A-CH,Senior,hi,Sales Manager D-A-CH
Sales Manager D-A-CH+NL,Senior,sw,Sales Manager D-A-CH+NL
Sales Manager Deutschland,Senior,de,Sales Manager Germany
Sales Manager Digital Retail,Senior,en,Sales Manager Digital Retail
Sales Manager Division Paper,Senior,en,Sales Manager Division Paper
Sales Manager EMEA,Senior,pt,Sales Manager EMEA
Sales Manager Enterprise & Global International Accounts,Senior,en,Sales Manager Enterprise & Global International Accounts
Sales Manager Europe,Senior,en,Sales Manager Europe
Sales Manager Europe (HVOR) ( Vertriebsleitung),Senior,de,Sales Manager Europe (HVOR) (Sales Manager)
Sales Manager Europe ?,Senior,en,Sales Manager Europe ?
Sales Manager Export,Senior,en,Sales Manager Export
Sales Manager Food Manufacturers Switzerland,Senior,en,Sales Manager Food Manufacturers Switzerland
Sales Manager France,Senior,fr,Sales Manager France
Sales Manager Germany,Senior,en,Sales Manager Germany
Sales Manager Germany - BU General Purpose Vinyls,Senior,en,Sales Manager Germany - BU General Purpose Vinyls
Sales Manager Germany - Leiter Vertrieb Deutschland,Senior,de,Sales Manager Germany - Head of Sales Germany
Sales Manager I Global Sales Excellence,Senior,en,Sales Manager I Global Sales Excellence
Sales Manager Inside Sales - General Sales,Senior,en,Sales Manager Inside Sales - General Sales
Sales Manager International,Senior,en,Sales Manager International
Sales Manager IT-Service,Senior,en,Sales Manager IT-Service
Sales Manager Key Account Bund & Region Berlin,Senior,en,Sales Manager Key Account Bund & Region Berlin
Sales Manager MEKRA Retrofit and MEKRAtronics,Senior,en,Sales Manager MEKRA Retrofit and MEKRAtronics
Sales Manager Microsoft Dynamics 365 (CRM),Senior,en,Sales Manager Microsoft Dynamics 365 (CRM)
Sales Manager Nederland,Senior,nl,Sales Manager Nederland
Sales Manager Northern/Southern Region,Senior,en,Sales Manager Northern/Southern Region
Sales Manager OEM,Senior,en,Sales Manager OEM
Sales Manager Oncology & Urology / Top Executive,Senior,en,Sales Manager Oncology & Urology / Top Executive
Sales Manager Online/Print,Senior,en,Sales Manager Online/Print
Sales Manager Public,Senior,en,Sales Manager Public
Sales Manager Retail Deutschland,Senior,de,Sales Manager Retail Germany
Sales Manager Retail Lighting,Senior,en,Sales Manager Retail Lighting
Sales Manager South Europe 1 - Applied Research,Senior,en,Sales Manager South Europe 1 - Applied Research
Sales Manager Strategic Sales Digital Products,Senior,en,Sales Manager Strategic Sales Digital Products
Sales Manager Systeme,Senior,en,Sales Manager Systeme
Sales Manager Systems DACH,Senior,de,Sales Manager Systems DACH
Sales Manager Teamleiter,Senior,en,Sales Manager Teamleiter
Sales Manager und ISMS Lead Auditor,Senior,de,Sales Manager and ISMS Lead Auditor
Sales Manager/ stv. Vertriebsleitung,Senior,de,Sales Manager/Stv. Sales Manager
Sales Manager/ Verkaufsleiter (Werk Berlin,Senior,de,Sales Manager/ Sales Manager (Werk Berlin)
Sales Manager/Congress Manager,Senior,en,Sales Manager/Congress Manager
Sales Manager/International HR,Senior,en,Sales Manager/International HR
Sales ManagerGeneral Manager,Senior,en,Sales ManagerGeneral Manager
Sales Managerin,Senior,en,Sales Managerin
Sales Managerin Export,Senior,en,Sales Managerin Export
Sales Managerin Immobiliendienstleistungen,Senior,de,Sales Manager Real Estate Services
Sales Office & Business Development Manager,Senior,en,Sales Office & Business Development Manager
Sales Office Manager,Senior,en,Sales Office Manager
Sales Operation Manager OEM,Senior,en,Sales Operation Manager OEM
Sales Operations and Process Manager,Senior,en,Sales Operations and Process Manager
Sales Operations and Supply Chain Manager,Senior,en,Sales Operations and Supply Chain Manager
Sales Operations Manager,Senior,en,Sales Operations Manager
Sales Operations Manager & Salesforce CRM Administrator,Senior,en,Sales Operations Manager & Salesforce CRM Administrator
Sales Operations Manager / Client Services Manager/ CRM,Senior,en,Sales Operations Manager / Client Services Manager/ CRM
Sales Operations Managerin,Senior,en,Sales Operations Managerin
Sales Performance and Controlling Manager,Senior,en,Sales Performance and Controlling Manager
Sales Process Manager,Senior,en,Sales Process Manager
Sales Project Manager,Senior,en,Sales Project Manager
Sales Quality Manager,Senior,en,Sales Quality Manager
Sales Solution Manager,Senior,en,Sales Solution Manager
Sales Support Manager,Senior,en,Sales Support Manager
Sales Support Specialist & CRM Manager,Senior,en,Sales Support Specialist & CRM Manager
Sales System Manager D/A/CH,Senior,en,Sales System Manager D/A/CH
Sales Systems Manager DACH,Senior,de,Sales Systems Manager DACH
Salesforce CRM Business Process Manager,Senior,en,Salesforce CRM Business Process Manager
Salesforce CRM Solution Manager,Senior,en,Salesforce CRM Solution Manager
Salesforce Manager,Senior,en,Salesforce Manager
Salesforce Practice Manager,Senior,en,Salesforce Practice Manager
Salesforce Product Manager,Senior,en,Salesforce Product Manager
Salesforce Project Manager & Senior Consultant,Senior,en,Salesforce Project Manager & Senior Consultant
Salesforce Project Manager and Administrator,Senior,en,Salesforce Project Manager and Administrator
Salesforce Senior Manager,Senior,en,Salesforce Senior Manager
Salesforce/Veeva CRM Manager,Senior,tr,Salesforce/Veeva CRM Manager
Sales-Manager,Senior,en,Sales-Manager
Sales-Manager in Internal Sales Export,Senior,en,Sales-Manager in Internal Sales Export
Senior Account Manager,Senior,en,Senior Account Manager
Senior Account Manager - Direct Sales,Senior,en,Senior Account Manager - Direct Sales
Senior Account Manager - Vertrieb,Senior,de,Senior Account Manager - Sales
Senior Account Manager & Account Supervisor,Senior,en,Senior Account Manager & Account Supervisor
Senior Account Manager & Digital Strategist,Senior,en,Senior Account Manager & Digital Strategist
Senior Account Manager Partnership Sales,Senior,en,Senior Account Manager Partnership Sales
Senior Account Manager Sales & Solutions,Senior,en,Senior Account Manager Sales & Solutions
Senior Account Managerin,Senior,en,Senior Account Managerin
Senior Applicaton Engineer/ Vertrieb,Senior,de,Senior Applicaton Engineer/ Sales
Senior Area Sales Manager,Senior,en,Senior Area Sales Manager
Senior Assistenz Vorstand & Vertrieb,Senior,de,Senior Assistant Management & Sales
Senior Associate Consultant - Technical Sales,Senior,en,Senior Associate Consultant - Technical Sales
Senior Bewerter & Vertriebskoordinator,Senior,de,Senior evaluator & sales coordinator
Senior Bid Manager Technical Sales,Senior,en,Senior Bid Manager Technical Sales
Senior Client Consultant - Sales Effectiveness,Senior,en,Senior Client Consultant - Sales Effectiveness
Senior Client/Sales Executive,Senior,en,Senior Client/Sales Executive
Senior Consultant / Teamleiter Vertrieb und Tes...,Senior,de,Senior Consultant / Team Leader Sales and Tes...
Senior Consultant Sales Management,Senior,en,Senior Consultant Sales Management
Senior Customer Success Manager & Sales Consultant,Senior,en,Senior Customer Success Manager & Sales Consultant
Senior District Sales Manager,Senior,en,Senior District Sales Manager
Senior Enterprise Sales Executive,Senior,en,Senior Enterprise Sales Executive
Senior Inside Sales,Senior,en,Senior Inside Sales
Senior Inside Sales & CRM Administrator,Senior,en,Senior Inside Sales & CRM Administrator
Senior Inside Sales Consultant / Anzeigenberater,Senior,de,Senior Inside Sales Consultant / Ad Consultant
Senior Inside Sales Expert,Senior,en,Senior Inside Sales Expert
Senior Inside Sales Manager,Senior,en,Senior Inside Sales Manager
Senior Inside Sales Professional,Senior,en,Senior Inside Sales Professional
Senior IT Project Manager Vertrieb Produktentwicklung B2B,Senior,de,Senior IT Project Manager Sales Product Development B2B
Senior IT Sales Manager,Senior,en,Senior IT Sales Manager
Senior Key Account Manager,Senior,en,Senior Key Account Manager
Senior Key Account Manager & CRM Coordinator (D...,Senior,en,Senior Key Account Manager & CRM Coordinator (D...
Senior Key Account Manager & CRM Coordinator (Drives & Motion Division),Senior,en,Senior Key Account Manager & CRM Coordinator (Drives & Motion Division)
Senior Key Account Manager Lead-Generierung & P...,Senior,de,Senior Key Account Manager Lead Generation & P...
Senior Key Account Manager SAP Customer Engagem...,Senior,pt,Senior Key Account Manager SAP Customer Engagem...
Senior Key Account Manager Versorgungsunternehmen,Senior,de,Senior Key Account Manager Utilities
Senior Manager / Head of Sales Germany & Benelux,Senior,en,Senior Manager / Head of Sales Germany & Benelux
Senior Manager Advisory & Sales,Senior,en,Senior Manager Advisory & Sales
Senior Manager Business Development Solution Sales,Senior,en,Senior Manager Business Development Solution Sales
Senior Manager Channel Sales,Senior,en,Senior Manager Channel Sales
Senior Manager Events und Vertriebsmarketing,Senior,de,Senior Manager Events and Sales Marketing
Senior Manager Field Sales Germany,Senior,en,Senior Manager Field Sales Germany
Senior Manager Sales,Senior,en,Senior Manager Sales
Senior Manager Sales &  Business Development,Senior,en,Senior Manager Sales &  Business Development
Senior Manager Sales & Business Consulting,Senior,en,Senior Manager Sales & Business Consulting
Senior Manager Sales Europe,Senior,en,Senior Manager Sales Europe
Senior Manager Sales Operations & CRM,Senior,en,Senior Manager Sales Operations & CRM
Senior Manager Sales Operations & Enablement,Senior,en,Senior Manager Sales Operations & Enablement
Senior Manager Salesforce,Senior,en,Senior Manager Salesforce
Senior Manager Vertrieb,Senior,de,Senior Manager Sales
Senior Manager Vertriebsmarketing,Senior,de,Senior Manager Sales Marketing
Senior Managerin Inside Sales,Senior,en,Senior Managerin Inside Sales
Senior PreSales Engineer,Senior,en,Senior PreSales Engineer
Senior Product Manager CRM & Sales Products,Senior,en,Senior Product Manager CRM & Sales Products
Senior Project Manager Program Acquisitions & Sales,Senior,en,Senior Project Manager Program Acquisitions & Sales
Senior Regional Sales Manager CSEE & Maghreb,Senior,nl,Senior Regional Sales Manager CSEE & Maghreb
Senior Retail Consultant Salesforce,Senior,en,Senior Retail Consultant Salesforce
Senior Sales,Senior,en,Senior Sales
Senior Sales  Account Manager,Senior,en,Senior Sales  Account Manager
Senior Sales  Consultant CRM,Senior,en,Senior Sales  Consultant CRM
Senior Sales - Professional Services,Senior,en,Senior Sales - Professional Services
Senior Sales & Advisory,Senior,en,Senior Sales & Advisory
Senior Sales & Business Development Manager,Senior,en,Senior Sales & Business Development Manager
Senior Sales & Business Development Manager E-C...,Senior,en,Senior Sales & Business Development Manager E-C...
Senior Sales & Consulting,Senior,en,Senior Sales & Consulting
Senior Sales Account Executive,Senior,en,Senior Sales Account Executive
Senior Sales Account Manager,Senior,en,Senior Sales Account Manager
Senior Sales and Business Development Manager,Senior,en,Senior Sales and Business Development Manager
Senior Sales Assistant -  Infotainment und CRM ...,Senior,de,Senior Sales Assistant - Infotainment and CRM ...
Senior Sales Consultant,Senior,en,Senior Sales Consultant
Senior Sales Consultant (Messe Kontakt),Senior,ur,Senior Sales Consultant (Exhibition Contact)
Senior Sales Consultant SAP Practice,Senior,en,Senior Sales Consultant SAP Practice
Senior Sales Coordinator,Senior,en,Senior Sales Coordinator
Senior Sales Engineer,Senior,en,Senior Sales Engineer
Senior Sales Executive,Senior,en,Senior Sales Executive
Senior Sales Executive (Messe Kontakt),Senior,ur,Senior Sales Executive (Exhibition Contact)
Senior Sales Manager,Senior,en,Senior Sales Manager
Senior Sales Manager - Enterprise Strategic Ver...,Senior,en,Senior Sales Manager - Enterprise Strategic Ver...
Senior Sales Manager - Geschäftsstellenleiter,Senior,de,Senior Sales Manager - Head of Office
Senior Sales Manager & Consulting,Senior,en,Senior Sales Manager & Consulting
Senior Sales Manager (Messe Kontakt),Senior,de,Senior Sales Manager (trade fair contact)
Senior Sales Manager / Branch Manager Wallerstein,Senior,de,Senior Sales Manager / Branch Manager Wallerstein
Senior Sales Manager / Key Account Manager,Senior,en,Senior Sales Manager / Key Account Manager
Senior Sales Manager B2C Finance DACH,Senior,de,Senior Sales Manager B2C Finance DACH
Senior Sales Manager Central and Northern Europe,Senior,en,Senior Sales Manager Central and Northern Europe
Senior Sales Manager Compliance Solutions,Senior,en,Senior Sales Manager Compliance Solutions
Senior Sales Manager Concept Sales,Senior,en,Senior Sales Manager Concept Sales
Senior Sales Manager D/A/CH,Senior,en,Senior Sales Manager D/A/CH
Senior Sales Manager D-A-CH,Senior,en,Senior Sales Manager D-A-CH
Senior Sales Manager EMEA,Senior,pt,Senior Sales Manager EMEA
Senior Sales Manager HCM/SaaS,Senior,en,Senior Sales Manager HCM/SaaS
Senior Sales Manager Industrial Applications,Senior,en,Senior Sales Manager Industrial Applications
Senior Sales Manager Managed Services,Senior,en,Senior Sales Manager Managed Services
Senior Sales Manager New Business & Account Management,Senior,en,Senior Sales Manager New Business & Account Management
Senior Sales Manager Postal Solutions,Senior,en,Senior Sales Manager Postal Solutions
Senior Sales Manager Pre Sales,Senior,en,Senior Sales Manager Pre Sales
Senior Sales Manager Privatisierung Hamburg,Senior,de,Senior Sales Manager Privatization Hamburg
Senior Sales Manager Public,Senior,en,Senior Sales Manager Public
Senior Sales Manager Strategischer Vertrieb,Senior,de,Senior Sales Manager Strategic Sales
Senior Sales Managerin,Senior,en,Senior Sales Managerin
Senior Sales Manger,Senior,en,Senior Sales Manger
Senior Sales Operations - Territory Manager,Senior,en,Senior Sales Operations - Territory Manager
Senior Sales Recruiter Central Europe,Senior,en,Senior Sales Recruiter Central Europe
Senior Sales Solutions Specialist/DE Sales Integration Lead,Senior,en,Senior Sales Solutions Specialist/DE Sales Integration Lead
Senior Sales Strategist and Business Developer,Senior,en,Senior Sales Strategist and Business Developer
Senior Sales Support Manager,Senior,en,Senior Sales Support Manager
Senior Sales Team Manager,Senior,en,Senior Sales Team Manager
Senior Salesforce Administrator,Senior,en,Senior Salesforce Administrator
Senior Salesforce Consultant,Senior,en,Senior Salesforce Consultant
Senior Solution Sales Manager,Senior,en,Senior Solution Sales Manager
Senior Specialist Sales,Senior,en,Senior Specialist Sales
Senior Specialist Sales Support & Reporting,Senior,en,Senior Specialist Sales Support & Reporting
Senior Strategic Sales Manager,Senior,en,Senior Strategic Sales Manager
Senior Team Lead Sales,Senior,en,Senior Team Lead Sales
Senior Technical Sales Engineer,Senior,en,Senior Technical Sales Engineer
Senior Vice President | Sales & Recruiting,Senior,en,Senior Vice President | Sales & Recruiting
Senior Vice President Head of Sales,Senior,en,Senior Vice President Head of Sales
Senior Vice President International Sales Tulip Food Company,Senior,en,Senior Vice President International Sales Tulip Food Company
Senior Vice President Sales,Senior,en,Senior Vice President Sales
Senior Vice President Sales & CMO EMEA,Senior,pt,Senior Vice President Sales & CMO EMEA
Senior VP Corporate Sales,Senior,en,Senior VP Corporate Sales
Senior-Vertriebsbeauftragter IT-Services,Senior,de,Senior Sales Officer IT Services
Senoir Account Manager,Senior,en,Senoir Account Manager
Software Internal Account Manager,Senior,en,Software Internal Account Manager
Solution Manager CRM/Salesforce,Senior,en,Solution Manager CRM/Salesforce
Solution Manager Salesforce/CRM,Senior,en,Solution Manager Salesforce/CRM
Solution Sales Manager,Senior,en,Solution Sales Manager
Southeast Senior Regional Sales Manager,Senior,en,Southeast Senior Regional Sales Manager
Specialised Sales / Project Manager,Senior,en,Specialised Sales / Project Manager
Sr Manager Sales Force Automation / Sales Process,Senior,en,Sr Manager Sales Force Automation / Sales Process
Sr. Account Manager,Senior,en,Sr. Account Manager
Sr. Area Sales Manager DACH at HID Global (EAT) Extended Access Technologies,Senior,en,Sr. Area Sales Manager DACH at HID Global (EAT) Extended Access Technologies
Sr. Key Account Manager,Senior,en,Sr. Key Account Manager
Sr. Manager Sales & Business Development,Senior,en,Sr. Manager Sales & Business Development
Sr. Manager Sales Ops,Senior,en,Sr. Manager Sales Ops
Sr. Salesforce Administrator and Systems Manager,Senior,en,Sr. Salesforce Administrator and Systems Manager
Stellvertretender Leiter Vertrieb Office & Lounge / Key Account Manager,Senior,de,Deputy Head of Sales Office & Lounge / Key Account Manager
Strategic Account Manager,Senior,en,Strategic Account Manager
Strategic Key Account Manager,Senior,en,Strategic Key Account Manager
Strategic Large Account Manager Western Europe,Senior,en,Strategic Large Account Manager Western Europe
Strategic Sales Manager B2B,Senior,en,Strategic Sales Manager B2B
Strategic Sales-Manager,Senior,en,Strategic Sales-Manager
Stv. Leiter Vertrieb / Senior Key Account Manager,Senior,de,Deputy Head of Sales / Senior Key Account Manager
Supply Chain Manager Sales,Senior,en,Supply Chain Manager Sales
Team Lead Program Management Sales Processes / Program Manager,Senior,en,Team Lead Program Management Sales Processes / Program Manager
Team Leader Internal Sales / Export Manager,Senior,en,Team Leader Internal Sales / Export Manager
Team Leader Sales Assistant,Senior,en,Team Leader Sales Assistant
Team Manager Sales,Senior,en,Team Manager Sales
Team Manager Sales - Pharma & Lab Division,Senior,en,Team Manager Sales - Pharma & Lab Division
Team Manager Sales &  Reservation,Senior,en,Team Manager Sales &  Reservation
Team Manager Sales DACH,Senior,en,Team Manager Sales DACH
Team Manager Sales Germany & CEE Acceptance & Acquiring,Senior,en,Team Manager Sales Germany & CEE Acceptance & Acquiring
Teamleiter Außendienst / Key Account Manager D-A-CH,Senior,de,Team Manager Field Office / Key Account Manager D-A-CH
Teamleiter Costumer Service / Key Account Manager,Senior,de,Team Leader Costumer Service / Key Account Manager
Teamleiter Verkauf / Export / Key-Account-Manager,Senior,de,Team Manager Sales / Export / Key Account Manager
Teamleiter Vertrieb - Key Account Manager Automotive,Senior,de,Team Manager Sales - Key Account Manager Automotive
Teamleiter Vertrieb (Export) / Sales Team Manager (Export),Senior,de,Sales Team Manager (Export) / Sales Team Manager (Export)
Tech Sales Manager,Senior,en,Tech Sales Manager
Tech. Sales Manager Aerospace,Senior,en,Tech. Sales Manager Aerospace
Technical Sales & Key Account Manager - SW-Germany,Senior,en,Technical Sales & Key Account Manager - SW-Germany
Technical Sales Manager,Senior,en,Technical Sales Manager
Technical Sales Manager - Just ask Purolite - We are more than a resin manufacturer - We are your solution company,Senior,en,Technical Sales Manager - Just ask Purolite - We are more than a resin manufacturer - We are your solution company
Technical Sales Manager - Northern California - Major Accounts,Senior,en,Technical Sales Manager - Northern California - Major Accounts
Technical Sales Manager (Hydromet),Senior,en,Technical Sales Manager (Hydromet)
Technical Sales Manager D/,Senior,en,Technical Sales Manager D/
Technischer Verkaufsleiter / Technical Sales Manager,Senior,de,Technical Sales Manager / Technical Sales Manager
Technischer Vertrieb / Inside Sales Manager,Senior,de,Technical Sales / Inside Sales Manager
Technischer Vertrieb / Project Manager,Senior,de,Technical Sales / Project Manager
Territory Manager Sales,Senior,en,Territory Manager Sales
Territory Sales Account Manager DACH,Senior,de,Territory Sales Account Manager DACH
Territory Sales Manager,Senior,en,Territory Sales Manager
Territory Sales Manager DACH/UK,Senior,de,Territory Sales Manager DACH/UK
Territory Sales Manager Iberia & LatAm,Senior,en,Territory Sales Manager Iberia & LatAm
Verkaufsleiter / Sales Manager Fassade Cedral,Senior,de,Sales Manager / Sales Manager Facade Cedral
Verkaufsleiter / Sales Manager freistil Rolf Benz,Senior,de,Sales Manager / Sales Manager freistil Rolf Benz
Verkaufsleiter | Sales Manager,Senior,de,Sales Manager - Sales Manager
Verkaufsleiter Sales Manager,Senior,de,Sales Manager Sales Manager
Verkaufsleiter Zentraleuropa / Sales Manager Central Europe,Senior,de,Sales Manager Central Europe / Sales Manager Central Europe
Verkaufsleiterin / Sales Manager,Senior,de,Sales Manager / Sales Manager
Vertrieb - Account Manager,Senior,de,Sales - Account Manager
Vertrieb & Neukundenaquise - Key Account Manager,Senior,de,Sales & New Customer Aquise - Key Account Manager
Vertrieb & Senior Partner,Senior,de,Sales & Senior Partner
Vertrieb / Sales Manager,Senior,de,Sales / Sales Manager
Vertrieb Deutschland (Sales Manager) - Süd-West-Deutschland,Senior,de,Sales Germany (Sales Manager) - South-West Germany
Vertrieb StoreManager für Verbrauchsmaterialien,Senior,de,Sales StoreManager for Consumables
Vertrieb Süddeutschland und Global Key Account Manager für Retail Kunden,Senior,de,Sales Southern Germany and Global Key Account Manager for Retail Customers
Vertrieb und Kundenservice Managerin,Senior,de,Sales and Customer Service Manager
Vertriebs - Manager,Senior,de,Sales - Managers
Vertriebs Manager,Senior,de,Sales Manager
Vertriebsassistenz / Sales Assistant,Senior,de,Sales Assistant / Sales Assistant
Vertriebsinnendienst / Sales Area Manager,Senior,de,Internal Sales Service / Sales Area Manager
Vertriebsleiter & Business Development Manager,Senior,de,Sales Manager & Business Development Manager
Vertriebsleiter & Senior Consultant,Senior,de,Sales Manager & Senior Consultant
Vertriebsleiter / Prokurist / Senior Consultant,Senior,de,Sales Manager / Procurator / Senior Consultant
Vertriebsleiter / Sales Manager,Senior,de,Sales Manager / Sales Manager
Vertriebsleiter Deutschland & Schweiz / Key Segment Manager Trade,Senior,de,Sales Manager Germany & Switzerland / Key Segment Manager Trade
Vertriebsleiter Deutschland / Sales Manager,Senior,de,Sales Manager Germany / Sales Manager
Vertriebsleiter Deutschland Nord & Senior Key Account Manager D / FR (B2B),Senior,de,Sales Manager Germany Nord & Senior Key Account Manager D / FR (B2B)
Vertriebsleiter Key Account Manager,Senior,de,Sales Manager Key Account Manager
Vertriebsleitung / Sales Manager,Senior,de,Sales Manager / Sales Manager
Vertriebsleitung/Sales Manager,Senior,de,Sales Manager/Sales Manager
Vertriebsmanager / Sales Manager,Senior,de,Sales Manager / Sales Manager
Vertriebsmanagerin/Sales Manager,Senior,de,Sales Manager/Sales Manager
Zone Manager Sales,Senior,en,Zone Manager Sales
Country Manager (Germany/Spain/UK/Italy) - Global Support Clients Operations (B2B),Senior,en,Country Manager (Germany/Spain/UK/Italy) - Global Support Clients Operations (B2B)
Customer Support Manager,Senior,en,Customer Support Manager
Digital Customer Support Manager EMEA,Senior,en,Digital Customer Support Manager EMEA
IT Support Manager,Senior,en,IT Support Manager
Lead Generation Manager & Customer Support,Senior,en,Lead Generation Manager & Customer Support
Manager IT & Technical Support NCE - Customer Service & Satisfaction,Senior,en,Manager IT & Technical Support NCE - Customer Service & Satisfaction
Project Manager / Technical Support / Developer,Senior,en,Project Manager / Technical Support / Developer
Senior Officer Technical Support | Quickwork | Democratizing Automation,Senior,en,Senior Officer Technical Support | Quickwork | Democratizing Automation
Customer Master Data Management,Senior,en,Customer Master Data Management
Management Master,Senior,en,Management Master
Master Data Management - Chargée de projets et qualité Data,Senior,fr,Master Data Management - Data Quality and Project Manager
Master of Science (Management),Senior,en,Master of Science (Management)
Bachelor Marketing Management,Senior,en,Bachelor Marketing Management
DV / VPP,Management,hi,DV / VPP
EVP Head Lead Discovery,Management,en,EVP Head Lead Discovery
Executive Vice President,Management,en,Executive Vice President
Executive Vice President Strategy,Management,en,Executive Vice President Strategy
General Manager & Vice President,Management,en,General Manager & Vice President
MVP Factory | Let's build products together!,Management,en,MVP Factory | Let's build products together!
Regional Vice President,Management,en,Regional Vice President
Regional Vice President DACH,Management,en,Regional Vice President DACH
Regional Vice-President Asia-Pacific,Management,it,Regional Vice-President Asia-Pacific
Vice President,Management,en,Vice President
Vice President -  Geschäftsführer,Management,de,Vice President - Managing Director
Vice President - Partner Management,Management,en,Vice President - Partner Management
Vice President - Region 3,Management,en,Vice President - Region 3
Vice President / Unit Head Finance & Controlling (Prokurist),Management,en,Vice President / Unit Head Finance & Controlling (Prokurist)
Vice President Consulting,Management,en,Vice President Consulting
Vice President Customer Care,Management,en,Vice President Customer Care
Vice President Customer Service,Management,en,Vice President Customer Service
Vice President Innovation & Technology,Management,en,Vice President Innovation & Technology
Vice President Online & Mobile / Intrapreneur,Management,nl,Vice President Online & Mobile / Intrapreneur
Vice President Procurement,Management,en,Vice President Procurement
Vice President R&D,Management,en,Vice President R&D
Vice President Railway Technology,Management,en,Vice President Railway Technology
Vice President Spezialvertrieb & Projekte,Management,de,Vice President Special Sales & Projects
VP,Management,ur,VP
VP  Customer Management,Management,en,VP  Customer Management
VP Alliances and Partner Management,Management,en,VP Alliances and Partner Management
VP Central + Eastern Europe,Management,en,VP Central + Eastern Europe
VP Customer Services,Management,en,VP Customer Services
VP Leasing- Bank,Management,en,VP Leasing- Bank
VP Naval Programs & Standort Ulm,Management,de,VP Naval Programs & Ulm site
VP of Information Technology,Management,en,VP of Information Technology
VP Publisher Development DACH,Management,de,VP Publisher Development DACH
VP Revenue Growth & Enablement,Management,en,VP Revenue Growth & Enablement
VP sales and marketing,Management,en,VP sales and marketing
Assistant to SVP Business Development & Event Specialist,Management,en,Assistant to SVP Business Development & Event Specialist
Executive Vice President Global Strategy & Business Development,Management,en,Executive Vice President Global Strategy & Business Development
Leiter (VP) Business Development / Leiter (VP) ...,Management,de,Head (VP) Business Development / Head (VP) ...
Sr. Vice President Global Business Development & Delivery,Management,en,Sr. Vice President Global Business Development & Delivery
Vice President Business Development,Management,en,Vice President Business Development
Vice President Digital Business Relationship Management,Management,en,Vice President Digital Business Relationship Management
Vice President Global Business Development,Management,en,Vice President Global Business Development
Vice President Global Customer Business Unit,Management,en,Vice President Global Customer Business Unit
Vice President International Business Development,Management,en,Vice President International Business Development
Vice President Of Business Development,Management,en,Vice President Of Business Development
Vice President Strategic Business Development &...,Management,en,Vice President Strategic Business Development &...
VP Business  Development & Partnering,Management,en,VP Business  Development & Partnering
VP Business Development,Management,en,VP Business Development
VP Business Development & Advertising Solutions,Management,en,VP Business Development & Advertising Solutions
VP Business Development APAC,Management,en,VP Business Development APAC
VP Business Operations,Management,en,VP Business Operations
VP Business Operations & Transformation,Management,en,VP Business Operations & Transformation
VP Growth & Business Development,Management,en,VP Growth & Business Development
Chief Information Officer & VP Global SAP,Management,en,Chief Information Officer & VP Global SAP
Executive Vice President Global IT Land & Digital Solutions,Management,en,Executive Vice President Global IT Land & Digital Solutions
IT Vice-President,Management,en,IT Vice-President
Vice President Digital Transformation,Management,en,Vice President Digital Transformation
Vice President Digitalisierung / Automatisierung,Management,de,Vice President Digitization / Automation
Vice President Finance & IT System Integration,Management,en,Vice President Finance & IT System Integration
Vice President Group Digital & Innovation,Management,en,Vice President Group Digital & Innovation
Vice President Group IT,Management,en,Vice President Group IT
Vice President IT,Management,en,Vice President IT
Vice President Organisation & IT,Management,en,Vice President Organisation & IT
VP IT & Services HOCHDORF Swiss Nutrition AG,Management,de,VP IT & Services HOCHDORF Swiss Nutrition AG
VP IT Customer Engagement Domain,Management,en,VP IT Customer Engagement Domain
Vice President Customer / CRM,Management,en,Vice President Customer / CRM
Assistant to Vice President Marketing & Sales,Management,en,Assistant to Vice President Marketing & Sales
Assistant to Vice President Marketing & Service,Management,en,Assistant to Vice President Marketing & Service
Assistant VP Global Marketing and Technology IWT,Management,en,Assistant VP Global Marketing and Technology IWT
Corporate VP - Global Head of Marketing & Sales...,Management,en,Corporate VP - Global Head of Marketing & Sales...
Executive Vice President Marketing,Management,en,Executive Vice President Marketing
Executive Vice President Sales & Marketing,Management,en,Executive Vice President Sales & Marketing
Founder | Vice President of Marketing,Management,en,Founder | Vice President of Marketing
Leiter Vertrieb & Marketing / Vice President Sa...,Management,de,Head of Sales & Marketing / Vice President Sa...
Leiter Vertrieb und Marketing / Vice President ...,Management,de,Head of Sales and Marketing / Vice President ...
Mitgründer / VP Marketing,Management,de,Co-founder / VP Marketing
SVP Global Sales & Marketing,Management,en,SVP Global Sales & Marketing
SVP Strategic Marketing (Messe Kontakt),Management,ur,SVP Strategic Marketing (Exhibition Contact)
SVP Vertrieb und Marketing/Mitglied der Geschäftsleitung,Management,de,SVP Sales and Marketing/Member of the Management Board
Vice President - Chief Marketing & Sales Officer,Management,en,Vice President - Chief Marketing & Sales Officer
Vice President Business Development/Strategic Marketing,Management,pt,Vice President Business Development/Strategic Marketing
Vice President Communications/Marketing,Management,en,Vice President Communications/Marketing
Vice President Digital Marketing,Management,en,Vice President Digital Marketing
Vice President Global Communications,Management,en,Vice President Global Communications
Vice President Group Communications & Marketing,Management,en,Vice President Group Communications & Marketing
Vice President Head of Sales & Marketing,Management,en,Vice President Head of Sales & Marketing
Vice President Marketing,Management,en,Vice President Marketing
Vice President Marketing & Produktmanagement,Management,en,Vice President Marketing & Produktmanagement
Vice President Marketing & Sales,Management,en,Vice President Marketing & Sales
Vice President Marketing & Sales (Isobuten & De...,Management,pt,Vice President Marketing & Sales (Isobuten & De...
Vice President Marketing Communications & Services,Management,en,Vice President Marketing Communications & Services
Vice President Marketing IONOS cloud (interimsweise),Management,de,Vice President Marketing IONOS cloud (interim)
Vice President Operations & Marketing Communica...,Management,en,Vice President Operations & Marketing Communica...
Vice President Product Sales & Marketing,Management,en,Vice President Product Sales & Marketing
Vice President Sales & Marketing,Management,en,Vice President Sales & Marketing
Vice President Sales & Marketing - DACH & CEE,Management,de,Vice President Sales & Marketing - DACH & CEE
Vice President Sales & Marketing & Member of Ma...,Management,en,Vice President Sales & Marketing & Member of Ma...
Vice President Sales & Marketing Global,Management,en,Vice President Sales & Marketing Global
Vice President Sales and Marketing,Management,en,Vice President Sales and Marketing
Vice President Sales and Marketing EMEA,Management,en,Vice President Sales and Marketing EMEA
VP Corporate Communications & Marketing,Management,en,VP Corporate Communications & Marketing
VP International Marketing,Management,en,VP International Marketing
VP Marketing,Management,en,VP Marketing
VP Marketing & Communications,Management,en,VP Marketing & Communications
VP Marketing & PR,Management,en,VP Marketing & PR
VP Marketing and Sales,Management,en,VP Marketing and Sales
VP Marketing Communication,Management,en,VP Marketing Communication
VP of Marketing,Management,en,VP of Marketing
VP of Marketing und Communications,Management,en,VP of Marketing und Communications
VP of Sales & Marketing Division,Management,en,VP of Sales & Marketing Division
VP Product Marketing,Management,en,VP Product Marketing
VP Product Marketing & Marketing Automation,Management,en,VP Product Marketing & Marketing Automation
VP Sales & Marketing,Management,en,VP Sales & Marketing
VP Sales & Marketing / Leiter Vertrieb und Mark...,Management,de,VP Sales & Marketing / Head of Sales and Mark...
VP Sales&Marketing,Management,en,VP Sales&Marketing
Vice President Of Commercial Operations,Management,en,Vice President Of Commercial Operations
Vice President Strategy and Operations,Management,en,Vice President Strategy and Operations
VP of Operations,Management,en,VP of Operations
VP Operations,Management,en,VP Operations
Associate Vice President Sales,Management,en,Associate Vice President Sales
Chief Sales Officer - VP Sales,Management,en,Chief Sales Officer - VP Sales
Country Manager / VP Global Sales & Services,Management,en,Country Manager / VP Global Sales & Services
Executive Vice President Sales,Management,en,Executive Vice President Sales
Executive Vice President Sales & Business Devel...,Management,nl,Executive Vice President Sales & Business Devel...
GCT Sales/ Vice President Sales Customer Group,Management,en,GCT Sales/ Vice President Sales Customer Group
Geschäftsleiter Vertrieb weltweit / Vice President Global Sales,Management,de,Sales Manager Worldwide / Vice President Global Sales
Regional Vice President Sales Germany,Management,en,Regional Vice President Sales Germany
Regional Vice President Sales Large Enterprise ...,Management,en,Regional Vice President Sales Large Enterprise ...
Ressortleiter Vertrieb  //  Vice President Sales,Management,de,Head of Sales // Vice President Sales
Sales Vice President,Management,en,Sales Vice President
SVP Sales,Management,en,SVP Sales
SVP: Global Sales and Business Development,Management,en,SVP: Global Sales and Business Development
Vertriebsleiter Deutschland/ Vice President Sales,Management,de,Sales Manager Germany/ Vice President Sales
Vice President - Sales,Management,en,Vice President - Sales
Vice President  Sales Europe,Management,en,Vice President  Sales Europe
Vice President (VP) Sales DACH,Management,hi,Vice President (VP) Sales DACH
Vice President Distribution Sales & Commercial ...,Management,en,Vice President Distribution Sales & Commercial ...
Vice President EMEA Sales and Business Management,Management,en,Vice President EMEA Sales and Business Management
Vice President Global Sales,Management,en,Vice President Global Sales
Vice President Global Sales and Service FRS,Management,en,Vice President Global Sales and Service FRS
Vice President- Head of Sales EMEA,Management,en,Vice President- Head of Sales EMEA
Vice President Internation Sales,Management,en,Vice President Internation Sales
Vice President IT Sales & CRM,Management,en,Vice President IT Sales & CRM
Vice President of Sales,Management,en,Vice President of Sales
Vice President of Sales & Business Development,Management,en,Vice President of Sales & Business Development
Vice President Regional Sales Germany & North-East Europe,Management,en,Vice President Regional Sales Germany & North-East Europe
Vice President Sales,Management,en,Vice President Sales
Vice President Sales - Head of Consumer Services,Management,en,Vice President Sales - Head of Consumer Services
Vice President Sales & Account Management DACH,Management,en,Vice President Sales & Account Management DACH
Vice President Sales & Commercial Excellence,Management,en,Vice President Sales & Commercial Excellence
Vice President Sales & Corporate Product Management,Management,en,Vice President Sales & Corporate Product Management
Vice President Sales & Innovation,Management,en,Vice President Sales & Innovation
Vice President Sales & Products,Management,en,Vice President Sales & Products
Vice President Sales & Professional Services,Management,en,Vice President Sales & Professional Services
Vice President Sales & Technical Service,Management,en,Vice President Sales & Technical Service
Vice President Sales / Prokurist,Management,pt,Vice President Sales / Prokurist
Vice President Sales Automotive,Management,en,Vice President Sales Automotive
Vice President Sales Central Europe,Management,en,Vice President Sales Central Europe
Vice President Sales Commercial Trailer,Management,en,Vice President Sales Commercial Trailer
Vice President Sales Consumer Goods,Management,en,Vice President Sales Consumer Goods
Vice President Sales DACH & Italien,Management,it,Vice President Sales DACH & Italy
Vice President Sales EMEA,Management,pt,Vice President Sales EMEA
Vice President Sales EMEA / Vertrieb,Management,pt,Vice President Sales EMEA / Sales
Vice President Sales EMEAI,Management,en,Vice President Sales EMEAI
Vice President Sales Europe,Management,en,Vice President Sales Europe
Vice President Sales Germany,Management,en,Vice President Sales Germany
Vice President Sales Germany - Industrial Automation,Management,en,Vice President Sales Germany - Industrial Automation
Vice President Sales Operations,Management,en,Vice President Sales Operations
Vice President Sales South/ Sales Excellence,Management,en,Vice President Sales South/ Sales Excellence
Vice President Sales Trading,Management,en,Vice President Sales Trading
Vice President Solutions Sales Germany,Management,en,Vice President Solutions Sales Germany
Vice President Vertrieb,Management,de,Vice President Sales
VP EMEA Sales & Business Develpment,Management,pt,VP EMEA Sales & Business Develpment
VP European Sales / Messe Kontakt,Management,de,VP European Sales / Fair Contact
VP Global Sales,Management,en,VP Global Sales
VP Global Sales & Alliances,Management,en,VP Global Sales & Alliances
VP Global Sales Excellence,Management,en,VP Global Sales Excellence
VP International Sales,Management,en,VP International Sales
VP Mid-Market Sales EMEA,Management,ur,VP Mid-Market Sales EMEA
VP of Sales,Management,en,VP of Sales
VP of Sales - JAF Global,Management,en,VP of Sales - JAF Global
VP of Worldwide Sales,Management,en,VP of Worldwide Sales
VP Partner Sales,Management,en,VP Partner Sales
VP Sales,Management,en,VP Sales
VP Sales - Alpha Europe,Management,en,VP Sales - Alpha Europe
VP Sales - Industry -,Management,en,VP Sales - Industry -
VP Sales & Business Development,Management,en,VP Sales & Business Development
VP Sales & Business Development LEO Germany,Management,en,VP Sales & Business Development LEO Germany
VP Sales & Partnerships,Management,en,VP Sales & Partnerships
VP Sales and Operations,Management,en,VP Sales and Operations
VP Sales CEMEA,Management,hi,VP Sales CEMEA
VP Sales D.A.CH.,Management,en,VP Sales D.A.CH.
VP Sales DACH,Management,de,VP Sales DACH
VP Sales Development & Strategy,Management,en,VP Sales Development & Strategy
VP Sales Germany,Management,en,VP Sales Germany
VP Sales Processes,Management,en,VP Sales Processes
Software Engineer,Professional,en,Software Engineer
Backend Engineer,Professional,en,Backend Engineer
Frontend Engineer,Professional,en,Frontend Engineer
Full Stack Developer,Professional,en,Full Stack Developer
Data Scientist,Professional,en,Data Scientist
Data Engineer,Professional,en,Data Engineer
Machine Learning Engineer,Professional,en,Machine Learning Engineer
DevOps Engineer,Professional,en,DevOps Engineer
Cloud Engineer,Professional,en,Cloud Engineer
IT Consultant,Professional,en,IT Consultant
Business Consultant,Professional,en,Business Consultant
Project Manager,Professional,en,Project Manager
Product Manager,Professional,en,Product Manager
Account Manager,Professional,en,Account Manager
Key Account Manager,Professional,en,Key Account Manager
Sales Representative,Professional,en,Sales Representative
Inside Sales Representative,Professional,en,Inside Sales Representative
Field Sales Representative,Professional,en,Field Sales Representative
Marketing Specialist,Professional,en,Marketing Specialist
Digital Marketing Specialist,Professional,en,Digital Marketing Specialist
Content Manager,Professional,en,Content Manager
Social Media Manager,Professional,en,Social Media Manager
UX Designer,Professional,en,UX Designer
UI Designer,Professional,en,UI Designer
Graphic Designer,Professional,en,Graphic Designer
Quality Assurance Engineer,Professional,en,Quality Assurance Engineer
Test Engineer,Professional,en,Test Engineer
Systems Engineer,Professional,en,Systems Engineer
Network Engineer,Professional,en,Network Engineer
Security Engineer,Professional,en,Security Engineer
Business Analyst,Professional,en,Business Analyst
Requirements Engineer,Professional,en,Requirements Engineer
Operations Analyst,Professional,en,Operations Analyst
HR Specialist,Professional,en,HR Specialist
Talent Acquisition Specialist,Professional,en,Talent Acquisition Specialist
Recruiter,Professional,en,Recruiter
Financial Analyst,Professional,en,Financial Analyst
Management Accountant,Professional,en,Management Accountant
Customer Success Manager,Professional,en,Customer Success Manager
Customer Support Engineer,Professional,en,Customer Support Engineer
Implementation Consultant,Professional,en,Implementation Consultant
Solution Consultant,Professional,en,Solution Consultant
Technical Consultant,Professional,en,Technical Consultant
Process Engineer,Professional,en,Process Engineer
Industrial Engineer,Professional,en,Industrial Engineer
Logistics Specialist,Professional,en,Logistics Specialist
Supply Chain Specialist,Professional,en,Supply Chain Specialist
Procurement Specialist,Professional,en,Procurement Specialist
Office Manager,Professional,en,Office Manager
Event Manager,Professional,en,Event Manager
IT Professional,Professional,en,IT Professional
Software Development Professional,Professional,en,Software Development Professional
Data Science Professional,Professional,en,Data Science Professional
Finance Professional,Professional,en,Finance Professional
Human Resources Professional,Professional,en,Human Resources Professional
Marketing Professional,Professional,en,Marketing Professional
Sales Support Professional,Professional,en,Sales Support Professional
Customer Success Professional,Professional,en,Customer Success Professional
Cyber Security Professional,Professional,en,Cyber Security Professional
Business Intelligence Professional,Professional,en,Business Intelligence Professional
Network Support Professional,Professional,en,Network Support Professional
Cloud Operations Professional,Professional,en,Cloud Operations Professional
Quality Assurance Professional,Professional,en,Quality Assurance Professional
Supply Chain Professional,Professional,en,Supply Chain Professional
Project Management Professional,Professional,en,Project Management Professional
Operations Professional,Professional,en,Operations Professional
Technical Support Professional,Professional,en,Technical Support Professional
Customer Service Professional,Professional,en,Customer Service Professional
Risk Management Professional,Professional,en,Risk Management Professional
Compliance Professional,Professional,en,Compliance Professional
Junior Data Analyst,Junior,en,Junior Data Analyst
Junior Software Engineer,Junior,en,Junior Software Engineer
Junior Marketing Specialist,Junior,en,Junior Marketing Specialist
Junior Business Analyst,Junior,en,Junior Business Analyst
Junior Project Manager,Junior,en,Junior Project Manager
Junior HR Specialist,Junior,en,Junior HR Specialist
Junior Financial Analyst,Junior,en,Junior Financial Analyst
Junior Operations Manager,Junior,en,Junior Operations Manager
Junior Customer Success Manager,Junior,en,Junior Customer Success Manager
Junior IT Consultant,Junior,en,Junior IT Consultant
